{"tokenNum": 775, "sentenceNum": 43, "lemmaNum": 270, "lemmaRate": 0.34838709677419355, "sentenceLength": 18.023255813953487, "allUpperNum": 0, "firstUpperNum": 48, "allUpperRate": 0.0, "firstUpperRate": 0.06193548387096774, "declarSentNum": 41, "imperSentNum": 1, "questionNum": 1, "declarSentRate": 0.9534883720930233, "imperSentRate": 0.023255813953488372, "questionRate": 0.023255813953488372, "accent": true, "saturation": 2.547169811320755, "paragraphNum": 12, "nounNum": 139, "verbNum": 99, "adjNum": 68, "infNum": 20, "partPastNum": 3, "partPresNum": 3, "partFutNum": 0, "transNum": 0, "xNum": 12, "advNum": 97, "properNounNum": 5, "numNum": 3, "conjNum": 64, "punctNum": 123, "pronNum": 54, "relPronNum": 11, "demPronNum": 33, "adposNum": 5, "multiplePunctNum": 0, "phraseNum": 0, "nounRate": 0.17935483870967742, "verbRate": 0.12774193548387097, "adjRate": 0.08774193548387096, "infRate": 0.025806451612903226, "partPastRate": 0.003870967741935484, "partPresRate": 0.003870967741935484, "partFutRate": 0.0, "transRate": 0.0, "xRate": 0.015483870967741935, "advRate": 0.12516129032258064, "properNounRate": 0.0064516129032258064, "numRate": 0.003870967741935484, "conjRate": 0.08258064516129032, "punctRate": 0.15870967741935485, "pronRate": 0.0696774193548387, "relPronRate": 0.014193548387096775, "demPronRate": 0.04258064516129032, "adposRate": 0.0064516129032258064, "multiplePunctRate": 0.0, "partsDensityRate": 3.80188679245283, "contentfulness": 9.372093023255815, "phraseRate": 0.0, "pastTenseNum": 9, "presentTenseNum": 70, "condNum": 5, "impNum": 15, "freqNum": 0, "causNum": 0, "modalNum": 2, "sg1VerbNum": 99, "sg2VerbNum": 99, "sg3VerbNum": 99, "pl1VerbNum": 99, "pl2VerbNum": 99, "pl3VerbNum": 99, "superlatNum": 3, "comparatNum": 3, "specDerivSuffixNum": 0, "pluralNounNum": 46, "pastTenseRate": 0.09090909090909091, "presentTenseRate": 0.7070707070707071, "condRate": 0.050505050505050504, "impRate": 0.15151515151515152, "freqRate": 0.0, "causRate": 0.0, "modalRate": 0.020202020202020204, "sg1VerbRate": 1.0, "sg2VerbRate": 1.0, "sg3VerbRate": 1.0, "pl1VerbRate": 1.0, "pl2VerbRate": 1.0, "pl3VerbRate": 1.0, "superlatRate": 0.04411764705882353, "comparatRate": 0.04411764705882353, "specDerivSuffixRate": 0.0, "pluralNounRate": 0.33093525179856115, "subjNum": 55, "objNum": 38, "attNum": 46, "subordNum": 37, "adverbNum": 107, "coordNum": 47, "clauseNum": 106, "simpleNum": 11, "complexNum": 32, "complexity1Num": 17, "complexity2Num": 5, "complexity3Num": 6, "compoundNum": 0, "subjRate": 0.07096774193548387, "objRate": 0.04903225806451613, "attRate": 0.05935483870967742, "subordRate": 0.04774193548387097, "adverbRate": 0.13806451612903226, "coordRate": 0.06064516129032258, "partsRate": 2.7641509433962264, "clauseRate": 2.4651162790697674, "simpleRate": 0.2558139534883721, "complexRate": 0.7441860465116279, "complexity1Rate": 0.3953488372093023, "complexity2Rate": 0.11627906976744186, "complexity3Rate": 0.13953488372093023, "complexClauseRate": 2.96875, "sentencesPerParagraph": 3.5833333333333335, "wordsLengthRate": 5.383435582822086, "compoundRate": 0.0, "positiveNum": 0, "negativeNum": 0, "precoPositiveNum": 0, "precoNegativeNum": 0, "negemoNum": 0, "negationNum": 18, "functionNum": 372, "contentNum": 403, "vulgarNum": 0, "racistNum": 0, "specStyleNum": 0, "addressingNum": 0, "closingNum": 0, "postscriptNum": 0, "brutalNum": 0, "positiveRate": 0.0, "negativeRate": 0.0, "precoPositiveRate": 0.0, "precoNegativeRate": 0.0, "negemoRate": 0.0, "negationRate": 0.023225806451612905, "functionRate": 0.48, "contentRate": 0.52, "vulgarRate": 0.0, "racistRate": 0.0, "specStyleRate": 0.0, "addressingRate": 0.0, "closingRate": 0.0, "postscriptRate": 0.0, "brutalRate": 0.0, "epistemicNum": 0, "investNum": 0, "conditionNum": 0, "weaselNum": 0, "peacockNum": 0, "hedgeNum": 0, "doxasticNum": 0, "epistemicRate": 0.0, "investRate": 0.0, "conditionRate": 0.0, "weaselRate": 0.0, "peacockRate": 0.0, "hedgeRate": 0.0, "doxasticRate": 0.0, "loveNum": 0, "anxietyNum": 0, "sorrowNum": 0, "joyNum": 0, "disgustNum": 0, "fearNum": 0, "surpriseNum": 0, "angerNum": 0, "loveRate": 0.0, "anxietyRate": 0.0, "sorrowRate": 0.0, "joyRate": 0.0, "disgustRate": 0.0, "fearRate": 0.0, "surpriseRate": 0.0, "angerRate": 0.0, "slangBeGeneralNum": 0, "slangBeCigaretteNum": 0, "slangBeHumanNum": 0, "slangBeVehicleNum": 0, "slangBeDrugNum": 0, "slangBvNum": 0, "slangBeGeneralRate": 0.0, "slangBeCigaretteRate": 0.0, "slangBeHumanRate": 0.0, "slangBeVehicleRate": 0.0, "slangBeDrugRate": 0.0, "slangBvRate": 0.0, "speechactNum": 0, "quoteNum": 0, "dashNum": 0, "publicNum": 0, "privateNum": 0, "suasiveNum": 0, "discMarkerNum": 0, "smileyNum": 0, "dateNum": 0, "hesitationNum": 0, "restartNum": 1, "repeatNum": 1, "conjBeforeDiscNum": 0, "conjAfterDiscNum": 0, "wordBeforeHesitationNum": 0, "wordAfterHesitationNum": 0, "otherCollocationNum": 0, "speechactRate": 0.0, "quoteRate": 0.0, "dashRate": 0.0, "publicRate": 0.0, "privateRate": 0.0, "suasiveRate": 0.0, "discMarkerRate": 0.0, "smileyRate": 0.0, "dateRate": 0.0, "hesitationRate": 0.0, "restartRate": 0.0012903225806451613, "repeatRate": 0.0012903225806451613, "conjBeforeDiscRate": 0.0, "conjAfterDiscRate": 0.0, "wordBeforeHesitationRate": 0.0, "wordAfterHesitationRate": 0.0, "otherCollocationRate": 0.0, "easyWordNum": 733, "hardWordNum": 42, "easyWordRate": 0.9458064516129032, "hardWordRate": 0.05419354838709677, "fleschReadingEaseScore": 63.22423405851467, "gunningFogIndex": 7.230979744936234, "fleschKincaidGradeLevel": 8.918295573893474, "colemanLiauIndex": 11.628233548387097, "smogIndex": 8.775028230273154, "automatedReadabilityIndex": 9.515034358589645, "linsearWriteIndex": 0.2708177044261064, "author": "", "locationNameNum": 0, "locationNameRate": 0.0, "personNameNum": 2, "personNameRate": 0.0025806451612903226, "organizationNameNum": 1, "organizationNameRate": 0.0012903225806451613, "misspelledNum": 0, "misspelledRate": 0.0, "missingAccentNum": 0, "missingAccentRate": 0.0, "foreignAccentNum": 0, "foreignAccentRate": 0.0, "wordConcatNum": 0, "wordConcatRate": 0.0, "jLyMistakeNum": 0, "jLyMistakeRate": 0.0, "clauseWordNum": 106, "freqSuffixNum": 0, "privateVNum": 0, "partsNum": 293, "publicVNum": 0}