{"tokenNum": 622, "sentenceNum": 39, "lemmaNum": 265, "lemmaRate": 0.42604501607717044, "sentenceLength": 15.948717948717949, "allUpperNum": 0, "firstUpperNum": 54, "allUpperRate": 0.0, "firstUpperRate": 0.08681672025723473, "declarSentNum": 31, "imperSentNum": 1, "questionNum": 7, "declarSentRate": 0.7948717948717948, "imperSentRate": 0.02564102564102564, "questionRate": 0.1794871794871795, "accent": true, "saturation": 3.0813953488372094, "paragraphNum": 10, "nounNum": 99, "verbNum": 75, "adjNum": 58, "infNum": 12, "partPastNum": 2, "partPresNum": 2, "partFutNum": 0, "transNum": 0, "xNum": 11, "advNum": 82, "properNounNum": 10, "numNum": 3, "conjNum": 51, "punctNum": 107, "pronNum": 47, "relPronNum": 13, "demPronNum": 33, "adposNum": 5, "multiplePunctNum": 0, "phraseNum": 0, "nounRate": 0.15916398713826366, "verbRate": 0.12057877813504823, "adjRate": 0.0932475884244373, "infRate": 0.01929260450160772, "partPastRate": 0.003215434083601286, "partPresRate": 0.003215434083601286, "partFutRate": 0.0, "transRate": 0.0, "xRate": 0.017684887459807074, "advRate": 0.13183279742765272, "properNounRate": 0.01607717041800643, "numRate": 0.00482315112540193, "conjRate": 0.0819935691318328, "punctRate": 0.1720257234726688, "pronRate": 0.07556270096463022, "relPronRate": 0.02090032154340836, "demPronRate": 0.05305466237942122, "adposRate": 0.008038585209003215, "multiplePunctRate": 0.0, "partsDensityRate": 3.6511627906976742, "contentfulness": 8.051282051282051, "phraseRate": 0.0, "pastTenseNum": 4, "presentTenseNum": 59, "condNum": 17, "impNum": 4, "freqNum": 0, "causNum": 0, "modalNum": 6, "sg1VerbNum": 75, "sg2VerbNum": 75, "sg3VerbNum": 75, "pl1VerbNum": 75, "pl2VerbNum": 75, "pl3VerbNum": 75, "superlatNum": 0, "comparatNum": 4, "specDerivSuffixNum": 0, "pluralNounNum": 23, "pastTenseRate": 0.05333333333333334, "presentTenseRate": 0.7866666666666666, "condRate": 0.22666666666666666, "impRate": 0.05333333333333334, "freqRate": 0.0, "causRate": 0.0, "modalRate": 0.08, "sg1VerbRate": 1.0, "sg2VerbRate": 1.0, "sg3VerbRate": 1.0, "pl1VerbRate": 1.0, "pl2VerbRate": 1.0, "pl3VerbRate": 1.0, "superlatRate": 0.0, "comparatRate": 0.06896551724137931, "specDerivSuffixRate": 0.0, "pluralNounRate": 0.23232323232323232, "subjNum": 42, "objNum": 30, "attNum": 33, "subordNum": 32, "adverbNum": 97, "coordNum": 25, "clauseNum": 86, "simpleNum": 14, "complexNum": 25, "complexity1Num": 12, "complexity2Num": 7, "complexity3Num": 4, "compoundNum": 0, "subjRate": 0.06752411575562701, "objRate": 0.04823151125401929, "attRate": 0.05305466237942122, "subordRate": 0.05144694533762058, "adverbRate": 0.15594855305466238, "coordRate": 0.04019292604501608, "partsRate": 2.63953488372093, "clauseRate": 2.2051282051282053, "simpleRate": 0.358974358974359, "complexRate": 0.6410256410256411, "complexity1Rate": 0.3076923076923077, "complexity2Rate": 0.1794871794871795, "complexity3Rate": 0.10256410256410256, "complexClauseRate": 2.88, "sentencesPerParagraph": 3.9, "wordsLengthRate": 5.603883495145631, "compoundRate": 0.0, "positiveNum": 0, "negativeNum": 0, "precoPositiveNum": 0, "precoNegativeNum": 0, "negemoNum": 0, "negationNum": 23, "functionNum": 308, "contentNum": 314, "vulgarNum": 0, "racistNum": 0, "specStyleNum": 0, "addressingNum": 0, "closingNum": 0, "postscriptNum": 0, "brutalNum": 0, "positiveRate": 0.0, "negativeRate": 0.0, "precoPositiveRate": 0.0, "precoNegativeRate": 0.0, "negemoRate": 0.0, "negationRate": 0.03697749196141479, "functionRate": 0.49517684887459806, "contentRate": 0.5048231511254019, "vulgarRate": 0.0, "racistRate": 0.0, "specStyleRate": 0.0, "addressingRate": 0.0, "closingRate": 0.0, "postscriptRate": 0.0, "brutalRate": 0.0, "epistemicNum": 0, "investNum": 0, "conditionNum": 0, "weaselNum": 0, "peacockNum": 0, "hedgeNum": 0, "doxasticNum": 0, "epistemicRate": 0.0, "investRate": 0.0, "conditionRate": 0.0, "weaselRate": 0.0, "peacockRate": 0.0, "hedgeRate": 0.0, "doxasticRate": 0.0, "loveNum": 0, "anxietyNum": 0, "sorrowNum": 0, "joyNum": 0, "disgustNum": 0, "fearNum": 0, "surpriseNum": 0, "angerNum": 0, "loveRate": 0.0, "anxietyRate": 0.0, "sorrowRate": 0.0, "joyRate": 0.0, "disgustRate": 0.0, "fearRate": 0.0, "surpriseRate": 0.0, "angerRate": 0.0, "slangBeGeneralNum": 0, "slangBeCigaretteNum": 0, "slangBeHumanNum": 0, "slangBeVehicleNum": 0, "slangBeDrugNum": 0, "slangBvNum": 0, "slangBeGeneralRate": 0.0, "slangBeCigaretteRate": 0.0, "slangBeHumanRate": 0.0, "slangBeVehicleRate": 0.0, "slangBeDrugRate": 0.0, "slangBvRate": 0.0, "speechactNum": 0, "quoteNum": 0, "dashNum": 1, "publicNum": 0, "privateNum": 0, "suasiveNum": 0, "discMarkerNum": 0, "smileyNum": 0, "dateNum": 0, "hesitationNum": 0, "restartNum": 0, "repeatNum": 0, "conjBeforeDiscNum": 0, "conjAfterDiscNum": 0, "wordBeforeHesitationNum": 0, "wordAfterHesitationNum": 0, "otherCollocationNum": 0, "speechactRate": 0.0, "quoteRate": 0.0, "dashRate": 0.001607717041800643, "publicRate": 0.0, "privateRate": 0.0, "suasiveRate": 0.0, "discMarkerRate": 0.0, "smileyRate": 0.0, "dateRate": 0.0, "hesitationRate": 0.0, "restartRate": 0.0, "repeatRate": 0.0, "conjBeforeDiscRate": 0.0, "conjAfterDiscRate": 0.0, "wordBeforeHesitationRate": 0.0, "wordAfterHesitationRate": 0.0, "otherCollocationRate": 0.0, "easyWordNum": 578, "hardWordNum": 44, "easyWordRate": 0.9292604501607717, "hardWordRate": 0.0707395498392283, "fleschReadingEaseScore": 63.47502555857862, "gunningFogIndex": 6.406496825789431, "fleschKincaidGradeLevel": 8.367942122186495, "colemanLiauIndex": 12.343027331189706, "smogIndex": 9.197007762596975, "automatedReadabilityIndex": 9.049375051529392, "linsearWriteIndex": 0.44076181053673014, "author": "", "locationNameNum": 10, "locationNameRate": 0.01607717041800643, "personNameNum": 0, "personNameRate": 0.0, "organizationNameNum": 0, "organizationNameRate": 0.0, "misspelledNum": 0, "misspelledRate": 0.0, "missingAccentNum": 0, "missingAccentRate": 0.0, "foreignAccentNum": 0, "foreignAccentRate": 0.0, "wordConcatNum": 0, "wordConcatRate": 0.0, "jLyMistakeNum": 0, "jLyMistakeRate": 0.0, "clauseWordNum": 86, "freqSuffixNum": 0, "privateVNum": 0, "partsNum": 227, "publicVNum": 0}