{"tokenNum": 663, "sentenceNum": 33, "lemmaNum": 281, "lemmaRate": 0.4238310708898944, "sentenceLength": 20.09090909090909, "allUpperNum": 0, "firstUpperNum": 34, "allUpperRate": 0.0, "firstUpperRate": 0.05128205128205128, "declarSentNum": 32, "imperSentNum": 1, "questionNum": 0, "declarSentRate": 0.9696969696969697, "imperSentRate": 0.030303030303030304, "questionRate": 0.0, "accent": true, "saturation": 3.2674418604651163, "paragraphNum": 9, "nounNum": 139, "verbNum": 78, "adjNum": 75, "infNum": 10, "partPastNum": 3, "partPresNum": 1, "partFutNum": 0, "transNum": 2, "xNum": 10, "advNum": 54, "properNounNum": 1, "numNum": 0, "conjNum": 74, "punctNum": 103, "pronNum": 36, "relPronNum": 10, "demPronNum": 23, "adposNum": 4, "multiplePunctNum": 0, "phraseNum": 0, "nounRate": 0.2096530920060332, "verbRate": 0.11764705882352941, "adjRate": 0.11312217194570136, "infRate": 0.015082956259426848, "partPastRate": 0.004524886877828055, "partPresRate": 0.0015082956259426848, "partFutRate": 0.0, "transRate": 0.0030165912518853697, "xRate": 0.015082956259426848, "advRate": 0.08144796380090498, "properNounRate": 0.0015082956259426848, "numRate": 0.0, "conjRate": 0.11161387631975868, "punctRate": 0.15535444947209653, "pronRate": 0.05429864253393665, "relPronRate": 0.015082956259426848, "demPronRate": 0.03469079939668175, "adposRate": 0.006033182503770739, "multiplePunctRate": 0.0, "partsDensityRate": 4.023255813953488, "contentfulness": 10.484848484848484, "phraseRate": 0.0, "pastTenseNum": 2, "presentTenseNum": 66, "condNum": 3, "impNum": 14, "freqNum": 0, "causNum": 0, "modalNum": 8, "sg1VerbNum": 78, "sg2VerbNum": 78, "sg3VerbNum": 78, "pl1VerbNum": 78, "pl2VerbNum": 78, "pl3VerbNum": 78, "superlatNum": 3, "comparatNum": 1, "specDerivSuffixNum": 0, "pluralNounNum": 32, "pastTenseRate": 0.02564102564102564, "presentTenseRate": 0.8461538461538461, "condRate": 0.038461538461538464, "impRate": 0.1794871794871795, "freqRate": 0.0, "causRate": 0.0, "modalRate": 0.10256410256410256, "sg1VerbRate": 1.0, "sg2VerbRate": 1.0, "sg3VerbRate": 1.0, "pl1VerbRate": 1.0, "pl2VerbRate": 1.0, "pl3VerbRate": 1.0, "superlatRate": 0.04, "comparatRate": 0.013333333333333334, "specDerivSuffixRate": 0.0, "pluralNounRate": 0.2302158273381295, "subjNum": 48, "objNum": 34, "attNum": 55, "subordNum": 35, "adverbNum": 70, "coordNum": 46, "clauseNum": 86, "simpleNum": 5, "complexNum": 28, "complexity1Num": 13, "complexity2Num": 7, "complexity3Num": 6, "compoundNum": 0, "subjRate": 0.07239819004524888, "objRate": 0.05128205128205128, "attRate": 0.08295625942684766, "subordRate": 0.05279034690799397, "adverbRate": 0.10558069381598793, "coordRate": 0.0693815987933635, "partsRate": 2.941860465116279, "clauseRate": 2.606060606060606, "simpleRate": 0.15151515151515152, "complexRate": 0.8484848484848485, "complexity1Rate": 0.3939393939393939, "complexity2Rate": 0.21212121212121213, "complexity3Rate": 0.18181818181818182, "complexClauseRate": 2.892857142857143, "sentencesPerParagraph": 3.6666666666666665, "wordsLengthRate": 5.9089285714285715, "compoundRate": 0.0, "positiveNum": 0, "negativeNum": 0, "precoPositiveNum": 0, "precoNegativeNum": 0, "negemoNum": 0, "negationNum": 12, "functionNum": 317, "contentNum": 346, "vulgarNum": 0, "racistNum": 0, "specStyleNum": 0, "addressingNum": 0, "closingNum": 0, "postscriptNum": 0, "brutalNum": 0, "positiveRate": 0.0, "negativeRate": 0.0, "precoPositiveRate": 0.0, "precoNegativeRate": 0.0, "negemoRate": 0.0, "negationRate": 0.01809954751131222, "functionRate": 0.4781297134238311, "contentRate": 0.521870286576169, "vulgarRate": 0.0, "racistRate": 0.0, "specStyleRate": 0.0, "addressingRate": 0.0, "closingRate": 0.0, "postscriptRate": 0.0, "brutalRate": 0.0, "epistemicNum": 0, "investNum": 0, "conditionNum": 0, "weaselNum": 0, "peacockNum": 0, "hedgeNum": 0, "doxasticNum": 0, "epistemicRate": 0.0, "investRate": 0.0, "conditionRate": 0.0, "weaselRate": 0.0, "peacockRate": 0.0, "hedgeRate": 0.0, "doxasticRate": 0.0, "loveNum": 0, "anxietyNum": 0, "sorrowNum": 0, "joyNum": 0, "disgustNum": 0, "fearNum": 0, "surpriseNum": 0, "angerNum": 0, "loveRate": 0.0, "anxietyRate": 0.0, "sorrowRate": 0.0, "joyRate": 0.0, "disgustRate": 0.0, "fearRate": 0.0, "surpriseRate": 0.0, "angerRate": 0.0, "slangBeGeneralNum": 0, "slangBeCigaretteNum": 0, "slangBeHumanNum": 0, "slangBeVehicleNum": 0, "slangBeDrugNum": 0, "slangBvNum": 0, "slangBeGeneralRate": 0.0, "slangBeCigaretteRate": 0.0, "slangBeHumanRate": 0.0, "slangBeVehicleRate": 0.0, "slangBeDrugRate": 0.0, "slangBvRate": 0.0, "speechactNum": 0, "quoteNum": 0, "dashNum": 0, "publicNum": 0, "privateNum": 0, "suasiveNum": 0, "discMarkerNum": 0, "smileyNum": 0, "dateNum": 0, "hesitationNum": 0, "restartNum": 0, "repeatNum": 0, "conjBeforeDiscNum": 0, "conjAfterDiscNum": 0, "wordBeforeHesitationNum": 0, "wordAfterHesitationNum": 0, "otherCollocationNum": 0, "speechactRate": 0.0, "quoteRate": 0.0, "dashRate": 0.0, "publicRate": 0.0, "privateRate": 0.0, "suasiveRate": 0.0, "discMarkerRate": 0.0, "smileyRate": 0.0, "dateRate": 0.0, "hesitationRate": 0.0, "restartRate": 0.0, "repeatRate": 0.0, "conjBeforeDiscRate": 0.0, "conjAfterDiscRate": 0.0, "wordBeforeHesitationRate": 0.0, "wordAfterHesitationRate": 0.0, "otherCollocationRate": 0.0, "easyWordNum": 598, "hardWordNum": 65, "easyWordRate": 0.9019607843137255, "hardWordRate": 0.09803921568627451, "fleschReadingEaseScore": 46.4635417523653, "gunningFogIndex": 8.075579322638147, "fleschKincaidGradeLevel": 11.769738105032225, "colemanLiauIndex": 14.342791855203615, "smogIndex": 11.14670477721597, "automatedReadabilityIndex": 12.719572192513368, "linsearWriteIndex": 0.7893870835047305, "author": "", "locationNameNum": 0, "locationNameRate": 0.0, "personNameNum": 0, "personNameRate": 0.0, "organizationNameNum": 0, "organizationNameRate": 0.0, "misspelledNum": 0, "misspelledRate": 0.0, "missingAccentNum": 0, "missingAccentRate": 0.0, "foreignAccentNum": 0, "foreignAccentRate": 0.0, "wordConcatNum": 0, "wordConcatRate": 0.0, "jLyMistakeNum": 0, "jLyMistakeRate": 0.0, "clauseWordNum": 86, "freqSuffixNum": 0, "privateVNum": 0, "partsNum": 253, "publicVNum": 0}