,gemini,gpt,index,gemini_percent_diff,gpt_percent_diff,gemini_real_diff,gpt_real_diff
personNameNum,0.2620967741935484,0.385,3.69,92.89710639041874,89.56639566395663,3.4279032258064515,3.3049999999999997
locationNameNum,0.2701612903225806,0.191,0.948,71.50197359466449,79.85232067510549,0.6778387096774193,0.7569999999999999
organizationNameNum,0.0967741935483871,0.122,1.025,90.55861526357198,88.09756097560975,0.9282258064516128,0.9029999999999999
