{"tokenNum": 722, "sentenceNum": 42, "lemmaNum": 282, "lemmaRate": 0.39058171745152354, "sentenceLength": 17.19047619047619, "allUpperNum": 0, "firstUpperNum": 43, "allUpperRate": 0.0, "firstUpperRate": 0.05955678670360111, "declarSentNum": 37, "imperSentNum": 1, "questionNum": 4, "declarSentRate": 0.8809523809523809, "imperSentRate": 0.023809523809523808, "questionRate": 0.09523809523809523, "accent": true, "saturation": 2.4310344827586206, "paragraphNum": 11, "nounNum": 114, "verbNum": 101, "adjNum": 72, "infNum": 14, "partPastNum": 1, "partPresNum": 1, "partFutNum": 0, "transNum": 1, "xNum": 11, "advNum": 92, "properNounNum": 0, "numNum": 0, "conjNum": 74, "punctNum": 129, "pronNum": 58, "relPronNum": 11, "demPronNum": 32, "adposNum": 0, "multiplePunctNum": 0, "phraseNum": 0, "nounRate": 0.15789473684210525, "verbRate": 0.13988919667590027, "adjRate": 0.0997229916897507, "infRate": 0.019390581717451522, "partPastRate": 0.0013850415512465374, "partPresRate": 0.0013850415512465374, "partFutRate": 0.0, "transRate": 0.0013850415512465374, "xRate": 0.015235457063711912, "advRate": 0.12742382271468145, "properNounRate": 0.0, "numRate": 0.0, "conjRate": 0.10249307479224377, "punctRate": 0.1786703601108033, "pronRate": 0.08033240997229917, "relPronRate": 0.015235457063711912, "demPronRate": 0.0443213296398892, "adposRate": 0.0, "multiplePunctRate": 0.0, "partsDensityRate": 3.2672413793103448, "contentfulness": 9.023809523809524, "phraseRate": 0.0, "pastTenseNum": 2, "presentTenseNum": 85, "condNum": 6, "impNum": 11, "freqNum": 0, "causNum": 0, "modalNum": 11, "sg1VerbNum": 101, "sg2VerbNum": 101, "sg3VerbNum": 101, "pl1VerbNum": 101, "pl2VerbNum": 101, "pl3VerbNum": 101, "superlatNum": 0, "comparatNum": 2, "specDerivSuffixNum": 0, "pluralNounNum": 37, "pastTenseRate": 0.019801980198019802, "presentTenseRate": 0.8415841584158416, "condRate": 0.0594059405940594, "impRate": 0.10891089108910891, "freqRate": 0.0, "causRate": 0.0, "modalRate": 0.10891089108910891, "sg1VerbRate": 1.0, "sg2VerbRate": 1.0, "sg3VerbRate": 1.0, "pl1VerbRate": 1.0, "pl2VerbRate": 1.0, "pl3VerbRate": 1.0, "superlatRate": 0.0, "comparatRate": 0.027777777777777776, "specDerivSuffixRate": 0.0, "pluralNounRate": 0.32456140350877194, "subjNum": 56, "objNum": 39, "attNum": 34, "subordNum": 49, "adverbNum": 119, "coordNum": 29, "clauseNum": 116, "simpleNum": 5, "complexNum": 37, "complexity1Num": 15, "complexity2Num": 11, "complexity3Num": 8, "compoundNum": 0, "subjRate": 0.07756232686980609, "objRate": 0.054016620498614956, "attRate": 0.04709141274238227, "subordRate": 0.06786703601108034, "adverbRate": 0.16481994459833796, "coordRate": 0.04016620498614958, "partsRate": 2.3879310344827585, "clauseRate": 2.761904761904762, "simpleRate": 0.11904761904761904, "complexRate": 0.8809523809523809, "complexity1Rate": 0.35714285714285715, "complexity2Rate": 0.2619047619047619, "complexity3Rate": 0.19047619047619047, "complexClauseRate": 3.0, "sentencesPerParagraph": 3.8181818181818183, "wordsLengthRate": 5.96964586846543, "compoundRate": 0.0, "positiveNum": 0, "negativeNum": 0, "precoPositiveNum": 0, "precoNegativeNum": 0, "negemoNum": 0, "negationNum": 27, "functionNum": 343, "contentNum": 379, "vulgarNum": 0, "racistNum": 0, "specStyleNum": 0, "addressingNum": 0, "closingNum": 0, "postscriptNum": 0, "brutalNum": 0, "positiveRate": 0.0, "negativeRate": 0.0, "precoPositiveRate": 0.0, "precoNegativeRate": 0.0, "negemoRate": 0.0, "negationRate": 0.037396121883656507, "functionRate": 0.47506925207756234, "contentRate": 0.5249307479224377, "vulgarRate": 0.0, "racistRate": 0.0, "specStyleRate": 0.0, "addressingRate": 0.0, "closingRate": 0.0, "postscriptRate": 0.0, "brutalRate": 0.0, "epistemicNum": 0, "investNum": 0, "conditionNum": 0, "weaselNum": 0, "peacockNum": 0, "hedgeNum": 0, "doxasticNum": 0, "epistemicRate": 0.0, "investRate": 0.0, "conditionRate": 0.0, "weaselRate": 0.0, "peacockRate": 0.0, "hedgeRate": 0.0, "doxasticRate": 0.0, "loveNum": 0, "anxietyNum": 0, "sorrowNum": 0, "joyNum": 0, "disgustNum": 0, "fearNum": 0, "surpriseNum": 0, "angerNum": 0, "loveRate": 0.0, "anxietyRate": 0.0, "sorrowRate": 0.0, "joyRate": 0.0, "disgustRate": 0.0, "fearRate": 0.0, "surpriseRate": 0.0, "angerRate": 0.0, "slangBeGeneralNum": 0, "slangBeCigaretteNum": 0, "slangBeHumanNum": 0, "slangBeVehicleNum": 0, "slangBeDrugNum": 0, "slangBvNum": 0, "slangBeGeneralRate": 0.0, "slangBeCigaretteRate": 0.0, "slangBeHumanRate": 0.0, "slangBeVehicleRate": 0.0, "slangBeDrugRate": 0.0, "slangBvRate": 0.0, "speechactNum": 0, "quoteNum": 1, "dashNum": 1, "publicNum": 0, "privateNum": 0, "suasiveNum": 0, "discMarkerNum": 0, "smileyNum": 0, "dateNum": 0, "hesitationNum": 0, "restartNum": 0, "repeatNum": 0, "conjBeforeDiscNum": 0, "conjAfterDiscNum": 0, "wordBeforeHesitationNum": 0, "wordAfterHesitationNum": 0, "otherCollocationNum": 0, "speechactRate": 0.0, "quoteRate": 0.0013850415512465374, "dashRate": 0.0013850415512465374, "publicRate": 0.0, "privateRate": 0.0, "suasiveRate": 0.0, "discMarkerRate": 0.0, "smileyRate": 0.0, "dateRate": 0.0, "hesitationRate": 0.0, "restartRate": 0.0, "repeatRate": 0.0, "conjBeforeDiscRate": 0.0, "conjAfterDiscRate": 0.0, "wordBeforeHesitationRate": 0.0, "wordAfterHesitationRate": 0.0, "otherCollocationRate": 0.0, "easyWordNum": 659, "hardWordNum": 63, "easyWordRate": 0.9127423822714681, "hardWordRate": 0.08725761772853186, "fleschReadingEaseScore": 54.51879963065562, "gunningFogIndex": 6.911093523281889, "fleschKincaidGradeLevel": 9.925643055005935, "colemanLiauIndex": 13.9516675900277, "smogIndex": 10.125756701596842, "automatedReadabilityIndex": 10.956609286373826, "linsearWriteIndex": 0.3800949742777999, "author": "", "locationNameNum": 0, "locationNameRate": 0.0, "personNameNum": 0, "personNameRate": 0.0, "organizationNameNum": 0, "organizationNameRate": 0.0, "misspelledNum": 2, "misspelledRate": 0.002770083102493075, "missingAccentNum": 0, "missingAccentRate": 0.0, "foreignAccentNum": 0, "foreignAccentRate": 0.0, "wordConcatNum": 1, "wordConcatRate": 0.0013850415512465374, "jLyMistakeNum": 0, "jLyMistakeRate": 0.0, "clauseWordNum": 116, "freqSuffixNum": 0, "privateVNum": 0, "partsNum": 277, "publicVNum": 0}