{"tokenNum": 729, "sentenceNum": 42, "lemmaNum": 300, "lemmaRate": 0.411522633744856, "sentenceLength": 17.357142857142858, "allUpperNum": 1, "firstUpperNum": 43, "allUpperRate": 0.0013717421124828531, "firstUpperRate": 0.05898491083676269, "declarSentNum": 37, "imperSentNum": 2, "questionNum": 3, "declarSentRate": 0.8809523809523809, "imperSentRate": 0.047619047619047616, "questionRate": 0.07142857142857142, "accent": true, "saturation": 3.6144578313253013, "paragraphNum": 11, "nounNum": 158, "verbNum": 74, "adjNum": 109, "infNum": 10, "partPastNum": 2, "partPresNum": 5, "partFutNum": 0, "transNum": 1, "xNum": 11, "advNum": 67, "properNounNum": 2, "numNum": 1, "conjNum": 65, "punctNum": 107, "pronNum": 34, "relPronNum": 7, "demPronNum": 29, "adposNum": 10, "multiplePunctNum": 0, "phraseNum": 0, "nounRate": 0.2167352537722908, "verbRate": 0.10150891632373114, "adjRate": 0.149519890260631, "infRate": 0.013717421124828532, "partPastRate": 0.0027434842249657062, "partPresRate": 0.006858710562414266, "partFutRate": 0.0, "transRate": 0.0013717421124828531, "xRate": 0.015089163237311385, "advRate": 0.09190672153635117, "properNounRate": 0.0027434842249657062, "numRate": 0.0013717421124828531, "conjRate": 0.08916323731138547, "punctRate": 0.1467764060356653, "pronRate": 0.04663923182441701, "relPronRate": 0.009602194787379973, "demPronRate": 0.039780521262002745, "adposRate": 0.013717421124828532, "multiplePunctRate": 0.0, "partsDensityRate": 4.9156626506024095, "contentfulness": 9.714285714285714, "phraseRate": 0.0, "pastTenseNum": 1, "presentTenseNum": 63, "condNum": 12, "impNum": 4, "freqNum": 0, "causNum": 0, "modalNum": 7, "sg1VerbNum": 74, "sg2VerbNum": 74, "sg3VerbNum": 74, "pl1VerbNum": 74, "pl2VerbNum": 74, "pl3VerbNum": 74, "superlatNum": 0, "comparatNum": 5, "specDerivSuffixNum": 0, "pluralNounNum": 55, "pastTenseRate": 0.013513513513513514, "presentTenseRate": 0.8513513513513513, "condRate": 0.16216216216216217, "impRate": 0.05405405405405406, "freqRate": 0.0, "causRate": 0.0, "modalRate": 0.0945945945945946, "sg1VerbRate": 1.0, "sg2VerbRate": 1.0, "sg3VerbRate": 1.0, "pl1VerbRate": 1.0, "pl2VerbRate": 1.0, "pl3VerbRate": 1.0, "superlatRate": 0.0, "comparatRate": 0.045871559633027525, "specDerivSuffixRate": 0.0, "pluralNounRate": 0.34810126582278483, "subjNum": 49, "objNum": 30, "attNum": 75, "subordNum": 28, "adverbNum": 80, "coordNum": 39, "clauseNum": 83, "simpleNum": 12, "complexNum": 30, "complexity1Num": 20, "complexity2Num": 9, "complexity3Num": 1, "compoundNum": 0, "subjRate": 0.06721536351165981, "objRate": 0.0411522633744856, "attRate": 0.102880658436214, "subordRate": 0.038408779149519894, "adverbRate": 0.10973936899862825, "coordRate": 0.053497942386831275, "partsRate": 3.289156626506024, "clauseRate": 1.9761904761904763, "simpleRate": 0.2857142857142857, "complexRate": 0.7142857142857143, "complexity1Rate": 0.47619047619047616, "complexity2Rate": 0.21428571428571427, "complexity3Rate": 0.023809523809523808, "complexClauseRate": 2.3666666666666667, "sentencesPerParagraph": 3.8181818181818183, "wordsLengthRate": 6.655948553054662, "compoundRate": 0.0, "positiveNum": 0, "negativeNum": 0, "precoPositiveNum": 0, "precoNegativeNum": 0, "negemoNum": 0, "negationNum": 21, "functionNum": 321, "contentNum": 408, "vulgarNum": 0, "racistNum": 0, "specStyleNum": 0, "addressingNum": 0, "closingNum": 0, "postscriptNum": 0, "brutalNum": 0, "positiveRate": 0.0, "negativeRate": 0.0, "precoPositiveRate": 0.0, "precoNegativeRate": 0.0, "negemoRate": 0.0, "negationRate": 0.02880658436213992, "functionRate": 0.4403292181069959, "contentRate": 0.5596707818930041, "vulgarRate": 0.0, "racistRate": 0.0, "specStyleRate": 0.0, "addressingRate": 0.0, "closingRate": 0.0, "postscriptRate": 0.0, "brutalRate": 0.0, "epistemicNum": 0, "investNum": 0, "conditionNum": 0, "weaselNum": 0, "peacockNum": 0, "hedgeNum": 0, "doxasticNum": 0, "epistemicRate": 0.0, "investRate": 0.0, "conditionRate": 0.0, "weaselRate": 0.0, "peacockRate": 0.0, "hedgeRate": 0.0, "doxasticRate": 0.0, "loveNum": 0, "anxietyNum": 0, "sorrowNum": 0, "joyNum": 0, "disgustNum": 0, "fearNum": 0, "surpriseNum": 0, "angerNum": 0, "loveRate": 0.0, "anxietyRate": 0.0, "sorrowRate": 0.0, "joyRate": 0.0, "disgustRate": 0.0, "fearRate": 0.0, "surpriseRate": 0.0, "angerRate": 0.0, "slangBeGeneralNum": 0, "slangBeCigaretteNum": 0, "slangBeHumanNum": 0, "slangBeVehicleNum": 0, "slangBeDrugNum": 0, "slangBvNum": 0, "slangBeGeneralRate": 0.0, "slangBeCigaretteRate": 0.0, "slangBeHumanRate": 0.0, "slangBeVehicleRate": 0.0, "slangBeDrugRate": 0.0, "slangBvRate": 0.0, "speechactNum": 0, "quoteNum": 0, "dashNum": 3, "publicNum": 0, "privateNum": 0, "suasiveNum": 0, "discMarkerNum": 0, "smileyNum": 0, "dateNum": 0, "hesitationNum": 0, "restartNum": 1, "repeatNum": 0, "conjBeforeDiscNum": 0, "conjAfterDiscNum": 0, "wordBeforeHesitationNum": 0, "wordAfterHesitationNum": 0, "otherCollocationNum": 0, "speechactRate": 0.0, "quoteRate": 0.0, "dashRate": 0.00411522633744856, "publicRate": 0.0, "privateRate": 0.0, "suasiveRate": 0.0, "discMarkerRate": 0.0, "smileyRate": 0.0, "dateRate": 0.0, "hesitationRate": 0.0, "restartRate": 0.0013717421124828531, "repeatRate": 0.0, "conjBeforeDiscRate": 0.0, "conjAfterDiscRate": 0.0, "wordBeforeHesitationRate": 0.0, "wordAfterHesitationRate": 0.0, "otherCollocationRate": 0.0, "easyWordNum": 605, "hardWordNum": 124, "easyWordRate": 0.8299039780521262, "hardWordRate": 0.1700960219478738, "fleschReadingEaseScore": 18.62490740740742, "gunningFogIndex": 7.0103468547913, "fleschKincaidGradeLevel": 14.97352439741329, "colemanLiauIndex": 18.33597256515775, "smogIndex": 12.94502277883236, "automatedReadabilityIndex": 14.545896531452087, "linsearWriteIndex": 0.5775034293552814, "author": "", "locationNameNum": 0, "locationNameRate": 0.0, "personNameNum": 0, "personNameRate": 0.0, "organizationNameNum": 0, "organizationNameRate": 0.0, "misspelledNum": 1, "misspelledRate": 0.0013717421124828531, "missingAccentNum": 1, "missingAccentRate": 0.0013717421124828531, "foreignAccentNum": 0, "foreignAccentRate": 0.0, "wordConcatNum": 0, "wordConcatRate": 0.0, "jLyMistakeNum": 0, "jLyMistakeRate": 0.0, "clauseWordNum": 83, "freqSuffixNum": 0, "privateVNum": 0, "partsNum": 273, "publicVNum": 0}