{"tokenNum": 766, "sentenceNum": 43, "lemmaNum": 278, "lemmaRate": 0.3629242819843342, "sentenceLength": 17.813953488372093, "allUpperNum": 0, "firstUpperNum": 43, "allUpperRate": 0.0, "firstUpperRate": 0.05613577023498695, "declarSentNum": 37, "imperSentNum": 2, "questionNum": 4, "declarSentRate": 0.8604651162790697, "imperSentRate": 0.046511627906976744, "questionRate": 0.09302325581395349, "accent": true, "saturation": 2.574074074074074, "paragraphNum": 10, "nounNum": 140, "verbNum": 107, "adjNum": 74, "infNum": 23, "partPastNum": 0, "partPresNum": 1, "partFutNum": 0, "transNum": 3, "xNum": 10, "advNum": 87, "properNounNum": 0, "numNum": 4, "conjNum": 75, "punctNum": 119, "pronNum": 53, "relPronNum": 13, "demPronNum": 38, "adposNum": 1, "multiplePunctNum": 1, "phraseNum": 0, "nounRate": 0.18276762402088773, "verbRate": 0.13968668407310705, "adjRate": 0.09660574412532637, "infRate": 0.030026109660574413, "partPastRate": 0.0, "partPresRate": 0.0013054830287206266, "partFutRate": 0.0, "transRate": 0.0039164490861618795, "xRate": 0.013054830287206266, "advRate": 0.11357702349869452, "properNounRate": 0.0, "numRate": 0.005221932114882507, "conjRate": 0.097911227154047, "punctRate": 0.15535248041775457, "pronRate": 0.06919060052219321, "relPronRate": 0.016971279373368148, "demPronRate": 0.04960835509138381, "adposRate": 0.0013054830287206266, "multiplePunctRate": 0.008403361344537815, "partsDensityRate": 3.7777777777777777, "contentfulness": 9.488372093023257, "phraseRate": 0.0, "pastTenseNum": 1, "presentTenseNum": 83, "condNum": 2, "impNum": 7, "freqNum": 0, "causNum": 0, "modalNum": 10, "sg1VerbNum": 107, "sg2VerbNum": 107, "sg3VerbNum": 107, "pl1VerbNum": 107, "pl2VerbNum": 107, "pl3VerbNum": 107, "superlatNum": 0, "comparatNum": 7, "specDerivSuffixNum": 0, "pluralNounNum": 38, "pastTenseRate": 0.009345794392523364, "presentTenseRate": 0.7757009345794392, "condRate": 0.018691588785046728, "impRate": 0.06542056074766354, "freqRate": 0.0, "causRate": 0.0, "modalRate": 0.09345794392523364, "sg1VerbRate": 1.0, "sg2VerbRate": 1.0, "sg3VerbRate": 1.0, "pl1VerbRate": 1.0, "pl2VerbRate": 1.0, "pl3VerbRate": 1.0, "superlatRate": 0.0, "comparatRate": 0.0945945945945946, "specDerivSuffixRate": 0.0, "pluralNounRate": 0.2714285714285714, "subjNum": 54, "objNum": 45, "attNum": 47, "subordNum": 45, "adverbNum": 112, "coordNum": 30, "clauseNum": 108, "simpleNum": 9, "complexNum": 34, "complexity1Num": 18, "complexity2Num": 9, "complexity3Num": 0, "compoundNum": 0, "subjRate": 0.07049608355091384, "objRate": 0.0587467362924282, "attRate": 0.06135770234986945, "subordRate": 0.0587467362924282, "adverbRate": 0.1462140992167102, "coordRate": 0.0391644908616188, "partsRate": 2.6666666666666665, "clauseRate": 2.511627906976744, "simpleRate": 0.20930232558139536, "complexRate": 0.7906976744186046, "complexity1Rate": 0.4186046511627907, "complexity2Rate": 0.20930232558139536, "complexity3Rate": 0.0, "complexClauseRate": 2.911764705882353, "sentencesPerParagraph": 4.3, "wordsLengthRate": 5.8887171561051, "compoundRate": 0.0, "positiveNum": 0, "negativeNum": 0, "precoPositiveNum": 0, "precoNegativeNum": 0, "negemoNum": 0, "negationNum": 18, "functionNum": 358, "contentNum": 408, "vulgarNum": 0, "racistNum": 0, "specStyleNum": 0, "addressingNum": 0, "closingNum": 0, "postscriptNum": 0, "brutalNum": 0, "positiveRate": 0.0, "negativeRate": 0.0, "precoPositiveRate": 0.0, "precoNegativeRate": 0.0, "negemoRate": 0.0, "negationRate": 0.02349869451697128, "functionRate": 0.46736292428198434, "contentRate": 0.5326370757180157, "vulgarRate": 0.0, "racistRate": 0.0, "specStyleRate": 0.0, "addressingRate": 0.0, "closingRate": 0.0, "postscriptRate": 0.0, "brutalRate": 0.0, "epistemicNum": 0, "investNum": 0, "conditionNum": 0, "weaselNum": 0, "peacockNum": 0, "hedgeNum": 0, "doxasticNum": 0, "epistemicRate": 0.0, "investRate": 0.0, "conditionRate": 0.0, "weaselRate": 0.0, "peacockRate": 0.0, "hedgeRate": 0.0, "doxasticRate": 0.0, "loveNum": 0, "anxietyNum": 0, "sorrowNum": 0, "joyNum": 0, "disgustNum": 0, "fearNum": 0, "surpriseNum": 0, "angerNum": 0, "loveRate": 0.0, "anxietyRate": 0.0, "sorrowRate": 0.0, "joyRate": 0.0, "disgustRate": 0.0, "fearRate": 0.0, "surpriseRate": 0.0, "angerRate": 0.0, "slangBeGeneralNum": 0, "slangBeCigaretteNum": 0, "slangBeHumanNum": 0, "slangBeVehicleNum": 0, "slangBeDrugNum": 0, "slangBvNum": 0, "slangBeGeneralRate": 0.0, "slangBeCigaretteRate": 0.0, "slangBeHumanRate": 0.0, "slangBeVehicleRate": 0.0, "slangBeDrugRate": 0.0, "slangBvRate": 0.0, "speechactNum": 0, "quoteNum": 1, "dashNum": 0, "publicNum": 0, "privateNum": 0, "suasiveNum": 0, "discMarkerNum": 0, "smileyNum": 0, "dateNum": 0, "hesitationNum": 0, "restartNum": 0, "repeatNum": 0, "conjBeforeDiscNum": 0, "conjAfterDiscNum": 0, "wordBeforeHesitationNum": 0, "wordAfterHesitationNum": 0, "otherCollocationNum": 0, "speechactRate": 0.0, "quoteRate": 0.0013054830287206266, "dashRate": 0.0, "publicRate": 0.0, "privateRate": 0.0, "suasiveRate": 0.0, "discMarkerRate": 0.0, "smileyRate": 0.0, "dateRate": 0.0, "hesitationRate": 0.0, "restartRate": 0.0, "repeatRate": 0.0, "conjBeforeDiscRate": 0.0, "conjAfterDiscRate": 0.0, "wordBeforeHesitationRate": 0.0, "wordAfterHesitationRate": 0.0, "otherCollocationRate": 0.0, "easyWordNum": 687, "hardWordNum": 79, "easyWordRate": 0.8968668407310705, "hardWordRate": 0.1031331592689295, "fleschReadingEaseScore": 50.36767532940678, "gunningFogIndex": 7.166834659056409, "fleschKincaidGradeLevel": 10.659530633311071, "colemanLiauIndex": 14.288043080939943, "smogIndex": 10.87236733813107, "automatedReadabilityIndex": 11.537329224603802, "linsearWriteIndex": 0.387455218896108, "author": "", "locationNameNum": 0, "locationNameRate": 0.0, "personNameNum": 0, "personNameRate": 0.0, "organizationNameNum": 0, "organizationNameRate": 0.0, "misspelledNum": 0, "misspelledRate": 0.0, "missingAccentNum": 0, "missingAccentRate": 0.0, "foreignAccentNum": 0, "foreignAccentRate": 0.0, "wordConcatNum": 0, "wordConcatRate": 0.0, "jLyMistakeNum": 0, "jLyMistakeRate": 0.0, "clauseWordNum": 108, "freqSuffixNum": 0, "privateVNum": 0, "partsNum": 288, "publicVNum": 0}