{"tokenNum": 814, "sentenceNum": 49, "lemmaNum": 303, "lemmaRate": 0.37223587223587223, "sentenceLength": 16.612244897959183, "allUpperNum": 0, "firstUpperNum": 51, "allUpperRate": 0.0, "firstUpperRate": 0.06265356265356266, "declarSentNum": 41, "imperSentNum": 2, "questionNum": 6, "declarSentRate": 0.8367346938775511, "imperSentRate": 0.04081632653061224, "questionRate": 0.12244897959183673, "accent": true, "saturation": 2.3858267716535435, "paragraphNum": 8, "nounNum": 127, "verbNum": 118, "adjNum": 60, "infNum": 19, "partPastNum": 0, "partPresNum": 2, "partFutNum": 0, "transNum": 1, "xNum": 8, "advNum": 98, "properNounNum": 2, "numNum": 1, "conjNum": 71, "punctNum": 138, "pronNum": 71, "relPronNum": 15, "demPronNum": 50, "adposNum": 5, "multiplePunctNum": 0, "phraseNum": 0, "nounRate": 0.15601965601965603, "verbRate": 0.14496314496314497, "adjRate": 0.07371007371007371, "infRate": 0.02334152334152334, "partPastRate": 0.0, "partPresRate": 0.002457002457002457, "partFutRate": 0.0, "transRate": 0.0012285012285012285, "xRate": 0.009828009828009828, "advRate": 0.12039312039312039, "properNounRate": 0.002457002457002457, "numRate": 0.0012285012285012285, "conjRate": 0.08722358722358722, "punctRate": 0.16953316953316952, "pronRate": 0.08722358722358722, "relPronRate": 0.018427518427518427, "demPronRate": 0.06142506142506143, "adposRate": 0.006142506142506142, "multiplePunctRate": 0.0, "partsDensityRate": 3.173228346456693, "contentfulness": 8.224489795918368, "phraseRate": 0.0, "pastTenseNum": 12, "presentTenseNum": 87, "condNum": 3, "impNum": 13, "freqNum": 0, "causNum": 0, "modalNum": 3, "sg1VerbNum": 118, "sg2VerbNum": 118, "sg3VerbNum": 118, "pl1VerbNum": 118, "pl2VerbNum": 118, "pl3VerbNum": 118, "superlatNum": 0, "comparatNum": 2, "specDerivSuffixNum": 0, "pluralNounNum": 32, "pastTenseRate": 0.1016949152542373, "presentTenseRate": 0.7372881355932204, "condRate": 0.025423728813559324, "impRate": 0.11016949152542373, "freqRate": 0.0, "causRate": 0.0, "modalRate": 0.025423728813559324, "sg1VerbRate": 1.0, "sg2VerbRate": 1.0, "sg3VerbRate": 1.0, "pl1VerbRate": 1.0, "pl2VerbRate": 1.0, "pl3VerbRate": 1.0, "superlatRate": 0.0, "comparatRate": 0.03333333333333333, "specDerivSuffixRate": 0.0, "pluralNounRate": 0.25196850393700787, "subjNum": 65, "objNum": 44, "attNum": 39, "subordNum": 44, "adverbNum": 110, "coordNum": 39, "clauseNum": 127, "simpleNum": 7, "complexNum": 42, "complexity1Num": 19, "complexity2Num": 12, "complexity3Num": 9, "compoundNum": 0, "subjRate": 0.07985257985257985, "objRate": 0.05405405405405406, "attRate": 0.04791154791154791, "subordRate": 0.05405405405405406, "adverbRate": 0.13513513513513514, "coordRate": 0.04791154791154791, "partsRate": 2.338582677165354, "clauseRate": 2.5918367346938775, "simpleRate": 0.14285714285714285, "complexRate": 0.8571428571428571, "complexity1Rate": 0.3877551020408163, "complexity2Rate": 0.24489795918367346, "complexity3Rate": 0.1836734693877551, "complexClauseRate": 2.857142857142857, "sentencesPerParagraph": 6.125, "wordsLengthRate": 5.322485207100592, "compoundRate": 0.0, "positiveNum": 0, "negativeNum": 0, "precoPositiveNum": 0, "precoNegativeNum": 0, "negemoNum": 0, "negationNum": 26, "functionNum": 411, "contentNum": 403, "vulgarNum": 0, "racistNum": 0, "specStyleNum": 0, "addressingNum": 0, "closingNum": 0, "postscriptNum": 0, "brutalNum": 0, "positiveRate": 0.0, "negativeRate": 0.0, "precoPositiveRate": 0.0, "precoNegativeRate": 0.0, "negemoRate": 0.0, "negationRate": 0.03194103194103194, "functionRate": 0.504914004914005, "contentRate": 0.4950859950859951, "vulgarRate": 0.0, "racistRate": 0.0, "specStyleRate": 0.0, "addressingRate": 0.0, "closingRate": 0.0, "postscriptRate": 0.0, "brutalRate": 0.0, "epistemicNum": 0, "investNum": 0, "conditionNum": 0, "weaselNum": 0, "peacockNum": 0, "hedgeNum": 0, "doxasticNum": 0, "epistemicRate": 0.0, "investRate": 0.0, "conditionRate": 0.0, "weaselRate": 0.0, "peacockRate": 0.0, "hedgeRate": 0.0, "doxasticRate": 0.0, "loveNum": 0, "anxietyNum": 0, "sorrowNum": 0, "joyNum": 0, "disgustNum": 0, "fearNum": 0, "surpriseNum": 0, "angerNum": 0, "loveRate": 0.0, "anxietyRate": 0.0, "sorrowRate": 0.0, "joyRate": 0.0, "disgustRate": 0.0, "fearRate": 0.0, "surpriseRate": 0.0, "angerRate": 0.0, "slangBeGeneralNum": 0, "slangBeCigaretteNum": 0, "slangBeHumanNum": 0, "slangBeVehicleNum": 0, "slangBeDrugNum": 0, "slangBvNum": 0, "slangBeGeneralRate": 0.0, "slangBeCigaretteRate": 0.0, "slangBeHumanRate": 0.0, "slangBeVehicleRate": 0.0, "slangBeDrugRate": 0.0, "slangBvRate": 0.0, "speechactNum": 0, "quoteNum": 1, "dashNum": 0, "publicNum": 0, "privateNum": 0, "suasiveNum": 0, "discMarkerNum": 0, "smileyNum": 0, "dateNum": 0, "hesitationNum": 0, "restartNum": 1, "repeatNum": 0, "conjBeforeDiscNum": 0, "conjAfterDiscNum": 0, "wordBeforeHesitationNum": 0, "wordAfterHesitationNum": 0, "otherCollocationNum": 0, "speechactRate": 0.0, "quoteRate": 0.0012285012285012285, "dashRate": 0.0, "publicRate": 0.0, "privateRate": 0.0, "suasiveRate": 0.0, "discMarkerRate": 0.0, "smileyRate": 0.0, "dateRate": 0.0, "hesitationRate": 0.0, "restartRate": 0.0012285012285012285, "repeatRate": 0.0, "conjBeforeDiscRate": 0.0, "conjAfterDiscRate": 0.0, "wordBeforeHesitationRate": 0.0, "wordAfterHesitationRate": 0.0, "otherCollocationRate": 0.0, "easyWordNum": 774, "hardWordNum": 40, "easyWordRate": 0.9508599508599509, "hardWordRate": 0.04914004914004914, "fleschReadingEaseScore": 70.1408932958933, "gunningFogIndex": 6.664062578348292, "fleschKincaidGradeLevel": 7.603026124454697, "colemanLiauIndex": 11.110028255528256, "smogIndex": 8.290611406555254, "automatedReadabilityIndex": 8.395151933009075, "linsearWriteIndex": 0.11066539637968198, "author": "", "locationNameNum": 0, "locationNameRate": 0.0, "personNameNum": 0, "personNameRate": 0.0, "organizationNameNum": 0, "organizationNameRate": 0.0, "misspelledNum": 3, "misspelledRate": 0.0036855036855036856, "missingAccentNum": 1, "missingAccentRate": 0.0012285012285012285, "foreignAccentNum": 0, "foreignAccentRate": 0.0, "wordConcatNum": 0, "wordConcatRate": 0.0, "jLyMistakeNum": 0, "jLyMistakeRate": 0.0, "clauseWordNum": 127, "freqSuffixNum": 0, "privateVNum": 0, "partsNum": 297, "publicVNum": 0}