{"tokenNum": 704, "sentenceNum": 39, "lemmaNum": 260, "lemmaRate": 0.3693181818181818, "sentenceLength": 18.05128205128205, "allUpperNum": 0, "firstUpperNum": 41, "allUpperRate": 0.0, "firstUpperRate": 0.05823863636363636, "declarSentNum": 36, "imperSentNum": 0, "questionNum": 3, "declarSentRate": 0.9230769230769231, "imperSentRate": 0.0, "questionRate": 0.07692307692307693, "accent": true, "saturation": 2.3423423423423424, "paragraphNum": 8, "nounNum": 102, "verbNum": 100, "adjNum": 77, "infNum": 10, "partPastNum": 0, "partPresNum": 6, "partFutNum": 0, "transNum": 2, "xNum": 9, "advNum": 78, "properNounNum": 2, "numNum": 1, "conjNum": 63, "punctNum": 121, "pronNum": 62, "relPronNum": 17, "demPronNum": 37, "adposNum": 2, "multiplePunctNum": 0, "phraseNum": 0, "nounRate": 0.14488636363636365, "verbRate": 0.14204545454545456, "adjRate": 0.109375, "infRate": 0.014204545454545454, "partPastRate": 0.0, "partPresRate": 0.008522727272727272, "partFutRate": 0.0, "transRate": 0.002840909090909091, "xRate": 0.01278409090909091, "advRate": 0.11079545454545454, "properNounRate": 0.002840909090909091, "numRate": 0.0014204545454545455, "conjRate": 0.08948863636363637, "punctRate": 0.171875, "pronRate": 0.08806818181818182, "relPronRate": 0.024147727272727272, "demPronRate": 0.052556818181818184, "adposRate": 0.002840909090909091, "multiplePunctRate": 0.0, "partsDensityRate": 3.2162162162162162, "contentfulness": 9.153846153846153, "phraseRate": 0.0, "pastTenseNum": 12, "presentTenseNum": 79, "condNum": 3, "impNum": 9, "freqNum": 0, "causNum": 0, "modalNum": 9, "sg1VerbNum": 100, "sg2VerbNum": 100, "sg3VerbNum": 100, "pl1VerbNum": 100, "pl2VerbNum": 100, "pl3VerbNum": 100, "superlatNum": 1, "comparatNum": 2, "specDerivSuffixNum": 0, "pluralNounNum": 24, "pastTenseRate": 0.12, "presentTenseRate": 0.79, "condRate": 0.03, "impRate": 0.09, "freqRate": 0.0, "causRate": 0.0, "modalRate": 0.09, "sg1VerbRate": 1.0, "sg2VerbRate": 1.0, "sg3VerbRate": 1.0, "pl1VerbRate": 1.0, "pl2VerbRate": 1.0, "pl3VerbRate": 1.0, "superlatRate": 0.012987012987012988, "comparatRate": 0.025974025974025976, "specDerivSuffixRate": 0.0, "pluralNounRate": 0.23529411764705882, "subjNum": 62, "objNum": 27, "attNum": 45, "subordNum": 45, "adverbNum": 95, "coordNum": 29, "clauseNum": 111, "simpleNum": 3, "complexNum": 36, "complexity1Num": 17, "complexity2Num": 10, "complexity3Num": 3, "compoundNum": 0, "subjRate": 0.08806818181818182, "objRate": 0.03835227272727273, "attRate": 0.06392045454545454, "subordRate": 0.06392045454545454, "adverbRate": 0.13494318181818182, "coordRate": 0.041193181818181816, "partsRate": 2.324324324324324, "clauseRate": 2.8461538461538463, "simpleRate": 0.07692307692307693, "complexRate": 0.9230769230769231, "complexity1Rate": 0.4358974358974359, "complexity2Rate": 0.2564102564102564, "complexity3Rate": 0.07692307692307693, "complexClauseRate": 3.0, "sentencesPerParagraph": 4.875, "wordsLengthRate": 5.389365351629502, "compoundRate": 0.0, "positiveNum": 0, "negativeNum": 0, "precoPositiveNum": 0, "precoNegativeNum": 0, "negemoNum": 0, "negationNum": 15, "functionNum": 347, "contentNum": 357, "vulgarNum": 0, "racistNum": 0, "specStyleNum": 0, "addressingNum": 0, "closingNum": 0, "postscriptNum": 0, "brutalNum": 0, "positiveRate": 0.0, "negativeRate": 0.0, "precoPositiveRate": 0.0, "precoNegativeRate": 0.0, "negemoRate": 0.0, "negationRate": 0.02130681818181818, "functionRate": 0.4928977272727273, "contentRate": 0.5071022727272727, "vulgarRate": 0.0, "racistRate": 0.0, "specStyleRate": 0.0, "addressingRate": 0.0, "closingRate": 0.0, "postscriptRate": 0.0, "brutalRate": 0.0, "epistemicNum": 0, "investNum": 0, "conditionNum": 0, "weaselNum": 0, "peacockNum": 0, "hedgeNum": 0, "doxasticNum": 0, "epistemicRate": 0.0, "investRate": 0.0, "conditionRate": 0.0, "weaselRate": 0.0, "peacockRate": 0.0, "hedgeRate": 0.0, "doxasticRate": 0.0, "loveNum": 0, "anxietyNum": 0, "sorrowNum": 0, "joyNum": 0, "disgustNum": 0, "fearNum": 0, "surpriseNum": 0, "angerNum": 0, "loveRate": 0.0, "anxietyRate": 0.0, "sorrowRate": 0.0, "joyRate": 0.0, "disgustRate": 0.0, "fearRate": 0.0, "surpriseRate": 0.0, "angerRate": 0.0, "slangBeGeneralNum": 0, "slangBeCigaretteNum": 0, "slangBeHumanNum": 0, "slangBeVehicleNum": 0, "slangBeDrugNum": 0, "slangBvNum": 0, "slangBeGeneralRate": 0.0, "slangBeCigaretteRate": 0.0, "slangBeHumanRate": 0.0, "slangBeVehicleRate": 0.0, "slangBeDrugRate": 0.0, "slangBvRate": 0.0, "speechactNum": 0, "quoteNum": 2, "dashNum": 0, "publicNum": 0, "privateNum": 0, "suasiveNum": 0, "discMarkerNum": 0, "smileyNum": 0, "dateNum": 0, "hesitationNum": 0, "restartNum": 0, "repeatNum": 0, "conjBeforeDiscNum": 0, "conjAfterDiscNum": 0, "wordBeforeHesitationNum": 0, "wordAfterHesitationNum": 0, "otherCollocationNum": 0, "speechactRate": 0.0, "quoteRate": 0.002840909090909091, "dashRate": 0.0, "publicRate": 0.0, "privateRate": 0.0, "suasiveRate": 0.0, "discMarkerRate": 0.0, "smileyRate": 0.0, "dateRate": 0.0, "hesitationRate": 0.0, "restartRate": 0.0, "repeatRate": 0.0, "conjBeforeDiscRate": 0.0, "conjAfterDiscRate": 0.0, "wordBeforeHesitationRate": 0.0, "wordAfterHesitationRate": 0.0, "otherCollocationRate": 0.0, "easyWordNum": 655, "hardWordNum": 49, "easyWordRate": 0.9303977272727273, "hardWordRate": 0.06960227272727272, "fleschReadingEaseScore": 60.41124417249418, "gunningFogIndex": 7.24835372960373, "fleschKincaidGradeLevel": 9.317613636363635, "colemanLiauIndex": 11.357419034090903, "smogIndex": 9.53250059896062, "automatedReadabilityIndex": 9.312487616550115, "linsearWriteIndex": 0.44412878787878807, "author": "", "locationNameNum": 0, "locationNameRate": 0.0, "personNameNum": 2, "personNameRate": 0.002840909090909091, "organizationNameNum": 0, "organizationNameRate": 0.0, "misspelledNum": 5, "misspelledRate": 0.007102272727272727, "missingAccentNum": 0, "missingAccentRate": 0.0, "foreignAccentNum": 0, "foreignAccentRate": 0.0, "wordConcatNum": 0, "wordConcatRate": 0.0, "jLyMistakeNum": 0, "jLyMistakeRate": 0.0, "clauseWordNum": 111, "freqSuffixNum": 0, "privateVNum": 0, "partsNum": 258, "publicVNum": 0}