{"tokenNum": 825, "sentenceNum": 40, "lemmaNum": 297, "lemmaRate": 0.36, "sentenceLength": 20.625, "allUpperNum": 4, "firstUpperNum": 44, "allUpperRate": 0.0048484848484848485, "firstUpperRate": 0.05333333333333334, "declarSentNum": 39, "imperSentNum": 0, "questionNum": 1, "declarSentRate": 0.975, "imperSentRate": 0.0, "questionRate": 0.025, "accent": true, "saturation": 2.2846153846153845, "paragraphNum": 11, "nounNum": 145, "verbNum": 107, "adjNum": 65, "infNum": 10, "partPastNum": 0, "partPresNum": 5, "partFutNum": 0, "transNum": 1, "xNum": 11, "advNum": 87, "properNounNum": 8, "numNum": 1, "conjNum": 95, "punctNum": 144, "pronNum": 67, "relPronNum": 13, "demPronNum": 41, "adposNum": 11, "multiplePunctNum": 0, "phraseNum": 0, "nounRate": 0.17575757575757575, "verbRate": 0.1296969696969697, "adjRate": 0.07878787878787878, "infRate": 0.012121212121212121, "partPastRate": 0.0, "partPresRate": 0.006060606060606061, "partFutRate": 0.0, "transRate": 0.0012121212121212121, "xRate": 0.013333333333333334, "advRate": 0.10545454545454545, "properNounRate": 0.009696969696969697, "numRate": 0.0012121212121212121, "conjRate": 0.11515151515151516, "punctRate": 0.17454545454545456, "pronRate": 0.08121212121212121, "relPronRate": 0.01575757575757576, "demPronRate": 0.0496969696969697, "adposRate": 0.013333333333333334, "multiplePunctRate": 0.0, "partsDensityRate": 3.1076923076923078, "contentfulness": 10.1, "phraseRate": 0.0, "pastTenseNum": 5, "presentTenseNum": 92, "condNum": 5, "impNum": 12, "freqNum": 0, "causNum": 0, "modalNum": 6, "sg1VerbNum": 107, "sg2VerbNum": 107, "sg3VerbNum": 107, "pl1VerbNum": 107, "pl2VerbNum": 107, "pl3VerbNum": 107, "superlatNum": 2, "comparatNum": 5, "specDerivSuffixNum": 0, "pluralNounNum": 26, "pastTenseRate": 0.04672897196261682, "presentTenseRate": 0.8598130841121495, "condRate": 0.04672897196261682, "impRate": 0.11214953271028037, "freqRate": 0.0, "causRate": 0.0, "modalRate": 0.056074766355140186, "sg1VerbRate": 1.0, "sg2VerbRate": 1.0, "sg3VerbRate": 1.0, "pl1VerbRate": 1.0, "pl2VerbRate": 1.0, "pl3VerbRate": 1.0, "superlatRate": 0.03076923076923077, "comparatRate": 0.07692307692307693, "specDerivSuffixRate": 0.0, "pluralNounRate": 0.1793103448275862, "subjNum": 66, "objNum": 31, "attNum": 29, "subordNum": 61, "adverbNum": 112, "coordNum": 48, "clauseNum": 130, "simpleNum": 2, "complexNum": 38, "complexity1Num": 8, "complexity2Num": 15, "complexity3Num": 11, "compoundNum": 0, "subjRate": 0.08, "objRate": 0.037575757575757575, "attRate": 0.03515151515151515, "subordRate": 0.07393939393939394, "adverbRate": 0.13575757575757577, "coordRate": 0.05818181818181818, "partsRate": 2.2, "clauseRate": 3.25, "simpleRate": 0.05, "complexRate": 0.95, "complexity1Rate": 0.2, "complexity2Rate": 0.375, "complexity3Rate": 0.275, "complexClauseRate": 3.3684210526315788, "sentencesPerParagraph": 3.6363636363636362, "wordsLengthRate": 5.568281938325991, "compoundRate": 0.0, "positiveNum": 0, "negativeNum": 0, "precoPositiveNum": 0, "precoNegativeNum": 0, "negemoNum": 0, "negationNum": 20, "functionNum": 421, "contentNum": 404, "vulgarNum": 0, "racistNum": 0, "specStyleNum": 0, "addressingNum": 0, "closingNum": 0, "postscriptNum": 0, "brutalNum": 0, "positiveRate": 0.0, "negativeRate": 0.0, "precoPositiveRate": 0.0, "precoNegativeRate": 0.0, "negemoRate": 0.0, "negationRate": 0.024242424242424242, "functionRate": 0.5103030303030303, "contentRate": 0.4896969696969697, "vulgarRate": 0.0, "racistRate": 0.0, "specStyleRate": 0.0, "addressingRate": 0.0, "closingRate": 0.0, "postscriptRate": 0.0, "brutalRate": 0.0, "epistemicNum": 0, "investNum": 0, "conditionNum": 0, "weaselNum": 0, "peacockNum": 0, "hedgeNum": 0, "doxasticNum": 0, "epistemicRate": 0.0, "investRate": 0.0, "conditionRate": 0.0, "weaselRate": 0.0, "peacockRate": 0.0, "hedgeRate": 0.0, "doxasticRate": 0.0, "loveNum": 0, "anxietyNum": 0, "sorrowNum": 0, "joyNum": 0, "disgustNum": 0, "fearNum": 0, "surpriseNum": 0, "angerNum": 0, "loveRate": 0.0, "anxietyRate": 0.0, "sorrowRate": 0.0, "joyRate": 0.0, "disgustRate": 0.0, "fearRate": 0.0, "surpriseRate": 0.0, "angerRate": 0.0, "slangBeGeneralNum": 0, "slangBeCigaretteNum": 0, "slangBeHumanNum": 0, "slangBeVehicleNum": 0, "slangBeDrugNum": 0, "slangBvNum": 0, "slangBeGeneralRate": 0.0, "slangBeCigaretteRate": 0.0, "slangBeHumanRate": 0.0, "slangBeVehicleRate": 0.0, "slangBeDrugRate": 0.0, "slangBvRate": 0.0, "speechactNum": 0, "quoteNum": 3, "dashNum": 0, "publicNum": 0, "privateNum": 0, "suasiveNum": 0, "discMarkerNum": 0, "smileyNum": 0, "dateNum": 0, "hesitationNum": 0, "restartNum": 0, "repeatNum": 0, "conjBeforeDiscNum": 0, "conjAfterDiscNum": 0, "wordBeforeHesitationNum": 0, "wordAfterHesitationNum": 0, "otherCollocationNum": 0, "speechactRate": 0.0, "quoteRate": 0.0036363636363636364, "dashRate": 0.0, "publicRate": 0.0, "privateRate": 0.0, "suasiveRate": 0.0, "discMarkerRate": 0.0, "smileyRate": 0.0, "dateRate": 0.0, "hesitationRate": 0.0, "restartRate": 0.0, "repeatRate": 0.0, "conjBeforeDiscRate": 0.0, "conjAfterDiscRate": 0.0, "wordBeforeHesitationRate": 0.0, "wordAfterHesitationRate": 0.0, "otherCollocationRate": 0.0, "easyWordNum": 758, "hardWordNum": 67, "easyWordRate": 0.9187878787878788, "hardWordRate": 0.08121212121212121, "fleschReadingEaseScore": 58.539170454545484, "gunningFogIndex": 8.282484848484849, "fleschKincaidGradeLevel": 10.218113636363636, "colemanLiauIndex": 12.143442424242423, "smogIndex": 10.522638547272205, "automatedReadabilityIndex": 11.227881818181821, "linsearWriteIndex": 0.4363636363636363, "author": "", "locationNameNum": 0, "locationNameRate": 0.0, "personNameNum": 0, "personNameRate": 0.0, "organizationNameNum": 0, "organizationNameRate": 0.0, "misspelledNum": 3, "misspelledRate": 0.0036363636363636364, "missingAccentNum": 0, "missingAccentRate": 0.0, "foreignAccentNum": 0, "foreignAccentRate": 0.0, "wordConcatNum": 3, "wordConcatRate": 0.0036363636363636364, "jLyMistakeNum": 0, "jLyMistakeRate": 0.0, "clauseWordNum": 130, "freqSuffixNum": 0, "privateVNum": 0, "partsNum": 286, "publicVNum": 0}