{"tokenNum": 797, "sentenceNum": 36, "lemmaNum": 173, "lemmaRate": 0.21706398996235884, "sentenceLength": 22.13888888888889, "allUpperNum": 0, "firstUpperNum": 36, "allUpperRate": 0.0, "firstUpperRate": 0.0451693851944793, "declarSentNum": 32, "imperSentNum": 0, "questionNum": 4, "declarSentRate": 0.8888888888888888, "imperSentRate": 0.0, "questionRate": 0.1111111111111111, "accent": true, "saturation": 1.5175438596491229, "paragraphNum": 9, "nounNum": 100, "verbNum": 118, "adjNum": 74, "infNum": 16, "partPastNum": 0, "partPresNum": 6, "partFutNum": 0, "transNum": 4, "xNum": 9, "advNum": 128, "properNounNum": 0, "numNum": 0, "conjNum": 76, "punctNum": 130, "pronNum": 84, "relPronNum": 20, "demPronNum": 48, "adposNum": 2, "multiplePunctNum": 0, "phraseNum": 0, "nounRate": 0.12547051442910917, "verbRate": 0.1480552070263488, "adjRate": 0.09284818067754078, "infRate": 0.020075282308657464, "partPastRate": 0.0, "partPresRate": 0.0075282308657465494, "partFutRate": 0.0, "transRate": 0.005018820577164366, "xRate": 0.011292346298619825, "advRate": 0.1606022584692597, "properNounRate": 0.0, "numRate": 0.0, "conjRate": 0.09535759096612297, "punctRate": 0.16311166875784192, "pronRate": 0.1053952321204517, "relPronRate": 0.025094102885821833, "demPronRate": 0.060225846925972396, "adposRate": 0.002509410288582183, "multiplePunctRate": 0.0, "partsDensityRate": 3.6842105263157894, "contentfulness": 11.666666666666666, "phraseRate": 0.0, "pastTenseNum": 4, "presentTenseNum": 98, "condNum": 6, "impNum": 15, "freqNum": 0, "causNum": 0, "modalNum": 2, "sg1VerbNum": 118, "sg2VerbNum": 118, "sg3VerbNum": 118, "pl1VerbNum": 118, "pl2VerbNum": 118, "pl3VerbNum": 118, "superlatNum": 2, "comparatNum": 6, "specDerivSuffixNum": 0, "pluralNounNum": 28, "pastTenseRate": 0.03389830508474576, "presentTenseRate": 0.8305084745762712, "condRate": 0.05084745762711865, "impRate": 0.1271186440677966, "freqRate": 0.0, "causRate": 0.0, "modalRate": 0.01694915254237288, "sg1VerbRate": 1.0, "sg2VerbRate": 1.0, "sg3VerbRate": 1.0, "pl1VerbRate": 1.0, "pl2VerbRate": 1.0, "pl3VerbRate": 1.0, "superlatRate": 0.02702702702702703, "comparatRate": 0.08108108108108109, "specDerivSuffixRate": 0.0, "pluralNounRate": 0.28, "subjNum": 68, "objNum": 34, "attNum": 46, "subordNum": 53, "adverbNum": 147, "coordNum": 36, "clauseNum": 114, "simpleNum": 0, "complexNum": 36, "complexity1Num": 16, "complexity2Num": 8, "complexity3Num": 8, "compoundNum": 0, "subjRate": 0.08531994981179424, "objRate": 0.04265997490589712, "attRate": 0.05771643663739021, "subordRate": 0.06649937264742785, "adverbRate": 0.18444165621079048, "coordRate": 0.0451693851944793, "partsRate": 2.9035087719298245, "clauseRate": 3.1666666666666665, "simpleRate": 0.0, "complexRate": 1.0, "complexity1Rate": 0.4444444444444444, "complexity2Rate": 0.2222222222222222, "complexity3Rate": 0.2222222222222222, "complexClauseRate": 3.1666666666666665, "sentencesPerParagraph": 4.0, "wordsLengthRate": 5.328335832083958, "compoundRate": 0.0, "positiveNum": 0, "negativeNum": 0, "precoPositiveNum": 0, "precoNegativeNum": 0, "negemoNum": 0, "negationNum": 30, "functionNum": 377, "contentNum": 420, "vulgarNum": 0, "racistNum": 0, "specStyleNum": 0, "addressingNum": 0, "closingNum": 0, "postscriptNum": 0, "brutalNum": 0, "positiveRate": 0.0, "negativeRate": 0.0, "precoPositiveRate": 0.0, "precoNegativeRate": 0.0, "negemoRate": 0.0, "negationRate": 0.037641154328732745, "functionRate": 0.4730238393977415, "contentRate": 0.5269761606022585, "vulgarRate": 0.0, "racistRate": 0.0, "specStyleRate": 0.0, "addressingRate": 0.0, "closingRate": 0.0, "postscriptRate": 0.0, "brutalRate": 0.0, "epistemicNum": 0, "investNum": 0, "conditionNum": 0, "weaselNum": 0, "peacockNum": 0, "hedgeNum": 0, "doxasticNum": 0, "epistemicRate": 0.0, "investRate": 0.0, "conditionRate": 0.0, "weaselRate": 0.0, "peacockRate": 0.0, "hedgeRate": 0.0, "doxasticRate": 0.0, "loveNum": 0, "anxietyNum": 0, "sorrowNum": 0, "joyNum": 0, "disgustNum": 0, "fearNum": 0, "surpriseNum": 0, "angerNum": 0, "loveRate": 0.0, "anxietyRate": 0.0, "sorrowRate": 0.0, "joyRate": 0.0, "disgustRate": 0.0, "fearRate": 0.0, "surpriseRate": 0.0, "angerRate": 0.0, "slangBeGeneralNum": 0, "slangBeCigaretteNum": 0, "slangBeHumanNum": 0, "slangBeVehicleNum": 0, "slangBeDrugNum": 0, "slangBvNum": 0, "slangBeGeneralRate": 0.0, "slangBeCigaretteRate": 0.0, "slangBeHumanRate": 0.0, "slangBeVehicleRate": 0.0, "slangBeDrugRate": 0.0, "slangBvRate": 0.0, "speechactNum": 0, "quoteNum": 0, "dashNum": 0, "publicNum": 0, "privateNum": 0, "suasiveNum": 0, "discMarkerNum": 0, "smileyNum": 0, "dateNum": 0, "hesitationNum": 0, "restartNum": 0, "repeatNum": 2, "conjBeforeDiscNum": 0, "conjAfterDiscNum": 0, "wordBeforeHesitationNum": 0, "wordAfterHesitationNum": 0, "otherCollocationNum": 0, "speechactRate": 0.0, "quoteRate": 0.0, "dashRate": 0.0, "publicRate": 0.0, "privateRate": 0.0, "suasiveRate": 0.0, "discMarkerRate": 0.0, "smileyRate": 0.0, "dateRate": 0.0, "hesitationRate": 0.0, "restartRate": 0.0, "repeatRate": 0.002509410288582183, "conjBeforeDiscRate": 0.0, "conjAfterDiscRate": 0.0, "wordBeforeHesitationRate": 0.0, "wordAfterHesitationRate": 0.0, "otherCollocationRate": 0.0, "easyWordNum": 757, "hardWordNum": 40, "easyWordRate": 0.9498117942283564, "hardWordRate": 0.050188205771643665, "fleschReadingEaseScore": 64.41672539383801, "gunningFogIndex": 8.875630837864213, "fleschKincaidGradeLevel": 9.774405060644082, "colemanLiauIndex": 11.292386449184441, "smogIndex": 9.150863307647796, "automatedReadabilityIndex": 11.30426251219852, "linsearWriteIndex": 0.5126167572842606, "author": "", "locationNameNum": 0, "locationNameRate": 0.0, "personNameNum": 0, "personNameRate": 0.0, "organizationNameNum": 0, "organizationNameRate": 0.0, "misspelledNum": 0, "misspelledRate": 0.0, "missingAccentNum": 0, "missingAccentRate": 0.0, "foreignAccentNum": 0, "foreignAccentRate": 0.0, "wordConcatNum": 0, "wordConcatRate": 0.0, "jLyMistakeNum": 0, "jLyMistakeRate": 0.0, "clauseWordNum": 114, "freqSuffixNum": 0, "privateVNum": 0, "partsNum": 331, "publicVNum": 0}