{"tokenNum": 314, "sentenceNum": 23, "lemmaNum": 145, "lemmaRate": 0.46178343949044587, "sentenceLength": 13.652173913043478, "allUpperNum": 0, "firstUpperNum": 37, "allUpperRate": 0.0, "firstUpperRate": 0.1178343949044586, "declarSentNum": 20, "imperSentNum": 3, "questionNum": 0, "declarSentRate": 0.8695652173913043, "imperSentRate": 0.13043478260869565, "questionRate": 0.0, "accent": true, "saturation": 3.4523809523809526, "paragraphNum": 0, "nounNum": 78, "verbNum": 40, "adjNum": 19, "infNum": 8, "partPastNum": 0, "partPresNum": 2, "partFutNum": 0, "transNum": 0, "xNum": 9, "advNum": 21, "properNounNum": 14, "numNum": 0, "conjNum": 29, "punctNum": 54, "pronNum": 20, "relPronNum": 2, "demPronNum": 9, "adposNum": 4, "multiplePunctNum": 0, "phraseNum": 0, "nounRate": 0.2484076433121019, "verbRate": 0.12738853503184713, "adjRate": 0.06050955414012739, "infRate": 0.025477707006369428, "partPastRate": 0.0, "partPresRate": 0.006369426751592357, "partFutRate": 0.0, "transRate": 0.0, "xRate": 0.028662420382165606, "advRate": 0.06687898089171974, "properNounRate": 0.044585987261146494, "numRate": 0.0, "conjRate": 0.09235668789808917, "punctRate": 0.17197452229299362, "pronRate": 0.06369426751592357, "relPronRate": 0.006369426751592357, "demPronRate": 0.028662420382165606, "adposRate": 0.012738853503184714, "multiplePunctRate": 0.0, "partsDensityRate": 3.761904761904762, "contentfulness": 6.869565217391305, "phraseRate": 0.0, "pastTenseNum": 5, "presentTenseNum": 28, "condNum": 0, "impNum": 2, "freqNum": 0, "causNum": 0, "modalNum": 1, "sg1VerbNum": 19, "sg2VerbNum": 4, "sg3VerbNum": 19, "pl1VerbNum": 6, "pl2VerbNum": 0, "pl3VerbNum": 10, "superlatNum": 1, "comparatNum": 1, "specDerivSuffixNum": 0, "pluralNounNum": 21, "pastTenseRate": 0.125, "presentTenseRate": 0.7, "condRate": 0.0, "impRate": 0.05, "freqRate": 0.0, "causRate": 0.0, "modalRate": 0.025, "sg1VerbRate": 0.475, "sg2VerbRate": 0.1, "sg3VerbRate": 0.475, "pl1VerbRate": 0.15, "pl2VerbRate": 0.0, "pl3VerbRate": 0.25, "superlatRate": 0.05263157894736842, "comparatRate": 0.05263157894736842, "specDerivSuffixRate": 0.0, "pluralNounRate": 0.2692307692307692, "subjNum": 31, "objNum": 11, "attNum": 14, "subordNum": 14, "adverbNum": 23, "coordNum": 15, "clauseNum": 42, "simpleNum": 10, "complexNum": 13, "complexity1Num": 9, "complexity2Num": 2, "complexity3Num": 2, "compoundNum": 0, "subjRate": 0.09872611464968153, "objRate": 0.03503184713375796, "attRate": 0.044585987261146494, "subordRate": 0.044585987261146494, "adverbRate": 0.0732484076433121, "coordRate": 0.04777070063694268, "partsRate": 2.238095238095238, "clauseRate": 1.826086956521739, "simpleRate": 0.43478260869565216, "complexRate": 0.5652173913043478, "complexity1Rate": 0.391304347826087, "complexity2Rate": 0.08695652173913043, "complexity3Rate": 0.08695652173913043, "complexClauseRate": 2.4615384615384617, "sentencesPerParagraph": 0.0, "wordsLengthRate": 5.457692307692308, "compoundRate": 0.0, "positiveNum": 0, "negativeNum": 0, "precoPositiveNum": 0, "precoNegativeNum": 0, "negemoNum": 0, "negationNum": 0, "functionNum": 156, "contentNum": 158, "vulgarNum": 0, "racistNum": 0, "specStyleNum": 0, "addressingNum": 0, "closingNum": 0, "postscriptNum": 0, "brutalNum": 0, "positiveRate": 0.0, "negativeRate": 0.0, "precoPositiveRate": 0.0, "precoNegativeRate": 0.0, "negemoRate": 0.0, "negationRate": 0.0, "functionRate": 0.4968152866242038, "contentRate": 0.5031847133757962, "vulgarRate": 0.0, "racistRate": 0.0, "specStyleRate": 0.0, "addressingRate": 0.0, "closingRate": 0.0, "postscriptRate": 0.0, "brutalRate": 0.0, "epistemicNum": 0, "investNum": 0, "conditionNum": 0, "weaselNum": 0, "peacockNum": 0, "hedgeNum": 0, "doxasticNum": 0, "epistemicRate": 0.0, "investRate": 0.0, "conditionRate": 0.0, "weaselRate": 0.0, "peacockRate": 0.0, "hedgeRate": 0.0, "doxasticRate": 0.0, "loveNum": 0, "anxietyNum": 0, "sorrowNum": 0, "joyNum": 0, "disgustNum": 0, "fearNum": 0, "surpriseNum": 0, "angerNum": 0, "loveRate": 0.0, "anxietyRate": 0.0, "sorrowRate": 0.0, "joyRate": 0.0, "disgustRate": 0.0, "fearRate": 0.0, "surpriseRate": 0.0, "angerRate": 0.0, "slangBeGeneralNum": 0, "slangBeCigaretteNum": 0, "slangBeHumanNum": 0, "slangBeVehicleNum": 0, "slangBeDrugNum": 0, "slangBvNum": 0, "slangBeGeneralRate": 0.0, "slangBeCigaretteRate": 0.0, "slangBeHumanRate": 0.0, "slangBeVehicleRate": 0.0, "slangBeDrugRate": 0.0, "slangBvRate": 0.0, "speechactNum": 0, "quoteNum": 0, "dashNum": 0, "publicNum": 0, "privateNum": 0, "suasiveNum": 0, "discMarkerNum": 0, "smileyNum": 0, "dateNum": 0, "hesitationNum": 0, "restartNum": 0, "repeatNum": 0, "conjBeforeDiscNum": 0, "conjAfterDiscNum": 0, "wordBeforeHesitationNum": 0, "wordAfterHesitationNum": 0, "otherCollocationNum": 0, "speechactRate": 0.0, "quoteRate": 0.0, "dashRate": 0.0, "publicRate": 0.0, "privateRate": 0.0, "suasiveRate": 0.0, "discMarkerRate": 0.0, "smileyRate": 0.0, "dateRate": 0.0, "hesitationRate": 0.0, "restartRate": 0.0, "repeatRate": 0.0, "conjBeforeDiscRate": 0.0, "conjAfterDiscRate": 0.0, "wordBeforeHesitationRate": 0.0, "wordAfterHesitationRate": 0.0, "otherCollocationRate": 0.0, "easyWordNum": 296, "hardWordNum": 18, "easyWordRate": 0.9426751592356688, "hardWordRate": 0.05732484076433121, "fleschReadingEaseScore": 62.3060689559679, "gunningFogIndex": 5.483799501523124, "fleschKincaidGradeLevel": 7.960462475768487, "colemanLiauIndex": 11.661436305732483, "smogIndex": 7.554174236665414, "automatedReadabilityIndex": 7.3560869565217395, "linsearWriteIndex": 1.3608418720576019, "author": "", "locationNameNum": 0, "locationNameRate": 0.0, "personNameNum": 14, "personNameRate": 0.044585987261146494, "organizationNameNum": 0, "organizationNameRate": 0.0, "misspelledNum": 0, "misspelledRate": 0.0, "missingAccentNum": 0, "missingAccentRate": 0.0, "foreignAccentNum": 0, "foreignAccentRate": 0.0, "wordConcatNum": 0, "wordConcatRate": 0.0, "jLyMistakeNum": 0, "jLyMistakeRate": 0.0, "publicVNum": 0, "partsNum": 94, "clauseWordNum": 42, "privateVNum": 0, "freqSuffixNum": 0}