{"tokenNum": 209, "sentenceNum": 14, "lemmaNum": 100, "lemmaRate": 0.4784688995215311, "sentenceLength": 14.928571428571429, "allUpperNum": 0, "firstUpperNum": 14, "allUpperRate": 0.0, "firstUpperRate": 0.06698564593301436, "declarSentNum": 14, "imperSentNum": 0, "questionNum": 0, "declarSentRate": 1.0, "imperSentRate": 0.0, "questionRate": 0.0, "accent": true, "saturation": 3.225806451612903, "paragraphNum": 2, "nounNum": 52, "verbNum": 32, "adjNum": 12, "infNum": 2, "partPastNum": 1, "partPresNum": 2, "partFutNum": 0, "transNum": 0, "xNum": 2, "advNum": 11, "properNounNum": 0, "numNum": 0, "conjNum": 16, "punctNum": 31, "pronNum": 12, "relPronNum": 3, "demPronNum": 3, "adposNum": 0, "multiplePunctNum": 0, "phraseNum": 0, "nounRate": 0.24880382775119617, "verbRate": 0.15311004784688995, "adjRate": 0.05741626794258373, "infRate": 0.009569377990430622, "partPastRate": 0.004784688995215311, "partPresRate": 0.009569377990430622, "partFutRate": 0.0, "transRate": 0.0, "xRate": 0.009569377990430622, "advRate": 0.05263157894736842, "properNounRate": 0.0, "numRate": 0.0, "conjRate": 0.07655502392344497, "punctRate": 0.14832535885167464, "pronRate": 0.05741626794258373, "relPronRate": 0.014354066985645933, "demPronRate": 0.014354066985645933, "adposRate": 0.0, "multiplePunctRate": 0.0, "partsDensityRate": 3.4516129032258065, "contentfulness": 7.642857142857143, "phraseRate": 0.0, "pastTenseNum": 15, "presentTenseNum": 15, "condNum": 0, "impNum": 2, "freqNum": 0, "causNum": 0, "modalNum": 0, "sg1VerbNum": 0, "sg2VerbNum": 0, "sg3VerbNum": 40, "pl1VerbNum": 0, "pl2VerbNum": 0, "pl3VerbNum": 3, "superlatNum": 0, "comparatNum": 0, "specDerivSuffixNum": 0, "pluralNounNum": 7, "pastTenseRate": 0.46875, "presentTenseRate": 0.46875, "condRate": 0.0, "impRate": 0.0625, "freqRate": 0.0, "causRate": 0.0, "modalRate": 0.0, "sg1VerbRate": 0.0, "sg2VerbRate": 0.0, "sg3VerbRate": 1.25, "pl1VerbRate": 0.0, "pl2VerbRate": 0.0, "pl3VerbRate": 0.09375, "superlatRate": 0.0, "comparatRate": 0.0, "specDerivSuffixRate": 0.0, "pluralNounRate": 0.1346153846153846, "subjNum": 15, "objNum": 14, "attNum": 9, "subordNum": 7, "adverbNum": 11, "coordNum": 12, "clauseNum": 31, "simpleNum": 1, "complexNum": 13, "complexity1Num": 9, "complexity2Num": 4, "complexity3Num": 0, "compoundNum": 0, "subjRate": 0.07177033492822966, "objRate": 0.06698564593301436, "attRate": 0.0430622009569378, "subordRate": 0.03349282296650718, "adverbRate": 0.05263157894736842, "coordRate": 0.05741626794258373, "partsRate": 1.967741935483871, "clauseRate": 2.2142857142857144, "simpleRate": 0.07142857142857142, "complexRate": 0.9285714285714286, "complexity1Rate": 0.6428571428571429, "complexity2Rate": 0.2857142857142857, "complexity3Rate": 0.0, "complexClauseRate": 2.3076923076923075, "sentencesPerParagraph": 7.0, "wordsLengthRate": 5.241573033707865, "compoundRate": 0.0, "positiveNum": 0, "negativeNum": 0, "precoPositiveNum": 0, "precoNegativeNum": 0, "negemoNum": 0, "negationNum": 2, "functionNum": 102, "contentNum": 107, "vulgarNum": 0, "racistNum": 0, "specStyleNum": 0, "addressingNum": 0, "closingNum": 0, "postscriptNum": 0, "brutalNum": 0, "positiveRate": 0.0, "negativeRate": 0.0, "precoPositiveRate": 0.0, "precoNegativeRate": 0.0, "negemoRate": 0.0, "negationRate": 0.009569377990430622, "functionRate": 0.4880382775119617, "contentRate": 0.5119617224880383, "vulgarRate": 0.0, "racistRate": 0.0, "specStyleRate": 0.0, "addressingRate": 0.0, "closingRate": 0.0, "postscriptRate": 0.0, "brutalRate": 0.0, "epistemicNum": 0, "investNum": 0, "conditionNum": 0, "weaselNum": 0, "peacockNum": 0, "hedgeNum": 0, "doxasticNum": 0, "epistemicRate": 0.0, "investRate": 0.0, "conditionRate": 0.0, "weaselRate": 0.0, "peacockRate": 0.0, "hedgeRate": 0.0, "doxasticRate": 0.0, "loveNum": 0, "anxietyNum": 0, "sorrowNum": 0, "joyNum": 0, "disgustNum": 0, "fearNum": 0, "surpriseNum": 0, "angerNum": 0, "loveRate": 0.0, "anxietyRate": 0.0, "sorrowRate": 0.0, "joyRate": 0.0, "disgustRate": 0.0, "fearRate": 0.0, "surpriseRate": 0.0, "angerRate": 0.0, "slangBeGeneralNum": 0, "slangBeCigaretteNum": 0, "slangBeHumanNum": 0, "slangBeVehicleNum": 0, "slangBeDrugNum": 0, "slangBvNum": 0, "slangBeGeneralRate": 0.0, "slangBeCigaretteRate": 0.0, "slangBeHumanRate": 0.0, "slangBeVehicleRate": 0.0, "slangBeDrugRate": 0.0, "slangBvRate": 0.0, "speechactNum": 0, "quoteNum": 0, "dashNum": 0, "publicNum": 0, "privateNum": 0, "suasiveNum": 0, "discMarkerNum": 0, "smileyNum": 0, "dateNum": 0, "hesitationNum": 0, "restartNum": 0, "repeatNum": 0, "conjBeforeDiscNum": 0, "conjAfterDiscNum": 0, "wordBeforeHesitationNum": 0, "wordAfterHesitationNum": 0, "otherCollocationNum": 0, "speechactRate": 0.0, "quoteRate": 0.0, "dashRate": 0.0, "publicRate": 0.0, "privateRate": 0.0, "suasiveRate": 0.0, "discMarkerRate": 0.0, "smileyRate": 0.0, "dateRate": 0.0, "hesitationRate": 0.0, "restartRate": 0.0, "repeatRate": 0.0, "conjBeforeDiscRate": 0.0, "conjAfterDiscRate": 0.0, "wordBeforeHesitationRate": 0.0, "wordAfterHesitationRate": 0.0, "otherCollocationRate": 0.0, "easyWordNum": 195, "hardWordNum": 14, "easyWordRate": 0.9330143540669856, "hardWordRate": 0.06698564593301436, "fleschReadingEaseScore": 66.60403110047848, "gunningFogIndex": 5.998222829801778, "fleschKincaidGradeLevel": 7.678075871496926, "colemanLiauIndex": 11.141617224880381, "smogIndex": 7.03164865440522, "automatedReadabilityIndex": 7.578591934381411, "linsearWriteIndex": 3.0157211209842787, "author": "", "locationNameNum": 0, "locationNameRate": 0.0, "personNameNum": 0, "personNameRate": 0.0, "organizationNameNum": 0, "organizationNameRate": 0.0, "misspelledNum": 0, "misspelledRate": 0.0, "missingAccentNum": 0, "missingAccentRate": 0.0, "foreignAccentNum": 0, "foreignAccentRate": 0.0, "wordConcatNum": 0, "wordConcatRate": 0.0, "jLyMistakeNum": 0, "jLyMistakeRate": 0.0, "publicVNum": 0, "partsNum": 61, "clauseWordNum": 31, "privateVNum": 0, "freqSuffixNum": 0}