{"tokenNum": 288, "sentenceNum": 14, "lemmaNum": 125, "lemmaRate": 0.4340277777777778, "sentenceLength": 20.571428571428573, "allUpperNum": 0, "firstUpperNum": 14, "allUpperRate": 0.0, "firstUpperRate": 0.04861111111111111, "declarSentNum": 14, "imperSentNum": 0, "questionNum": 0, "declarSentRate": 1.0, "imperSentRate": 0.0, "questionRate": 0.0, "accent": true, "saturation": 2.9761904761904763, "paragraphNum": 0, "nounNum": 62, "verbNum": 43, "adjNum": 18, "infNum": 4, "partPastNum": 2, "partPresNum": 1, "partFutNum": 0, "transNum": 2, "xNum": 5, "advNum": 26, "properNounNum": 0, "numNum": 0, "conjNum": 26, "punctNum": 43, "pronNum": 14, "relPronNum": 5, "demPronNum": 10, "adposNum": 2, "multiplePunctNum": 0, "phraseNum": 0, "nounRate": 0.2152777777777778, "verbRate": 0.14930555555555555, "adjRate": 0.0625, "infRate": 0.013888888888888888, "partPastRate": 0.006944444444444444, "partPresRate": 0.003472222222222222, "partFutRate": 0.0, "transRate": 0.006944444444444444, "xRate": 0.017361111111111112, "advRate": 0.09027777777777778, "properNounRate": 0.0, "numRate": 0.0, "conjRate": 0.09027777777777778, "punctRate": 0.14930555555555555, "pronRate": 0.04861111111111111, "relPronRate": 0.017361111111111112, "demPronRate": 0.034722222222222224, "adposRate": 0.006944444444444444, "multiplePunctRate": 0.0, "partsDensityRate": 3.5476190476190474, "contentfulness": 10.642857142857142, "phraseRate": 0.0, "pastTenseNum": 25, "presentTenseNum": 14, "condNum": 0, "impNum": 5, "freqNum": 0, "causNum": 0, "modalNum": 4, "sg1VerbNum": 0, "sg2VerbNum": 0, "sg3VerbNum": 49, "pl1VerbNum": 2, "pl2VerbNum": 0, "pl3VerbNum": 3, "superlatNum": 0, "comparatNum": 0, "specDerivSuffixNum": 0, "pluralNounNum": 9, "pastTenseRate": 0.5813953488372093, "presentTenseRate": 0.32558139534883723, "condRate": 0.0, "impRate": 0.11627906976744186, "freqRate": 0.0, "causRate": 0.0, "modalRate": 0.09302325581395349, "sg1VerbRate": 0.0, "sg2VerbRate": 0.0, "sg3VerbRate": 1.1395348837209303, "pl1VerbRate": 0.046511627906976744, "pl2VerbRate": 0.0, "pl3VerbRate": 0.06976744186046512, "superlatRate": 0.0, "comparatRate": 0.0, "specDerivSuffixRate": 0.0, "pluralNounRate": 0.14516129032258066, "subjNum": 24, "objNum": 16, "attNum": 14, "subordNum": 16, "adverbNum": 26, "coordNum": 13, "clauseNum": 42, "simpleNum": 1, "complexNum": 13, "complexity1Num": 6, "complexity2Num": 3, "complexity3Num": 2, "compoundNum": 0, "subjRate": 0.08333333333333333, "objRate": 0.05555555555555555, "attRate": 0.04861111111111111, "subordRate": 0.05555555555555555, "adverbRate": 0.09027777777777778, "coordRate": 0.04513888888888889, "partsRate": 2.2142857142857144, "clauseRate": 3.0, "simpleRate": 0.07142857142857142, "complexRate": 0.9285714285714286, "complexity1Rate": 0.42857142857142855, "complexity2Rate": 0.21428571428571427, "complexity3Rate": 0.14285714285714285, "complexClauseRate": 3.1538461538461537, "sentencesPerParagraph": 0.0, "wordsLengthRate": 5.126530612244898, "compoundRate": 0.0, "positiveNum": 0, "negativeNum": 0, "precoPositiveNum": 0, "precoNegativeNum": 0, "negemoNum": 0, "negationNum": 4, "functionNum": 139, "contentNum": 149, "vulgarNum": 0, "racistNum": 0, "specStyleNum": 0, "addressingNum": 0, "closingNum": 0, "postscriptNum": 0, "brutalNum": 0, "positiveRate": 0.0, "negativeRate": 0.0, "precoPositiveRate": 0.0, "precoNegativeRate": 0.0, "negemoRate": 0.0, "negationRate": 0.013888888888888888, "functionRate": 0.4826388888888889, "contentRate": 0.5173611111111112, "vulgarRate": 0.0, "racistRate": 0.0, "specStyleRate": 0.0, "addressingRate": 0.0, "closingRate": 0.0, "postscriptRate": 0.0, "brutalRate": 0.0, "epistemicNum": 0, "investNum": 0, "conditionNum": 0, "weaselNum": 0, "peacockNum": 0, "hedgeNum": 0, "doxasticNum": 0, "epistemicRate": 0.0, "investRate": 0.0, "conditionRate": 0.0, "weaselRate": 0.0, "peacockRate": 0.0, "hedgeRate": 0.0, "doxasticRate": 0.0, "loveNum": 0, "anxietyNum": 0, "sorrowNum": 0, "joyNum": 0, "disgustNum": 0, "fearNum": 0, "surpriseNum": 0, "angerNum": 0, "loveRate": 0.0, "anxietyRate": 0.0, "sorrowRate": 0.0, "joyRate": 0.0, "disgustRate": 0.0, "fearRate": 0.0, "surpriseRate": 0.0, "angerRate": 0.0, "slangBeGeneralNum": 0, "slangBeCigaretteNum": 0, "slangBeHumanNum": 0, "slangBeVehicleNum": 0, "slangBeDrugNum": 0, "slangBvNum": 0, "slangBeGeneralRate": 0.0, "slangBeCigaretteRate": 0.0, "slangBeHumanRate": 0.0, "slangBeVehicleRate": 0.0, "slangBeDrugRate": 0.0, "slangBvRate": 0.0, "speechactNum": 0, "quoteNum": 0, "dashNum": 0, "publicNum": 0, "privateNum": 0, "suasiveNum": 0, "discMarkerNum": 0, "smileyNum": 0, "dateNum": 0, "hesitationNum": 0, "restartNum": 0, "repeatNum": 0, "conjBeforeDiscNum": 0, "conjAfterDiscNum": 0, "wordBeforeHesitationNum": 0, "wordAfterHesitationNum": 0, "otherCollocationNum": 0, "speechactRate": 0.0, "quoteRate": 0.0, "dashRate": 0.0, "publicRate": 0.0, "privateRate": 0.0, "suasiveRate": 0.0, "discMarkerRate": 0.0, "smileyRate": 0.0, "dateRate": 0.0, "hesitationRate": 0.0, "restartRate": 0.0, "repeatRate": 0.0, "conjBeforeDiscRate": 0.0, "conjAfterDiscRate": 0.0, "wordBeforeHesitationRate": 0.0, "wordAfterHesitationRate": 0.0, "otherCollocationRate": 0.0, "easyWordNum": 276, "hardWordNum": 12, "easyWordRate": 0.9583333333333334, "hardWordRate": 0.041666666666666664, "fleschReadingEaseScore": 64.93000000000002, "gunningFogIndex": 8.245238095238097, "fleschKincaidGradeLevel": 9.313412698412701, "colemanLiauIndex": 10.663951388888883, "smogIndex": 6.742157984588678, "automatedReadabilityIndex": 10.018005952380953, "linsearWriteIndex": 2.8070436507936507, "author": "", "locationNameNum": 0, "locationNameRate": 0.0, "personNameNum": 0, "personNameRate": 0.0, "organizationNameNum": 0, "organizationNameRate": 0.0, "misspelledNum": 0, "misspelledRate": 0.0, "missingAccentNum": 0, "missingAccentRate": 0.0, "foreignAccentNum": 0, "foreignAccentRate": 0.0, "wordConcatNum": 0, "wordConcatRate": 0.0, "jLyMistakeNum": 0, "jLyMistakeRate": 0.0, "publicVNum": 0, "partsNum": 93, "clauseWordNum": 42, "privateVNum": 0, "freqSuffixNum": 0}