{"tokenNum": 110, "sentenceNum": 4, "lemmaNum": 64, "lemmaRate": 0.5818181818181818, "sentenceLength": 27.5, "allUpperNum": 0, "firstUpperNum": 6, "allUpperRate": 0.0, "firstUpperRate": 0.05454545454545454, "declarSentNum": 4, "imperSentNum": 0, "questionNum": 0, "declarSentRate": 1.0, "imperSentRate": 0.0, "questionRate": 0.0, "accent": true, "saturation": 4.266666666666667, "paragraphNum": 0, "nounNum": 25, "verbNum": 9, "adjNum": 15, "infNum": 0, "partPastNum": 0, "partPresNum": 2, "partFutNum": 0, "transNum": 0, "xNum": 0, "advNum": 6, "properNounNum": 2, "numNum": 0, "conjNum": 13, "punctNum": 17, "pronNum": 6, "relPronNum": 4, "demPronNum": 2, "adposNum": 0, "multiplePunctNum": 0, "phraseNum": 0, "nounRate": 0.22727272727272727, "verbRate": 0.08181818181818182, "adjRate": 0.13636363636363635, "infRate": 0.0, "partPastRate": 0.0, "partPresRate": 0.01818181818181818, "partFutRate": 0.0, "transRate": 0.0, "xRate": 0.0, "advRate": 0.05454545454545454, "properNounRate": 0.01818181818181818, "numRate": 0.0, "conjRate": 0.11818181818181818, "punctRate": 0.15454545454545454, "pronRate": 0.05454545454545454, "relPronRate": 0.03636363636363636, "demPronRate": 0.01818181818181818, "adposRate": 0.0, "multiplePunctRate": 0.0, "partsDensityRate": 3.6666666666666665, "contentfulness": 13.75, "phraseRate": 0.0, "pastTenseNum": 1, "presentTenseNum": 8, "condNum": 0, "impNum": 0, "freqNum": 0, "causNum": 0, "modalNum": 0, "sg1VerbNum": 1, "sg2VerbNum": 0, "sg3VerbNum": 13, "pl1VerbNum": 1, "pl2VerbNum": 0, "pl3VerbNum": 1, "superlatNum": 0, "comparatNum": 0, "specDerivSuffixNum": 0, "pluralNounNum": 4, "pastTenseRate": 0.1111111111111111, "presentTenseRate": 0.8888888888888888, "condRate": 0.0, "impRate": 0.0, "freqRate": 0.0, "causRate": 0.0, "modalRate": 0.0, "sg1VerbRate": 0.1111111111111111, "sg2VerbRate": 0.0, "sg3VerbRate": 1.4444444444444444, "pl1VerbRate": 0.1111111111111111, "pl2VerbRate": 0.0, "pl3VerbRate": 0.1111111111111111, "superlatRate": 0.0, "comparatRate": 0.0, "specDerivSuffixRate": 0.0, "pluralNounRate": 0.16, "subjNum": 8, "objNum": 3, "attNum": 10, "subordNum": 9, "adverbNum": 10, "coordNum": 8, "clauseNum": 15, "simpleNum": 0, "complexNum": 4, "complexity1Num": 0, "complexity2Num": 2, "complexity3Num": 1, "compoundNum": 0, "subjRate": 0.07272727272727272, "objRate": 0.02727272727272727, "attRate": 0.09090909090909091, "subordRate": 0.08181818181818182, "adverbRate": 0.09090909090909091, "coordRate": 0.07272727272727272, "partsRate": 2.6, "clauseRate": 3.75, "simpleRate": 0.0, "complexRate": 1.0, "complexity1Rate": 0.0, "complexity2Rate": 0.5, "complexity3Rate": 0.25, "complexClauseRate": 3.75, "sentencesPerParagraph": 0.0, "wordsLengthRate": 5.89247311827957, "compoundRate": 0.0, "positiveNum": 0, "negativeNum": 0, "precoPositiveNum": 0, "precoNegativeNum": 0, "negemoNum": 0, "negationNum": 0, "functionNum": 55, "contentNum": 55, "vulgarNum": 0, "racistNum": 0, "specStyleNum": 0, "addressingNum": 0, "closingNum": 0, "postscriptNum": 0, "brutalNum": 0, "positiveRate": 0.0, "negativeRate": 0.0, "precoPositiveRate": 0.0, "precoNegativeRate": 0.0, "negemoRate": 0.0, "negationRate": 0.0, "functionRate": 0.5, "contentRate": 0.5, "vulgarRate": 0.0, "racistRate": 0.0, "specStyleRate": 0.0, "addressingRate": 0.0, "closingRate": 0.0, "postscriptRate": 0.0, "brutalRate": 0.0, "epistemicNum": 0, "investNum": 0, "conditionNum": 0, "weaselNum": 0, "peacockNum": 0, "hedgeNum": 0, "doxasticNum": 0, "epistemicRate": 0.0, "investRate": 0.0, "conditionRate": 0.0, "weaselRate": 0.0, "peacockRate": 0.0, "hedgeRate": 0.0, "doxasticRate": 0.0, "loveNum": 0, "anxietyNum": 0, "sorrowNum": 0, "joyNum": 0, "disgustNum": 0, "fearNum": 0, "surpriseNum": 0, "angerNum": 0, "loveRate": 0.0, "anxietyRate": 0.0, "sorrowRate": 0.0, "joyRate": 0.0, "disgustRate": 0.0, "fearRate": 0.0, "surpriseRate": 0.0, "angerRate": 0.0, "slangBeGeneralNum": 0, "slangBeCigaretteNum": 0, "slangBeHumanNum": 0, "slangBeVehicleNum": 0, "slangBeDrugNum": 0, "slangBvNum": 0, "slangBeGeneralRate": 0.0, "slangBeCigaretteRate": 0.0, "slangBeHumanRate": 0.0, "slangBeVehicleRate": 0.0, "slangBeDrugRate": 0.0, "slangBvRate": 0.0, "speechactNum": 0, "quoteNum": 0, "dashNum": 0, "publicNum": 0, "privateNum": 0, "suasiveNum": 0, "discMarkerNum": 0, "smileyNum": 0, "dateNum": 0, "hesitationNum": 0, "restartNum": 0, "repeatNum": 0, "conjBeforeDiscNum": 0, "conjAfterDiscNum": 0, "wordBeforeHesitationNum": 0, "wordAfterHesitationNum": 0, "otherCollocationNum": 0, "speechactRate": 0.0, "quoteRate": 0.0, "dashRate": 0.0, "publicRate": 0.0, "privateRate": 0.0, "suasiveRate": 0.0, "discMarkerRate": 0.0, "smileyRate": 0.0, "dateRate": 0.0, "hesitationRate": 0.0, "restartRate": 0.0, "repeatRate": 0.0, "conjBeforeDiscRate": 0.0, "conjAfterDiscRate": 0.0, "wordBeforeHesitationRate": 0.0, "wordAfterHesitationRate": 0.0, "otherCollocationRate": 0.0, "easyWordNum": 96, "hardWordNum": 14, "easyWordRate": 0.8727272727272727, "hardWordRate": 0.12727272727272726, "fleschReadingEaseScore": 25.87340909090912, "gunningFogIndex": 11.050909090909093, "fleschKincaidGradeLevel": 16.482272727272726, "colemanLiauIndex": 14.453072727272726, "smogIndex": 7.03164865440522, "automatedReadabilityIndex": 16.51227272727273, "linsearWriteIndex": 15.681818181818182, "author": "", "locationNameNum": 0, "locationNameRate": 0.0, "personNameNum": 2, "personNameRate": 0.01818181818181818, "organizationNameNum": 0, "organizationNameRate": 0.0, "misspelledNum": 0, "misspelledRate": 0.0, "missingAccentNum": 0, "missingAccentRate": 0.0, "foreignAccentNum": 0, "foreignAccentRate": 0.0, "wordConcatNum": 0, "wordConcatRate": 0.0, "jLyMistakeNum": 0, "jLyMistakeRate": 0.0, "publicVNum": 0, "partsNum": 39, "clauseWordNum": 15, "privateVNum": 0, "freqSuffixNum": 0}