{"tokenNum": 179, "sentenceNum": 15, "lemmaNum": 90, "lemmaRate": 0.5027932960893855, "sentenceLength": 11.933333333333334, "allUpperNum": 0, "firstUpperNum": 15, "allUpperRate": 0.0, "firstUpperRate": 0.08379888268156424, "declarSentNum": 14, "imperSentNum": 0, "questionNum": 1, "declarSentRate": 0.9333333333333333, "imperSentRate": 0.0, "questionRate": 0.06666666666666667, "accent": true, "saturation": 2.727272727272727, "paragraphNum": 0, "nounNum": 31, "verbNum": 35, "adjNum": 10, "infNum": 9, "partPastNum": 1, "partPresNum": 0, "partFutNum": 0, "transNum": 0, "xNum": 3, "advNum": 16, "properNounNum": 0, "numNum": 4, "conjNum": 15, "punctNum": 33, "pronNum": 9, "relPronNum": 1, "demPronNum": 7, "adposNum": 0, "multiplePunctNum": 0, "phraseNum": 0, "nounRate": 0.17318435754189945, "verbRate": 0.19553072625698323, "adjRate": 0.055865921787709494, "infRate": 0.05027932960893855, "partPastRate": 0.00558659217877095, "partPresRate": 0.0, "partFutRate": 0.0, "transRate": 0.0, "xRate": 0.01675977653631285, "advRate": 0.0893854748603352, "properNounRate": 0.0, "numRate": 0.0223463687150838, "conjRate": 0.08379888268156424, "punctRate": 0.18435754189944134, "pronRate": 0.05027932960893855, "relPronRate": 0.00558659217877095, "demPronRate": 0.03910614525139665, "adposRate": 0.0, "multiplePunctRate": 0.0, "partsDensityRate": 2.787878787878788, "contentfulness": 6.133333333333334, "phraseRate": 0.0, "pastTenseNum": 2, "presentTenseNum": 25, "condNum": 0, "impNum": 6, "freqNum": 0, "causNum": 0, "modalNum": 0, "sg1VerbNum": 11, "sg2VerbNum": 0, "sg3VerbNum": 14, "pl1VerbNum": 0, "pl2VerbNum": 0, "pl3VerbNum": 12, "superlatNum": 1, "comparatNum": 0, "specDerivSuffixNum": 0, "pluralNounNum": 6, "pastTenseRate": 0.05714285714285714, "presentTenseRate": 0.7142857142857143, "condRate": 0.0, "impRate": 0.17142857142857143, "freqRate": 0.0, "causRate": 0.0, "modalRate": 0.0, "sg1VerbRate": 0.3142857142857143, "sg2VerbRate": 0.0, "sg3VerbRate": 0.4, "pl1VerbRate": 0.0, "pl2VerbRate": 0.0, "pl3VerbRate": 0.34285714285714286, "superlatRate": 0.1, "comparatRate": 0.0, "specDerivSuffixRate": 0.0, "pluralNounRate": 0.1935483870967742, "subjNum": 11, "objNum": 8, "attNum": 3, "subordNum": 8, "adverbNum": 23, "coordNum": 8, "clauseNum": 33, "simpleNum": 4, "complexNum": 11, "complexity1Num": 5, "complexity2Num": 5, "complexity3Num": 1, "compoundNum": 0, "subjRate": 0.061452513966480445, "objRate": 0.0446927374301676, "attRate": 0.01675977653631285, "subordRate": 0.0446927374301676, "adverbRate": 0.12849162011173185, "coordRate": 0.0446927374301676, "partsRate": 1.606060606060606, "clauseRate": 2.2, "simpleRate": 0.26666666666666666, "complexRate": 0.7333333333333333, "complexity1Rate": 0.3333333333333333, "complexity2Rate": 0.3333333333333333, "complexity3Rate": 0.06666666666666667, "complexClauseRate": 2.6363636363636362, "sentencesPerParagraph": 0.0, "wordsLengthRate": 5.308219178082192, "compoundRate": 0.0, "positiveNum": 0, "negativeNum": 0, "precoPositiveNum": 0, "precoNegativeNum": 0, "negemoNum": 0, "negationNum": 10, "functionNum": 87, "contentNum": 92, "vulgarNum": 0, "racistNum": 0, "specStyleNum": 0, "addressingNum": 0, "closingNum": 0, "postscriptNum": 0, "brutalNum": 0, "positiveRate": 0.0, "negativeRate": 0.0, "precoPositiveRate": 0.0, "precoNegativeRate": 0.0, "negemoRate": 0.0, "negationRate": 0.055865921787709494, "functionRate": 0.4860335195530726, "contentRate": 0.5139664804469274, "vulgarRate": 0.0, "racistRate": 0.0, "specStyleRate": 0.0, "addressingRate": 0.0, "closingRate": 0.0, "postscriptRate": 0.0, "brutalRate": 0.0, "epistemicNum": 0, "investNum": 0, "conditionNum": 0, "weaselNum": 0, "peacockNum": 0, "hedgeNum": 0, "doxasticNum": 0, "epistemicRate": 0.0, "investRate": 0.0, "conditionRate": 0.0, "weaselRate": 0.0, "peacockRate": 0.0, "hedgeRate": 0.0, "doxasticRate": 0.0, "loveNum": 0, "anxietyNum": 0, "sorrowNum": 0, "joyNum": 0, "disgustNum": 0, "fearNum": 0, "surpriseNum": 0, "angerNum": 0, "loveRate": 0.0, "anxietyRate": 0.0, "sorrowRate": 0.0, "joyRate": 0.0, "disgustRate": 0.0, "fearRate": 0.0, "surpriseRate": 0.0, "angerRate": 0.0, "slangBeGeneralNum": 0, "slangBeCigaretteNum": 0, "slangBeHumanNum": 0, "slangBeVehicleNum": 0, "slangBeDrugNum": 0, "slangBvNum": 0, "slangBeGeneralRate": 0.0, "slangBeCigaretteRate": 0.0, "slangBeHumanRate": 0.0, "slangBeVehicleRate": 0.0, "slangBeDrugRate": 0.0, "slangBvRate": 0.0, "speechactNum": 0, "quoteNum": 0, "dashNum": 0, "publicNum": 0, "privateNum": 0, "suasiveNum": 0, "discMarkerNum": 0, "smileyNum": 0, "dateNum": 0, "hesitationNum": 0, "restartNum": 0, "repeatNum": 0, "conjBeforeDiscNum": 0, "conjAfterDiscNum": 0, "wordBeforeHesitationNum": 0, "wordAfterHesitationNum": 0, "otherCollocationNum": 0, "speechactRate": 0.0, "quoteRate": 0.0, "dashRate": 0.0, "publicRate": 0.0, "privateRate": 0.0, "suasiveRate": 0.0, "discMarkerRate": 0.0, "smileyRate": 0.0, "dateRate": 0.0, "hesitationRate": 0.0, "restartRate": 0.0, "repeatRate": 0.0, "conjBeforeDiscRate": 0.0, "conjAfterDiscRate": 0.0, "wordBeforeHesitationRate": 0.0, "wordAfterHesitationRate": 0.0, "otherCollocationRate": 0.0, "easyWordNum": 172, "hardWordNum": 7, "easyWordRate": 0.9608938547486033, "hardWordRate": 0.03910614525139665, "fleschReadingEaseScore": 84.12825325884545, "gunningFogIndex": 4.788975791433892, "fleschKincaidGradeLevel": 4.489698324022346, "colemanLiauIndex": 10.68829608938547, "smogIndex": 5.888618617440368, "automatedReadabilityIndex": 5.718510242085664, "linsearWriteIndex": 2.5381750465549344, "author": "", "locationNameNum": 0, "locationNameRate": 0.0, "personNameNum": 0, "personNameRate": 0.0, "organizationNameNum": 0, "organizationNameRate": 0.0, "misspelledNum": 0, "misspelledRate": 0.0, "missingAccentNum": 0, "missingAccentRate": 0.0, "foreignAccentNum": 0, "foreignAccentRate": 0.0, "wordConcatNum": 0, "wordConcatRate": 0.0, "jLyMistakeNum": 0, "jLyMistakeRate": 0.0, "publicVNum": 0, "partsNum": 53, "clauseWordNum": 33, "privateVNum": 0, "freqSuffixNum": 0}