{"tokenNum": 187, "sentenceNum": 10, "lemmaNum": 91, "lemmaRate": 0.48663101604278075, "sentenceLength": 18.7, "allUpperNum": 0, "firstUpperNum": 13, "allUpperRate": 0.0, "firstUpperRate": 0.06951871657754011, "declarSentNum": 10, "imperSentNum": 0, "questionNum": 0, "declarSentRate": 1.0, "imperSentRate": 0.0, "questionRate": 0.0, "accent": true, "saturation": 4.136363636363637, "paragraphNum": 0, "nounNum": 49, "verbNum": 24, "adjNum": 15, "infNum": 2, "partPastNum": 1, "partPresNum": 0, "partFutNum": 0, "transNum": 0, "xNum": 3, "advNum": 11, "properNounNum": 6, "numNum": 0, "conjNum": 22, "punctNum": 25, "pronNum": 5, "relPronNum": 3, "demPronNum": 2, "adposNum": 2, "multiplePunctNum": 0, "phraseNum": 0, "nounRate": 0.2620320855614973, "verbRate": 0.12834224598930483, "adjRate": 0.08021390374331551, "infRate": 0.0106951871657754, "partPastRate": 0.0053475935828877, "partPresRate": 0.0, "partFutRate": 0.0, "transRate": 0.0, "xRate": 0.016042780748663103, "advRate": 0.058823529411764705, "properNounRate": 0.03208556149732621, "numRate": 0.0, "conjRate": 0.11764705882352941, "punctRate": 0.13368983957219252, "pronRate": 0.026737967914438502, "relPronRate": 0.016042780748663103, "demPronRate": 0.0106951871657754, "adposRate": 0.0106951871657754, "multiplePunctRate": 0.0, "partsDensityRate": 4.5, "contentfulness": 9.9, "phraseRate": 0.0, "pastTenseNum": 18, "presentTenseNum": 4, "condNum": 0, "impNum": 3, "freqNum": 0, "causNum": 0, "modalNum": 0, "sg1VerbNum": 0, "sg2VerbNum": 0, "sg3VerbNum": 20, "pl1VerbNum": 0, "pl2VerbNum": 0, "pl3VerbNum": 9, "superlatNum": 0, "comparatNum": 0, "specDerivSuffixNum": 0, "pluralNounNum": 12, "pastTenseRate": 0.75, "presentTenseRate": 0.16666666666666666, "condRate": 0.0, "impRate": 0.125, "freqRate": 0.0, "causRate": 0.0, "modalRate": 0.0, "sg1VerbRate": 0.0, "sg2VerbRate": 0.0, "sg3VerbRate": 0.8333333333333334, "pl1VerbRate": 0.0, "pl2VerbRate": 0.0, "pl3VerbRate": 0.375, "superlatRate": 0.0, "comparatRate": 0.0, "specDerivSuffixRate": 0.0, "pluralNounRate": 0.24489795918367346, "subjNum": 15, "objNum": 7, "attNum": 14, "subordNum": 8, "adverbNum": 15, "coordNum": 13, "clauseNum": 22, "simpleNum": 1, "complexNum": 9, "complexity1Num": 7, "complexity2Num": 1, "complexity3Num": 1, "compoundNum": 0, "subjRate": 0.08021390374331551, "objRate": 0.0374331550802139, "attRate": 0.0748663101604278, "subordRate": 0.0427807486631016, "adverbRate": 0.08021390374331551, "coordRate": 0.06951871657754011, "partsRate": 2.909090909090909, "clauseRate": 2.2, "simpleRate": 0.1, "complexRate": 0.9, "complexity1Rate": 0.7, "complexity2Rate": 0.1, "complexity3Rate": 0.1, "complexClauseRate": 2.3333333333333335, "sentencesPerParagraph": 0.0, "wordsLengthRate": 5.697530864197531, "compoundRate": 0.0, "positiveNum": 0, "negativeNum": 0, "precoPositiveNum": 0, "precoNegativeNum": 0, "negemoNum": 0, "negationNum": 4, "functionNum": 88, "contentNum": 99, "vulgarNum": 0, "racistNum": 0, "specStyleNum": 0, "addressingNum": 0, "closingNum": 0, "postscriptNum": 0, "brutalNum": 0, "positiveRate": 0.0, "negativeRate": 0.0, "precoPositiveRate": 0.0, "precoNegativeRate": 0.0, "negemoRate": 0.0, "negationRate": 0.0213903743315508, "functionRate": 0.47058823529411764, "contentRate": 0.5294117647058824, "vulgarRate": 0.0, "racistRate": 0.0, "specStyleRate": 0.0, "addressingRate": 0.0, "closingRate": 0.0, "postscriptRate": 0.0, "brutalRate": 0.0, "epistemicNum": 0, "investNum": 0, "conditionNum": 0, "weaselNum": 0, "peacockNum": 0, "hedgeNum": 0, "doxasticNum": 0, "epistemicRate": 0.0, "investRate": 0.0, "conditionRate": 0.0, "weaselRate": 0.0, "peacockRate": 0.0, "hedgeRate": 0.0, "doxasticRate": 0.0, "loveNum": 0, "anxietyNum": 0, "sorrowNum": 0, "joyNum": 0, "disgustNum": 0, "fearNum": 0, "surpriseNum": 0, "angerNum": 0, "loveRate": 0.0, "anxietyRate": 0.0, "sorrowRate": 0.0, "joyRate": 0.0, "disgustRate": 0.0, "fearRate": 0.0, "surpriseRate": 0.0, "angerRate": 0.0, "slangBeGeneralNum": 0, "slangBeCigaretteNum": 0, "slangBeHumanNum": 0, "slangBeVehicleNum": 0, "slangBeDrugNum": 0, "slangBvNum": 0, "slangBeGeneralRate": 0.0, "slangBeCigaretteRate": 0.0, "slangBeHumanRate": 0.0, "slangBeVehicleRate": 0.0, "slangBeDrugRate": 0.0, "slangBvRate": 0.0, "speechactNum": 0, "quoteNum": 0, "dashNum": 0, "publicNum": 0, "privateNum": 0, "suasiveNum": 0, "discMarkerNum": 0, "smileyNum": 0, "dateNum": 0, "hesitationNum": 0, "restartNum": 0, "repeatNum": 0, "conjBeforeDiscNum": 0, "conjAfterDiscNum": 0, "wordBeforeHesitationNum": 0, "wordAfterHesitationNum": 0, "otherCollocationNum": 0, "speechactRate": 0.0, "quoteRate": 0.0, "dashRate": 0.0, "publicRate": 0.0, "privateRate": 0.0, "suasiveRate": 0.0, "discMarkerRate": 0.0, "smileyRate": 0.0, "dateRate": 0.0, "hesitationRate": 0.0, "restartRate": 0.0, "repeatRate": 0.0, "conjBeforeDiscRate": 0.0, "conjAfterDiscRate": 0.0, "wordBeforeHesitationRate": 0.0, "wordAfterHesitationRate": 0.0, "otherCollocationRate": 0.0, "easyWordNum": 175, "hardWordNum": 12, "easyWordRate": 0.9358288770053476, "hardWordRate": 0.06417112299465241, "fleschReadingEaseScore": 50.77535561497328, "gunningFogIndex": 7.50566844919786, "fleschKincaidGradeLevel": 10.822786096256685, "colemanLiauIndex": 13.964812834224599, "smogIndex": 6.742157984588678, "automatedReadabilityIndex": 11.721871657754015, "linsearWriteIndex": 4.561497326203209, "author": "", "locationNameNum": 0, "locationNameRate": 0.0, "personNameNum": 6, "personNameRate": 0.03208556149732621, "organizationNameNum": 0, "organizationNameRate": 0.0, "misspelledNum": 0, "misspelledRate": 0.0, "missingAccentNum": 0, "missingAccentRate": 0.0, "foreignAccentNum": 0, "foreignAccentRate": 0.0, "wordConcatNum": 0, "wordConcatRate": 0.0, "jLyMistakeNum": 0, "jLyMistakeRate": 0.0, "publicVNum": 0, "partsNum": 64, "clauseWordNum": 22, "privateVNum": 0, "freqSuffixNum": 0}