{"tokenNum": 1010, "sentenceNum": 51, "lemmaNum": 312, "lemmaRate": 0.3089108910891089, "sentenceLength": 19.80392156862745, "allUpperNum": 0, "firstUpperNum": 51, "allUpperRate": 0.0, "firstUpperRate": 0.0504950495049505, "declarSentNum": 51, "imperSentNum": 0, "questionNum": 0, "declarSentRate": 1.0, "imperSentRate": 0.0, "questionRate": 0.0, "accent": true, "saturation": 2.2773722627737225, "paragraphNum": 6, "nounNum": 234, "verbNum": 130, "adjNum": 77, "infNum": 11, "partPastNum": 5, "partPresNum": 6, "partFutNum": 0, "transNum": 3, "xNum": 18, "advNum": 58, "properNounNum": 0, "numNum": 1, "conjNum": 115, "punctNum": 138, "pronNum": 59, "relPronNum": 15, "demPronNum": 25, "adposNum": 0, "multiplePunctNum": 0, "phraseNum": 0, "nounRate": 0.2316831683168317, "verbRate": 0.12871287128712872, "adjRate": 0.07623762376237624, "infRate": 0.01089108910891089, "partPastRate": 0.0049504950495049506, "partPresRate": 0.005940594059405941, "partFutRate": 0.0, "transRate": 0.0029702970297029703, "xRate": 0.01782178217821782, "advRate": 0.05742574257425743, "properNounRate": 0.0, "numRate": 0.0009900990099009901, "conjRate": 0.11386138613861387, "punctRate": 0.13663366336633664, "pronRate": 0.05841584158415842, "relPronRate": 0.01485148514851485, "demPronRate": 0.024752475247524754, "adposRate": 0.0, "multiplePunctRate": 0.0, "partsDensityRate": 3.6423357664233578, "contentfulness": 9.784313725490197, "phraseRate": 0.0, "pastTenseNum": 69, "presentTenseNum": 50, "condNum": 1, "impNum": 8, "freqNum": 0, "causNum": 0, "modalNum": 4, "sg1VerbNum": 10, "sg2VerbNum": 0, "sg3VerbNum": 132, "pl1VerbNum": 7, "pl2VerbNum": 0, "pl3VerbNum": 33, "superlatNum": 0, "comparatNum": 5, "specDerivSuffixNum": 0, "pluralNounNum": 48, "pastTenseRate": 0.5307692307692308, "presentTenseRate": 0.38461538461538464, "condRate": 0.007692307692307693, "impRate": 0.06153846153846154, "freqRate": 0.0, "causRate": 0.0, "modalRate": 0.03076923076923077, "sg1VerbRate": 0.07692307692307693, "sg2VerbRate": 0.0, "sg3VerbRate": 1.0153846153846153, "pl1VerbRate": 0.05384615384615385, "pl2VerbRate": 0.0, "pl3VerbRate": 0.25384615384615383, "superlatRate": 0.0, "comparatRate": 0.06493506493506493, "specDerivSuffixRate": 0.0, "pluralNounRate": 0.20512820512820512, "subjNum": 68, "objNum": 48, "attNum": 52, "subordNum": 44, "adverbNum": 84, "coordNum": 75, "clauseNum": 137, "simpleNum": 4, "complexNum": 47, "complexity1Num": 21, "complexity2Num": 17, "complexity3Num": 6, "compoundNum": 0, "subjRate": 0.06732673267326733, "objRate": 0.047524752475247525, "attRate": 0.05148514851485148, "subordRate": 0.04356435643564356, "adverbRate": 0.08316831683168317, "coordRate": 0.07425742574257425, "partsRate": 2.386861313868613, "clauseRate": 2.6862745098039214, "simpleRate": 0.0784313725490196, "complexRate": 0.9215686274509803, "complexity1Rate": 0.4117647058823529, "complexity2Rate": 0.3333333333333333, "complexity3Rate": 0.11764705882352941, "complexClauseRate": 2.8297872340425534, "sentencesPerParagraph": 8.5, "wordsLengthRate": 5.709862385321101, "compoundRate": 0.0, "positiveNum": 0, "negativeNum": 0, "precoPositiveNum": 0, "precoNegativeNum": 0, "negemoNum": 0, "negationNum": 10, "functionNum": 511, "contentNum": 499, "vulgarNum": 0, "racistNum": 0, "specStyleNum": 0, "addressingNum": 0, "closingNum": 0, "postscriptNum": 0, "brutalNum": 0, "positiveRate": 0.0, "negativeRate": 0.0, "precoPositiveRate": 0.0, "precoNegativeRate": 0.0, "negemoRate": 0.0, "negationRate": 0.009900990099009901, "functionRate": 0.505940594059406, "contentRate": 0.49405940594059405, "vulgarRate": 0.0, "racistRate": 0.0, "specStyleRate": 0.0, "addressingRate": 0.0, "closingRate": 0.0, "postscriptRate": 0.0, "brutalRate": 0.0, "epistemicNum": 0, "investNum": 0, "conditionNum": 0, "weaselNum": 0, "peacockNum": 0, "hedgeNum": 0, "doxasticNum": 0, "epistemicRate": 0.0, "investRate": 0.0, "conditionRate": 0.0, "weaselRate": 0.0, "peacockRate": 0.0, "hedgeRate": 0.0, "doxasticRate": 0.0, "loveNum": 0, "anxietyNum": 0, "sorrowNum": 0, "joyNum": 0, "disgustNum": 0, "fearNum": 0, "surpriseNum": 0, "angerNum": 0, "loveRate": 0.0, "anxietyRate": 0.0, "sorrowRate": 0.0, "joyRate": 0.0, "disgustRate": 0.0, "fearRate": 0.0, "surpriseRate": 0.0, "angerRate": 0.0, "slangBeGeneralNum": 0, "slangBeCigaretteNum": 0, "slangBeHumanNum": 0, "slangBeVehicleNum": 0, "slangBeDrugNum": 0, "slangBvNum": 0, "slangBeGeneralRate": 0.0, "slangBeCigaretteRate": 0.0, "slangBeHumanRate": 0.0, "slangBeVehicleRate": 0.0, "slangBeDrugRate": 0.0, "slangBvRate": 0.0, "speechactNum": 0, "quoteNum": 0, "dashNum": 0, "publicNum": 0, "privateNum": 0, "suasiveNum": 0, "discMarkerNum": 0, "smileyNum": 0, "dateNum": 0, "hesitationNum": 0, "restartNum": 0, "repeatNum": 0, "conjBeforeDiscNum": 0, "conjAfterDiscNum": 0, "wordBeforeHesitationNum": 0, "wordAfterHesitationNum": 0, "otherCollocationNum": 0, "speechactRate": 0.0, "quoteRate": 0.0, "dashRate": 0.0, "publicRate": 0.0, "privateRate": 0.0, "suasiveRate": 0.0, "discMarkerRate": 0.0, "smileyRate": 0.0, "dateRate": 0.0, "hesitationRate": 0.0, "restartRate": 0.0, "repeatRate": 0.0, "conjBeforeDiscRate": 0.0, "conjAfterDiscRate": 0.0, "wordBeforeHesitationRate": 0.0, "wordAfterHesitationRate": 0.0, "otherCollocationRate": 0.0, "easyWordNum": 929, "hardWordNum": 81, "easyWordRate": 0.9198019801980198, "hardWordRate": 0.0801980198019802, "fleschReadingEaseScore": 45.259366142496646, "gunningFogIndex": 7.953647835371773, "fleschKincaidGradeLevel": 11.866400698893418, "colemanLiauIndex": 13.848125742574258, "smogIndex": 10.328600350310266, "automatedReadabilityIndex": 12.180515239759266, "linsearWriteIndex": 0.12017084061347316, "author": "", "locationNameNum": 0, "locationNameRate": 0.0, "personNameNum": 0, "personNameRate": 0.0, "organizationNameNum": 0, "organizationNameRate": 0.0, "misspelledNum": 0, "misspelledRate": 0.0, "missingAccentNum": 0, "missingAccentRate": 0.0, "foreignAccentNum": 0, "foreignAccentRate": 0.0, "wordConcatNum": 0, "wordConcatRate": 0.0, "jLyMistakeNum": 0, "jLyMistakeRate": 0.0, "publicVNum": 0, "partsNum": 327, "clauseWordNum": 137, "privateVNum": 0, "freqSuffixNum": 0}