{"tokenNum": 268, "sentenceNum": 10, "lemmaNum": 115, "lemmaRate": 0.4291044776119403, "sentenceLength": 26.8, "allUpperNum": 0, "firstUpperNum": 10, "allUpperRate": 0.0, "firstUpperRate": 0.03731343283582089, "declarSentNum": 10, "imperSentNum": 0, "questionNum": 0, "declarSentRate": 1.0, "imperSentRate": 0.0, "questionRate": 0.0, "accent": true, "saturation": 3.7096774193548385, "paragraphNum": 0, "nounNum": 71, "verbNum": 30, "adjNum": 32, "infNum": 3, "partPastNum": 4, "partPresNum": 3, "partFutNum": 0, "transNum": 0, "xNum": 3, "advNum": 6, "properNounNum": 1, "numNum": 0, "conjNum": 30, "punctNum": 35, "pronNum": 14, "relPronNum": 2, "demPronNum": 13, "adposNum": 3, "multiplePunctNum": 0, "phraseNum": 0, "nounRate": 0.26492537313432835, "verbRate": 0.11194029850746269, "adjRate": 0.11940298507462686, "infRate": 0.011194029850746268, "partPastRate": 0.014925373134328358, "partPresRate": 0.011194029850746268, "partFutRate": 0.0, "transRate": 0.0, "xRate": 0.011194029850746268, "advRate": 0.022388059701492536, "properNounRate": 0.0037313432835820895, "numRate": 0.0, "conjRate": 0.11194029850746269, "punctRate": 0.13059701492537312, "pronRate": 0.05223880597014925, "relPronRate": 0.007462686567164179, "demPronRate": 0.048507462686567165, "adposRate": 0.011194029850746268, "multiplePunctRate": 0.0, "partsDensityRate": 4.483870967741935, "contentfulness": 13.9, "phraseRate": 0.0, "pastTenseNum": 4, "presentTenseNum": 23, "condNum": 0, "impNum": 6, "freqNum": 0, "causNum": 0, "modalNum": 3, "sg1VerbNum": 0, "sg2VerbNum": 0, "sg3VerbNum": 31, "pl1VerbNum": 2, "pl2VerbNum": 0, "pl3VerbNum": 11, "superlatNum": 0, "comparatNum": 0, "specDerivSuffixNum": 0, "pluralNounNum": 16, "pastTenseRate": 0.13333333333333333, "presentTenseRate": 0.7666666666666667, "condRate": 0.0, "impRate": 0.2, "freqRate": 0.0, "causRate": 0.0, "modalRate": 0.1, "sg1VerbRate": 0.0, "sg2VerbRate": 0.0, "sg3VerbRate": 1.0333333333333334, "pl1VerbRate": 0.06666666666666667, "pl2VerbRate": 0.0, "pl3VerbRate": 0.36666666666666664, "superlatRate": 0.0, "comparatRate": 0.0, "specDerivSuffixRate": 0.0, "pluralNounRate": 0.22535211267605634, "subjNum": 20, "objNum": 12, "attNum": 28, "subordNum": 15, "adverbNum": 9, "coordNum": 14, "clauseNum": 31, "simpleNum": 0, "complexNum": 10, "complexity1Num": 3, "complexity2Num": 3, "complexity3Num": 4, "compoundNum": 0, "subjRate": 0.07462686567164178, "objRate": 0.04477611940298507, "attRate": 0.1044776119402985, "subordRate": 0.055970149253731345, "adverbRate": 0.033582089552238806, "coordRate": 0.05223880597014925, "partsRate": 2.6774193548387095, "clauseRate": 3.1, "simpleRate": 0.0, "complexRate": 1.0, "complexity1Rate": 0.3, "complexity2Rate": 0.3, "complexity3Rate": 0.4, "complexClauseRate": 3.1, "sentencesPerParagraph": 0.0, "wordsLengthRate": 6.012875536480687, "compoundRate": 0.0, "positiveNum": 0, "negativeNum": 0, "precoPositiveNum": 0, "precoNegativeNum": 0, "negemoNum": 0, "negationNum": 1, "functionNum": 129, "contentNum": 139, "vulgarNum": 0, "racistNum": 0, "specStyleNum": 0, "addressingNum": 0, "closingNum": 0, "postscriptNum": 0, "brutalNum": 0, "positiveRate": 0.0, "negativeRate": 0.0, "precoPositiveRate": 0.0, "precoNegativeRate": 0.0, "negemoRate": 0.0, "negationRate": 0.0037313432835820895, "functionRate": 0.48134328358208955, "contentRate": 0.5186567164179104, "vulgarRate": 0.0, "racistRate": 0.0, "specStyleRate": 0.0, "addressingRate": 0.0, "closingRate": 0.0, "postscriptRate": 0.0, "brutalRate": 0.0, "epistemicNum": 0, "investNum": 0, "conditionNum": 0, "weaselNum": 0, "peacockNum": 0, "hedgeNum": 0, "doxasticNum": 0, "epistemicRate": 0.0, "investRate": 0.0, "conditionRate": 0.0, "weaselRate": 0.0, "peacockRate": 0.0, "hedgeRate": 0.0, "doxasticRate": 0.0, "loveNum": 0, "anxietyNum": 0, "sorrowNum": 0, "joyNum": 0, "disgustNum": 0, "fearNum": 0, "surpriseNum": 0, "angerNum": 0, "loveRate": 0.0, "anxietyRate": 0.0, "sorrowRate": 0.0, "joyRate": 0.0, "disgustRate": 0.0, "fearRate": 0.0, "surpriseRate": 0.0, "angerRate": 0.0, "slangBeGeneralNum": 0, "slangBeCigaretteNum": 0, "slangBeHumanNum": 0, "slangBeVehicleNum": 0, "slangBeDrugNum": 0, "slangBvNum": 0, "slangBeGeneralRate": 0.0, "slangBeCigaretteRate": 0.0, "slangBeHumanRate": 0.0, "slangBeVehicleRate": 0.0, "slangBeDrugRate": 0.0, "slangBvRate": 0.0, "speechactNum": 0, "quoteNum": 0, "dashNum": 0, "publicNum": 0, "privateNum": 0, "suasiveNum": 0, "discMarkerNum": 0, "smileyNum": 0, "dateNum": 0, "hesitationNum": 0, "restartNum": 0, "repeatNum": 0, "conjBeforeDiscNum": 0, "conjAfterDiscNum": 0, "wordBeforeHesitationNum": 0, "wordAfterHesitationNum": 0, "otherCollocationNum": 0, "speechactRate": 0.0, "quoteRate": 0.0, "dashRate": 0.0, "publicRate": 0.0, "privateRate": 0.0, "suasiveRate": 0.0, "discMarkerRate": 0.0, "smileyRate": 0.0, "dateRate": 0.0, "hesitationRate": 0.0, "restartRate": 0.0, "repeatRate": 0.0, "conjBeforeDiscRate": 0.0, "conjAfterDiscRate": 0.0, "wordBeforeHesitationRate": 0.0, "wordAfterHesitationRate": 0.0, "otherCollocationRate": 0.0, "easyWordNum": 240, "hardWordNum": 28, "easyWordRate": 0.8955223880597015, "hardWordRate": 0.1044776119402985, "fleschReadingEaseScore": 32.21434328358211, "gunningFogIndex": 10.76179104477612, "fleschKincaidGradeLevel": 15.423940298507464, "colemanLiauIndex": 15.693805970149253, "smogIndex": 8.648137234880735, "automatedReadabilityIndex": 17.15444029850746, "linsearWriteIndex": 4.988805970149254, "author": "", "locationNameNum": 0, "locationNameRate": 0.0, "personNameNum": 0, "personNameRate": 0.0, "organizationNameNum": 0, "organizationNameRate": 0.0, "misspelledNum": 0, "misspelledRate": 0.0, "missingAccentNum": 0, "missingAccentRate": 0.0, "foreignAccentNum": 0, "foreignAccentRate": 0.0, "wordConcatNum": 0, "wordConcatRate": 0.0, "jLyMistakeNum": 0, "jLyMistakeRate": 0.0, "publicVNum": 0, "partsNum": 83, "clauseWordNum": 31, "privateVNum": 0, "freqSuffixNum": 0}