{"tokenNum": 540, "sentenceNum": 29, "lemmaNum": 179, "lemmaRate": 0.3314814814814815, "sentenceLength": 18.620689655172413, "allUpperNum": 0, "firstUpperNum": 33, "allUpperRate": 0.0, "firstUpperRate": 0.06111111111111111, "declarSentNum": 27, "imperSentNum": 0, "questionNum": 2, "declarSentRate": 0.9310344827586207, "imperSentRate": 0.0, "questionRate": 0.06896551724137931, "accent": true, "saturation": 2.324675324675325, "paragraphNum": 3, "nounNum": 121, "verbNum": 70, "adjNum": 41, "infNum": 6, "partPastNum": 8, "partPresNum": 8, "partFutNum": 0, "transNum": 2, "xNum": 10, "advNum": 44, "properNounNum": 5, "numNum": 13, "conjNum": 50, "punctNum": 91, "pronNum": 27, "relPronNum": 4, "demPronNum": 20, "adposNum": 9, "multiplePunctNum": 0, "phraseNum": 0, "nounRate": 0.22407407407407406, "verbRate": 0.12962962962962962, "adjRate": 0.07592592592592592, "infRate": 0.011111111111111112, "partPastRate": 0.014814814814814815, "partPresRate": 0.014814814814814815, "partFutRate": 0.0, "transRate": 0.003703703703703704, "xRate": 0.018518518518518517, "advRate": 0.08148148148148149, "properNounRate": 0.009259259259259259, "numRate": 0.024074074074074074, "conjRate": 0.09259259259259259, "punctRate": 0.1685185185185185, "pronRate": 0.05, "relPronRate": 0.007407407407407408, "demPronRate": 0.037037037037037035, "adposRate": 0.016666666666666666, "multiplePunctRate": 0.0, "partsDensityRate": 3.5844155844155843, "contentfulness": 9.517241379310345, "phraseRate": 0.0, "pastTenseNum": 47, "presentTenseNum": 17, "condNum": 0, "impNum": 5, "freqNum": 0, "causNum": 0, "modalNum": 4, "sg1VerbNum": 2, "sg2VerbNum": 0, "sg3VerbNum": 78, "pl1VerbNum": 0, "pl2VerbNum": 1, "pl3VerbNum": 14, "superlatNum": 3, "comparatNum": 0, "specDerivSuffixNum": 0, "pluralNounNum": 12, "pastTenseRate": 0.6714285714285714, "presentTenseRate": 0.24285714285714285, "condRate": 0.0, "impRate": 0.07142857142857142, "freqRate": 0.0, "causRate": 0.0, "modalRate": 0.05714285714285714, "sg1VerbRate": 0.02857142857142857, "sg2VerbRate": 0.0, "sg3VerbRate": 1.1142857142857143, "pl1VerbRate": 0.0, "pl2VerbRate": 0.014285714285714285, "pl3VerbRate": 0.2, "superlatRate": 0.07317073170731707, "comparatRate": 0.0, "specDerivSuffixRate": 0.0, "pluralNounRate": 0.09917355371900827, "subjNum": 34, "objNum": 43, "attNum": 27, "subordNum": 25, "adverbNum": 50, "coordNum": 24, "clauseNum": 77, "simpleNum": 7, "complexNum": 22, "complexity1Num": 8, "complexity2Num": 5, "complexity3Num": 6, "compoundNum": 0, "subjRate": 0.06296296296296296, "objRate": 0.07962962962962963, "attRate": 0.05, "subordRate": 0.046296296296296294, "adverbRate": 0.09259259259259259, "coordRate": 0.044444444444444446, "partsRate": 2.311688311688312, "clauseRate": 2.6551724137931036, "simpleRate": 0.2413793103448276, "complexRate": 0.7586206896551724, "complexity1Rate": 0.27586206896551724, "complexity2Rate": 0.1724137931034483, "complexity3Rate": 0.20689655172413793, "complexClauseRate": 3.1818181818181817, "sentencesPerParagraph": 9.666666666666666, "wordsLengthRate": 5.541202672605791, "compoundRate": 0.0, "positiveNum": 0, "negativeNum": 0, "precoPositiveNum": 0, "precoNegativeNum": 0, "negemoNum": 0, "negationNum": 10, "functionNum": 264, "contentNum": 276, "vulgarNum": 0, "racistNum": 0, "specStyleNum": 0, "addressingNum": 0, "closingNum": 0, "postscriptNum": 0, "brutalNum": 0, "positiveRate": 0.0, "negativeRate": 0.0, "precoPositiveRate": 0.0, "precoNegativeRate": 0.0, "negemoRate": 0.0, "negationRate": 0.018518518518518517, "functionRate": 0.4888888888888889, "contentRate": 0.5111111111111111, "vulgarRate": 0.0, "racistRate": 0.0, "specStyleRate": 0.0, "addressingRate": 0.0, "closingRate": 0.0, "postscriptRate": 0.0, "brutalRate": 0.0, "epistemicNum": 0, "investNum": 0, "conditionNum": 0, "weaselNum": 0, "peacockNum": 0, "hedgeNum": 0, "doxasticNum": 0, "epistemicRate": 0.0, "investRate": 0.0, "conditionRate": 0.0, "weaselRate": 0.0, "peacockRate": 0.0, "hedgeRate": 0.0, "doxasticRate": 0.0, "loveNum": 0, "anxietyNum": 0, "sorrowNum": 0, "joyNum": 0, "disgustNum": 0, "fearNum": 0, "surpriseNum": 0, "angerNum": 0, "loveRate": 0.0, "anxietyRate": 0.0, "sorrowRate": 0.0, "joyRate": 0.0, "disgustRate": 0.0, "fearRate": 0.0, "surpriseRate": 0.0, "angerRate": 0.0, "slangBeGeneralNum": 0, "slangBeCigaretteNum": 0, "slangBeHumanNum": 0, "slangBeVehicleNum": 0, "slangBeDrugNum": 0, "slangBvNum": 0, "slangBeGeneralRate": 0.0, "slangBeCigaretteRate": 0.0, "slangBeHumanRate": 0.0, "slangBeVehicleRate": 0.0, "slangBeDrugRate": 0.0, "slangBvRate": 0.0, "speechactNum": 0, "quoteNum": 0, "dashNum": 0, "publicNum": 0, "privateNum": 0, "suasiveNum": 0, "discMarkerNum": 0, "smileyNum": 0, "dateNum": 0, "hesitationNum": 0, "restartNum": 0, "repeatNum": 0, "conjBeforeDiscNum": 0, "conjAfterDiscNum": 0, "wordBeforeHesitationNum": 0, "wordAfterHesitationNum": 0, "otherCollocationNum": 0, "speechactRate": 0.0, "quoteRate": 0.0, "dashRate": 0.0, "publicRate": 0.0, "privateRate": 0.0, "suasiveRate": 0.0, "discMarkerRate": 0.0, "smileyRate": 0.0, "dateRate": 0.0, "hesitationRate": 0.0, "restartRate": 0.0, "repeatRate": 0.0, "conjBeforeDiscRate": 0.0, "conjAfterDiscRate": 0.0, "wordBeforeHesitationRate": 0.0, "wordAfterHesitationRate": 0.0, "otherCollocationRate": 0.0, "easyWordNum": 506, "hardWordNum": 34, "easyWordRate": 0.937037037037037, "hardWordRate": 0.06296296296296296, "fleschReadingEaseScore": 62.13166666666669, "gunningFogIndex": 7.473461047254151, "fleschKincaidGradeLevel": 9.219106002554277, "colemanLiauIndex": 12.188246296296292, "smogIndex": 9.210782826323648, "automatedReadabilityIndex": 10.261567049808427, "linsearWriteIndex": 0.9093231162196678, "author": "", "locationNameNum": 4, "locationNameRate": 0.007407407407407408, "personNameNum": 1, "personNameRate": 0.001851851851851852, "organizationNameNum": 0, "organizationNameRate": 0.0, "misspelledNum": 0, "misspelledRate": 0.0, "missingAccentNum": 0, "missingAccentRate": 0.0, "foreignAccentNum": 0, "foreignAccentRate": 0.0, "wordConcatNum": 0, "wordConcatRate": 0.0, "jLyMistakeNum": 0, "jLyMistakeRate": 0.0, "publicVNum": 0, "partsNum": 178, "clauseWordNum": 77, "privateVNum": 0, "freqSuffixNum": 0}