{"tokenNum": 268, "sentenceNum": 10, "lemmaNum": 133, "lemmaRate": 0.4962686567164179, "sentenceLength": 26.8, "allUpperNum": 1, "firstUpperNum": 14, "allUpperRate": 0.0037313432835820895, "firstUpperRate": 0.05223880597014925, "declarSentNum": 10, "imperSentNum": 0, "questionNum": 0, "declarSentRate": 1.0, "imperSentRate": 0.0, "questionRate": 0.0, "accent": true, "saturation": 3.022727272727273, "paragraphNum": 0, "nounNum": 36, "verbNum": 50, "adjNum": 19, "infNum": 9, "partPastNum": 0, "partPresNum": 0, "partFutNum": 0, "transNum": 0, "xNum": 10, "advNum": 34, "properNounNum": 4, "numNum": 0, "conjNum": 24, "punctNum": 52, "pronNum": 17, "relPronNum": 5, "demPronNum": 10, "adposNum": 3, "multiplePunctNum": 1, "phraseNum": 0, "nounRate": 0.13432835820895522, "verbRate": 0.1865671641791045, "adjRate": 0.0708955223880597, "infRate": 0.033582089552238806, "partPastRate": 0.0, "partPresRate": 0.0, "partFutRate": 0.0, "transRate": 0.0, "xRate": 0.03731343283582089, "advRate": 0.12686567164179105, "properNounRate": 0.014925373134328358, "numRate": 0.0, "conjRate": 0.08955223880597014, "punctRate": 0.19402985074626866, "pronRate": 0.06343283582089553, "relPronRate": 0.018656716417910446, "demPronRate": 0.03731343283582089, "adposRate": 0.011194029850746268, "multiplePunctRate": 0.019230769230769232, "partsDensityRate": 3.159090909090909, "contentfulness": 13.9, "phraseRate": 0.0, "pastTenseNum": 26, "presentTenseNum": 15, "condNum": 5, "impNum": 2, "freqNum": 0, "causNum": 0, "modalNum": 1, "sg1VerbNum": 0, "sg2VerbNum": 0, "sg3VerbNum": 47, "pl1VerbNum": 3, "pl2VerbNum": 0, "pl3VerbNum": 8, "superlatNum": 3, "comparatNum": 0, "specDerivSuffixNum": 0, "pluralNounNum": 4, "pastTenseRate": 0.52, "presentTenseRate": 0.3, "condRate": 0.1, "impRate": 0.04, "freqRate": 0.0, "causRate": 0.0, "modalRate": 0.02, "sg1VerbRate": 0.0, "sg2VerbRate": 0.0, "sg3VerbRate": 0.94, "pl1VerbRate": 0.06, "pl2VerbRate": 0.0, "pl3VerbRate": 0.16, "superlatRate": 0.15789473684210525, "comparatRate": 0.0, "specDerivSuffixRate": 0.0, "pluralNounRate": 0.1111111111111111, "subjNum": 19, "objNum": 8, "attNum": 7, "subordNum": 21, "adverbNum": 55, "coordNum": 9, "clauseNum": 44, "simpleNum": 0, "complexNum": 10, "complexity1Num": 0, "complexity2Num": 2, "complexity3Num": 2, "compoundNum": 0, "subjRate": 0.0708955223880597, "objRate": 0.029850746268656716, "attRate": 0.026119402985074626, "subordRate": 0.07835820895522388, "adverbRate": 0.20522388059701493, "coordRate": 0.033582089552238806, "partsRate": 2.227272727272727, "clauseRate": 4.4, "simpleRate": 0.0, "complexRate": 1.0, "complexity1Rate": 0.0, "complexity2Rate": 0.2, "complexity3Rate": 0.2, "complexClauseRate": 4.4, "sentencesPerParagraph": 0.0, "wordsLengthRate": 5.444444444444445, "compoundRate": 0.0, "positiveNum": 0, "negativeNum": 0, "precoPositiveNum": 0, "precoNegativeNum": 0, "negemoNum": 0, "negationNum": 3, "functionNum": 129, "contentNum": 139, "vulgarNum": 0, "racistNum": 0, "specStyleNum": 0, "addressingNum": 0, "closingNum": 0, "postscriptNum": 0, "brutalNum": 0, "positiveRate": 0.0, "negativeRate": 0.0, "precoPositiveRate": 0.0, "precoNegativeRate": 0.0, "negemoRate": 0.0, "negationRate": 0.011194029850746268, "functionRate": 0.48134328358208955, "contentRate": 0.5186567164179104, "vulgarRate": 0.0, "racistRate": 0.0, "specStyleRate": 0.0, "addressingRate": 0.0, "closingRate": 0.0, "postscriptRate": 0.0, "brutalRate": 0.0, "epistemicNum": 0, "investNum": 0, "conditionNum": 0, "weaselNum": 0, "peacockNum": 0, "hedgeNum": 0, "doxasticNum": 0, "epistemicRate": 0.0, "investRate": 0.0, "conditionRate": 0.0, "weaselRate": 0.0, "peacockRate": 0.0, "hedgeRate": 0.0, "doxasticRate": 0.0, "loveNum": 0, "anxietyNum": 0, "sorrowNum": 0, "joyNum": 0, "disgustNum": 0, "fearNum": 0, "surpriseNum": 0, "angerNum": 0, "loveRate": 0.0, "anxietyRate": 0.0, "sorrowRate": 0.0, "joyRate": 0.0, "disgustRate": 0.0, "fearRate": 0.0, "surpriseRate": 0.0, "angerRate": 0.0, "slangBeGeneralNum": 0, "slangBeCigaretteNum": 0, "slangBeHumanNum": 0, "slangBeVehicleNum": 0, "slangBeDrugNum": 0, "slangBvNum": 0, "slangBeGeneralRate": 0.0, "slangBeCigaretteRate": 0.0, "slangBeHumanRate": 0.0, "slangBeVehicleRate": 0.0, "slangBeDrugRate": 0.0, "slangBvRate": 0.0, "speechactNum": 0, "quoteNum": 2, "dashNum": 0, "publicNum": 0, "privateNum": 0, "suasiveNum": 0, "discMarkerNum": 0, "smileyNum": 0, "dateNum": 0, "hesitationNum": 0, "restartNum": 0, "repeatNum": 0, "conjBeforeDiscNum": 0, "conjAfterDiscNum": 0, "wordBeforeHesitationNum": 0, "wordAfterHesitationNum": 0, "otherCollocationNum": 0, "speechactRate": 0.0, "quoteRate": 0.007462686567164179, "dashRate": 0.0, "publicRate": 0.0, "privateRate": 0.0, "suasiveRate": 0.0, "discMarkerRate": 0.0, "smileyRate": 0.0, "dateRate": 0.0, "hesitationRate": 0.0, "restartRate": 0.0, "repeatRate": 0.0, "conjBeforeDiscRate": 0.0, "conjAfterDiscRate": 0.0, "wordBeforeHesitationRate": 0.0, "wordAfterHesitationRate": 0.0, "otherCollocationRate": 0.0, "easyWordNum": 252, "hardWordNum": 16, "easyWordRate": 0.9402985074626866, "hardWordRate": 0.05970149253731343, "fleschReadingEaseScore": 60.30911940298509, "gunningFogIndex": 10.743880597014927, "fleschKincaidGradeLevel": 11.50528358208955, "colemanLiauIndex": 11.012574626865671, "smogIndex": 7.3011, "automatedReadabilityIndex": 13.411044776119404, "linsearWriteIndex": 4.41044776119403, "author": "", "locationNameNum": 0, "locationNameRate": 0.0, "personNameNum": 3, "personNameRate": 0.011194029850746268, "organizationNameNum": 0, "organizationNameRate": 0.0, "misspelledNum": 0, "misspelledRate": 0.0, "missingAccentNum": 0, "missingAccentRate": 0.0, "foreignAccentNum": 0, "foreignAccentRate": 0.0, "wordConcatNum": 0, "wordConcatRate": 0.0, "jLyMistakeNum": 0, "jLyMistakeRate": 0.0, "publicVNum": 0, "partsNum": 98, "clauseWordNum": 44, "privateVNum": 0, "freqSuffixNum": 0}