{"tokenNum": 326, "sentenceNum": 17, "lemmaNum": 140, "lemmaRate": 0.4294478527607362, "sentenceLength": 19.176470588235293, "allUpperNum": 0, "firstUpperNum": 18, "allUpperRate": 0.0, "firstUpperRate": 0.05521472392638037, "declarSentNum": 17, "imperSentNum": 0, "questionNum": 0, "declarSentRate": 1.0, "imperSentRate": 0.0, "questionRate": 0.0, "accent": true, "saturation": 2.6923076923076925, "paragraphNum": 0, "nounNum": 62, "verbNum": 55, "adjNum": 20, "infNum": 9, "partPastNum": 0, "partPresNum": 2, "partFutNum": 0, "transNum": 0, "xNum": 8, "advNum": 33, "properNounNum": 0, "numNum": 0, "conjNum": 27, "punctNum": 57, "pronNum": 16, "relPronNum": 8, "demPronNum": 7, "adposNum": 1, "multiplePunctNum": 0, "phraseNum": 0, "nounRate": 0.1901840490797546, "verbRate": 0.1687116564417178, "adjRate": 0.06134969325153374, "infRate": 0.027607361963190184, "partPastRate": 0.0, "partPresRate": 0.006134969325153374, "partFutRate": 0.0, "transRate": 0.0, "xRate": 0.024539877300613498, "advRate": 0.10122699386503067, "properNounRate": 0.0, "numRate": 0.0, "conjRate": 0.08282208588957055, "punctRate": 0.17484662576687116, "pronRate": 0.049079754601226995, "relPronRate": 0.024539877300613498, "demPronRate": 0.02147239263803681, "adposRate": 0.003067484662576687, "multiplePunctRate": 0.0, "partsDensityRate": 3.269230769230769, "contentfulness": 10.0, "phraseRate": 0.0, "pastTenseNum": 10, "presentTenseNum": 36, "condNum": 1, "impNum": 1, "freqNum": 0, "causNum": 0, "modalNum": 3, "sg1VerbNum": 0, "sg2VerbNum": 0, "sg3VerbNum": 63, "pl1VerbNum": 0, "pl2VerbNum": 0, "pl3VerbNum": 0, "superlatNum": 0, "comparatNum": 2, "specDerivSuffixNum": 0, "pluralNounNum": 6, "pastTenseRate": 0.18181818181818182, "presentTenseRate": 0.6545454545454545, "condRate": 0.01818181818181818, "impRate": 0.01818181818181818, "freqRate": 0.0, "causRate": 0.0, "modalRate": 0.05454545454545454, "sg1VerbRate": 0.0, "sg2VerbRate": 0.0, "sg3VerbRate": 1.1454545454545455, "pl1VerbRate": 0.0, "pl2VerbRate": 0.0, "pl3VerbRate": 0.0, "superlatRate": 0.0, "comparatRate": 0.1, "specDerivSuffixRate": 0.0, "pluralNounRate": 0.0967741935483871, "subjNum": 32, "objNum": 14, "attNum": 14, "subordNum": 21, "adverbNum": 34, "coordNum": 15, "clauseNum": 52, "simpleNum": 1, "complexNum": 16, "complexity1Num": 4, "complexity2Num": 8, "complexity3Num": 2, "compoundNum": 0, "subjRate": 0.09815950920245399, "objRate": 0.04294478527607362, "attRate": 0.04294478527607362, "subordRate": 0.06441717791411043, "adverbRate": 0.10429447852760736, "coordRate": 0.046012269938650305, "partsRate": 2.0961538461538463, "clauseRate": 3.0588235294117645, "simpleRate": 0.058823529411764705, "complexRate": 0.9411764705882353, "complexity1Rate": 0.23529411764705882, "complexity2Rate": 0.47058823529411764, "complexity3Rate": 0.11764705882352941, "complexClauseRate": 3.1875, "sentencesPerParagraph": 0.0, "wordsLengthRate": 4.680297397769516, "compoundRate": 0.0, "positiveNum": 0, "negativeNum": 0, "precoPositiveNum": 0, "precoNegativeNum": 0, "negemoNum": 0, "negationNum": 7, "functionNum": 156, "contentNum": 170, "vulgarNum": 0, "racistNum": 0, "specStyleNum": 0, "addressingNum": 0, "closingNum": 0, "postscriptNum": 0, "brutalNum": 0, "positiveRate": 0.0, "negativeRate": 0.0, "precoPositiveRate": 0.0, "precoNegativeRate": 0.0, "negemoRate": 0.0, "negationRate": 0.02147239263803681, "functionRate": 0.4785276073619632, "contentRate": 0.5214723926380368, "vulgarRate": 0.0, "racistRate": 0.0, "specStyleRate": 0.0, "addressingRate": 0.0, "closingRate": 0.0, "postscriptRate": 0.0, "brutalRate": 0.0, "epistemicNum": 0, "investNum": 0, "conditionNum": 0, "weaselNum": 0, "peacockNum": 0, "hedgeNum": 0, "doxasticNum": 0, "epistemicRate": 0.0, "investRate": 0.0, "conditionRate": 0.0, "weaselRate": 0.0, "peacockRate": 0.0, "hedgeRate": 0.0, "doxasticRate": 0.0, "loveNum": 0, "anxietyNum": 0, "sorrowNum": 0, "joyNum": 0, "disgustNum": 0, "fearNum": 0, "surpriseNum": 0, "angerNum": 0, "loveRate": 0.0, "anxietyRate": 0.0, "sorrowRate": 0.0, "joyRate": 0.0, "disgustRate": 0.0, "fearRate": 0.0, "surpriseRate": 0.0, "angerRate": 0.0, "slangBeGeneralNum": 0, "slangBeCigaretteNum": 0, "slangBeHumanNum": 0, "slangBeVehicleNum": 0, "slangBeDrugNum": 0, "slangBvNum": 0, "slangBeGeneralRate": 0.0, "slangBeCigaretteRate": 0.0, "slangBeHumanRate": 0.0, "slangBeVehicleRate": 0.0, "slangBeDrugRate": 0.0, "slangBvRate": 0.0, "speechactNum": 0, "quoteNum": 1, "dashNum": 0, "publicNum": 0, "privateNum": 0, "suasiveNum": 0, "discMarkerNum": 0, "smileyNum": 0, "dateNum": 0, "hesitationNum": 0, "restartNum": 0, "repeatNum": 0, "conjBeforeDiscNum": 0, "conjAfterDiscNum": 0, "wordBeforeHesitationNum": 0, "wordAfterHesitationNum": 0, "otherCollocationNum": 0, "speechactRate": 0.0, "quoteRate": 0.003067484662576687, "dashRate": 0.0, "publicRate": 0.0, "privateRate": 0.0, "suasiveRate": 0.0, "discMarkerRate": 0.0, "smileyRate": 0.0, "dateRate": 0.0, "hesitationRate": 0.0, "restartRate": 0.0, "repeatRate": 0.0, "conjBeforeDiscRate": 0.0, "conjAfterDiscRate": 0.0, "wordBeforeHesitationRate": 0.0, "wordAfterHesitationRate": 0.0, "otherCollocationRate": 0.0, "easyWordNum": 320, "hardWordNum": 6, "easyWordRate": 0.9815950920245399, "hardWordRate": 0.018404907975460124, "fleschReadingEaseScore": 77.33898051245039, "gunningFogIndex": 7.677950198484301, "fleschKincaidGradeLevel": 7.236062793215449, "colemanLiauIndex": 7.832113496932514, "smogIndex": 5.683917801722854, "automatedReadabilityIndex": 7.0560267051605905, "linsearWriteIndex": 1.9772645254420786, "author": "", "locationNameNum": 0, "locationNameRate": 0.0, "personNameNum": 0, "personNameRate": 0.0, "organizationNameNum": 0, "organizationNameRate": 0.0, "misspelledNum": 2, "misspelledRate": 0.006134969325153374, "missingAccentNum": 1, "missingAccentRate": 0.003067484662576687, "foreignAccentNum": 0, "foreignAccentRate": 0.0, "wordConcatNum": 0, "wordConcatRate": 0.0, "jLyMistakeNum": 0, "jLyMistakeRate": 0.0, "publicVNum": 0, "partsNum": 109, "clauseWordNum": 52, "privateVNum": 0, "freqSuffixNum": 0}