{"tokenNum": 274, "sentenceNum": 12, "lemmaNum": 118, "lemmaRate": 0.4306569343065693, "sentenceLength": 22.833333333333332, "allUpperNum": 0, "firstUpperNum": 26, "allUpperRate": 0.0, "firstUpperRate": 0.0948905109489051, "declarSentNum": 12, "imperSentNum": 0, "questionNum": 0, "declarSentRate": 1.0, "imperSentRate": 0.0, "questionRate": 0.0, "accent": true, "saturation": 2.8095238095238093, "paragraphNum": 0, "nounNum": 58, "verbNum": 40, "adjNum": 13, "infNum": 3, "partPastNum": 0, "partPresNum": 1, "partFutNum": 0, "transNum": 0, "xNum": 1, "advNum": 19, "properNounNum": 14, "numNum": 4, "conjNum": 29, "punctNum": 49, "pronNum": 18, "relPronNum": 4, "demPronNum": 10, "adposNum": 1, "multiplePunctNum": 0, "phraseNum": 0, "nounRate": 0.2116788321167883, "verbRate": 0.145985401459854, "adjRate": 0.04744525547445255, "infRate": 0.010948905109489052, "partPastRate": 0.0, "partPresRate": 0.0036496350364963502, "partFutRate": 0.0, "transRate": 0.0, "xRate": 0.0036496350364963502, "advRate": 0.06934306569343066, "properNounRate": 0.051094890510948905, "numRate": 0.014598540145985401, "conjRate": 0.10583941605839416, "punctRate": 0.17883211678832117, "pronRate": 0.06569343065693431, "relPronRate": 0.014598540145985401, "demPronRate": 0.0364963503649635, "adposRate": 0.0036496350364963502, "multiplePunctRate": 0.0, "partsDensityRate": 3.0952380952380953, "contentfulness": 10.833333333333334, "phraseRate": 0.0, "pastTenseNum": 8, "presentTenseNum": 29, "condNum": 1, "impNum": 2, "freqNum": 0, "causNum": 0, "modalNum": 3, "sg1VerbNum": 0, "sg2VerbNum": 0, "sg3VerbNum": 55, "pl1VerbNum": 1, "pl2VerbNum": 0, "pl3VerbNum": 0, "superlatNum": 0, "comparatNum": 0, "specDerivSuffixNum": 0, "pluralNounNum": 0, "pastTenseRate": 0.2, "presentTenseRate": 0.725, "condRate": 0.025, "impRate": 0.05, "freqRate": 0.0, "causRate": 0.0, "modalRate": 0.075, "sg1VerbRate": 0.0, "sg2VerbRate": 0.0, "sg3VerbRate": 1.375, "pl1VerbRate": 0.025, "pl2VerbRate": 0.0, "pl3VerbRate": 0.0, "superlatRate": 0.0, "comparatRate": 0.0, "specDerivSuffixRate": 0.0, "pluralNounRate": 0.0, "subjNum": 24, "objNum": 14, "attNum": 10, "subordNum": 18, "adverbNum": 24, "coordNum": 11, "clauseNum": 42, "simpleNum": 0, "complexNum": 12, "complexity1Num": 4, "complexity2Num": 3, "complexity3Num": 3, "compoundNum": 0, "subjRate": 0.08759124087591241, "objRate": 0.051094890510948905, "attRate": 0.0364963503649635, "subordRate": 0.06569343065693431, "adverbRate": 0.08759124087591241, "coordRate": 0.040145985401459854, "partsRate": 1.9761904761904763, "clauseRate": 3.5, "simpleRate": 0.0, "complexRate": 1.0, "complexity1Rate": 0.3333333333333333, "complexity2Rate": 0.25, "complexity3Rate": 0.25, "complexClauseRate": 3.5, "sentencesPerParagraph": 0.0, "wordsLengthRate": 5.151111111111111, "compoundRate": 0.0, "positiveNum": 0, "negativeNum": 0, "precoPositiveNum": 0, "precoNegativeNum": 0, "negemoNum": 0, "negationNum": 2, "functionNum": 144, "contentNum": 130, "vulgarNum": 0, "racistNum": 0, "specStyleNum": 0, "addressingNum": 0, "closingNum": 0, "postscriptNum": 0, "brutalNum": 0, "positiveRate": 0.0, "negativeRate": 0.0, "precoPositiveRate": 0.0, "precoNegativeRate": 0.0, "negemoRate": 0.0, "negationRate": 0.0072992700729927005, "functionRate": 0.5255474452554745, "contentRate": 0.4744525547445255, "vulgarRate": 0.0, "racistRate": 0.0, "specStyleRate": 0.0, "addressingRate": 0.0, "closingRate": 0.0, "postscriptRate": 0.0, "brutalRate": 0.0, "epistemicNum": 0, "investNum": 0, "conditionNum": 0, "weaselNum": 0, "peacockNum": 0, "hedgeNum": 0, "doxasticNum": 0, "epistemicRate": 0.0, "investRate": 0.0, "conditionRate": 0.0, "weaselRate": 0.0, "peacockRate": 0.0, "hedgeRate": 0.0, "doxasticRate": 0.0, "loveNum": 0, "anxietyNum": 0, "sorrowNum": 0, "joyNum": 0, "disgustNum": 0, "fearNum": 0, "surpriseNum": 0, "angerNum": 0, "loveRate": 0.0, "anxietyRate": 0.0, "sorrowRate": 0.0, "joyRate": 0.0, "disgustRate": 0.0, "fearRate": 0.0, "surpriseRate": 0.0, "angerRate": 0.0, "slangBeGeneralNum": 0, "slangBeCigaretteNum": 0, "slangBeHumanNum": 0, "slangBeVehicleNum": 0, "slangBeDrugNum": 0, "slangBvNum": 0, "slangBeGeneralRate": 0.0, "slangBeCigaretteRate": 0.0, "slangBeHumanRate": 0.0, "slangBeVehicleRate": 0.0, "slangBeDrugRate": 0.0, "slangBvRate": 0.0, "speechactNum": 0, "quoteNum": 2, "dashNum": 0, "publicNum": 0, "privateNum": 0, "suasiveNum": 0, "discMarkerNum": 0, "smileyNum": 0, "dateNum": 0, "hesitationNum": 0, "restartNum": 0, "repeatNum": 0, "conjBeforeDiscNum": 0, "conjAfterDiscNum": 0, "wordBeforeHesitationNum": 0, "wordAfterHesitationNum": 0, "otherCollocationNum": 0, "speechactRate": 0.0, "quoteRate": 0.0072992700729927005, "dashRate": 0.0, "publicRate": 0.0, "privateRate": 0.0, "suasiveRate": 0.0, "discMarkerRate": 0.0, "smileyRate": 0.0, "dateRate": 0.0, "hesitationRate": 0.0, "restartRate": 0.0, "repeatRate": 0.0, "conjBeforeDiscRate": 0.0, "conjAfterDiscRate": 0.0, "wordBeforeHesitationRate": 0.0, "wordAfterHesitationRate": 0.0, "otherCollocationRate": 0.0, "easyWordNum": 257, "hardWordNum": 17, "easyWordRate": 0.9379562043795621, "hardWordRate": 0.06204379562043796, "fleschReadingEaseScore": 56.450407542579114, "gunningFogIndex": 9.158150851581508, "fleschKincaidGradeLevel": 11.05806569343066, "colemanLiauIndex": 10.145963503649636, "smogIndex": 7.42949916751922, "automatedReadabilityIndex": 10.734732360097325, "linsearWriteIndex": 3.6684914841849148, "author": "", "locationNameNum": 1, "locationNameRate": 0.0036496350364963502, "personNameNum": 3, "personNameRate": 0.010948905109489052, "organizationNameNum": 0, "organizationNameRate": 0.0, "misspelledNum": 0, "misspelledRate": 0.0, "missingAccentNum": 0, "missingAccentRate": 0.0, "foreignAccentNum": 0, "foreignAccentRate": 0.0, "wordConcatNum": 0, "wordConcatRate": 0.0, "jLyMistakeNum": 0, "jLyMistakeRate": 0.0, "publicVNum": 0, "partsNum": 83, "clauseWordNum": 42, "privateVNum": 0, "freqSuffixNum": 0}