{"tokenNum": 154, "sentenceNum": 15, "lemmaNum": 93, "lemmaRate": 0.6038961038961039, "sentenceLength": 10.266666666666667, "allUpperNum": 0, "firstUpperNum": 16, "allUpperRate": 0.0, "firstUpperRate": 0.1038961038961039, "declarSentNum": 15, "imperSentNum": 0, "questionNum": 0, "declarSentRate": 1.0, "imperSentRate": 0.0, "questionRate": 0.0, "accent": true, "saturation": 3.3214285714285716, "paragraphNum": 0, "nounNum": 31, "verbNum": 24, "adjNum": 6, "infNum": 2, "partPastNum": 0, "partPresNum": 1, "partFutNum": 0, "transNum": 0, "xNum": 4, "advNum": 10, "properNounNum": 0, "numNum": 2, "conjNum": 12, "punctNum": 27, "pronNum": 13, "relPronNum": 2, "demPronNum": 4, "adposNum": 1, "multiplePunctNum": 0, "phraseNum": 0, "nounRate": 0.2012987012987013, "verbRate": 0.15584415584415584, "adjRate": 0.03896103896103896, "infRate": 0.012987012987012988, "partPastRate": 0.0, "partPresRate": 0.006493506493506494, "partFutRate": 0.0, "transRate": 0.0, "xRate": 0.025974025974025976, "advRate": 0.06493506493506493, "properNounRate": 0.0, "numRate": 0.012987012987012988, "conjRate": 0.07792207792207792, "punctRate": 0.17532467532467533, "pronRate": 0.08441558441558442, "relPronRate": 0.012987012987012988, "demPronRate": 0.025974025974025976, "adposRate": 0.006493506493506494, "multiplePunctRate": 0.0, "partsDensityRate": 2.5357142857142856, "contentfulness": 4.733333333333333, "phraseRate": 0.0, "pastTenseNum": 7, "presentTenseNum": 15, "condNum": 0, "impNum": 1, "freqNum": 0, "causNum": 0, "modalNum": 1, "sg1VerbNum": 12, "sg2VerbNum": 1, "sg3VerbNum": 14, "pl1VerbNum": 0, "pl2VerbNum": 1, "pl3VerbNum": 7, "superlatNum": 0, "comparatNum": 0, "specDerivSuffixNum": 0, "pluralNounNum": 4, "pastTenseRate": 0.2916666666666667, "presentTenseRate": 0.625, "condRate": 0.0, "impRate": 0.041666666666666664, "freqRate": 0.0, "causRate": 0.0, "modalRate": 0.041666666666666664, "sg1VerbRate": 0.5, "sg2VerbRate": 0.041666666666666664, "sg3VerbRate": 0.5833333333333334, "pl1VerbRate": 0.0, "pl2VerbRate": 0.041666666666666664, "pl3VerbRate": 0.2916666666666667, "superlatRate": 0.0, "comparatRate": 0.0, "specDerivSuffixRate": 0.0, "pluralNounRate": 0.12903225806451613, "subjNum": 13, "objNum": 12, "attNum": 1, "subordNum": 7, "adverbNum": 15, "coordNum": 5, "clauseNum": 28, "simpleNum": 6, "complexNum": 9, "complexity1Num": 5, "complexity2Num": 4, "complexity3Num": 0, "compoundNum": 0, "subjRate": 0.08441558441558442, "objRate": 0.07792207792207792, "attRate": 0.006493506493506494, "subordRate": 0.045454545454545456, "adverbRate": 0.09740259740259741, "coordRate": 0.032467532467532464, "partsRate": 1.6428571428571428, "clauseRate": 1.8666666666666667, "simpleRate": 0.4, "complexRate": 0.6, "complexity1Rate": 0.3333333333333333, "complexity2Rate": 0.26666666666666666, "complexity3Rate": 0.0, "complexClauseRate": 2.4444444444444446, "sentencesPerParagraph": 0.0, "wordsLengthRate": 5.724409448818897, "compoundRate": 0.0, "positiveNum": 0, "negativeNum": 0, "precoPositiveNum": 0, "precoNegativeNum": 0, "negemoNum": 0, "negationNum": 3, "functionNum": 83, "contentNum": 71, "vulgarNum": 0, "racistNum": 0, "specStyleNum": 0, "addressingNum": 0, "closingNum": 0, "postscriptNum": 0, "brutalNum": 0, "positiveRate": 0.0, "negativeRate": 0.0, "precoPositiveRate": 0.0, "precoNegativeRate": 0.0, "negemoRate": 0.0, "negationRate": 0.01948051948051948, "functionRate": 0.538961038961039, "contentRate": 0.461038961038961, "vulgarRate": 0.0, "racistRate": 0.0, "specStyleRate": 0.0, "addressingRate": 0.0, "closingRate": 0.0, "postscriptRate": 0.0, "brutalRate": 0.0, "epistemicNum": 0, "investNum": 0, "conditionNum": 0, "weaselNum": 0, "peacockNum": 0, "hedgeNum": 0, "doxasticNum": 0, "epistemicRate": 0.0, "investRate": 0.0, "conditionRate": 0.0, "weaselRate": 0.0, "peacockRate": 0.0, "hedgeRate": 0.0, "doxasticRate": 0.0, "loveNum": 0, "anxietyNum": 0, "sorrowNum": 0, "joyNum": 0, "disgustNum": 0, "fearNum": 0, "surpriseNum": 0, "angerNum": 0, "loveRate": 0.0, "anxietyRate": 0.0, "sorrowRate": 0.0, "joyRate": 0.0, "disgustRate": 0.0, "fearRate": 0.0, "surpriseRate": 0.0, "angerRate": 0.0, "slangBeGeneralNum": 0, "slangBeCigaretteNum": 0, "slangBeHumanNum": 0, "slangBeVehicleNum": 0, "slangBeDrugNum": 0, "slangBvNum": 0, "slangBeGeneralRate": 0.0, "slangBeCigaretteRate": 0.0, "slangBeHumanRate": 0.0, "slangBeVehicleRate": 0.0, "slangBeDrugRate": 0.0, "slangBvRate": 0.0, "speechactNum": 0, "quoteNum": 0, "dashNum": 0, "publicNum": 0, "privateNum": 0, "suasiveNum": 0, "discMarkerNum": 0, "smileyNum": 0, "dateNum": 0, "hesitationNum": 0, "restartNum": 0, "repeatNum": 0, "conjBeforeDiscNum": 0, "conjAfterDiscNum": 0, "wordBeforeHesitationNum": 0, "wordAfterHesitationNum": 0, "otherCollocationNum": 0, "speechactRate": 0.0, "quoteRate": 0.0, "dashRate": 0.0, "publicRate": 0.0, "privateRate": 0.0, "suasiveRate": 0.0, "discMarkerRate": 0.0, "smileyRate": 0.0, "dateRate": 0.0, "hesitationRate": 0.0, "restartRate": 0.0, "repeatRate": 0.0, "conjBeforeDiscRate": 0.0, "conjAfterDiscRate": 0.0, "wordBeforeHesitationRate": 0.0, "wordAfterHesitationRate": 0.0, "otherCollocationRate": 0.0, "easyWordNum": 141, "hardWordNum": 13, "easyWordRate": 0.9155844155844156, "hardWordRate": 0.08441558441558442, "fleschReadingEaseScore": 61.27407359307361, "gunningFogIndex": 4.140432900432901, "fleschKincaidGradeLevel": 7.263350649350652, "colemanLiauIndex": 12.884772727272725, "smogIndex": 6.88968998030894, "automatedReadabilityIndex": 6.641645021645019, "linsearWriteIndex": 2.8095238095238093, "author": "", "locationNameNum": 0, "locationNameRate": 0.0, "personNameNum": 0, "personNameRate": 0.0, "organizationNameNum": 0, "organizationNameRate": 0.0, "misspelledNum": 1, "misspelledRate": 0.006493506493506494, "missingAccentNum": 0, "missingAccentRate": 0.0, "foreignAccentNum": 0, "foreignAccentRate": 0.0, "wordConcatNum": 0, "wordConcatRate": 0.0, "jLyMistakeNum": 0, "jLyMistakeRate": 0.0, "publicVNum": 0, "partsNum": 46, "clauseWordNum": 28, "privateVNum": 0, "freqSuffixNum": 0}