{"tokenNum": 221, "sentenceNum": 14, "lemmaNum": 113, "lemmaRate": 0.5113122171945701, "sentenceLength": 15.785714285714286, "allUpperNum": 0, "firstUpperNum": 15, "allUpperRate": 0.0, "firstUpperRate": 0.06787330316742081, "declarSentNum": 14, "imperSentNum": 0, "questionNum": 0, "declarSentRate": 1.0, "imperSentRate": 0.0, "questionRate": 0.0, "accent": true, "saturation": 2.825, "paragraphNum": 0, "nounNum": 37, "verbNum": 42, "adjNum": 16, "infNum": 5, "partPastNum": 0, "partPresNum": 0, "partFutNum": 0, "transNum": 0, "xNum": 5, "advNum": 22, "properNounNum": 0, "numNum": 1, "conjNum": 23, "punctNum": 39, "pronNum": 14, "relPronNum": 2, "demPronNum": 7, "adposNum": 0, "multiplePunctNum": 0, "phraseNum": 0, "nounRate": 0.167420814479638, "verbRate": 0.19004524886877827, "adjRate": 0.07239819004524888, "infRate": 0.02262443438914027, "partPastRate": 0.0, "partPresRate": 0.0, "partFutRate": 0.0, "transRate": 0.0, "xRate": 0.02262443438914027, "advRate": 0.09954751131221719, "properNounRate": 0.0, "numRate": 0.004524886877828055, "conjRate": 0.10407239819004525, "punctRate": 0.17647058823529413, "pronRate": 0.06334841628959276, "relPronRate": 0.00904977375565611, "demPronRate": 0.03167420814479638, "adposRate": 0.0, "multiplePunctRate": 0.0, "partsDensityRate": 2.925, "contentfulness": 8.357142857142858, "phraseRate": 0.0, "pastTenseNum": 11, "presentTenseNum": 26, "condNum": 1, "impNum": 6, "freqNum": 0, "causNum": 0, "modalNum": 0, "sg1VerbNum": 31, "sg2VerbNum": 1, "sg3VerbNum": 17, "pl1VerbNum": 0, "pl2VerbNum": 1, "pl3VerbNum": 4, "superlatNum": 0, "comparatNum": 0, "specDerivSuffixNum": 0, "pluralNounNum": 9, "pastTenseRate": 0.2619047619047619, "presentTenseRate": 0.6190476190476191, "condRate": 0.023809523809523808, "impRate": 0.14285714285714285, "freqRate": 0.0, "causRate": 0.0, "modalRate": 0.0, "sg1VerbRate": 0.7380952380952381, "sg2VerbRate": 0.023809523809523808, "sg3VerbRate": 0.40476190476190477, "pl1VerbRate": 0.0, "pl2VerbRate": 0.023809523809523808, "pl3VerbRate": 0.09523809523809523, "superlatRate": 0.0, "comparatRate": 0.0, "specDerivSuffixRate": 0.0, "pluralNounRate": 0.24324324324324326, "subjNum": 7, "objNum": 16, "attNum": 10, "subordNum": 17, "adverbNum": 21, "coordNum": 14, "clauseNum": 40, "simpleNum": 2, "complexNum": 12, "complexity1Num": 4, "complexity2Num": 4, "complexity3Num": 3, "compoundNum": 0, "subjRate": 0.03167420814479638, "objRate": 0.07239819004524888, "attRate": 0.04524886877828054, "subordRate": 0.07692307692307693, "adverbRate": 0.09502262443438914, "coordRate": 0.06334841628959276, "partsRate": 1.7, "clauseRate": 2.857142857142857, "simpleRate": 0.14285714285714285, "complexRate": 0.8571428571428571, "complexity1Rate": 0.2857142857142857, "complexity2Rate": 0.2857142857142857, "complexity3Rate": 0.21428571428571427, "complexClauseRate": 3.1666666666666665, "sentencesPerParagraph": 0.0, "wordsLengthRate": 5.741758241758242, "compoundRate": 0.0, "positiveNum": 0, "negativeNum": 0, "precoPositiveNum": 0, "precoNegativeNum": 0, "negemoNum": 0, "negationNum": 8, "functionNum": 104, "contentNum": 117, "vulgarNum": 0, "racistNum": 0, "specStyleNum": 0, "addressingNum": 0, "closingNum": 0, "postscriptNum": 0, "brutalNum": 0, "positiveRate": 0.0, "negativeRate": 0.0, "precoPositiveRate": 0.0, "precoNegativeRate": 0.0, "negemoRate": 0.0, "negationRate": 0.03619909502262444, "functionRate": 0.47058823529411764, "contentRate": 0.5294117647058824, "vulgarRate": 0.0, "racistRate": 0.0, "specStyleRate": 0.0, "addressingRate": 0.0, "closingRate": 0.0, "postscriptRate": 0.0, "brutalRate": 0.0, "epistemicNum": 0, "investNum": 0, "conditionNum": 0, "weaselNum": 0, "peacockNum": 0, "hedgeNum": 0, "doxasticNum": 0, "epistemicRate": 0.0, "investRate": 0.0, "conditionRate": 0.0, "weaselRate": 0.0, "peacockRate": 0.0, "hedgeRate": 0.0, "doxasticRate": 0.0, "loveNum": 0, "anxietyNum": 0, "sorrowNum": 0, "joyNum": 0, "disgustNum": 0, "fearNum": 0, "surpriseNum": 0, "angerNum": 0, "loveRate": 0.0, "anxietyRate": 0.0, "sorrowRate": 0.0, "joyRate": 0.0, "disgustRate": 0.0, "fearRate": 0.0, "surpriseRate": 0.0, "angerRate": 0.0, "slangBeGeneralNum": 0, "slangBeCigaretteNum": 0, "slangBeHumanNum": 0, "slangBeVehicleNum": 0, "slangBeDrugNum": 0, "slangBvNum": 0, "slangBeGeneralRate": 0.0, "slangBeCigaretteRate": 0.0, "slangBeHumanRate": 0.0, "slangBeVehicleRate": 0.0, "slangBeDrugRate": 0.0, "slangBvRate": 0.0, "speechactNum": 0, "quoteNum": 0, "dashNum": 0, "publicNum": 0, "privateNum": 0, "suasiveNum": 0, "discMarkerNum": 0, "smileyNum": 0, "dateNum": 0, "hesitationNum": 0, "restartNum": 0, "repeatNum": 0, "conjBeforeDiscNum": 0, "conjAfterDiscNum": 0, "wordBeforeHesitationNum": 0, "wordAfterHesitationNum": 0, "otherCollocationNum": 0, "speechactRate": 0.0, "quoteRate": 0.0, "dashRate": 0.0, "publicRate": 0.0, "privateRate": 0.0, "suasiveRate": 0.0, "discMarkerRate": 0.0, "smileyRate": 0.0, "dateRate": 0.0, "hesitationRate": 0.0, "restartRate": 0.0, "repeatRate": 0.0, "conjBeforeDiscRate": 0.0, "conjAfterDiscRate": 0.0, "wordBeforeHesitationRate": 0.0, "wordAfterHesitationRate": 0.0, "otherCollocationRate": 0.0, "easyWordNum": 209, "hardWordNum": 12, "easyWordRate": 0.9457013574660633, "hardWordRate": 0.05429864253393665, "fleschReadingEaseScore": 66.01792986425339, "gunningFogIndex": 6.3360051712992895, "fleschKincaidGradeLevel": 7.972763413057532, "colemanLiauIndex": 12.956868778280544, "smogIndex": 6.742157984588678, "automatedReadabilityIndex": 9.45873949579832, "linsearWriteIndex": 2.878474466709761, "author": "", "locationNameNum": 0, "locationNameRate": 0.0, "personNameNum": 0, "personNameRate": 0.0, "organizationNameNum": 0, "organizationNameRate": 0.0, "misspelledNum": 0, "misspelledRate": 0.0, "missingAccentNum": 0, "missingAccentRate": 0.0, "foreignAccentNum": 0, "foreignAccentRate": 0.0, "wordConcatNum": 0, "wordConcatRate": 0.0, "jLyMistakeNum": 0, "jLyMistakeRate": 0.0, "publicVNum": 0, "partsNum": 68, "clauseWordNum": 40, "privateVNum": 0, "freqSuffixNum": 0}