{"tokenNum": 107, "sentenceNum": 5, "lemmaNum": 66, "lemmaRate": 0.616822429906542, "sentenceLength": 21.4, "allUpperNum": 0, "firstUpperNum": 5, "allUpperRate": 0.0, "firstUpperRate": 0.04672897196261682, "declarSentNum": 5, "imperSentNum": 0, "questionNum": 0, "declarSentRate": 1.0, "imperSentRate": 0.0, "questionRate": 0.0, "accent": true, "saturation": 3.6666666666666665, "paragraphNum": 0, "nounNum": 28, "verbNum": 16, "adjNum": 7, "infNum": 1, "partPastNum": 0, "partPresNum": 0, "partFutNum": 0, "transNum": 0, "xNum": 1, "advNum": 6, "properNounNum": 0, "numNum": 0, "conjNum": 12, "punctNum": 19, "pronNum": 4, "relPronNum": 0, "demPronNum": 3, "adposNum": 1, "multiplePunctNum": 0, "phraseNum": 0, "nounRate": 0.2616822429906542, "verbRate": 0.14953271028037382, "adjRate": 0.06542056074766354, "infRate": 0.009345794392523364, "partPastRate": 0.0, "partPresRate": 0.0, "partFutRate": 0.0, "transRate": 0.0, "xRate": 0.009345794392523364, "advRate": 0.056074766355140186, "properNounRate": 0.0, "numRate": 0.0, "conjRate": 0.11214953271028037, "punctRate": 0.17757009345794392, "pronRate": 0.037383177570093455, "relPronRate": 0.0, "demPronRate": 0.028037383177570093, "adposRate": 0.009345794392523364, "multiplePunctRate": 0.0, "partsDensityRate": 3.1666666666666665, "contentfulness": 11.4, "phraseRate": 0.0, "pastTenseNum": 3, "presentTenseNum": 12, "condNum": 0, "impNum": 6, "freqNum": 0, "causNum": 0, "modalNum": 0, "sg1VerbNum": 7, "sg2VerbNum": 0, "sg3VerbNum": 10, "pl1VerbNum": 0, "pl2VerbNum": 0, "pl3VerbNum": 3, "superlatNum": 0, "comparatNum": 0, "specDerivSuffixNum": 0, "pluralNounNum": 5, "pastTenseRate": 0.1875, "presentTenseRate": 0.75, "condRate": 0.0, "impRate": 0.375, "freqRate": 0.0, "causRate": 0.0, "modalRate": 0.0, "sg1VerbRate": 0.4375, "sg2VerbRate": 0.0, "sg3VerbRate": 0.625, "pl1VerbRate": 0.0, "pl2VerbRate": 0.0, "pl3VerbRate": 0.1875, "superlatRate": 0.0, "comparatRate": 0.0, "specDerivSuffixRate": 0.0, "pluralNounRate": 0.17857142857142858, "subjNum": 5, "objNum": 6, "attNum": 5, "subordNum": 8, "adverbNum": 6, "coordNum": 5, "clauseNum": 18, "simpleNum": 0, "complexNum": 5, "complexity1Num": 0, "complexity2Num": 2, "complexity3Num": 3, "compoundNum": 0, "subjRate": 0.04672897196261682, "objRate": 0.056074766355140186, "attRate": 0.04672897196261682, "subordRate": 0.07476635514018691, "adverbRate": 0.056074766355140186, "coordRate": 0.04672897196261682, "partsRate": 1.5, "clauseRate": 3.6, "simpleRate": 0.0, "complexRate": 1.0, "complexity1Rate": 0.0, "complexity2Rate": 0.4, "complexity3Rate": 0.6, "complexClauseRate": 3.6, "sentencesPerParagraph": 0.0, "wordsLengthRate": 6.181818181818182, "compoundRate": 0.0, "positiveNum": 0, "negativeNum": 0, "precoPositiveNum": 0, "precoNegativeNum": 0, "negemoNum": 0, "negationNum": 6, "functionNum": 50, "contentNum": 57, "vulgarNum": 0, "racistNum": 0, "specStyleNum": 0, "addressingNum": 0, "closingNum": 0, "postscriptNum": 0, "brutalNum": 0, "positiveRate": 0.0, "negativeRate": 0.0, "precoPositiveRate": 0.0, "precoNegativeRate": 0.0, "negemoRate": 0.0, "negationRate": 0.056074766355140186, "functionRate": 0.4672897196261682, "contentRate": 0.5327102803738317, "vulgarRate": 0.0, "racistRate": 0.0, "specStyleRate": 0.0, "addressingRate": 0.0, "closingRate": 0.0, "postscriptRate": 0.0, "brutalRate": 0.0, "epistemicNum": 0, "investNum": 0, "conditionNum": 0, "weaselNum": 0, "peacockNum": 0, "hedgeNum": 0, "doxasticNum": 0, "epistemicRate": 0.0, "investRate": 0.0, "conditionRate": 0.0, "weaselRate": 0.0, "peacockRate": 0.0, "hedgeRate": 0.0, "doxasticRate": 0.0, "loveNum": 0, "anxietyNum": 0, "sorrowNum": 0, "joyNum": 0, "disgustNum": 0, "fearNum": 0, "surpriseNum": 0, "angerNum": 0, "loveRate": 0.0, "anxietyRate": 0.0, "sorrowRate": 0.0, "joyRate": 0.0, "disgustRate": 0.0, "fearRate": 0.0, "surpriseRate": 0.0, "angerRate": 0.0, "slangBeGeneralNum": 0, "slangBeCigaretteNum": 0, "slangBeHumanNum": 0, "slangBeVehicleNum": 0, "slangBeDrugNum": 0, "slangBvNum": 0, "slangBeGeneralRate": 0.0, "slangBeCigaretteRate": 0.0, "slangBeHumanRate": 0.0, "slangBeVehicleRate": 0.0, "slangBeDrugRate": 0.0, "slangBvRate": 0.0, "speechactNum": 0, "quoteNum": 0, "dashNum": 0, "publicNum": 0, "privateNum": 0, "suasiveNum": 0, "discMarkerNum": 0, "smileyNum": 0, "dateNum": 0, "hesitationNum": 0, "restartNum": 0, "repeatNum": 0, "conjBeforeDiscNum": 0, "conjAfterDiscNum": 0, "wordBeforeHesitationNum": 0, "wordAfterHesitationNum": 0, "otherCollocationNum": 0, "speechactRate": 0.0, "quoteRate": 0.0, "dashRate": 0.0, "publicRate": 0.0, "privateRate": 0.0, "suasiveRate": 0.0, "discMarkerRate": 0.0, "smileyRate": 0.0, "dateRate": 0.0, "hesitationRate": 0.0, "restartRate": 0.0, "repeatRate": 0.0, "conjBeforeDiscRate": 0.0, "conjAfterDiscRate": 0.0, "wordBeforeHesitationRate": 0.0, "wordAfterHesitationRate": 0.0, "otherCollocationRate": 0.0, "easyWordNum": 95, "hardWordNum": 12, "easyWordRate": 0.8878504672897196, "hardWordRate": 0.11214953271028037, "fleschReadingEaseScore": 45.16820560747664, "gunningFogIndex": 8.604859813084111, "fleschKincaidGradeLevel": 12.275626168224303, "colemanLiauIndex": 15.1361214953271, "smogIndex": 6.742157984588678, "automatedReadabilityIndex": 14.008504672897196, "linsearWriteIndex": 12.149532710280374, "author": "", "locationNameNum": 0, "locationNameRate": 0.0, "personNameNum": 0, "personNameRate": 0.0, "organizationNameNum": 0, "organizationNameRate": 0.0, "misspelledNum": 0, "misspelledRate": 0.0, "missingAccentNum": 0, "missingAccentRate": 0.0, "foreignAccentNum": 0, "foreignAccentRate": 0.0, "wordConcatNum": 0, "wordConcatRate": 0.0, "jLyMistakeNum": 0, "jLyMistakeRate": 0.0, "publicVNum": 0, "partsNum": 27, "clauseWordNum": 18, "privateVNum": 0, "freqSuffixNum": 0}