{"tokenNum": 83, "sentenceNum": 4, "lemmaNum": 46, "lemmaRate": 0.5542168674698795, "sentenceLength": 20.75, "allUpperNum": 0, "firstUpperNum": 4, "allUpperRate": 0.0, "firstUpperRate": 0.04819277108433735, "declarSentNum": 4, "imperSentNum": 0, "questionNum": 0, "declarSentRate": 1.0, "imperSentRate": 0.0, "questionRate": 0.0, "accent": true, "saturation": 4.181818181818182, "paragraphNum": 0, "nounNum": 23, "verbNum": 12, "adjNum": 3, "infNum": 2, "partPastNum": 0, "partPresNum": 0, "partFutNum": 0, "transNum": 0, "xNum": 0, "advNum": 5, "properNounNum": 0, "numNum": 0, "conjNum": 5, "punctNum": 12, "pronNum": 3, "relPronNum": 2, "demPronNum": 2, "adposNum": 1, "multiplePunctNum": 0, "phraseNum": 0, "nounRate": 0.27710843373493976, "verbRate": 0.14457831325301204, "adjRate": 0.03614457831325301, "infRate": 0.024096385542168676, "partPastRate": 0.0, "partPresRate": 0.0, "partFutRate": 0.0, "transRate": 0.0, "xRate": 0.0, "advRate": 0.060240963855421686, "properNounRate": 0.0, "numRate": 0.0, "conjRate": 0.060240963855421686, "punctRate": 0.14457831325301204, "pronRate": 0.03614457831325301, "relPronRate": 0.024096385542168676, "demPronRate": 0.024096385542168676, "adposRate": 0.012048192771084338, "multiplePunctRate": 0.0, "partsDensityRate": 3.909090909090909, "contentfulness": 10.75, "phraseRate": 0.0, "pastTenseNum": 1, "presentTenseNum": 9, "condNum": 2, "impNum": 1, "freqNum": 0, "causNum": 0, "modalNum": 1, "sg1VerbNum": 1, "sg2VerbNum": 0, "sg3VerbNum": 9, "pl1VerbNum": 0, "pl2VerbNum": 0, "pl3VerbNum": 3, "superlatNum": 0, "comparatNum": 0, "specDerivSuffixNum": 0, "pluralNounNum": 2, "pastTenseRate": 0.08333333333333333, "presentTenseRate": 0.75, "condRate": 0.16666666666666666, "impRate": 0.08333333333333333, "freqRate": 0.0, "causRate": 0.0, "modalRate": 0.08333333333333333, "sg1VerbRate": 0.08333333333333333, "sg2VerbRate": 0.0, "sg3VerbRate": 0.75, "pl1VerbRate": 0.0, "pl2VerbRate": 0.0, "pl3VerbRate": 0.25, "superlatRate": 0.0, "comparatRate": 0.0, "specDerivSuffixRate": 0.0, "pluralNounRate": 0.08695652173913043, "subjNum": 4, "objNum": 8, "attNum": 3, "subordNum": 4, "adverbNum": 8, "coordNum": 4, "clauseNum": 11, "simpleNum": 0, "complexNum": 4, "complexity1Num": 1, "complexity2Num": 3, "complexity3Num": 0, "compoundNum": 0, "subjRate": 0.04819277108433735, "objRate": 0.0963855421686747, "attRate": 0.03614457831325301, "subordRate": 0.04819277108433735, "adverbRate": 0.0963855421686747, "coordRate": 0.04819277108433735, "partsRate": 2.4545454545454546, "clauseRate": 2.75, "simpleRate": 0.0, "complexRate": 1.0, "complexity1Rate": 0.25, "complexity2Rate": 0.75, "complexity3Rate": 0.0, "complexClauseRate": 2.75, "sentencesPerParagraph": 0.0, "wordsLengthRate": 5.028169014084507, "compoundRate": 0.0, "positiveNum": 0, "negativeNum": 0, "precoPositiveNum": 0, "precoNegativeNum": 0, "negemoNum": 0, "negationNum": 0, "functionNum": 40, "contentNum": 43, "vulgarNum": 0, "racistNum": 0, "specStyleNum": 0, "addressingNum": 0, "closingNum": 0, "postscriptNum": 0, "brutalNum": 0, "positiveRate": 0.0, "negativeRate": 0.0, "precoPositiveRate": 0.0, "precoNegativeRate": 0.0, "negemoRate": 0.0, "negationRate": 0.0, "functionRate": 0.4819277108433735, "contentRate": 0.5180722891566265, "vulgarRate": 0.0, "racistRate": 0.0, "specStyleRate": 0.0, "addressingRate": 0.0, "closingRate": 0.0, "postscriptRate": 0.0, "brutalRate": 0.0, "epistemicNum": 0, "investNum": 0, "conditionNum": 0, "weaselNum": 0, "peacockNum": 0, "hedgeNum": 0, "doxasticNum": 0, "epistemicRate": 0.0, "investRate": 0.0, "conditionRate": 0.0, "weaselRate": 0.0, "peacockRate": 0.0, "hedgeRate": 0.0, "doxasticRate": 0.0, "loveNum": 0, "anxietyNum": 0, "sorrowNum": 0, "joyNum": 0, "disgustNum": 0, "fearNum": 0, "surpriseNum": 0, "angerNum": 0, "loveRate": 0.0, "anxietyRate": 0.0, "sorrowRate": 0.0, "joyRate": 0.0, "disgustRate": 0.0, "fearRate": 0.0, "surpriseRate": 0.0, "angerRate": 0.0, "slangBeGeneralNum": 0, "slangBeCigaretteNum": 0, "slangBeHumanNum": 0, "slangBeVehicleNum": 0, "slangBeDrugNum": 0, "slangBvNum": 0, "slangBeGeneralRate": 0.0, "slangBeCigaretteRate": 0.0, "slangBeHumanRate": 0.0, "slangBeVehicleRate": 0.0, "slangBeDrugRate": 0.0, "slangBvRate": 0.0, "speechactNum": 0, "quoteNum": 0, "dashNum": 0, "publicNum": 0, "privateNum": 0, "suasiveNum": 0, "discMarkerNum": 0, "smileyNum": 0, "dateNum": 0, "hesitationNum": 0, "restartNum": 0, "repeatNum": 0, "conjBeforeDiscNum": 0, "conjAfterDiscNum": 0, "wordBeforeHesitationNum": 0, "wordAfterHesitationNum": 0, "otherCollocationNum": 0, "speechactRate": 0.0, "quoteRate": 0.0, "dashRate": 0.0, "publicRate": 0.0, "privateRate": 0.0, "suasiveRate": 0.0, "discMarkerRate": 0.0, "smileyRate": 0.0, "dateRate": 0.0, "hesitationRate": 0.0, "restartRate": 0.0, "repeatRate": 0.0, "conjBeforeDiscRate": 0.0, "conjAfterDiscRate": 0.0, "wordBeforeHesitationRate": 0.0, "wordAfterHesitationRate": 0.0, "otherCollocationRate": 0.0, "easyWordNum": 82, "hardWordNum": 1, "easyWordRate": 0.9879518072289156, "hardWordRate": 0.012048192771084338, "fleschReadingEaseScore": 65.4990512048193, "gunningFogIndex": 8.304819277108434, "fleschKincaidGradeLevel": 9.278403614457833, "colemanLiauIndex": 10.385518072289155, "smogIndex": 4.1721, "automatedReadabilityIndex": 9.884638554216867, "linsearWriteIndex": 10.625, "author": "", "locationNameNum": 0, "locationNameRate": 0.0, "personNameNum": 0, "personNameRate": 0.0, "organizationNameNum": 0, "organizationNameRate": 0.0, "misspelledNum": 0, "misspelledRate": 0.0, "missingAccentNum": 0, "missingAccentRate": 0.0, "foreignAccentNum": 0, "foreignAccentRate": 0.0, "wordConcatNum": 0, "wordConcatRate": 0.0, "jLyMistakeNum": 0, "jLyMistakeRate": 0.0, "publicVNum": 0, "partsNum": 27, "clauseWordNum": 11, "privateVNum": 0, "freqSuffixNum": 0}