{"tokenNum": 276, "sentenceNum": 22, "lemmaNum": 123, "lemmaRate": 0.44565217391304346, "sentenceLength": 12.545454545454545, "allUpperNum": 0, "firstUpperNum": 23, "allUpperRate": 0.0, "firstUpperRate": 0.08333333333333333, "declarSentNum": 21, "imperSentNum": 1, "questionNum": 0, "declarSentRate": 0.9545454545454546, "imperSentRate": 0.045454545454545456, "questionRate": 0.0, "accent": true, "saturation": 2.5625, "paragraphNum": 0, "nounNum": 53, "verbNum": 49, "adjNum": 13, "infNum": 2, "partPastNum": 0, "partPresNum": 2, "partFutNum": 0, "transNum": 2, "xNum": 8, "advNum": 26, "properNounNum": 1, "numNum": 0, "conjNum": 17, "punctNum": 56, "pronNum": 14, "relPronNum": 9, "demPronNum": 5, "adposNum": 2, "multiplePunctNum": 0, "phraseNum": 0, "nounRate": 0.19202898550724637, "verbRate": 0.17753623188405798, "adjRate": 0.04710144927536232, "infRate": 0.007246376811594203, "partPastRate": 0.0, "partPresRate": 0.007246376811594203, "partFutRate": 0.0, "transRate": 0.007246376811594203, "xRate": 0.028985507246376812, "advRate": 0.09420289855072464, "properNounRate": 0.0036231884057971015, "numRate": 0.0, "conjRate": 0.06159420289855073, "punctRate": 0.2028985507246377, "pronRate": 0.050724637681159424, "relPronRate": 0.03260869565217391, "demPronRate": 0.018115942028985508, "adposRate": 0.007246376811594203, "multiplePunctRate": 0.0, "partsDensityRate": 2.9375, "contentfulness": 6.409090909090909, "phraseRate": 0.0, "pastTenseNum": 37, "presentTenseNum": 10, "condNum": 1, "impNum": 2, "freqNum": 0, "causNum": 0, "modalNum": 0, "sg1VerbNum": 6, "sg2VerbNum": 2, "sg3VerbNum": 53, "pl1VerbNum": 0, "pl2VerbNum": 0, "pl3VerbNum": 2, "superlatNum": 0, "comparatNum": 0, "specDerivSuffixNum": 0, "pluralNounNum": 1, "pastTenseRate": 0.7551020408163265, "presentTenseRate": 0.20408163265306123, "condRate": 0.02040816326530612, "impRate": 0.04081632653061224, "freqRate": 0.0, "causRate": 0.0, "modalRate": 0.0, "sg1VerbRate": 0.12244897959183673, "sg2VerbRate": 0.04081632653061224, "sg3VerbRate": 1.0816326530612246, "pl1VerbRate": 0.0, "pl2VerbRate": 0.0, "pl3VerbRate": 0.04081632653061224, "superlatRate": 0.0, "comparatRate": 0.0, "specDerivSuffixRate": 0.0, "pluralNounRate": 0.018867924528301886, "subjNum": 23, "objNum": 11, "attNum": 6, "subordNum": 15, "adverbNum": 37, "coordNum": 10, "clauseNum": 48, "simpleNum": 3, "complexNum": 19, "complexity1Num": 14, "complexity2Num": 3, "complexity3Num": 2, "compoundNum": 0, "subjRate": 0.08333333333333333, "objRate": 0.03985507246376811, "attRate": 0.021739130434782608, "subordRate": 0.05434782608695652, "adverbRate": 0.13405797101449277, "coordRate": 0.036231884057971016, "partsRate": 1.8125, "clauseRate": 2.1818181818181817, "simpleRate": 0.13636363636363635, "complexRate": 0.8636363636363636, "complexity1Rate": 0.6363636363636364, "complexity2Rate": 0.13636363636363635, "complexity3Rate": 0.09090909090909091, "complexClauseRate": 2.3684210526315788, "sentencesPerParagraph": 0.0, "wordsLengthRate": 5.245454545454545, "compoundRate": 0.0, "positiveNum": 0, "negativeNum": 0, "precoPositiveNum": 0, "precoNegativeNum": 0, "negemoNum": 0, "negationNum": 3, "functionNum": 135, "contentNum": 141, "vulgarNum": 0, "racistNum": 0, "specStyleNum": 0, "addressingNum": 0, "closingNum": 0, "postscriptNum": 0, "brutalNum": 0, "positiveRate": 0.0, "negativeRate": 0.0, "precoPositiveRate": 0.0, "precoNegativeRate": 0.0, "negemoRate": 0.0, "negationRate": 0.010869565217391304, "functionRate": 0.4891304347826087, "contentRate": 0.5108695652173914, "vulgarRate": 0.0, "racistRate": 0.0, "specStyleRate": 0.0, "addressingRate": 0.0, "closingRate": 0.0, "postscriptRate": 0.0, "brutalRate": 0.0, "epistemicNum": 0, "investNum": 0, "conditionNum": 0, "weaselNum": 0, "peacockNum": 0, "hedgeNum": 0, "doxasticNum": 0, "epistemicRate": 0.0, "investRate": 0.0, "conditionRate": 0.0, "weaselRate": 0.0, "peacockRate": 0.0, "hedgeRate": 0.0, "doxasticRate": 0.0, "loveNum": 0, "anxietyNum": 0, "sorrowNum": 0, "joyNum": 0, "disgustNum": 0, "fearNum": 0, "surpriseNum": 0, "angerNum": 0, "loveRate": 0.0, "anxietyRate": 0.0, "sorrowRate": 0.0, "joyRate": 0.0, "disgustRate": 0.0, "fearRate": 0.0, "surpriseRate": 0.0, "angerRate": 0.0, "slangBeGeneralNum": 0, "slangBeCigaretteNum": 0, "slangBeHumanNum": 0, "slangBeVehicleNum": 0, "slangBeDrugNum": 0, "slangBvNum": 0, "slangBeGeneralRate": 0.0, "slangBeCigaretteRate": 0.0, "slangBeHumanRate": 0.0, "slangBeVehicleRate": 0.0, "slangBeDrugRate": 0.0, "slangBvRate": 0.0, "speechactNum": 0, "quoteNum": 3, "dashNum": 0, "publicNum": 0, "privateNum": 0, "suasiveNum": 0, "discMarkerNum": 0, "smileyNum": 0, "dateNum": 0, "hesitationNum": 0, "restartNum": 0, "repeatNum": 0, "conjBeforeDiscNum": 0, "conjAfterDiscNum": 0, "wordBeforeHesitationNum": 0, "wordAfterHesitationNum": 0, "otherCollocationNum": 0, "speechactRate": 0.0, "quoteRate": 0.010869565217391304, "dashRate": 0.0, "publicRate": 0.0, "privateRate": 0.0, "suasiveRate": 0.0, "discMarkerRate": 0.0, "smileyRate": 0.0, "dateRate": 0.0, "hesitationRate": 0.0, "restartRate": 0.0, "repeatRate": 0.0, "conjBeforeDiscRate": 0.0, "conjAfterDiscRate": 0.0, "wordBeforeHesitationRate": 0.0, "wordAfterHesitationRate": 0.0, "otherCollocationRate": 0.0, "easyWordNum": 269, "hardWordNum": 7, "easyWordRate": 0.9746376811594203, "hardWordRate": 0.025362318840579712, "fleschReadingEaseScore": 77.62310276679845, "gunningFogIndex": 5.028326745718051, "fleschKincaidGradeLevel": 5.549104084321474, "colemanLiauIndex": 9.851137681159422, "smogIndex": 5.888618617440368, "automatedReadabilityIndex": 5.3551185770751, "linsearWriteIndex": 1.3221343873517788, "author": "", "locationNameNum": 0, "locationNameRate": 0.0, "personNameNum": 0, "personNameRate": 0.0, "organizationNameNum": 0, "organizationNameRate": 0.0, "misspelledNum": 1, "misspelledRate": 0.0036231884057971015, "missingAccentNum": 0, "missingAccentRate": 0.0, "foreignAccentNum": 0, "foreignAccentRate": 0.0, "wordConcatNum": 1, "wordConcatRate": 0.0036231884057971015, "jLyMistakeNum": 0, "jLyMistakeRate": 0.0, "publicVNum": 0, "partsNum": 87, "clauseWordNum": 48, "privateVNum": 0, "freqSuffixNum": 0}