{"tokenNum": 177, "sentenceNum": 9, "lemmaNum": 75, "lemmaRate": 0.423728813559322, "sentenceLength": 19.666666666666668, "allUpperNum": 0, "firstUpperNum": 9, "allUpperRate": 0.0, "firstUpperRate": 0.05084745762711865, "declarSentNum": 9, "imperSentNum": 0, "questionNum": 0, "declarSentRate": 1.0, "imperSentRate": 0.0, "questionRate": 0.0, "accent": true, "saturation": 2.6785714285714284, "paragraphNum": 1, "nounNum": 40, "verbNum": 32, "adjNum": 6, "infNum": 5, "partPastNum": 0, "partPresNum": 0, "partFutNum": 0, "transNum": 0, "xNum": 1, "advNum": 8, "properNounNum": 1, "numNum": 0, "conjNum": 21, "punctNum": 26, "pronNum": 10, "relPronNum": 3, "demPronNum": 2, "adposNum": 0, "multiplePunctNum": 0, "phraseNum": 0, "nounRate": 0.22598870056497175, "verbRate": 0.1807909604519774, "adjRate": 0.03389830508474576, "infRate": 0.02824858757062147, "partPastRate": 0.0, "partPresRate": 0.0, "partFutRate": 0.0, "transRate": 0.0, "xRate": 0.005649717514124294, "advRate": 0.04519774011299435, "properNounRate": 0.005649717514124294, "numRate": 0.0, "conjRate": 0.11864406779661017, "punctRate": 0.14689265536723164, "pronRate": 0.05649717514124294, "relPronRate": 0.01694915254237288, "demPronRate": 0.011299435028248588, "adposRate": 0.0, "multiplePunctRate": 0.0, "partsDensityRate": 3.0714285714285716, "contentfulness": 9.555555555555555, "phraseRate": 0.0, "pastTenseNum": 22, "presentTenseNum": 6, "condNum": 0, "impNum": 3, "freqNum": 0, "causNum": 0, "modalNum": 0, "sg1VerbNum": 0, "sg2VerbNum": 0, "sg3VerbNum": 33, "pl1VerbNum": 1, "pl2VerbNum": 0, "pl3VerbNum": 4, "superlatNum": 0, "comparatNum": 1, "specDerivSuffixNum": 0, "pluralNounNum": 1, "pastTenseRate": 0.6875, "presentTenseRate": 0.1875, "condRate": 0.0, "impRate": 0.09375, "freqRate": 0.0, "causRate": 0.0, "modalRate": 0.0, "sg1VerbRate": 0.0, "sg2VerbRate": 0.0, "sg3VerbRate": 1.03125, "pl1VerbRate": 0.03125, "pl2VerbRate": 0.0, "pl3VerbRate": 0.125, "superlatRate": 0.0, "comparatRate": 0.16666666666666666, "specDerivSuffixRate": 0.0, "pluralNounRate": 0.025, "subjNum": 16, "objNum": 10, "attNum": 6, "subordNum": 8, "adverbNum": 10, "coordNum": 12, "clauseNum": 28, "simpleNum": 0, "complexNum": 9, "complexity1Num": 4, "complexity2Num": 1, "complexity3Num": 3, "compoundNum": 0, "subjRate": 0.0903954802259887, "objRate": 0.05649717514124294, "attRate": 0.03389830508474576, "subordRate": 0.04519774011299435, "adverbRate": 0.05649717514124294, "coordRate": 0.06779661016949153, "partsRate": 1.9285714285714286, "clauseRate": 3.111111111111111, "simpleRate": 0.0, "complexRate": 1.0, "complexity1Rate": 0.4444444444444444, "complexity2Rate": 0.1111111111111111, "complexity3Rate": 0.3333333333333333, "complexClauseRate": 3.111111111111111, "sentencesPerParagraph": 9.0, "wordsLengthRate": 5.264900662251655, "compoundRate": 0.0, "positiveNum": 0, "negativeNum": 0, "precoPositiveNum": 0, "precoNegativeNum": 0, "negemoNum": 0, "negationNum": 1, "functionNum": 91, "contentNum": 86, "vulgarNum": 0, "racistNum": 0, "specStyleNum": 0, "addressingNum": 0, "closingNum": 0, "postscriptNum": 0, "brutalNum": 0, "positiveRate": 0.0, "negativeRate": 0.0, "precoPositiveRate": 0.0, "precoNegativeRate": 0.0, "negemoRate": 0.0, "negationRate": 0.005649717514124294, "functionRate": 0.5141242937853108, "contentRate": 0.4858757062146893, "vulgarRate": 0.0, "racistRate": 0.0, "specStyleRate": 0.0, "addressingRate": 0.0, "closingRate": 0.0, "postscriptRate": 0.0, "brutalRate": 0.0, "epistemicNum": 0, "investNum": 0, "conditionNum": 0, "weaselNum": 0, "peacockNum": 0, "hedgeNum": 0, "doxasticNum": 0, "epistemicRate": 0.0, "investRate": 0.0, "conditionRate": 0.0, "weaselRate": 0.0, "peacockRate": 0.0, "hedgeRate": 0.0, "doxasticRate": 0.0, "loveNum": 0, "anxietyNum": 0, "sorrowNum": 0, "joyNum": 0, "disgustNum": 0, "fearNum": 0, "surpriseNum": 0, "angerNum": 0, "loveRate": 0.0, "anxietyRate": 0.0, "sorrowRate": 0.0, "joyRate": 0.0, "disgustRate": 0.0, "fearRate": 0.0, "surpriseRate": 0.0, "angerRate": 0.0, "slangBeGeneralNum": 0, "slangBeCigaretteNum": 0, "slangBeHumanNum": 0, "slangBeVehicleNum": 0, "slangBeDrugNum": 0, "slangBvNum": 0, "slangBeGeneralRate": 0.0, "slangBeCigaretteRate": 0.0, "slangBeHumanRate": 0.0, "slangBeVehicleRate": 0.0, "slangBeDrugRate": 0.0, "slangBvRate": 0.0, "speechactNum": 0, "quoteNum": 0, "dashNum": 0, "publicNum": 0, "privateNum": 0, "suasiveNum": 0, "discMarkerNum": 0, "smileyNum": 0, "dateNum": 0, "hesitationNum": 0, "restartNum": 0, "repeatNum": 0, "conjBeforeDiscNum": 0, "conjAfterDiscNum": 0, "wordBeforeHesitationNum": 0, "wordAfterHesitationNum": 0, "otherCollocationNum": 0, "speechactRate": 0.0, "quoteRate": 0.0, "dashRate": 0.0, "publicRate": 0.0, "privateRate": 0.0, "suasiveRate": 0.0, "discMarkerRate": 0.0, "smileyRate": 0.0, "dateRate": 0.0, "hesitationRate": 0.0, "restartRate": 0.0, "repeatRate": 0.0, "conjBeforeDiscRate": 0.0, "conjAfterDiscRate": 0.0, "wordBeforeHesitationRate": 0.0, "wordAfterHesitationRate": 0.0, "otherCollocationRate": 0.0, "easyWordNum": 172, "hardWordNum": 5, "easyWordRate": 0.9717514124293786, "hardWordRate": 0.02824858757062147, "fleschReadingEaseScore": 59.73435028248589, "gunningFogIndex": 7.877966101694916, "fleschKincaidGradeLevel": 9.813333333333336, "colemanLiauIndex": 11.387022598870058, "smogIndex": 5.46131890053228, "automatedReadabilityIndex": 10.14384180790961, "linsearWriteIndex": 4.83804143126177, "author": "", "locationNameNum": 0, "locationNameRate": 0.0, "personNameNum": 0, "personNameRate": 0.0, "organizationNameNum": 0, "organizationNameRate": 0.0, "misspelledNum": 1, "misspelledRate": 0.005649717514124294, "missingAccentNum": 0, "missingAccentRate": 0.0, "foreignAccentNum": 0, "foreignAccentRate": 0.0, "wordConcatNum": 0, "wordConcatRate": 0.0, "jLyMistakeNum": 0, "jLyMistakeRate": 0.0, "publicVNum": 0, "partsNum": 54, "clauseWordNum": 28, "privateVNum": 0, "freqSuffixNum": 0}