{"tokenNum": 306, "sentenceNum": 20, "lemmaNum": 131, "lemmaRate": 0.42810457516339867, "sentenceLength": 15.3, "allUpperNum": 0, "firstUpperNum": 28, "allUpperRate": 0.0, "firstUpperRate": 0.0915032679738562, "declarSentNum": 20, "imperSentNum": 0, "questionNum": 0, "declarSentRate": 1.0, "imperSentRate": 0.0, "questionRate": 0.0, "accent": true, "saturation": 2.911111111111111, "paragraphNum": 0, "nounNum": 68, "verbNum": 50, "adjNum": 23, "infNum": 3, "partPastNum": 0, "partPresNum": 1, "partFutNum": 0, "transNum": 2, "xNum": 7, "advNum": 28, "properNounNum": 11, "numNum": 0, "conjNum": 25, "punctNum": 49, "pronNum": 13, "relPronNum": 8, "demPronNum": 3, "adposNum": 0, "multiplePunctNum": 0, "phraseNum": 0, "nounRate": 0.2222222222222222, "verbRate": 0.16339869281045752, "adjRate": 0.07516339869281045, "infRate": 0.00980392156862745, "partPastRate": 0.0, "partPresRate": 0.0032679738562091504, "partFutRate": 0.0, "transRate": 0.006535947712418301, "xRate": 0.02287581699346405, "advRate": 0.0915032679738562, "properNounRate": 0.03594771241830065, "numRate": 0.0, "conjRate": 0.08169934640522876, "punctRate": 0.16013071895424835, "pronRate": 0.042483660130718956, "relPronRate": 0.026143790849673203, "demPronRate": 0.00980392156862745, "adposRate": 0.0, "multiplePunctRate": 0.0, "partsDensityRate": 3.7555555555555555, "contentfulness": 8.45, "phraseRate": 0.0, "pastTenseNum": 39, "presentTenseNum": 8, "condNum": 0, "impNum": 1, "freqNum": 0, "causNum": 0, "modalNum": 1, "sg1VerbNum": 0, "sg2VerbNum": 0, "sg3VerbNum": 53, "pl1VerbNum": 0, "pl2VerbNum": 0, "pl3VerbNum": 8, "superlatNum": 0, "comparatNum": 0, "specDerivSuffixNum": 0, "pluralNounNum": 4, "pastTenseRate": 0.78, "presentTenseRate": 0.16, "condRate": 0.0, "impRate": 0.02, "freqRate": 0.0, "causRate": 0.0, "modalRate": 0.02, "sg1VerbRate": 0.0, "sg2VerbRate": 0.0, "sg3VerbRate": 1.06, "pl1VerbRate": 0.0, "pl2VerbRate": 0.0, "pl3VerbRate": 0.16, "superlatRate": 0.0, "comparatRate": 0.0, "specDerivSuffixRate": 0.0, "pluralNounRate": 0.058823529411764705, "subjNum": 22, "objNum": 16, "attNum": 11, "subordNum": 15, "adverbNum": 39, "coordNum": 16, "clauseNum": 45, "simpleNum": 4, "complexNum": 16, "complexity1Num": 10, "complexity2Num": 3, "complexity3Num": 3, "compoundNum": 0, "subjRate": 0.0718954248366013, "objRate": 0.05228758169934641, "attRate": 0.03594771241830065, "subordRate": 0.049019607843137254, "adverbRate": 0.12745098039215685, "coordRate": 0.05228758169934641, "partsRate": 2.311111111111111, "clauseRate": 2.25, "simpleRate": 0.2, "complexRate": 0.8, "complexity1Rate": 0.5, "complexity2Rate": 0.15, "complexity3Rate": 0.15, "complexClauseRate": 2.5625, "sentencesPerParagraph": 0.0, "wordsLengthRate": 5.463035019455253, "compoundRate": 0.0, "positiveNum": 0, "negativeNum": 0, "precoPositiveNum": 0, "precoNegativeNum": 0, "negemoNum": 0, "negationNum": 4, "functionNum": 137, "contentNum": 169, "vulgarNum": 0, "racistNum": 0, "specStyleNum": 0, "addressingNum": 0, "closingNum": 0, "postscriptNum": 0, "brutalNum": 0, "positiveRate": 0.0, "negativeRate": 0.0, "precoPositiveRate": 0.0, "precoNegativeRate": 0.0, "negemoRate": 0.0, "negationRate": 0.013071895424836602, "functionRate": 0.4477124183006536, "contentRate": 0.5522875816993464, "vulgarRate": 0.0, "racistRate": 0.0, "specStyleRate": 0.0, "addressingRate": 0.0, "closingRate": 0.0, "postscriptRate": 0.0, "brutalRate": 0.0, "epistemicNum": 0, "investNum": 0, "conditionNum": 0, "weaselNum": 0, "peacockNum": 0, "hedgeNum": 0, "doxasticNum": 0, "epistemicRate": 0.0, "investRate": 0.0, "conditionRate": 0.0, "weaselRate": 0.0, "peacockRate": 0.0, "hedgeRate": 0.0, "doxasticRate": 0.0, "loveNum": 0, "anxietyNum": 0, "sorrowNum": 0, "joyNum": 0, "disgustNum": 0, "fearNum": 0, "surpriseNum": 0, "angerNum": 0, "loveRate": 0.0, "anxietyRate": 0.0, "sorrowRate": 0.0, "joyRate": 0.0, "disgustRate": 0.0, "fearRate": 0.0, "surpriseRate": 0.0, "angerRate": 0.0, "slangBeGeneralNum": 0, "slangBeCigaretteNum": 0, "slangBeHumanNum": 0, "slangBeVehicleNum": 0, "slangBeDrugNum": 0, "slangBvNum": 0, "slangBeGeneralRate": 0.0, "slangBeCigaretteRate": 0.0, "slangBeHumanRate": 0.0, "slangBeVehicleRate": 0.0, "slangBeDrugRate": 0.0, "slangBvRate": 0.0, "speechactNum": 0, "quoteNum": 0, "dashNum": 0, "publicNum": 0, "privateNum": 0, "suasiveNum": 0, "discMarkerNum": 0, "smileyNum": 0, "dateNum": 0, "hesitationNum": 0, "restartNum": 0, "repeatNum": 0, "conjBeforeDiscNum": 0, "conjAfterDiscNum": 0, "wordBeforeHesitationNum": 0, "wordAfterHesitationNum": 0, "otherCollocationNum": 0, "speechactRate": 0.0, "quoteRate": 0.0, "dashRate": 0.0, "publicRate": 0.0, "privateRate": 0.0, "suasiveRate": 0.0, "discMarkerRate": 0.0, "smileyRate": 0.0, "dateRate": 0.0, "hesitationRate": 0.0, "restartRate": 0.0, "repeatRate": 0.0, "conjBeforeDiscRate": 0.0, "conjAfterDiscRate": 0.0, "wordBeforeHesitationRate": 0.0, "wordAfterHesitationRate": 0.0, "otherCollocationRate": 0.0, "easyWordNum": 295, "hardWordNum": 11, "easyWordRate": 0.9640522875816994, "hardWordRate": 0.03594771241830065, "fleschReadingEaseScore": 65.23491176470588, "gunningFogIndex": 6.134379084967321, "fleschKincaidGradeLevel": 7.9613137254901964, "colemanLiauIndex": 12.032941176470587, "smogIndex": 6.588339656340683, "automatedReadabilityIndex": 8.477058823529411, "linsearWriteIndex": 1.6225490196078431, "author": "", "locationNameNum": 0, "locationNameRate": 0.0, "personNameNum": 10, "personNameRate": 0.032679738562091505, "organizationNameNum": 0, "organizationNameRate": 0.0, "misspelledNum": 0, "misspelledRate": 0.0, "missingAccentNum": 0, "missingAccentRate": 0.0, "foreignAccentNum": 0, "foreignAccentRate": 0.0, "wordConcatNum": 0, "wordConcatRate": 0.0, "jLyMistakeNum": 0, "jLyMistakeRate": 0.0, "publicVNum": 0, "partsNum": 104, "clauseWordNum": 45, "privateVNum": 0, "freqSuffixNum": 0}