{"tokenNum": 333, "sentenceNum": 19, "lemmaNum": 145, "lemmaRate": 0.43543543543543545, "sentenceLength": 17.526315789473685, "allUpperNum": 0, "firstUpperNum": 19, "allUpperRate": 0.0, "firstUpperRate": 0.057057057057057055, "declarSentNum": 19, "imperSentNum": 0, "questionNum": 0, "declarSentRate": 1.0, "imperSentRate": 0.0, "questionRate": 0.0, "accent": true, "saturation": 2.9591836734693877, "paragraphNum": 0, "nounNum": 64, "verbNum": 56, "adjNum": 21, "infNum": 10, "partPastNum": 0, "partPresNum": 2, "partFutNum": 0, "transNum": 1, "xNum": 7, "advNum": 34, "properNounNum": 0, "numNum": 0, "conjNum": 29, "punctNum": 53, "pronNum": 19, "relPronNum": 7, "demPronNum": 7, "adposNum": 3, "multiplePunctNum": 0, "phraseNum": 0, "nounRate": 0.1921921921921922, "verbRate": 0.16816816816816818, "adjRate": 0.06306306306306306, "infRate": 0.03003003003003003, "partPastRate": 0.0, "partPresRate": 0.006006006006006006, "partFutRate": 0.0, "transRate": 0.003003003003003003, "xRate": 0.021021021021021023, "advRate": 0.1021021021021021, "properNounRate": 0.0, "numRate": 0.0, "conjRate": 0.08708708708708708, "punctRate": 0.15915915915915915, "pronRate": 0.057057057057057055, "relPronRate": 0.021021021021021023, "demPronRate": 0.021021021021021023, "adposRate": 0.009009009009009009, "multiplePunctRate": 0.0, "partsDensityRate": 3.5714285714285716, "contentfulness": 9.210526315789474, "phraseRate": 0.0, "pastTenseNum": 32, "presentTenseNum": 14, "condNum": 1, "impNum": 1, "freqNum": 0, "causNum": 0, "modalNum": 2, "sg1VerbNum": 1, "sg2VerbNum": 0, "sg3VerbNum": 63, "pl1VerbNum": 0, "pl2VerbNum": 0, "pl3VerbNum": 2, "superlatNum": 0, "comparatNum": 0, "specDerivSuffixNum": 0, "pluralNounNum": 9, "pastTenseRate": 0.5714285714285714, "presentTenseRate": 0.25, "condRate": 0.017857142857142856, "impRate": 0.017857142857142856, "freqRate": 0.0, "causRate": 0.0, "modalRate": 0.03571428571428571, "sg1VerbRate": 0.017857142857142856, "sg2VerbRate": 0.0, "sg3VerbRate": 1.125, "pl1VerbRate": 0.0, "pl2VerbRate": 0.0, "pl3VerbRate": 0.03571428571428571, "superlatRate": 0.0, "comparatRate": 0.0, "specDerivSuffixRate": 0.0, "pluralNounRate": 0.140625, "subjNum": 28, "objNum": 16, "attNum": 16, "subordNum": 18, "adverbNum": 32, "coordNum": 18, "clauseNum": 49, "simpleNum": 1, "complexNum": 18, "complexity1Num": 7, "complexity2Num": 10, "complexity3Num": 1, "compoundNum": 0, "subjRate": 0.08408408408408409, "objRate": 0.04804804804804805, "attRate": 0.04804804804804805, "subordRate": 0.05405405405405406, "adverbRate": 0.0960960960960961, "coordRate": 0.05405405405405406, "partsRate": 2.2448979591836733, "clauseRate": 2.5789473684210527, "simpleRate": 0.05263157894736842, "complexRate": 0.9473684210526315, "complexity1Rate": 0.3684210526315789, "complexity2Rate": 0.5263157894736842, "complexity3Rate": 0.05263157894736842, "complexClauseRate": 2.6666666666666665, "sentencesPerParagraph": 0.0, "wordsLengthRate": 4.764285714285714, "compoundRate": 0.0, "positiveNum": 0, "negativeNum": 0, "precoPositiveNum": 0, "precoNegativeNum": 0, "negemoNum": 0, "negationNum": 9, "functionNum": 158, "contentNum": 175, "vulgarNum": 0, "racistNum": 0, "specStyleNum": 0, "addressingNum": 0, "closingNum": 0, "postscriptNum": 0, "brutalNum": 0, "positiveRate": 0.0, "negativeRate": 0.0, "precoPositiveRate": 0.0, "precoNegativeRate": 0.0, "negemoRate": 0.0, "negationRate": 0.02702702702702703, "functionRate": 0.4744744744744745, "contentRate": 0.5255255255255256, "vulgarRate": 0.0, "racistRate": 0.0, "specStyleRate": 0.0, "addressingRate": 0.0, "closingRate": 0.0, "postscriptRate": 0.0, "brutalRate": 0.0, "epistemicNum": 0, "investNum": 0, "conditionNum": 0, "weaselNum": 0, "peacockNum": 0, "hedgeNum": 0, "doxasticNum": 0, "epistemicRate": 0.0, "investRate": 0.0, "conditionRate": 0.0, "weaselRate": 0.0, "peacockRate": 0.0, "hedgeRate": 0.0, "doxasticRate": 0.0, "loveNum": 0, "anxietyNum": 0, "sorrowNum": 0, "joyNum": 0, "disgustNum": 0, "fearNum": 0, "surpriseNum": 0, "angerNum": 0, "loveRate": 0.0, "anxietyRate": 0.0, "sorrowRate": 0.0, "joyRate": 0.0, "disgustRate": 0.0, "fearRate": 0.0, "surpriseRate": 0.0, "angerRate": 0.0, "slangBeGeneralNum": 0, "slangBeCigaretteNum": 0, "slangBeHumanNum": 0, "slangBeVehicleNum": 0, "slangBeDrugNum": 0, "slangBvNum": 0, "slangBeGeneralRate": 0.0, "slangBeCigaretteRate": 0.0, "slangBeHumanRate": 0.0, "slangBeVehicleRate": 0.0, "slangBeDrugRate": 0.0, "slangBvRate": 0.0, "speechactNum": 0, "quoteNum": 1, "dashNum": 0, "publicNum": 0, "privateNum": 0, "suasiveNum": 0, "discMarkerNum": 0, "smileyNum": 0, "dateNum": 0, "hesitationNum": 0, "restartNum": 0, "repeatNum": 0, "conjBeforeDiscNum": 0, "conjAfterDiscNum": 0, "wordBeforeHesitationNum": 0, "wordAfterHesitationNum": 0, "otherCollocationNum": 0, "speechactRate": 0.0, "quoteRate": 0.003003003003003003, "dashRate": 0.0, "publicRate": 0.0, "privateRate": 0.0, "suasiveRate": 0.0, "discMarkerRate": 0.0, "smileyRate": 0.0, "dateRate": 0.0, "hesitationRate": 0.0, "restartRate": 0.0, "repeatRate": 0.0, "conjBeforeDiscRate": 0.0, "conjAfterDiscRate": 0.0, "wordBeforeHesitationRate": 0.0, "wordAfterHesitationRate": 0.0, "otherCollocationRate": 0.0, "easyWordNum": 322, "hardWordNum": 11, "easyWordRate": 0.9669669669669669, "hardWordRate": 0.03303303303303303, "fleschReadingEaseScore": 75.22957325746799, "gunningFogIndex": 7.023739529002687, "fleschKincaidGradeLevel": 7.120338232969814, "colemanLiauIndex": 8.608837837837836, "smogIndex": 6.588339656340683, "automatedReadabilityIndex": 6.8520768136557635, "linsearWriteIndex": 1.7501185395922239, "author": "", "locationNameNum": 0, "locationNameRate": 0.0, "personNameNum": 0, "personNameRate": 0.0, "organizationNameNum": 0, "organizationNameRate": 0.0, "misspelledNum": 0, "misspelledRate": 0.0, "missingAccentNum": 0, "missingAccentRate": 0.0, "foreignAccentNum": 0, "foreignAccentRate": 0.0, "wordConcatNum": 0, "wordConcatRate": 0.0, "jLyMistakeNum": 0, "jLyMistakeRate": 0.0, "publicVNum": 0, "partsNum": 110, "clauseWordNum": 49, "privateVNum": 0, "freqSuffixNum": 0}