{"tokenNum": 514, "sentenceNum": 31, "lemmaNum": 259, "lemmaRate": 0.5038910505836576, "sentenceLength": 16.580645161290324, "allUpperNum": 0, "firstUpperNum": 35, "allUpperRate": 0.0, "firstUpperRate": 0.06809338521400778, "declarSentNum": 28, "imperSentNum": 1, "questionNum": 2, "declarSentRate": 0.9032258064516129, "imperSentRate": 0.03225806451612903, "questionRate": 0.06451612903225806, "accent": true, "saturation": 3.7, "paragraphNum": 5, "nounNum": 106, "verbNum": 51, "adjNum": 73, "infNum": 6, "partPastNum": 4, "partPresNum": 6, "partFutNum": 0, "transNum": 1, "xNum": 6, "advNum": 40, "properNounNum": 3, "numNum": 0, "conjNum": 44, "punctNum": 83, "pronNum": 40, "relPronNum": 7, "demPronNum": 21, "adposNum": 4, "multiplePunctNum": 0, "phraseNum": 0, "nounRate": 0.20622568093385213, "verbRate": 0.09922178988326848, "adjRate": 0.14202334630350194, "infRate": 0.011673151750972763, "partPastRate": 0.007782101167315175, "partPresRate": 0.011673151750972763, "partFutRate": 0.0, "transRate": 0.0019455252918287938, "xRate": 0.011673151750972763, "advRate": 0.07782101167315175, "properNounRate": 0.005836575875486381, "numRate": 0.0, "conjRate": 0.08560311284046693, "punctRate": 0.1614785992217899, "pronRate": 0.07782101167315175, "relPronRate": 0.013618677042801557, "demPronRate": 0.04085603112840467, "adposRate": 0.007782101167315175, "multiplePunctRate": 0.0, "partsDensityRate": 3.857142857142857, "contentfulness": 8.709677419354838, "phraseRate": 0.0, "pastTenseNum": 2, "presentTenseNum": 43, "condNum": 3, "impNum": 6, "freqNum": 0, "causNum": 0, "modalNum": 2, "sg1VerbNum": 51, "sg2VerbNum": 51, "sg3VerbNum": 51, "pl1VerbNum": 51, "pl2VerbNum": 51, "pl3VerbNum": 51, "superlatNum": 0, "comparatNum": 1, "specDerivSuffixNum": 0, "pluralNounNum": 27, "pastTenseRate": 0.0392156862745098, "presentTenseRate": 0.8431372549019608, "condRate": 0.058823529411764705, "impRate": 0.11764705882352941, "freqRate": 0.0, "causRate": 0.0, "modalRate": 0.0392156862745098, "sg1VerbRate": 1.0, "sg2VerbRate": 1.0, "sg3VerbRate": 1.0, "pl1VerbRate": 1.0, "pl2VerbRate": 1.0, "pl3VerbRate": 1.0, "superlatRate": 0.0, "comparatRate": 0.0136986301369863, "specDerivSuffixRate": 0.0, "pluralNounRate": 0.25471698113207547, "subjNum": 38, "objNum": 16, "attNum": 50, "subordNum": 18, "adverbNum": 49, "coordNum": 38, "clauseNum": 70, "simpleNum": 9, "complexNum": 22, "complexity1Num": 13, "complexity2Num": 5, "complexity3Num": 2, "compoundNum": 0, "subjRate": 0.07392996108949416, "objRate": 0.0311284046692607, "attRate": 0.09727626459143969, "subordRate": 0.03501945525291829, "adverbRate": 0.09533073929961089, "coordRate": 0.07392996108949416, "partsRate": 2.7285714285714286, "clauseRate": 2.2580645161290325, "simpleRate": 0.2903225806451613, "complexRate": 0.7096774193548387, "complexity1Rate": 0.41935483870967744, "complexity2Rate": 0.16129032258064516, "complexity3Rate": 0.06451612903225806, "complexClauseRate": 2.772727272727273, "sentencesPerParagraph": 6.2, "wordsLengthRate": 5.842227378190255, "compoundRate": 0.0, "positiveNum": 0, "negativeNum": 0, "precoPositiveNum": 0, "precoNegativeNum": 0, "negemoNum": 0, "negationNum": 7, "functionNum": 244, "contentNum": 270, "vulgarNum": 0, "racistNum": 0, "specStyleNum": 0, "addressingNum": 0, "closingNum": 0, "postscriptNum": 0, "brutalNum": 0, "positiveRate": 0.0, "negativeRate": 0.0, "precoPositiveRate": 0.0, "precoNegativeRate": 0.0, "negemoRate": 0.0, "negationRate": 0.013618677042801557, "functionRate": 0.47470817120622566, "contentRate": 0.5252918287937743, "vulgarRate": 0.0, "racistRate": 0.0, "specStyleRate": 0.0, "addressingRate": 0.0, "closingRate": 0.0, "postscriptRate": 0.0, "brutalRate": 0.0, "epistemicNum": 0, "investNum": 0, "conditionNum": 0, "weaselNum": 0, "peacockNum": 0, "hedgeNum": 0, "doxasticNum": 0, "epistemicRate": 0.0, "investRate": 0.0, "conditionRate": 0.0, "weaselRate": 0.0, "peacockRate": 0.0, "hedgeRate": 0.0, "doxasticRate": 0.0, "loveNum": 0, "anxietyNum": 0, "sorrowNum": 0, "joyNum": 0, "disgustNum": 0, "fearNum": 0, "surpriseNum": 0, "angerNum": 0, "loveRate": 0.0, "anxietyRate": 0.0, "sorrowRate": 0.0, "joyRate": 0.0, "disgustRate": 0.0, "fearRate": 0.0, "surpriseRate": 0.0, "angerRate": 0.0, "slangBeGeneralNum": 0, "slangBeCigaretteNum": 0, "slangBeHumanNum": 0, "slangBeVehicleNum": 0, "slangBeDrugNum": 0, "slangBvNum": 0, "slangBeGeneralRate": 0.0, "slangBeCigaretteRate": 0.0, "slangBeHumanRate": 0.0, "slangBeVehicleRate": 0.0, "slangBeDrugRate": 0.0, "slangBvRate": 0.0, "speechactNum": 0, "quoteNum": 0, "dashNum": 2, "publicNum": 0, "privateNum": 0, "suasiveNum": 0, "discMarkerNum": 0, "smileyNum": 0, "dateNum": 0, "hesitationNum": 0, "restartNum": 0, "repeatNum": 0, "conjBeforeDiscNum": 0, "conjAfterDiscNum": 0, "wordBeforeHesitationNum": 0, "wordAfterHesitationNum": 0, "otherCollocationNum": 0, "speechactRate": 0.0, "quoteRate": 0.0, "dashRate": 0.0038910505836575876, "publicRate": 0.0, "privateRate": 0.0, "suasiveRate": 0.0, "discMarkerRate": 0.0, "smileyRate": 0.0, "dateRate": 0.0, "hesitationRate": 0.0, "restartRate": 0.0, "repeatRate": 0.0, "conjBeforeDiscRate": 0.0, "conjAfterDiscRate": 0.0, "wordBeforeHesitationRate": 0.0, "wordAfterHesitationRate": 0.0, "otherCollocationRate": 0.0, "easyWordNum": 469, "hardWordNum": 45, "easyWordRate": 0.9124513618677043, "hardWordRate": 0.08754863813229571, "fleschReadingEaseScore": 50.267512865570495, "gunningFogIndex": 6.667277519769049, "fleschKincaidGradeLevel": 10.36711309150245, "colemanLiauIndex": 13.879001945525289, "smogIndex": 10.011982343527215, "automatedReadabilityIndex": 10.593591063135435, "linsearWriteIndex": 0.8764905234090623, "author": "", "locationNameNum": 2, "locationNameRate": 0.0038910505836575876, "personNameNum": 0, "personNameRate": 0.0, "organizationNameNum": 0, "organizationNameRate": 0.0, "misspelledNum": 2, "misspelledRate": 0.0038910505836575876, "missingAccentNum": 1, "missingAccentRate": 0.0019455252918287938, "foreignAccentNum": 0, "foreignAccentRate": 0.0, "wordConcatNum": 0, "wordConcatRate": 0.0, "jLyMistakeNum": 0, "jLyMistakeRate": 0.0, "publicVNum": 0, "freqSuffixNum": 0, "partsNum": 191, "clauseWordNum": 70, "privateVNum": 0}