{"tokenNum": 468, "sentenceNum": 22, "lemmaNum": 214, "lemmaRate": 0.45726495726495725, "sentenceLength": 21.272727272727273, "allUpperNum": 0, "firstUpperNum": 22, "allUpperRate": 0.0, "firstUpperRate": 0.04700854700854701, "declarSentNum": 22, "imperSentNum": 0, "questionNum": 0, "declarSentRate": 1.0, "imperSentRate": 0.0, "questionRate": 0.0, "accent": true, "saturation": 3.754385964912281, "paragraphNum": 5, "nounNum": 92, "verbNum": 61, "adjNum": 53, "infNum": 10, "partPastNum": 0, "partPresNum": 5, "partFutNum": 0, "transNum": 0, "xNum": 5, "advNum": 39, "properNounNum": 0, "numNum": 0, "conjNum": 44, "punctNum": 65, "pronNum": 35, "relPronNum": 10, "demPronNum": 20, "adposNum": 7, "multiplePunctNum": 0, "phraseNum": 0, "nounRate": 0.19658119658119658, "verbRate": 0.13034188034188035, "adjRate": 0.11324786324786325, "infRate": 0.021367521367521368, "partPastRate": 0.0, "partPresRate": 0.010683760683760684, "partFutRate": 0.0, "transRate": 0.0, "xRate": 0.010683760683760684, "advRate": 0.08333333333333333, "properNounRate": 0.0, "numRate": 0.0, "conjRate": 0.09401709401709402, "punctRate": 0.1388888888888889, "pronRate": 0.07478632478632478, "relPronRate": 0.021367521367521368, "demPronRate": 0.042735042735042736, "adposRate": 0.014957264957264958, "multiplePunctRate": 0.0, "partsDensityRate": 4.298245614035087, "contentfulness": 11.136363636363637, "phraseRate": 0.0, "pastTenseNum": 11, "presentTenseNum": 40, "condNum": 1, "impNum": 4, "freqNum": 0, "causNum": 0, "modalNum": 2, "sg1VerbNum": 61, "sg2VerbNum": 61, "sg3VerbNum": 61, "pl1VerbNum": 61, "pl2VerbNum": 61, "pl3VerbNum": 61, "superlatNum": 0, "comparatNum": 2, "specDerivSuffixNum": 0, "pluralNounNum": 28, "pastTenseRate": 0.18032786885245902, "presentTenseRate": 0.6557377049180327, "condRate": 0.01639344262295082, "impRate": 0.06557377049180328, "freqRate": 0.0, "causRate": 0.0, "modalRate": 0.03278688524590164, "sg1VerbRate": 1.0, "sg2VerbRate": 1.0, "sg3VerbRate": 1.0, "pl1VerbRate": 1.0, "pl2VerbRate": 1.0, "pl3VerbRate": 1.0, "superlatRate": 0.0, "comparatRate": 0.03773584905660377, "specDerivSuffixRate": 0.0, "pluralNounRate": 0.30434782608695654, "subjNum": 24, "objNum": 29, "attNum": 32, "subordNum": 26, "adverbNum": 53, "coordNum": 22, "clauseNum": 57, "simpleNum": 2, "complexNum": 20, "complexity1Num": 8, "complexity2Num": 9, "complexity3Num": 3, "compoundNum": 0, "subjRate": 0.05128205128205128, "objRate": 0.06196581196581197, "attRate": 0.06837606837606838, "subordRate": 0.05555555555555555, "adverbRate": 0.11324786324786325, "coordRate": 0.04700854700854701, "partsRate": 2.807017543859649, "clauseRate": 2.590909090909091, "simpleRate": 0.09090909090909091, "complexRate": 0.9090909090909091, "complexity1Rate": 0.36363636363636365, "complexity2Rate": 0.4090909090909091, "complexity3Rate": 0.13636363636363635, "complexClauseRate": 2.75, "sentencesPerParagraph": 4.4, "wordsLengthRate": 5.727047146401985, "compoundRate": 0.0, "positiveNum": 0, "negativeNum": 0, "precoPositiveNum": 0, "precoNegativeNum": 0, "negemoNum": 0, "negationNum": 4, "functionNum": 223, "contentNum": 245, "vulgarNum": 0, "racistNum": 0, "specStyleNum": 0, "addressingNum": 0, "closingNum": 0, "postscriptNum": 0, "brutalNum": 0, "positiveRate": 0.0, "negativeRate": 0.0, "precoPositiveRate": 0.0, "precoNegativeRate": 0.0, "negemoRate": 0.0, "negationRate": 0.008547008547008548, "functionRate": 0.47649572649572647, "contentRate": 0.5235042735042735, "vulgarRate": 0.0, "racistRate": 0.0, "specStyleRate": 0.0, "addressingRate": 0.0, "closingRate": 0.0, "postscriptRate": 0.0, "brutalRate": 0.0, "epistemicNum": 0, "investNum": 0, "conditionNum": 0, "weaselNum": 0, "peacockNum": 0, "hedgeNum": 0, "doxasticNum": 0, "epistemicRate": 0.0, "investRate": 0.0, "conditionRate": 0.0, "weaselRate": 0.0, "peacockRate": 0.0, "hedgeRate": 0.0, "doxasticRate": 0.0, "loveNum": 0, "anxietyNum": 0, "sorrowNum": 0, "joyNum": 0, "disgustNum": 0, "fearNum": 0, "surpriseNum": 0, "angerNum": 0, "loveRate": 0.0, "anxietyRate": 0.0, "sorrowRate": 0.0, "joyRate": 0.0, "disgustRate": 0.0, "fearRate": 0.0, "surpriseRate": 0.0, "angerRate": 0.0, "slangBeGeneralNum": 0, "slangBeCigaretteNum": 0, "slangBeHumanNum": 0, "slangBeVehicleNum": 0, "slangBeDrugNum": 0, "slangBvNum": 0, "slangBeGeneralRate": 0.0, "slangBeCigaretteRate": 0.0, "slangBeHumanRate": 0.0, "slangBeVehicleRate": 0.0, "slangBeDrugRate": 0.0, "slangBvRate": 0.0, "speechactNum": 0, "quoteNum": 0, "dashNum": 0, "publicNum": 0, "privateNum": 0, "suasiveNum": 0, "discMarkerNum": 0, "smileyNum": 0, "dateNum": 0, "hesitationNum": 0, "restartNum": 0, "repeatNum": 0, "conjBeforeDiscNum": 0, "conjAfterDiscNum": 0, "wordBeforeHesitationNum": 0, "wordAfterHesitationNum": 0, "otherCollocationNum": 0, "speechactRate": 0.0, "quoteRate": 0.0, "dashRate": 0.0, "publicRate": 0.0, "privateRate": 0.0, "suasiveRate": 0.0, "discMarkerRate": 0.0, "smileyRate": 0.0, "dateRate": 0.0, "hesitationRate": 0.0, "restartRate": 0.0, "repeatRate": 0.0, "conjBeforeDiscRate": 0.0, "conjAfterDiscRate": 0.0, "wordBeforeHesitationRate": 0.0, "wordAfterHesitationRate": 0.0, "otherCollocationRate": 0.0, "easyWordNum": 423, "hardWordNum": 45, "easyWordRate": 0.9038461538461539, "hardWordRate": 0.09615384615384616, "fleschReadingEaseScore": 43.881643356643366, "gunningFogIndex": 8.547552447552448, "fleschKincaidGradeLevel": 12.423457653457657, "colemanLiauIndex": 13.939324786324786, "smogIndex": 10.125756701596842, "automatedReadabilityIndex": 12.98783799533799, "linsearWriteIndex": 1.6855089355089352, "author": "", "locationNameNum": 0, "locationNameRate": 0.0, "personNameNum": 0, "personNameRate": 0.0, "organizationNameNum": 0, "organizationNameRate": 0.0, "misspelledNum": 5, "misspelledRate": 0.010683760683760684, "missingAccentNum": 1, "missingAccentRate": 0.002136752136752137, "foreignAccentNum": 1, "foreignAccentRate": 0.002136752136752137, "wordConcatNum": 3, "wordConcatRate": 0.00641025641025641, "jLyMistakeNum": 0, "jLyMistakeRate": 0.0, "publicVNum": 0, "freqSuffixNum": 0, "partsNum": 160, "clauseWordNum": 57, "privateVNum": 0}