{"tokenNum": 432, "sentenceNum": 20, "lemmaNum": 185, "lemmaRate": 0.42824074074074076, "sentenceLength": 21.6, "allUpperNum": 0, "firstUpperNum": 20, "allUpperRate": 0.0, "firstUpperRate": 0.046296296296296294, "declarSentNum": 20, "imperSentNum": 0, "questionNum": 0, "declarSentRate": 1.0, "imperSentRate": 0.0, "questionRate": 0.0, "accent": true, "saturation": 3.425925925925926, "paragraphNum": 5, "nounNum": 93, "verbNum": 52, "adjNum": 50, "infNum": 16, "partPastNum": 0, "partPresNum": 1, "partFutNum": 0, "transNum": 2, "xNum": 5, "advNum": 30, "properNounNum": 0, "numNum": 2, "conjNum": 53, "punctNum": 63, "pronNum": 16, "relPronNum": 5, "demPronNum": 13, "adposNum": 2, "multiplePunctNum": 0, "phraseNum": 0, "nounRate": 0.2152777777777778, "verbRate": 0.12037037037037036, "adjRate": 0.11574074074074074, "infRate": 0.037037037037037035, "partPastRate": 0.0, "partPresRate": 0.0023148148148148147, "partFutRate": 0.0, "transRate": 0.004629629629629629, "xRate": 0.011574074074074073, "advRate": 0.06944444444444445, "properNounRate": 0.0, "numRate": 0.004629629629629629, "conjRate": 0.12268518518518519, "punctRate": 0.14583333333333334, "pronRate": 0.037037037037037035, "relPronRate": 0.011574074074074073, "demPronRate": 0.03009259259259259, "adposRate": 0.004629629629629629, "multiplePunctRate": 0.0, "partsDensityRate": 4.166666666666667, "contentfulness": 11.25, "phraseRate": 0.0, "pastTenseNum": 0, "presentTenseNum": 36, "condNum": 2, "impNum": 6, "freqNum": 0, "causNum": 0, "modalNum": 4, "sg1VerbNum": 52, "sg2VerbNum": 52, "sg3VerbNum": 52, "pl1VerbNum": 52, "pl2VerbNum": 52, "pl3VerbNum": 52, "superlatNum": 2, "comparatNum": 2, "specDerivSuffixNum": 0, "pluralNounNum": 15, "pastTenseRate": 0.0, "presentTenseRate": 0.6923076923076923, "condRate": 0.038461538461538464, "impRate": 0.11538461538461539, "freqRate": 0.0, "causRate": 0.0, "modalRate": 0.07692307692307693, "sg1VerbRate": 1.0, "sg2VerbRate": 1.0, "sg3VerbRate": 1.0, "pl1VerbRate": 1.0, "pl2VerbRate": 1.0, "pl3VerbRate": 1.0, "superlatRate": 0.04, "comparatRate": 0.04, "specDerivSuffixRate": 0.0, "pluralNounRate": 0.16129032258064516, "subjNum": 28, "objNum": 19, "attNum": 21, "subordNum": 22, "adverbNum": 45, "coordNum": 36, "clauseNum": 54, "simpleNum": 5, "complexNum": 15, "complexity1Num": 4, "complexity2Num": 6, "complexity3Num": 4, "compoundNum": 0, "subjRate": 0.06481481481481481, "objRate": 0.04398148148148148, "attRate": 0.04861111111111111, "subordRate": 0.05092592592592592, "adverbRate": 0.10416666666666667, "coordRate": 0.08333333333333333, "partsRate": 2.759259259259259, "clauseRate": 2.7, "simpleRate": 0.25, "complexRate": 0.75, "complexity1Rate": 0.2, "complexity2Rate": 0.3, "complexity3Rate": 0.2, "complexClauseRate": 3.2666666666666666, "sentencesPerParagraph": 4.0, "wordsLengthRate": 6.018970189701897, "compoundRate": 0.0, "positiveNum": 0, "negativeNum": 0, "precoPositiveNum": 0, "precoNegativeNum": 0, "negemoNum": 0, "negationNum": 7, "functionNum": 207, "contentNum": 225, "vulgarNum": 0, "racistNum": 0, "specStyleNum": 0, "addressingNum": 0, "closingNum": 0, "postscriptNum": 0, "brutalNum": 0, "positiveRate": 0.0, "negativeRate": 0.0, "precoPositiveRate": 0.0, "precoNegativeRate": 0.0, "negemoRate": 0.0, "negationRate": 0.016203703703703703, "functionRate": 0.4791666666666667, "contentRate": 0.5208333333333334, "vulgarRate": 0.0, "racistRate": 0.0, "specStyleRate": 0.0, "addressingRate": 0.0, "closingRate": 0.0, "postscriptRate": 0.0, "brutalRate": 0.0, "epistemicNum": 0, "investNum": 0, "conditionNum": 0, "weaselNum": 0, "peacockNum": 0, "hedgeNum": 0, "doxasticNum": 0, "epistemicRate": 0.0, "investRate": 0.0, "conditionRate": 0.0, "weaselRate": 0.0, "peacockRate": 0.0, "hedgeRate": 0.0, "doxasticRate": 0.0, "loveNum": 0, "anxietyNum": 0, "sorrowNum": 0, "joyNum": 0, "disgustNum": 0, "fearNum": 0, "surpriseNum": 0, "angerNum": 0, "loveRate": 0.0, "anxietyRate": 0.0, "sorrowRate": 0.0, "joyRate": 0.0, "disgustRate": 0.0, "fearRate": 0.0, "surpriseRate": 0.0, "angerRate": 0.0, "slangBeGeneralNum": 0, "slangBeCigaretteNum": 0, "slangBeHumanNum": 0, "slangBeVehicleNum": 0, "slangBeDrugNum": 0, "slangBvNum": 0, "slangBeGeneralRate": 0.0, "slangBeCigaretteRate": 0.0, "slangBeHumanRate": 0.0, "slangBeVehicleRate": 0.0, "slangBeDrugRate": 0.0, "slangBvRate": 0.0, "speechactNum": 0, "quoteNum": 0, "dashNum": 0, "publicNum": 0, "privateNum": 0, "suasiveNum": 0, "discMarkerNum": 0, "smileyNum": 0, "dateNum": 0, "hesitationNum": 0, "restartNum": 0, "repeatNum": 0, "conjBeforeDiscNum": 0, "conjAfterDiscNum": 0, "wordBeforeHesitationNum": 0, "wordAfterHesitationNum": 0, "otherCollocationNum": 0, "speechactRate": 0.0, "quoteRate": 0.0, "dashRate": 0.0, "publicRate": 0.0, "privateRate": 0.0, "suasiveRate": 0.0, "discMarkerRate": 0.0, "smileyRate": 0.0, "dateRate": 0.0, "hesitationRate": 0.0, "restartRate": 0.0, "repeatRate": 0.0, "conjBeforeDiscRate": 0.0, "conjAfterDiscRate": 0.0, "wordBeforeHesitationRate": 0.0, "wordAfterHesitationRate": 0.0, "otherCollocationRate": 0.0, "easyWordNum": 392, "hardWordNum": 40, "easyWordRate": 0.9074074074074074, "hardWordRate": 0.09259259259259259, "fleschReadingEaseScore": 39.60266666666669, "gunningFogIndex": 8.677037037037037, "fleschKincaidGradeLevel": 13.101592592592592, "colemanLiauIndex": 15.20416666666667, "smogIndex": 9.725611199111238, "automatedReadabilityIndex": 14.162916666666668, "linsearWriteIndex": 1.9340277777777777, "author": "", "locationNameNum": 0, "locationNameRate": 0.0, "personNameNum": 0, "personNameRate": 0.0, "organizationNameNum": 0, "organizationNameRate": 0.0, "misspelledNum": 2, "misspelledRate": 0.004629629629629629, "missingAccentNum": 2, "missingAccentRate": 0.004629629629629629, "foreignAccentNum": 0, "foreignAccentRate": 0.0, "wordConcatNum": 0, "wordConcatRate": 0.0, "jLyMistakeNum": 0, "jLyMistakeRate": 0.0, "publicVNum": 0, "freqSuffixNum": 0, "partsNum": 149, "clauseWordNum": 54, "privateVNum": 0}