{"tokenNum": 449, "sentenceNum": 22, "lemmaNum": 208, "lemmaRate": 0.46325167037861914, "sentenceLength": 20.40909090909091, "allUpperNum": 0, "firstUpperNum": 22, "allUpperRate": 0.0, "firstUpperRate": 0.04899777282850779, "declarSentNum": 22, "imperSentNum": 0, "questionNum": 0, "declarSentRate": 1.0, "imperSentRate": 0.0, "questionRate": 0.0, "accent": true, "saturation": 3.1515151515151514, "paragraphNum": 4, "nounNum": 75, "verbNum": 57, "adjNum": 53, "infNum": 7, "partPastNum": 1, "partPresNum": 4, "partFutNum": 0, "transNum": 2, "xNum": 4, "advNum": 48, "properNounNum": 0, "numNum": 1, "conjNum": 40, "punctNum": 81, "pronNum": 36, "relPronNum": 13, "demPronNum": 21, "adposNum": 3, "multiplePunctNum": 0, "phraseNum": 0, "nounRate": 0.16703786191536749, "verbRate": 0.12694877505567928, "adjRate": 0.11804008908685969, "infRate": 0.015590200445434299, "partPastRate": 0.0022271714922048997, "partPresRate": 0.008908685968819599, "partFutRate": 0.0, "transRate": 0.004454342984409799, "xRate": 0.008908685968819599, "advRate": 0.10690423162583519, "properNounRate": 0.0, "numRate": 0.0022271714922048997, "conjRate": 0.08908685968819599, "punctRate": 0.18040089086859687, "pronRate": 0.0801781737193764, "relPronRate": 0.028953229398663696, "demPronRate": 0.0467706013363029, "adposRate": 0.0066815144766146995, "multiplePunctRate": 0.0, "partsDensityRate": 3.5303030303030303, "contentfulness": 10.590909090909092, "phraseRate": 0.0, "pastTenseNum": 1, "presentTenseNum": 49, "condNum": 4, "impNum": 4, "freqNum": 0, "causNum": 0, "modalNum": 3, "sg1VerbNum": 57, "sg2VerbNum": 57, "sg3VerbNum": 57, "pl1VerbNum": 57, "pl2VerbNum": 57, "pl3VerbNum": 57, "superlatNum": 1, "comparatNum": 0, "specDerivSuffixNum": 0, "pluralNounNum": 8, "pastTenseRate": 0.017543859649122806, "presentTenseRate": 0.8596491228070176, "condRate": 0.07017543859649122, "impRate": 0.07017543859649122, "freqRate": 0.0, "causRate": 0.0, "modalRate": 0.05263157894736842, "sg1VerbRate": 1.0, "sg2VerbRate": 1.0, "sg3VerbRate": 1.0, "pl1VerbRate": 1.0, "pl2VerbRate": 1.0, "pl3VerbRate": 1.0, "superlatRate": 0.018867924528301886, "comparatRate": 0.0, "specDerivSuffixRate": 0.0, "pluralNounRate": 0.10666666666666667, "subjNum": 35, "objNum": 26, "attNum": 23, "subordNum": 25, "adverbNum": 60, "coordNum": 22, "clauseNum": 66, "simpleNum": 3, "complexNum": 19, "complexity1Num": 7, "complexity2Num": 5, "complexity3Num": 2, "compoundNum": 0, "subjRate": 0.0779510022271715, "objRate": 0.05790645879732739, "attRate": 0.051224944320712694, "subordRate": 0.0556792873051225, "adverbRate": 0.133630289532294, "coordRate": 0.04899777282850779, "partsRate": 2.515151515151515, "clauseRate": 3.0, "simpleRate": 0.13636363636363635, "complexRate": 0.8636363636363636, "complexity1Rate": 0.3181818181818182, "complexity2Rate": 0.22727272727272727, "complexity3Rate": 0.09090909090909091, "complexClauseRate": 3.3157894736842106, "sentencesPerParagraph": 5.5, "wordsLengthRate": 5.448369565217392, "compoundRate": 0.0, "positiveNum": 0, "negativeNum": 0, "precoPositiveNum": 0, "precoNegativeNum": 0, "negemoNum": 0, "negationNum": 8, "functionNum": 216, "contentNum": 233, "vulgarNum": 0, "racistNum": 0, "specStyleNum": 0, "addressingNum": 0, "closingNum": 0, "postscriptNum": 0, "brutalNum": 0, "positiveRate": 0.0, "negativeRate": 0.0, "precoPositiveRate": 0.0, "precoNegativeRate": 0.0, "negemoRate": 0.0, "negationRate": 0.017817371937639197, "functionRate": 0.48106904231625836, "contentRate": 0.5189309576837416, "vulgarRate": 0.0, "racistRate": 0.0, "specStyleRate": 0.0, "addressingRate": 0.0, "closingRate": 0.0, "postscriptRate": 0.0, "brutalRate": 0.0, "epistemicNum": 0, "investNum": 0, "conditionNum": 0, "weaselNum": 0, "peacockNum": 0, "hedgeNum": 0, "doxasticNum": 0, "epistemicRate": 0.0, "investRate": 0.0, "conditionRate": 0.0, "weaselRate": 0.0, "peacockRate": 0.0, "hedgeRate": 0.0, "doxasticRate": 0.0, "loveNum": 0, "anxietyNum": 0, "sorrowNum": 0, "joyNum": 0, "disgustNum": 0, "fearNum": 0, "surpriseNum": 0, "angerNum": 0, "loveRate": 0.0, "anxietyRate": 0.0, "sorrowRate": 0.0, "joyRate": 0.0, "disgustRate": 0.0, "fearRate": 0.0, "surpriseRate": 0.0, "angerRate": 0.0, "slangBeGeneralNum": 0, "slangBeCigaretteNum": 0, "slangBeHumanNum": 0, "slangBeVehicleNum": 0, "slangBeDrugNum": 0, "slangBvNum": 0, "slangBeGeneralRate": 0.0, "slangBeCigaretteRate": 0.0, "slangBeHumanRate": 0.0, "slangBeVehicleRate": 0.0, "slangBeDrugRate": 0.0, "slangBvRate": 0.0, "speechactNum": 0, "quoteNum": 0, "dashNum": 0, "publicNum": 0, "privateNum": 0, "suasiveNum": 0, "discMarkerNum": 0, "smileyNum": 0, "dateNum": 0, "hesitationNum": 0, "restartNum": 0, "repeatNum": 0, "conjBeforeDiscNum": 0, "conjAfterDiscNum": 0, "wordBeforeHesitationNum": 0, "wordAfterHesitationNum": 0, "otherCollocationNum": 0, "speechactRate": 0.0, "quoteRate": 0.0, "dashRate": 0.0, "publicRate": 0.0, "privateRate": 0.0, "suasiveRate": 0.0, "discMarkerRate": 0.0, "smileyRate": 0.0, "dateRate": 0.0, "hesitationRate": 0.0, "restartRate": 0.0, "repeatRate": 0.0, "conjBeforeDiscRate": 0.0, "conjAfterDiscRate": 0.0, "wordBeforeHesitationRate": 0.0, "wordAfterHesitationRate": 0.0, "otherCollocationRate": 0.0, "easyWordNum": 423, "hardWordNum": 26, "easyWordRate": 0.9420935412026726, "hardWordRate": 0.05790645879732739, "fleschReadingEaseScore": 59.87923820611462, "gunningFogIndex": 8.186798947155294, "fleschKincaidGradeLevel": 9.977563271917393, "colemanLiauIndex": 11.45914031180401, "smogIndex": 8.447377352677275, "automatedReadabilityIndex": 10.572719173921847, "linsearWriteIndex": 1.5156914355132618, "author": "", "locationNameNum": 0, "locationNameRate": 0.0, "personNameNum": 0, "personNameRate": 0.0, "organizationNameNum": 0, "organizationNameRate": 0.0, "misspelledNum": 0, "misspelledRate": 0.0, "missingAccentNum": 0, "missingAccentRate": 0.0, "foreignAccentNum": 0, "foreignAccentRate": 0.0, "wordConcatNum": 0, "wordConcatRate": 0.0, "jLyMistakeNum": 0, "jLyMistakeRate": 0.0, "publicVNum": 0, "freqSuffixNum": 0, "partsNum": 166, "clauseWordNum": 66, "privateVNum": 0}