{"tokenNum": 398, "sentenceNum": 21, "lemmaNum": 168, "lemmaRate": 0.4221105527638191, "sentenceLength": 18.952380952380953, "allUpperNum": 0, "firstUpperNum": 22, "allUpperRate": 0.0, "firstUpperRate": 0.05527638190954774, "declarSentNum": 21, "imperSentNum": 0, "questionNum": 0, "declarSentRate": 1.0, "imperSentRate": 0.0, "questionRate": 0.0, "accent": true, "saturation": 2.8, "paragraphNum": 5, "nounNum": 64, "verbNum": 60, "adjNum": 51, "infNum": 6, "partPastNum": 1, "partPresNum": 7, "partFutNum": 0, "transNum": 0, "xNum": 5, "advNum": 25, "properNounNum": 0, "numNum": 0, "conjNum": 53, "punctNum": 69, "pronNum": 18, "relPronNum": 8, "demPronNum": 9, "adposNum": 0, "multiplePunctNum": 0, "phraseNum": 0, "nounRate": 0.16080402010050251, "verbRate": 0.1507537688442211, "adjRate": 0.12814070351758794, "infRate": 0.01507537688442211, "partPastRate": 0.002512562814070352, "partPresRate": 0.017587939698492462, "partFutRate": 0.0, "transRate": 0.0, "xRate": 0.01256281407035176, "advRate": 0.06281407035175879, "properNounRate": 0.0, "numRate": 0.0, "conjRate": 0.13316582914572864, "punctRate": 0.17336683417085427, "pronRate": 0.04522613065326633, "relPronRate": 0.020100502512562814, "demPronRate": 0.022613065326633167, "adposRate": 0.0, "multiplePunctRate": 0.0, "partsDensityRate": 3.3333333333333335, "contentfulness": 9.523809523809524, "phraseRate": 0.0, "pastTenseNum": 1, "presentTenseNum": 53, "condNum": 1, "impNum": 6, "freqNum": 0, "causNum": 0, "modalNum": 2, "sg1VerbNum": 60, "sg2VerbNum": 60, "sg3VerbNum": 60, "pl1VerbNum": 60, "pl2VerbNum": 60, "pl3VerbNum": 60, "superlatNum": 1, "comparatNum": 3, "specDerivSuffixNum": 0, "pluralNounNum": 13, "pastTenseRate": 0.016666666666666666, "presentTenseRate": 0.8833333333333333, "condRate": 0.016666666666666666, "impRate": 0.1, "freqRate": 0.0, "causRate": 0.0, "modalRate": 0.03333333333333333, "sg1VerbRate": 1.0, "sg2VerbRate": 1.0, "sg3VerbRate": 1.0, "pl1VerbRate": 1.0, "pl2VerbRate": 1.0, "pl3VerbRate": 1.0, "superlatRate": 0.0196078431372549, "comparatRate": 0.058823529411764705, "specDerivSuffixRate": 0.0, "pluralNounRate": 0.203125, "subjNum": 20, "objNum": 18, "attNum": 13, "subordNum": 17, "adverbNum": 39, "coordNum": 39, "clauseNum": 60, "simpleNum": 3, "complexNum": 18, "complexity1Num": 7, "complexity2Num": 5, "complexity3Num": 3, "compoundNum": 0, "subjRate": 0.05025125628140704, "objRate": 0.04522613065326633, "attRate": 0.032663316582914576, "subordRate": 0.04271356783919598, "adverbRate": 0.09798994974874371, "coordRate": 0.09798994974874371, "partsRate": 2.15, "clauseRate": 2.857142857142857, "simpleRate": 0.14285714285714285, "complexRate": 0.8571428571428571, "complexity1Rate": 0.3333333333333333, "complexity2Rate": 0.23809523809523808, "complexity3Rate": 0.14285714285714285, "complexClauseRate": 3.1666666666666665, "sentencesPerParagraph": 4.2, "wordsLengthRate": 5.775075987841945, "compoundRate": 0.0, "positiveNum": 0, "negativeNum": 0, "precoPositiveNum": 0, "precoNegativeNum": 0, "negemoNum": 0, "negationNum": 2, "functionNum": 198, "contentNum": 200, "vulgarNum": 0, "racistNum": 0, "specStyleNum": 0, "addressingNum": 0, "closingNum": 0, "postscriptNum": 0, "brutalNum": 0, "positiveRate": 0.0, "negativeRate": 0.0, "precoPositiveRate": 0.0, "precoNegativeRate": 0.0, "negemoRate": 0.0, "negationRate": 0.005025125628140704, "functionRate": 0.49748743718592964, "contentRate": 0.5025125628140703, "vulgarRate": 0.0, "racistRate": 0.0, "specStyleRate": 0.0, "addressingRate": 0.0, "closingRate": 0.0, "postscriptRate": 0.0, "brutalRate": 0.0, "epistemicNum": 0, "investNum": 0, "conditionNum": 0, "weaselNum": 0, "peacockNum": 0, "hedgeNum": 0, "doxasticNum": 0, "epistemicRate": 0.0, "investRate": 0.0, "conditionRate": 0.0, "weaselRate": 0.0, "peacockRate": 0.0, "hedgeRate": 0.0, "doxasticRate": 0.0, "loveNum": 0, "anxietyNum": 0, "sorrowNum": 0, "joyNum": 0, "disgustNum": 0, "fearNum": 0, "surpriseNum": 0, "angerNum": 0, "loveRate": 0.0, "anxietyRate": 0.0, "sorrowRate": 0.0, "joyRate": 0.0, "disgustRate": 0.0, "fearRate": 0.0, "surpriseRate": 0.0, "angerRate": 0.0, "slangBeGeneralNum": 0, "slangBeCigaretteNum": 0, "slangBeHumanNum": 0, "slangBeVehicleNum": 0, "slangBeDrugNum": 0, "slangBvNum": 0, "slangBeGeneralRate": 0.0, "slangBeCigaretteRate": 0.0, "slangBeHumanRate": 0.0, "slangBeVehicleRate": 0.0, "slangBeDrugRate": 0.0, "slangBvRate": 0.0, "speechactNum": 0, "quoteNum": 1, "dashNum": 0, "publicNum": 0, "privateNum": 0, "suasiveNum": 0, "discMarkerNum": 0, "smileyNum": 0, "dateNum": 0, "hesitationNum": 0, "restartNum": 0, "repeatNum": 0, "conjBeforeDiscNum": 0, "conjAfterDiscNum": 0, "wordBeforeHesitationNum": 0, "wordAfterHesitationNum": 0, "otherCollocationNum": 0, "speechactRate": 0.0, "quoteRate": 0.002512562814070352, "dashRate": 0.0, "publicRate": 0.0, "privateRate": 0.0, "suasiveRate": 0.0, "discMarkerRate": 0.0, "smileyRate": 0.0, "dateRate": 0.0, "hesitationRate": 0.0, "restartRate": 0.0, "repeatRate": 0.0, "conjBeforeDiscRate": 0.0, "conjAfterDiscRate": 0.0, "wordBeforeHesitationRate": 0.0, "wordAfterHesitationRate": 0.0, "otherCollocationRate": 0.0, "easyWordNum": 355, "hardWordNum": 43, "easyWordRate": 0.8919597989949749, "hardWordRate": 0.10804020100502512, "fleschReadingEaseScore": 49.43250418760471, "gunningFogIndex": 7.624168461354391, "fleschKincaidGradeLevel": 11.07278535534817, "colemanLiauIndex": 13.191072864321605, "smogIndex": 9.968508380846986, "automatedReadabilityIndex": 11.229331179708062, "linsearWriteIndex": 1.8655180665230913, "author": "", "locationNameNum": 0, "locationNameRate": 0.0, "personNameNum": 0, "personNameRate": 0.0, "organizationNameNum": 0, "organizationNameRate": 0.0, "misspelledNum": 2, "misspelledRate": 0.005025125628140704, "missingAccentNum": 0, "missingAccentRate": 0.0, "foreignAccentNum": 0, "foreignAccentRate": 0.0, "wordConcatNum": 1, "wordConcatRate": 0.002512562814070352, "jLyMistakeNum": 0, "jLyMistakeRate": 0.0, "publicVNum": 0, "freqSuffixNum": 0, "partsNum": 129, "clauseWordNum": 60, "privateVNum": 0}