{"tokenNum": 498, "sentenceNum": 19, "lemmaNum": 249, "lemmaRate": 0.5, "sentenceLength": 26.210526315789473, "allUpperNum": 0, "firstUpperNum": 19, "allUpperRate": 0.0, "firstUpperRate": 0.03815261044176707, "declarSentNum": 18, "imperSentNum": 0, "questionNum": 1, "declarSentRate": 0.9473684210526315, "imperSentRate": 0.0, "questionRate": 0.05263157894736842, "accent": true, "saturation": 3.716417910447761, "paragraphNum": 4, "nounNum": 100, "verbNum": 65, "adjNum": 37, "infNum": 6, "partPastNum": 2, "partPresNum": 1, "partFutNum": 0, "transNum": 0, "xNum": 4, "advNum": 60, "properNounNum": 0, "numNum": 0, "conjNum": 38, "punctNum": 81, "pronNum": 34, "relPronNum": 15, "demPronNum": 18, "adposNum": 6, "multiplePunctNum": 0, "phraseNum": 0, "nounRate": 0.20080321285140562, "verbRate": 0.13052208835341367, "adjRate": 0.07429718875502007, "infRate": 0.012048192771084338, "partPastRate": 0.004016064257028112, "partPresRate": 0.002008032128514056, "partFutRate": 0.0, "transRate": 0.0, "xRate": 0.008032128514056224, "advRate": 0.12048192771084337, "properNounRate": 0.0, "numRate": 0.0, "conjRate": 0.07630522088353414, "punctRate": 0.16265060240963855, "pronRate": 0.06827309236947791, "relPronRate": 0.030120481927710843, "demPronRate": 0.03614457831325301, "adposRate": 0.012048192771084338, "multiplePunctRate": 0.0, "partsDensityRate": 3.91044776119403, "contentfulness": 13.789473684210526, "phraseRate": 0.0, "pastTenseNum": 2, "presentTenseNum": 57, "condNum": 9, "impNum": 4, "freqNum": 0, "causNum": 0, "modalNum": 1, "sg1VerbNum": 65, "sg2VerbNum": 65, "sg3VerbNum": 65, "pl1VerbNum": 65, "pl2VerbNum": 65, "pl3VerbNum": 65, "superlatNum": 0, "comparatNum": 4, "specDerivSuffixNum": 0, "pluralNounNum": 13, "pastTenseRate": 0.03076923076923077, "presentTenseRate": 0.8769230769230769, "condRate": 0.13846153846153847, "impRate": 0.06153846153846154, "freqRate": 0.0, "causRate": 0.0, "modalRate": 0.015384615384615385, "sg1VerbRate": 1.0, "sg2VerbRate": 1.0, "sg3VerbRate": 1.0, "pl1VerbRate": 1.0, "pl2VerbRate": 1.0, "pl3VerbRate": 1.0, "superlatRate": 0.0, "comparatRate": 0.10810810810810811, "specDerivSuffixRate": 0.0, "pluralNounRate": 0.13, "subjNum": 46, "objNum": 22, "attNum": 23, "subordNum": 27, "adverbNum": 64, "coordNum": 29, "clauseNum": 67, "simpleNum": 1, "complexNum": 18, "complexity1Num": 6, "complexity2Num": 1, "complexity3Num": 6, "compoundNum": 0, "subjRate": 0.09236947791164658, "objRate": 0.04417670682730924, "attRate": 0.04618473895582329, "subordRate": 0.05421686746987952, "adverbRate": 0.1285140562248996, "coordRate": 0.05823293172690763, "partsRate": 2.746268656716418, "clauseRate": 3.526315789473684, "simpleRate": 0.05263157894736842, "complexRate": 0.9473684210526315, "complexity1Rate": 0.3157894736842105, "complexity2Rate": 0.05263157894736842, "complexity3Rate": 0.3157894736842105, "complexClauseRate": 3.6666666666666665, "sentencesPerParagraph": 4.75, "wordsLengthRate": 5.3261390887290165, "compoundRate": 0.0, "positiveNum": 0, "negativeNum": 0, "precoPositiveNum": 0, "precoNegativeNum": 0, "negemoNum": 0, "negationNum": 4, "functionNum": 236, "contentNum": 262, "vulgarNum": 0, "racistNum": 0, "specStyleNum": 0, "addressingNum": 0, "closingNum": 0, "postscriptNum": 0, "brutalNum": 0, "positiveRate": 0.0, "negativeRate": 0.0, "precoPositiveRate": 0.0, "precoNegativeRate": 0.0, "negemoRate": 0.0, "negationRate": 0.008032128514056224, "functionRate": 0.4738955823293173, "contentRate": 0.5261044176706827, "vulgarRate": 0.0, "racistRate": 0.0, "specStyleRate": 0.0, "addressingRate": 0.0, "closingRate": 0.0, "postscriptRate": 0.0, "brutalRate": 0.0, "epistemicNum": 0, "investNum": 0, "conditionNum": 0, "weaselNum": 0, "peacockNum": 0, "hedgeNum": 0, "doxasticNum": 0, "epistemicRate": 0.0, "investRate": 0.0, "conditionRate": 0.0, "weaselRate": 0.0, "peacockRate": 0.0, "hedgeRate": 0.0, "doxasticRate": 0.0, "loveNum": 0, "anxietyNum": 0, "sorrowNum": 0, "joyNum": 0, "disgustNum": 0, "fearNum": 0, "surpriseNum": 0, "angerNum": 0, "loveRate": 0.0, "anxietyRate": 0.0, "sorrowRate": 0.0, "joyRate": 0.0, "disgustRate": 0.0, "fearRate": 0.0, "surpriseRate": 0.0, "angerRate": 0.0, "slangBeGeneralNum": 0, "slangBeCigaretteNum": 0, "slangBeHumanNum": 0, "slangBeVehicleNum": 0, "slangBeDrugNum": 0, "slangBvNum": 0, "slangBeGeneralRate": 0.0, "slangBeCigaretteRate": 0.0, "slangBeHumanRate": 0.0, "slangBeVehicleRate": 0.0, "slangBeDrugRate": 0.0, "slangBvRate": 0.0, "speechactNum": 0, "quoteNum": 0, "dashNum": 0, "publicNum": 0, "privateNum": 0, "suasiveNum": 0, "discMarkerNum": 0, "smileyNum": 0, "dateNum": 0, "hesitationNum": 0, "restartNum": 0, "repeatNum": 0, "conjBeforeDiscNum": 0, "conjAfterDiscNum": 0, "wordBeforeHesitationNum": 0, "wordAfterHesitationNum": 0, "otherCollocationNum": 0, "speechactRate": 0.0, "quoteRate": 0.0, "dashRate": 0.0, "publicRate": 0.0, "privateRate": 0.0, "suasiveRate": 0.0, "discMarkerRate": 0.0, "smileyRate": 0.0, "dateRate": 0.0, "hesitationRate": 0.0, "restartRate": 0.0, "repeatRate": 0.0, "conjBeforeDiscRate": 0.0, "conjAfterDiscRate": 0.0, "wordBeforeHesitationRate": 0.0, "wordAfterHesitationRate": 0.0, "otherCollocationRate": 0.0, "easyWordNum": 469, "hardWordNum": 29, "easyWordRate": 0.9417670682730924, "hardWordRate": 0.05823293172690763, "fleschReadingEaseScore": 51.46264109067852, "gunningFogIndex": 10.507503699006554, "fleschKincaidGradeLevel": 12.592747833439024, "colemanLiauIndex": 11.331732931726908, "smogIndex": 8.745826893841286, "automatedReadabilityIndex": 13.371528218135701, "linsearWriteIndex": 1.9169308814204187, "author": "", "locationNameNum": 0, "locationNameRate": 0.0, "personNameNum": 0, "personNameRate": 0.0, "organizationNameNum": 0, "organizationNameRate": 0.0, "misspelledNum": 1, "misspelledRate": 0.002008032128514056, "missingAccentNum": 0, "missingAccentRate": 0.0, "foreignAccentNum": 0, "foreignAccentRate": 0.0, "wordConcatNum": 1, "wordConcatRate": 0.002008032128514056, "jLyMistakeNum": 0, "jLyMistakeRate": 0.0, "publicVNum": 0, "freqSuffixNum": 0, "partsNum": 184, "clauseWordNum": 67, "privateVNum": 0}