{"tokenNum": 436, "sentenceNum": 28, "lemmaNum": 206, "lemmaRate": 0.4724770642201835, "sentenceLength": 15.571428571428571, "allUpperNum": 0, "firstUpperNum": 28, "allUpperRate": 0.0, "firstUpperRate": 0.06422018348623854, "declarSentNum": 22, "imperSentNum": 0, "questionNum": 6, "declarSentRate": 0.7857142857142857, "imperSentRate": 0.0, "questionRate": 0.21428571428571427, "accent": true, "saturation": 2.8219178082191783, "paragraphNum": 6, "nounNum": 67, "verbNum": 66, "adjNum": 39, "infNum": 11, "partPastNum": 2, "partPresNum": 3, "partFutNum": 0, "transNum": 1, "xNum": 6, "advNum": 41, "properNounNum": 0, "numNum": 2, "conjNum": 44, "punctNum": 80, "pronNum": 39, "relPronNum": 6, "demPronNum": 19, "adposNum": 6, "multiplePunctNum": 0, "phraseNum": 0, "nounRate": 0.1536697247706422, "verbRate": 0.15137614678899083, "adjRate": 0.08944954128440367, "infRate": 0.02522935779816514, "partPastRate": 0.0045871559633027525, "partPresRate": 0.006880733944954129, "partFutRate": 0.0, "transRate": 0.0022935779816513763, "xRate": 0.013761467889908258, "advRate": 0.09403669724770643, "properNounRate": 0.0, "numRate": 0.0045871559633027525, "conjRate": 0.10091743119266056, "punctRate": 0.1834862385321101, "pronRate": 0.08944954128440367, "relPronRate": 0.013761467889908258, "demPronRate": 0.04357798165137615, "adposRate": 0.013761467889908258, "multiplePunctRate": 0.0, "partsDensityRate": 2.9178082191780823, "contentfulness": 7.607142857142857, "phraseRate": 0.0, "pastTenseNum": 3, "presentTenseNum": 52, "condNum": 3, "impNum": 2, "freqNum": 0, "causNum": 0, "modalNum": 1, "sg1VerbNum": 66, "sg2VerbNum": 66, "sg3VerbNum": 66, "pl1VerbNum": 66, "pl2VerbNum": 66, "pl3VerbNum": 66, "superlatNum": 0, "comparatNum": 0, "specDerivSuffixNum": 0, "pluralNounNum": 11, "pastTenseRate": 0.045454545454545456, "presentTenseRate": 0.7878787878787878, "condRate": 0.045454545454545456, "impRate": 0.030303030303030304, "freqRate": 0.0, "causRate": 0.0, "modalRate": 0.015151515151515152, "sg1VerbRate": 1.0, "sg2VerbRate": 1.0, "sg3VerbRate": 1.0, "pl1VerbRate": 1.0, "pl2VerbRate": 1.0, "pl3VerbRate": 1.0, "superlatRate": 0.0, "comparatRate": 0.0, "specDerivSuffixRate": 0.0, "pluralNounRate": 0.16417910447761194, "subjNum": 34, "objNum": 19, "attNum": 20, "subordNum": 25, "adverbNum": 59, "coordNum": 18, "clauseNum": 73, "simpleNum": 4, "complexNum": 24, "complexity1Num": 10, "complexity2Num": 9, "complexity3Num": 3, "compoundNum": 0, "subjRate": 0.0779816513761468, "objRate": 0.04357798165137615, "attRate": 0.045871559633027525, "subordRate": 0.05733944954128441, "adverbRate": 0.1353211009174312, "coordRate": 0.04128440366972477, "partsRate": 2.0547945205479454, "clauseRate": 2.607142857142857, "simpleRate": 0.14285714285714285, "complexRate": 0.8571428571428571, "complexity1Rate": 0.35714285714285715, "complexity2Rate": 0.32142857142857145, "complexity3Rate": 0.10714285714285714, "complexClauseRate": 2.875, "sentencesPerParagraph": 4.666666666666667, "wordsLengthRate": 5.814606741573034, "compoundRate": 0.0, "positiveNum": 0, "negativeNum": 0, "precoPositiveNum": 0, "precoNegativeNum": 0, "negemoNum": 0, "negationNum": 11, "functionNum": 223, "contentNum": 213, "vulgarNum": 0, "racistNum": 0, "specStyleNum": 0, "addressingNum": 0, "closingNum": 0, "postscriptNum": 0, "brutalNum": 0, "positiveRate": 0.0, "negativeRate": 0.0, "precoPositiveRate": 0.0, "precoNegativeRate": 0.0, "negemoRate": 0.0, "negationRate": 0.02522935779816514, "functionRate": 0.5114678899082569, "contentRate": 0.48853211009174313, "vulgarRate": 0.0, "racistRate": 0.0, "specStyleRate": 0.0, "addressingRate": 0.0, "closingRate": 0.0, "postscriptRate": 0.0, "brutalRate": 0.0, "epistemicNum": 0, "investNum": 0, "conditionNum": 0, "weaselNum": 0, "peacockNum": 0, "hedgeNum": 0, "doxasticNum": 0, "epistemicRate": 0.0, "investRate": 0.0, "conditionRate": 0.0, "weaselRate": 0.0, "peacockRate": 0.0, "hedgeRate": 0.0, "doxasticRate": 0.0, "loveNum": 0, "anxietyNum": 0, "sorrowNum": 0, "joyNum": 0, "disgustNum": 0, "fearNum": 0, "surpriseNum": 0, "angerNum": 0, "loveRate": 0.0, "anxietyRate": 0.0, "sorrowRate": 0.0, "joyRate": 0.0, "disgustRate": 0.0, "fearRate": 0.0, "surpriseRate": 0.0, "angerRate": 0.0, "slangBeGeneralNum": 0, "slangBeCigaretteNum": 0, "slangBeHumanNum": 0, "slangBeVehicleNum": 0, "slangBeDrugNum": 0, "slangBvNum": 0, "slangBeGeneralRate": 0.0, "slangBeCigaretteRate": 0.0, "slangBeHumanRate": 0.0, "slangBeVehicleRate": 0.0, "slangBeDrugRate": 0.0, "slangBvRate": 0.0, "speechactNum": 0, "quoteNum": 0, "dashNum": 0, "publicNum": 0, "privateNum": 0, "suasiveNum": 0, "discMarkerNum": 0, "smileyNum": 0, "dateNum": 0, "hesitationNum": 0, "restartNum": 0, "repeatNum": 0, "conjBeforeDiscNum": 0, "conjAfterDiscNum": 0, "wordBeforeHesitationNum": 0, "wordAfterHesitationNum": 0, "otherCollocationNum": 0, "speechactRate": 0.0, "quoteRate": 0.0, "dashRate": 0.0, "publicRate": 0.0, "privateRate": 0.0, "suasiveRate": 0.0, "discMarkerRate": 0.0, "smileyRate": 0.0, "dateRate": 0.0, "hesitationRate": 0.0, "restartRate": 0.0, "repeatRate": 0.0, "conjBeforeDiscRate": 0.0, "conjAfterDiscRate": 0.0, "wordBeforeHesitationRate": 0.0, "wordAfterHesitationRate": 0.0, "otherCollocationRate": 0.0, "easyWordNum": 401, "hardWordNum": 35, "easyWordRate": 0.9197247706422018, "hardWordRate": 0.08027522935779817, "fleschReadingEaseScore": 61.607522935779826, "gunningFogIndex": 6.260681520314549, "fleschKincaidGradeLevel": 8.534692005242466, "colemanLiauIndex": 13.082422018348623, "smogIndex": 9.2995712137729, "automatedReadabilityIndex": 9.451998689384009, "linsearWriteIndex": 1.0478374836173003, "author": "", "locationNameNum": 0, "locationNameRate": 0.0, "personNameNum": 0, "personNameRate": 0.0, "organizationNameNum": 0, "organizationNameRate": 0.0, "misspelledNum": 8, "misspelledRate": 0.01834862385321101, "missingAccentNum": 0, "missingAccentRate": 0.0, "foreignAccentNum": 5, "foreignAccentRate": 0.011467889908256881, "wordConcatNum": 0, "wordConcatRate": 0.0, "jLyMistakeNum": 0, "jLyMistakeRate": 0.0, "publicVNum": 0, "freqSuffixNum": 0, "partsNum": 150, "clauseWordNum": 73, "privateVNum": 0}