{"tokenNum": 512, "sentenceNum": 27, "lemmaNum": 254, "lemmaRate": 0.49609375, "sentenceLength": 18.962962962962962, "allUpperNum": 0, "firstUpperNum": 27, "allUpperRate": 0.0, "firstUpperRate": 0.052734375, "declarSentNum": 27, "imperSentNum": 0, "questionNum": 0, "declarSentRate": 1.0, "imperSentRate": 0.0, "questionRate": 0.0, "accent": true, "saturation": 3.6285714285714286, "paragraphNum": 6, "nounNum": 93, "verbNum": 60, "adjNum": 65, "infNum": 8, "partPastNum": 4, "partPresNum": 7, "partFutNum": 0, "transNum": 2, "xNum": 6, "advNum": 39, "properNounNum": 0, "numNum": 1, "conjNum": 54, "punctNum": 87, "pronNum": 35, "relPronNum": 11, "demPronNum": 19, "adposNum": 6, "multiplePunctNum": 0, "phraseNum": 0, "nounRate": 0.181640625, "verbRate": 0.1171875, "adjRate": 0.126953125, "infRate": 0.015625, "partPastRate": 0.0078125, "partPresRate": 0.013671875, "partFutRate": 0.0, "transRate": 0.00390625, "xRate": 0.01171875, "advRate": 0.076171875, "properNounRate": 0.0, "numRate": 0.001953125, "conjRate": 0.10546875, "punctRate": 0.169921875, "pronRate": 0.068359375, "relPronRate": 0.021484375, "demPronRate": 0.037109375, "adposRate": 0.01171875, "multiplePunctRate": 0.0, "partsDensityRate": 3.6714285714285713, "contentfulness": 9.518518518518519, "phraseRate": 0.0, "pastTenseNum": 1, "presentTenseNum": 51, "condNum": 2, "impNum": 5, "freqNum": 0, "causNum": 0, "modalNum": 2, "sg1VerbNum": 60, "sg2VerbNum": 60, "sg3VerbNum": 60, "pl1VerbNum": 60, "pl2VerbNum": 60, "pl3VerbNum": 60, "superlatNum": 3, "comparatNum": 0, "specDerivSuffixNum": 0, "pluralNounNum": 28, "pastTenseRate": 0.016666666666666666, "presentTenseRate": 0.85, "condRate": 0.03333333333333333, "impRate": 0.08333333333333333, "freqRate": 0.0, "causRate": 0.0, "modalRate": 0.03333333333333333, "sg1VerbRate": 1.0, "sg2VerbRate": 1.0, "sg3VerbRate": 1.0, "pl1VerbRate": 1.0, "pl2VerbRate": 1.0, "pl3VerbRate": 1.0, "superlatRate": 0.046153846153846156, "comparatRate": 0.0, "specDerivSuffixRate": 0.0, "pluralNounRate": 0.3010752688172043, "subjNum": 27, "objNum": 25, "attNum": 39, "subordNum": 28, "adverbNum": 70, "coordNum": 29, "clauseNum": 70, "simpleNum": 4, "complexNum": 23, "complexity1Num": 12, "complexity2Num": 6, "complexity3Num": 3, "compoundNum": 0, "subjRate": 0.052734375, "objRate": 0.048828125, "attRate": 0.076171875, "subordRate": 0.0546875, "adverbRate": 0.13671875, "coordRate": 0.056640625, "partsRate": 2.7142857142857144, "clauseRate": 2.5925925925925926, "simpleRate": 0.14814814814814814, "complexRate": 0.8518518518518519, "complexity1Rate": 0.4444444444444444, "complexity2Rate": 0.2222222222222222, "complexity3Rate": 0.1111111111111111, "complexClauseRate": 2.869565217391304, "sentencesPerParagraph": 4.5, "wordsLengthRate": 6.2, "compoundRate": 0.0, "positiveNum": 0, "negativeNum": 0, "precoPositiveNum": 0, "precoNegativeNum": 0, "negemoNum": 0, "negationNum": 4, "functionNum": 255, "contentNum": 257, "vulgarNum": 0, "racistNum": 0, "specStyleNum": 0, "addressingNum": 0, "closingNum": 0, "postscriptNum": 0, "brutalNum": 0, "positiveRate": 0.0, "negativeRate": 0.0, "precoPositiveRate": 0.0, "precoNegativeRate": 0.0, "negemoRate": 0.0, "negationRate": 0.0078125, "functionRate": 0.498046875, "contentRate": 0.501953125, "vulgarRate": 0.0, "racistRate": 0.0, "specStyleRate": 0.0, "addressingRate": 0.0, "closingRate": 0.0, "postscriptRate": 0.0, "brutalRate": 0.0, "epistemicNum": 0, "investNum": 0, "conditionNum": 0, "weaselNum": 0, "peacockNum": 0, "hedgeNum": 0, "doxasticNum": 0, "epistemicRate": 0.0, "investRate": 0.0, "conditionRate": 0.0, "weaselRate": 0.0, "peacockRate": 0.0, "hedgeRate": 0.0, "doxasticRate": 0.0, "loveNum": 0, "anxietyNum": 0, "sorrowNum": 0, "joyNum": 0, "disgustNum": 0, "fearNum": 0, "surpriseNum": 0, "angerNum": 0, "loveRate": 0.0, "anxietyRate": 0.0, "sorrowRate": 0.0, "joyRate": 0.0, "disgustRate": 0.0, "fearRate": 0.0, "surpriseRate": 0.0, "angerRate": 0.0, "slangBeGeneralNum": 0, "slangBeCigaretteNum": 0, "slangBeHumanNum": 0, "slangBeVehicleNum": 0, "slangBeDrugNum": 0, "slangBvNum": 0, "slangBeGeneralRate": 0.0, "slangBeCigaretteRate": 0.0, "slangBeHumanRate": 0.0, "slangBeVehicleRate": 0.0, "slangBeDrugRate": 0.0, "slangBvRate": 0.0, "speechactNum": 0, "quoteNum": 0, "dashNum": 0, "publicNum": 0, "privateNum": 0, "suasiveNum": 0, "discMarkerNum": 0, "smileyNum": 0, "dateNum": 0, "hesitationNum": 0, "restartNum": 1, "repeatNum": 0, "conjBeforeDiscNum": 0, "conjAfterDiscNum": 0, "wordBeforeHesitationNum": 0, "wordAfterHesitationNum": 0, "otherCollocationNum": 0, "speechactRate": 0.0, "quoteRate": 0.0, "dashRate": 0.0, "publicRate": 0.0, "privateRate": 0.0, "suasiveRate": 0.0, "discMarkerRate": 0.0, "smileyRate": 0.0, "dateRate": 0.0, "hesitationRate": 0.0, "restartRate": 0.001953125, "repeatRate": 0.0, "conjBeforeDiscRate": 0.0, "conjAfterDiscRate": 0.0, "wordBeforeHesitationRate": 0.0, "wordAfterHesitationRate": 0.0, "otherCollocationRate": 0.0, "easyWordNum": 464, "hardWordNum": 48, "easyWordRate": 0.90625, "hardWordRate": 0.09375, "fleschReadingEaseScore": 41.355170717592614, "gunningFogIndex": 7.621903935185185, "fleschKincaidGradeLevel": 12.202039930555554, "colemanLiauIndex": 15.375427734374998, "smogIndex": 10.355215969177355, "automatedReadabilityIndex": 12.981364293981478, "linsearWriteIndex": 1.1773726851851851, "author": "", "locationNameNum": 0, "locationNameRate": 0.0, "personNameNum": 0, "personNameRate": 0.0, "organizationNameNum": 0, "organizationNameRate": 0.0, "misspelledNum": 1, "misspelledRate": 0.001953125, "missingAccentNum": 0, "missingAccentRate": 0.0, "foreignAccentNum": 0, "foreignAccentRate": 0.0, "wordConcatNum": 0, "wordConcatRate": 0.0, "jLyMistakeNum": 0, "jLyMistakeRate": 0.0, "publicVNum": 0, "freqSuffixNum": 0, "partsNum": 190, "clauseWordNum": 70, "privateVNum": 0}