{"tokenNum": 423, "sentenceNum": 22, "lemmaNum": 196, "lemmaRate": 0.46335697399527187, "sentenceLength": 19.227272727272727, "allUpperNum": 0, "firstUpperNum": 26, "allUpperRate": 0.0, "firstUpperRate": 0.061465721040189124, "declarSentNum": 21, "imperSentNum": 0, "questionNum": 1, "declarSentRate": 0.9545454545454546, "imperSentRate": 0.0, "questionRate": 0.045454545454545456, "accent": true, "saturation": 2.8823529411764706, "paragraphNum": 4, "nounNum": 64, "verbNum": 54, "adjNum": 44, "infNum": 5, "partPastNum": 2, "partPresNum": 1, "partFutNum": 0, "transNum": 0, "xNum": 4, "advNum": 60, "properNounNum": 4, "numNum": 0, "conjNum": 47, "punctNum": 77, "pronNum": 27, "relPronNum": 12, "demPronNum": 18, "adposNum": 3, "multiplePunctNum": 0, "phraseNum": 0, "nounRate": 0.15130023640661938, "verbRate": 0.1276595744680851, "adjRate": 0.10401891252955082, "infRate": 0.01182033096926714, "partPastRate": 0.004728132387706856, "partPresRate": 0.002364066193853428, "partFutRate": 0.0, "transRate": 0.0, "xRate": 0.009456264775413711, "advRate": 0.14184397163120568, "properNounRate": 0.009456264775413711, "numRate": 0.0, "conjRate": 0.1111111111111111, "punctRate": 0.18203309692671396, "pronRate": 0.06382978723404255, "relPronRate": 0.028368794326241134, "demPronRate": 0.0425531914893617, "adposRate": 0.0070921985815602835, "multiplePunctRate": 0.0, "partsDensityRate": 3.264705882352941, "contentfulness": 10.090909090909092, "phraseRate": 0.0, "pastTenseNum": 3, "presentTenseNum": 46, "condNum": 1, "impNum": 3, "freqNum": 0, "causNum": 1, "modalNum": 0, "sg1VerbNum": 54, "sg2VerbNum": 54, "sg3VerbNum": 54, "pl1VerbNum": 54, "pl2VerbNum": 54, "pl3VerbNum": 54, "superlatNum": 0, "comparatNum": 0, "specDerivSuffixNum": 0, "pluralNounNum": 15, "pastTenseRate": 0.05555555555555555, "presentTenseRate": 0.8518518518518519, "condRate": 0.018518518518518517, "impRate": 0.05555555555555555, "freqRate": 0.0, "causRate": 0.018518518518518517, "modalRate": 0.0, "sg1VerbRate": 1.0, "sg2VerbRate": 1.0, "sg3VerbRate": 1.0, "pl1VerbRate": 1.0, "pl2VerbRate": 1.0, "pl3VerbRate": 1.0, "superlatRate": 0.0, "comparatRate": 0.0, "specDerivSuffixRate": 0.0, "pluralNounRate": 0.234375, "subjNum": 32, "objNum": 14, "attNum": 24, "subordNum": 27, "adverbNum": 76, "coordNum": 22, "clauseNum": 68, "simpleNum": 3, "complexNum": 19, "complexity1Num": 3, "complexity2Num": 8, "complexity3Num": 6, "compoundNum": 0, "subjRate": 0.07565011820330969, "objRate": 0.03309692671394799, "attRate": 0.05673758865248227, "subordRate": 0.06382978723404255, "adverbRate": 0.17966903073286053, "coordRate": 0.05200945626477541, "partsRate": 2.4705882352941178, "clauseRate": 3.090909090909091, "simpleRate": 0.13636363636363635, "complexRate": 0.8636363636363636, "complexity1Rate": 0.13636363636363635, "complexity2Rate": 0.36363636363636365, "complexity3Rate": 0.2727272727272727, "complexClauseRate": 3.4210526315789473, "sentencesPerParagraph": 5.5, "wordsLengthRate": 5.482658959537572, "compoundRate": 0.0, "positiveNum": 0, "negativeNum": 0, "precoPositiveNum": 0, "precoNegativeNum": 0, "negemoNum": 0, "negationNum": 12, "functionNum": 201, "contentNum": 222, "vulgarNum": 0, "racistNum": 0, "specStyleNum": 0, "addressingNum": 0, "closingNum": 0, "postscriptNum": 0, "brutalNum": 0, "positiveRate": 0.0, "negativeRate": 0.0, "precoPositiveRate": 0.0, "precoNegativeRate": 0.0, "negemoRate": 0.0, "negationRate": 0.028368794326241134, "functionRate": 0.475177304964539, "contentRate": 0.524822695035461, "vulgarRate": 0.0, "racistRate": 0.0, "specStyleRate": 0.0, "addressingRate": 0.0, "closingRate": 0.0, "postscriptRate": 0.0, "brutalRate": 0.0, "epistemicNum": 0, "investNum": 0, "conditionNum": 0, "weaselNum": 0, "peacockNum": 0, "hedgeNum": 0, "doxasticNum": 0, "epistemicRate": 0.0, "investRate": 0.0, "conditionRate": 0.0, "weaselRate": 0.0, "peacockRate": 0.0, "hedgeRate": 0.0, "doxasticRate": 0.0, "loveNum": 0, "anxietyNum": 0, "sorrowNum": 0, "joyNum": 0, "disgustNum": 0, "fearNum": 0, "surpriseNum": 0, "angerNum": 0, "loveRate": 0.0, "anxietyRate": 0.0, "sorrowRate": 0.0, "joyRate": 0.0, "disgustRate": 0.0, "fearRate": 0.0, "surpriseRate": 0.0, "angerRate": 0.0, "slangBeGeneralNum": 0, "slangBeCigaretteNum": 0, "slangBeHumanNum": 0, "slangBeVehicleNum": 0, "slangBeDrugNum": 0, "slangBvNum": 0, "slangBeGeneralRate": 0.0, "slangBeCigaretteRate": 0.0, "slangBeHumanRate": 0.0, "slangBeVehicleRate": 0.0, "slangBeDrugRate": 0.0, "slangBvRate": 0.0, "speechactNum": 0, "quoteNum": 1, "dashNum": 0, "publicNum": 0, "privateNum": 0, "suasiveNum": 0, "discMarkerNum": 0, "smileyNum": 0, "dateNum": 0, "hesitationNum": 0, "restartNum": 0, "repeatNum": 0, "conjBeforeDiscNum": 0, "conjAfterDiscNum": 0, "wordBeforeHesitationNum": 0, "wordAfterHesitationNum": 0, "otherCollocationNum": 0, "speechactRate": 0.0, "quoteRate": 0.002364066193853428, "dashRate": 0.0, "publicRate": 0.0, "privateRate": 0.0, "suasiveRate": 0.0, "discMarkerRate": 0.0, "smileyRate": 0.0, "dateRate": 0.0, "hesitationRate": 0.0, "restartRate": 0.0, "repeatRate": 0.0, "conjBeforeDiscRate": 0.0, "conjAfterDiscRate": 0.0, "wordBeforeHesitationRate": 0.0, "wordAfterHesitationRate": 0.0, "otherCollocationRate": 0.0, "easyWordNum": 389, "hardWordNum": 34, "easyWordRate": 0.9196217494089834, "hardWordRate": 0.08037825059101655, "fleschReadingEaseScore": 58.119318181818215, "gunningFogIndex": 7.7230603911454985, "fleschKincaidGradeLevel": 9.929440146142277, "colemanLiauIndex": 11.575115839243498, "smogIndex": 9.210782826323648, "automatedReadabilityIndex": 10.07455834945197, "linsearWriteIndex": 1.6165914463786808, "author": "", "locationNameNum": 1, "locationNameRate": 0.002364066193853428, "personNameNum": 1, "personNameRate": 0.002364066193853428, "organizationNameNum": 1, "organizationNameRate": 0.002364066193853428, "misspelledNum": 4, "misspelledRate": 0.009456264775413711, "missingAccentNum": 3, "missingAccentRate": 0.0070921985815602835, "foreignAccentNum": 0, "foreignAccentRate": 0.0, "wordConcatNum": 0, "wordConcatRate": 0.0, "jLyMistakeNum": 0, "jLyMistakeRate": 0.0, "publicVNum": 0, "freqSuffixNum": 0, "partsNum": 168, "clauseWordNum": 68, "privateVNum": 0}