{"tokenNum": 430, "sentenceNum": 19, "lemmaNum": 239, "lemmaRate": 0.5558139534883721, "sentenceLength": 22.63157894736842, "allUpperNum": 0, "firstUpperNum": 19, "allUpperRate": 0.0, "firstUpperRate": 0.044186046511627906, "declarSentNum": 19, "imperSentNum": 0, "questionNum": 0, "declarSentRate": 1.0, "imperSentRate": 0.0, "questionRate": 0.0, "accent": true, "saturation": 5.558139534883721, "paragraphNum": 5, "nounNum": 115, "verbNum": 36, "adjNum": 67, "infNum": 3, "partPastNum": 3, "partPresNum": 9, "partFutNum": 0, "transNum": 2, "xNum": 6, "advNum": 18, "properNounNum": 0, "numNum": 1, "conjNum": 48, "punctNum": 58, "pronNum": 21, "relPronNum": 5, "demPronNum": 9, "adposNum": 2, "multiplePunctNum": 0, "phraseNum": 0, "nounRate": 0.26744186046511625, "verbRate": 0.08372093023255814, "adjRate": 0.1558139534883721, "infRate": 0.0069767441860465115, "partPastRate": 0.0069767441860465115, "partPresRate": 0.020930232558139535, "partFutRate": 0.0, "transRate": 0.004651162790697674, "xRate": 0.013953488372093023, "advRate": 0.04186046511627907, "properNounRate": 0.0, "numRate": 0.002325581395348837, "conjRate": 0.11162790697674418, "punctRate": 0.13488372093023257, "pronRate": 0.04883720930232558, "relPronRate": 0.011627906976744186, "demPronRate": 0.020930232558139535, "adposRate": 0.004651162790697674, "multiplePunctRate": 0.0, "partsDensityRate": 5.488372093023256, "contentfulness": 12.421052631578947, "phraseRate": 0.0, "pastTenseNum": 4, "presentTenseNum": 29, "condNum": 0, "impNum": 4, "freqNum": 0, "causNum": 0, "modalNum": 0, "sg1VerbNum": 36, "sg2VerbNum": 36, "sg3VerbNum": 36, "pl1VerbNum": 36, "pl2VerbNum": 36, "pl3VerbNum": 36, "superlatNum": 1, "comparatNum": 1, "specDerivSuffixNum": 0, "pluralNounNum": 30, "pastTenseRate": 0.1111111111111111, "presentTenseRate": 0.8055555555555556, "condRate": 0.0, "impRate": 0.1111111111111111, "freqRate": 0.0, "causRate": 0.0, "modalRate": 0.0, "sg1VerbRate": 1.0, "sg2VerbRate": 1.0, "sg3VerbRate": 1.0, "pl1VerbRate": 1.0, "pl2VerbRate": 1.0, "pl3VerbRate": 1.0, "superlatRate": 0.014925373134328358, "comparatRate": 0.014925373134328358, "specDerivSuffixRate": 0.0, "pluralNounRate": 0.2608695652173913, "subjNum": 20, "objNum": 13, "attNum": 50, "subordNum": 13, "adverbNum": 30, "coordNum": 42, "clauseNum": 43, "simpleNum": 6, "complexNum": 13, "complexity1Num": 6, "complexity2Num": 4, "complexity3Num": 2, "compoundNum": 0, "subjRate": 0.046511627906976744, "objRate": 0.030232558139534883, "attRate": 0.11627906976744186, "subordRate": 0.030232558139534883, "adverbRate": 0.06976744186046512, "coordRate": 0.09767441860465116, "partsRate": 3.604651162790698, "clauseRate": 2.263157894736842, "simpleRate": 0.3157894736842105, "complexRate": 0.6842105263157895, "complexity1Rate": 0.3157894736842105, "complexity2Rate": 0.21052631578947367, "complexity3Rate": 0.10526315789473684, "complexClauseRate": 2.8461538461538463, "sentencesPerParagraph": 3.8, "wordsLengthRate": 6.446236559139785, "compoundRate": 0.0, "positiveNum": 0, "negativeNum": 0, "precoPositiveNum": 0, "precoNegativeNum": 0, "negemoNum": 0, "negationNum": 2, "functionNum": 194, "contentNum": 236, "vulgarNum": 0, "racistNum": 0, "specStyleNum": 0, "addressingNum": 0, "closingNum": 0, "postscriptNum": 0, "brutalNum": 0, "positiveRate": 0.0, "negativeRate": 0.0, "precoPositiveRate": 0.0, "precoNegativeRate": 0.0, "negemoRate": 0.0, "negationRate": 0.004651162790697674, "functionRate": 0.4511627906976744, "contentRate": 0.5488372093023256, "vulgarRate": 0.0, "racistRate": 0.0, "specStyleRate": 0.0, "addressingRate": 0.0, "closingRate": 0.0, "postscriptRate": 0.0, "brutalRate": 0.0, "epistemicNum": 0, "investNum": 0, "conditionNum": 0, "weaselNum": 0, "peacockNum": 0, "hedgeNum": 0, "doxasticNum": 0, "epistemicRate": 0.0, "investRate": 0.0, "conditionRate": 0.0, "weaselRate": 0.0, "peacockRate": 0.0, "hedgeRate": 0.0, "doxasticRate": 0.0, "loveNum": 0, "anxietyNum": 0, "sorrowNum": 0, "joyNum": 0, "disgustNum": 0, "fearNum": 0, "surpriseNum": 0, "angerNum": 0, "loveRate": 0.0, "anxietyRate": 0.0, "sorrowRate": 0.0, "joyRate": 0.0, "disgustRate": 0.0, "fearRate": 0.0, "surpriseRate": 0.0, "angerRate": 0.0, "slangBeGeneralNum": 0, "slangBeCigaretteNum": 0, "slangBeHumanNum": 0, "slangBeVehicleNum": 0, "slangBeDrugNum": 0, "slangBvNum": 0, "slangBeGeneralRate": 0.0, "slangBeCigaretteRate": 0.0, "slangBeHumanRate": 0.0, "slangBeVehicleRate": 0.0, "slangBeDrugRate": 0.0, "slangBvRate": 0.0, "speechactNum": 0, "quoteNum": 0, "dashNum": 0, "publicNum": 0, "privateNum": 0, "suasiveNum": 0, "discMarkerNum": 0, "smileyNum": 0, "dateNum": 0, "hesitationNum": 0, "restartNum": 0, "repeatNum": 0, "conjBeforeDiscNum": 0, "conjAfterDiscNum": 0, "wordBeforeHesitationNum": 0, "wordAfterHesitationNum": 0, "otherCollocationNum": 0, "speechactRate": 0.0, "quoteRate": 0.0, "dashRate": 0.0, "publicRate": 0.0, "privateRate": 0.0, "suasiveRate": 0.0, "discMarkerRate": 0.0, "smileyRate": 0.0, "dateRate": 0.0, "hesitationRate": 0.0, "restartRate": 0.0, "repeatRate": 0.0, "conjBeforeDiscRate": 0.0, "conjAfterDiscRate": 0.0, "wordBeforeHesitationRate": 0.0, "wordAfterHesitationRate": 0.0, "otherCollocationRate": 0.0, "easyWordNum": 367, "hardWordNum": 63, "easyWordRate": 0.8534883720930233, "hardWordRate": 0.14651162790697675, "fleschReadingEaseScore": 19.97604039167689, "gunningFogIndex": 9.11123623011016, "fleschKincaidGradeLevel": 16.09538555691555, "colemanLiauIndex": 17.690681395348836, "smogIndex": 11.407655852321103, "automatedReadabilityIndex": 16.667068543451656, "linsearWriteIndex": 2.365973072215422, "author": "", "locationNameNum": 0, "locationNameRate": 0.0, "personNameNum": 0, "personNameRate": 0.0, "organizationNameNum": 0, "organizationNameRate": 0.0, "misspelledNum": 2, "misspelledRate": 0.004651162790697674, "missingAccentNum": 1, "missingAccentRate": 0.002325581395348837, "foreignAccentNum": 0, "foreignAccentRate": 0.0, "wordConcatNum": 0, "wordConcatRate": 0.0, "jLyMistakeNum": 0, "jLyMistakeRate": 0.0, "publicVNum": 0, "freqSuffixNum": 0, "partsNum": 155, "clauseWordNum": 43, "privateVNum": 0}