{"tokenNum": 460, "sentenceNum": 25, "lemmaNum": 212, "lemmaRate": 0.4608695652173913, "sentenceLength": 18.4, "allUpperNum": 0, "firstUpperNum": 25, "allUpperRate": 0.0, "firstUpperRate": 0.05434782608695652, "declarSentNum": 25, "imperSentNum": 0, "questionNum": 0, "declarSentRate": 1.0, "imperSentRate": 0.0, "questionRate": 0.0, "accent": true, "saturation": 2.904109589041096, "paragraphNum": 5, "nounNum": 64, "verbNum": 68, "adjNum": 49, "infNum": 8, "partPastNum": 2, "partPresNum": 4, "partFutNum": 0, "transNum": 2, "xNum": 5, "advNum": 50, "properNounNum": 0, "numNum": 1, "conjNum": 44, "punctNum": 86, "pronNum": 42, "relPronNum": 12, "demPronNum": 20, "adposNum": 2, "multiplePunctNum": 0, "phraseNum": 0, "nounRate": 0.1391304347826087, "verbRate": 0.14782608695652175, "adjRate": 0.10652173913043478, "infRate": 0.017391304347826087, "partPastRate": 0.004347826086956522, "partPresRate": 0.008695652173913044, "partFutRate": 0.0, "transRate": 0.004347826086956522, "xRate": 0.010869565217391304, "advRate": 0.10869565217391304, "properNounRate": 0.0, "numRate": 0.002173913043478261, "conjRate": 0.09565217391304348, "punctRate": 0.18695652173913044, "pronRate": 0.09130434782608696, "relPronRate": 0.02608695652173913, "demPronRate": 0.043478260869565216, "adposRate": 0.004347826086956522, "multiplePunctRate": 0.0, "partsDensityRate": 3.164383561643836, "contentfulness": 9.24, "phraseRate": 0.0, "pastTenseNum": 2, "presentTenseNum": 58, "condNum": 3, "impNum": 15, "freqNum": 0, "causNum": 0, "modalNum": 1, "sg1VerbNum": 68, "sg2VerbNum": 68, "sg3VerbNum": 68, "pl1VerbNum": 68, "pl2VerbNum": 68, "pl3VerbNum": 68, "superlatNum": 3, "comparatNum": 0, "specDerivSuffixNum": 0, "pluralNounNum": 15, "pastTenseRate": 0.029411764705882353, "presentTenseRate": 0.8529411764705882, "condRate": 0.04411764705882353, "impRate": 0.22058823529411764, "freqRate": 0.0, "causRate": 0.0, "modalRate": 0.014705882352941176, "sg1VerbRate": 1.0, "sg2VerbRate": 1.0, "sg3VerbRate": 1.0, "pl1VerbRate": 1.0, "pl2VerbRate": 1.0, "pl3VerbRate": 1.0, "superlatRate": 0.061224489795918366, "comparatRate": 0.0, "specDerivSuffixRate": 0.0, "pluralNounRate": 0.234375, "subjNum": 31, "objNum": 23, "attNum": 23, "subordNum": 32, "adverbNum": 68, "coordNum": 23, "clauseNum": 73, "simpleNum": 1, "complexNum": 24, "complexity1Num": 9, "complexity2Num": 6, "complexity3Num": 9, "compoundNum": 0, "subjRate": 0.06739130434782609, "objRate": 0.05, "attRate": 0.05, "subordRate": 0.06956521739130435, "adverbRate": 0.14782608695652175, "coordRate": 0.05, "partsRate": 2.3013698630136985, "clauseRate": 2.92, "simpleRate": 0.04, "complexRate": 0.96, "complexity1Rate": 0.36, "complexity2Rate": 0.24, "complexity3Rate": 0.36, "complexClauseRate": 3.0, "sentencesPerParagraph": 5.0, "wordsLengthRate": 5.820855614973262, "compoundRate": 0.0, "positiveNum": 0, "negativeNum": 0, "precoPositiveNum": 0, "precoNegativeNum": 0, "negemoNum": 0, "negationNum": 5, "functionNum": 229, "contentNum": 231, "vulgarNum": 0, "racistNum": 0, "specStyleNum": 0, "addressingNum": 0, "closingNum": 0, "postscriptNum": 0, "brutalNum": 0, "positiveRate": 0.0, "negativeRate": 0.0, "precoPositiveRate": 0.0, "precoNegativeRate": 0.0, "negemoRate": 0.0, "negationRate": 0.010869565217391304, "functionRate": 0.49782608695652175, "contentRate": 0.5021739130434782, "vulgarRate": 0.0, "racistRate": 0.0, "specStyleRate": 0.0, "addressingRate": 0.0, "closingRate": 0.0, "postscriptRate": 0.0, "brutalRate": 0.0, "epistemicNum": 0, "investNum": 0, "conditionNum": 0, "weaselNum": 0, "peacockNum": 0, "hedgeNum": 0, "doxasticNum": 0, "epistemicRate": 0.0, "investRate": 0.0, "conditionRate": 0.0, "weaselRate": 0.0, "peacockRate": 0.0, "hedgeRate": 0.0, "doxasticRate": 0.0, "loveNum": 0, "anxietyNum": 0, "sorrowNum": 0, "joyNum": 0, "disgustNum": 0, "fearNum": 0, "surpriseNum": 0, "angerNum": 0, "loveRate": 0.0, "anxietyRate": 0.0, "sorrowRate": 0.0, "joyRate": 0.0, "disgustRate": 0.0, "fearRate": 0.0, "surpriseRate": 0.0, "angerRate": 0.0, "slangBeGeneralNum": 0, "slangBeCigaretteNum": 0, "slangBeHumanNum": 0, "slangBeVehicleNum": 0, "slangBeDrugNum": 0, "slangBvNum": 0, "slangBeGeneralRate": 0.0, "slangBeCigaretteRate": 0.0, "slangBeHumanRate": 0.0, "slangBeVehicleRate": 0.0, "slangBeDrugRate": 0.0, "slangBvRate": 0.0, "speechactNum": 0, "quoteNum": 0, "dashNum": 0, "publicNum": 0, "privateNum": 0, "suasiveNum": 0, "discMarkerNum": 0, "smileyNum": 0, "dateNum": 0, "hesitationNum": 0, "restartNum": 0, "repeatNum": 1, "conjBeforeDiscNum": 0, "conjAfterDiscNum": 0, "wordBeforeHesitationNum": 0, "wordAfterHesitationNum": 0, "otherCollocationNum": 0, "speechactRate": 0.0, "quoteRate": 0.0, "dashRate": 0.0, "publicRate": 0.0, "privateRate": 0.0, "suasiveRate": 0.0, "discMarkerRate": 0.0, "smileyRate": 0.0, "dateRate": 0.0, "hesitationRate": 0.0, "restartRate": 0.0, "repeatRate": 0.002173913043478261, "conjBeforeDiscRate": 0.0, "conjAfterDiscRate": 0.0, "wordBeforeHesitationRate": 0.0, "wordAfterHesitationRate": 0.0, "otherCollocationRate": 0.0, "easyWordNum": 424, "hardWordNum": 36, "easyWordRate": 0.9217391304347826, "hardWordRate": 0.0782608695652174, "fleschReadingEaseScore": 56.10943478260873, "gunningFogIndex": 7.391304347826086, "fleschKincaidGradeLevel": 10.004260869565218, "colemanLiauIndex": 13.04803260869565, "smogIndex": 9.3871, "automatedReadabilityIndex": 10.838760869565213, "linsearWriteIndex": 1.2913043478260868, "author": "", "locationNameNum": 0, "locationNameRate": 0.0, "personNameNum": 0, "personNameRate": 0.0, "organizationNameNum": 0, "organizationNameRate": 0.0, "misspelledNum": 3, "misspelledRate": 0.006521739130434782, "missingAccentNum": 2, "missingAccentRate": 0.004347826086956522, "foreignAccentNum": 0, "foreignAccentRate": 0.0, "wordConcatNum": 0, "wordConcatRate": 0.0, "jLyMistakeNum": 0, "jLyMistakeRate": 0.0, "publicVNum": 0, "freqSuffixNum": 0, "partsNum": 168, "clauseWordNum": 73, "privateVNum": 0}