{"tokenNum": 529, "sentenceNum": 21, "lemmaNum": 245, "lemmaRate": 0.46313799621928164, "sentenceLength": 25.19047619047619, "allUpperNum": 0, "firstUpperNum": 22, "allUpperRate": 0.0, "firstUpperRate": 0.04158790170132325, "declarSentNum": 18, "imperSentNum": 0, "questionNum": 3, "declarSentRate": 0.8571428571428571, "imperSentRate": 0.0, "questionRate": 0.14285714285714285, "accent": true, "saturation": 3.656716417910448, "paragraphNum": 5, "nounNum": 104, "verbNum": 63, "adjNum": 69, "infNum": 12, "partPastNum": 1, "partPresNum": 9, "partFutNum": 0, "transNum": 0, "xNum": 6, "advNum": 42, "properNounNum": 0, "numNum": 4, "conjNum": 57, "punctNum": 77, "pronNum": 33, "relPronNum": 9, "demPronNum": 23, "adposNum": 9, "multiplePunctNum": 0, "phraseNum": 0, "nounRate": 0.19659735349716445, "verbRate": 0.11909262759924386, "adjRate": 0.13043478260869565, "infRate": 0.022684310018903593, "partPastRate": 0.001890359168241966, "partPresRate": 0.017013232514177693, "partFutRate": 0.0, "transRate": 0.0, "xRate": 0.011342155009451797, "advRate": 0.07939508506616257, "properNounRate": 0.0, "numRate": 0.007561436672967864, "conjRate": 0.10775047258979206, "punctRate": 0.14555765595463138, "pronRate": 0.062381852551984876, "relPronRate": 0.017013232514177693, "demPronRate": 0.043478260869565216, "adposRate": 0.017013232514177693, "multiplePunctRate": 0.0, "partsDensityRate": 4.149253731343284, "contentfulness": 13.238095238095237, "phraseRate": 0.0, "pastTenseNum": 3, "presentTenseNum": 48, "condNum": 2, "impNum": 6, "freqNum": 0, "causNum": 0, "modalNum": 2, "sg1VerbNum": 63, "sg2VerbNum": 63, "sg3VerbNum": 63, "pl1VerbNum": 63, "pl2VerbNum": 63, "pl3VerbNum": 63, "superlatNum": 0, "comparatNum": 0, "specDerivSuffixNum": 0, "pluralNounNum": 29, "pastTenseRate": 0.047619047619047616, "presentTenseRate": 0.7619047619047619, "condRate": 0.031746031746031744, "impRate": 0.09523809523809523, "freqRate": 0.0, "causRate": 0.0, "modalRate": 0.031746031746031744, "sg1VerbRate": 1.0, "sg2VerbRate": 1.0, "sg3VerbRate": 1.0, "pl1VerbRate": 1.0, "pl2VerbRate": 1.0, "pl3VerbRate": 1.0, "superlatRate": 0.0, "comparatRate": 0.0, "specDerivSuffixRate": 0.0, "pluralNounRate": 0.27884615384615385, "subjNum": 30, "objNum": 23, "attNum": 41, "subordNum": 29, "adverbNum": 51, "coordNum": 25, "clauseNum": 67, "simpleNum": 1, "complexNum": 20, "complexity1Num": 7, "complexity2Num": 4, "complexity3Num": 7, "compoundNum": 0, "subjRate": 0.05671077504725898, "objRate": 0.043478260869565216, "attRate": 0.07750472589792061, "subordRate": 0.054820415879017016, "adverbRate": 0.09640831758034027, "coordRate": 0.04725897920604915, "partsRate": 2.537313432835821, "clauseRate": 3.1904761904761907, "simpleRate": 0.047619047619047616, "complexRate": 0.9523809523809523, "complexity1Rate": 0.3333333333333333, "complexity2Rate": 0.19047619047619047, "complexity3Rate": 0.3333333333333333, "complexClauseRate": 3.3, "sentencesPerParagraph": 4.2, "wordsLengthRate": 6.263274336283186, "compoundRate": 0.0, "positiveNum": 0, "negativeNum": 0, "precoPositiveNum": 0, "precoNegativeNum": 0, "negemoNum": 0, "negationNum": 8, "functionNum": 251, "contentNum": 278, "vulgarNum": 0, "racistNum": 0, "specStyleNum": 0, "addressingNum": 0, "closingNum": 0, "postscriptNum": 0, "brutalNum": 0, "positiveRate": 0.0, "negativeRate": 0.0, "precoPositiveRate": 0.0, "precoNegativeRate": 0.0, "negemoRate": 0.0, "negationRate": 0.015122873345935728, "functionRate": 0.47448015122873344, "contentRate": 0.5255198487712666, "vulgarRate": 0.0, "racistRate": 0.0, "specStyleRate": 0.0, "addressingRate": 0.0, "closingRate": 0.0, "postscriptRate": 0.0, "brutalRate": 0.0, "epistemicNum": 0, "investNum": 0, "conditionNum": 0, "weaselNum": 0, "peacockNum": 0, "hedgeNum": 0, "doxasticNum": 0, "epistemicRate": 0.0, "investRate": 0.0, "conditionRate": 0.0, "weaselRate": 0.0, "peacockRate": 0.0, "hedgeRate": 0.0, "doxasticRate": 0.0, "loveNum": 0, "anxietyNum": 0, "sorrowNum": 0, "joyNum": 0, "disgustNum": 0, "fearNum": 0, "surpriseNum": 0, "angerNum": 0, "loveRate": 0.0, "anxietyRate": 0.0, "sorrowRate": 0.0, "joyRate": 0.0, "disgustRate": 0.0, "fearRate": 0.0, "surpriseRate": 0.0, "angerRate": 0.0, "slangBeGeneralNum": 0, "slangBeCigaretteNum": 0, "slangBeHumanNum": 0, "slangBeVehicleNum": 0, "slangBeDrugNum": 0, "slangBvNum": 0, "slangBeGeneralRate": 0.0, "slangBeCigaretteRate": 0.0, "slangBeHumanRate": 0.0, "slangBeVehicleRate": 0.0, "slangBeDrugRate": 0.0, "slangBvRate": 0.0, "speechactNum": 0, "quoteNum": 2, "dashNum": 0, "publicNum": 0, "privateNum": 0, "suasiveNum": 0, "discMarkerNum": 0, "smileyNum": 0, "dateNum": 0, "hesitationNum": 0, "restartNum": 0, "repeatNum": 0, "conjBeforeDiscNum": 0, "conjAfterDiscNum": 0, "wordBeforeHesitationNum": 0, "wordAfterHesitationNum": 0, "otherCollocationNum": 0, "speechactRate": 0.0, "quoteRate": 0.003780718336483932, "dashRate": 0.0, "publicRate": 0.0, "privateRate": 0.0, "suasiveRate": 0.0, "discMarkerRate": 0.0, "smileyRate": 0.0, "dateRate": 0.0, "hesitationRate": 0.0, "restartRate": 0.0, "repeatRate": 0.0, "conjBeforeDiscRate": 0.0, "conjAfterDiscRate": 0.0, "wordBeforeHesitationRate": 0.0, "wordAfterHesitationRate": 0.0, "otherCollocationRate": 0.0, "easyWordNum": 458, "hardWordNum": 71, "easyWordRate": 0.8657844990548205, "hardWordRate": 0.1342155009451796, "fleschReadingEaseScore": 29.65834908632641, "gunningFogIndex": 10.129876676568548, "fleschKincaidGradeLevel": 15.380599513907644, "colemanLiauIndex": 16.455703213610587, "smogIndex": 11.917574213422942, "automatedReadabilityIndex": 16.958943199207845, "linsearWriteIndex": 1.9930686830497795, "author": "", "locationNameNum": 0, "locationNameRate": 0.0, "personNameNum": 0, "personNameRate": 0.0, "organizationNameNum": 0, "organizationNameRate": 0.0, "misspelledNum": 0, "misspelledRate": 0.0, "missingAccentNum": 0, "missingAccentRate": 0.0, "foreignAccentNum": 0, "foreignAccentRate": 0.0, "wordConcatNum": 0, "wordConcatRate": 0.0, "jLyMistakeNum": 0, "jLyMistakeRate": 0.0, "publicVNum": 0, "freqSuffixNum": 0, "partsNum": 170, "clauseWordNum": 67, "privateVNum": 0}