{"tokenNum": 593, "sentenceNum": 31, "lemmaNum": 249, "lemmaRate": 0.41989881956155145, "sentenceLength": 19.129032258064516, "allUpperNum": 0, "firstUpperNum": 31, "allUpperRate": 0.0, "firstUpperRate": 0.05227655986509275, "declarSentNum": 31, "imperSentNum": 0, "questionNum": 0, "declarSentRate": 1.0, "imperSentRate": 0.0, "questionRate": 0.0, "accent": true, "saturation": 2.797752808988764, "paragraphNum": 8, "nounNum": 98, "verbNum": 87, "adjNum": 47, "infNum": 16, "partPastNum": 0, "partPresNum": 3, "partFutNum": 0, "transNum": 0, "xNum": 8, "advNum": 57, "properNounNum": 0, "numNum": 2, "conjNum": 65, "punctNum": 103, "pronNum": 48, "relPronNum": 14, "demPronNum": 22, "adposNum": 7, "multiplePunctNum": 0, "phraseNum": 0, "nounRate": 0.16526138279932545, "verbRate": 0.1467116357504216, "adjRate": 0.07925801011804384, "infRate": 0.026981450252951095, "partPastRate": 0.0, "partPresRate": 0.00505902192242833, "partFutRate": 0.0, "transRate": 0.0, "xRate": 0.013490725126475547, "advRate": 0.09612141652613827, "properNounRate": 0.0, "numRate": 0.003372681281618887, "conjRate": 0.10961214165261383, "punctRate": 0.1736930860033727, "pronRate": 0.08094435075885328, "relPronRate": 0.023608768971332208, "demPronRate": 0.03709949409780776, "adposRate": 0.011804384485666104, "multiplePunctRate": 0.0, "partsDensityRate": 3.247191011235955, "contentfulness": 9.32258064516129, "phraseRate": 0.0, "pastTenseNum": 10, "presentTenseNum": 61, "condNum": 6, "impNum": 4, "freqNum": 0, "causNum": 0, "modalNum": 3, "sg1VerbNum": 87, "sg2VerbNum": 87, "sg3VerbNum": 87, "pl1VerbNum": 87, "pl2VerbNum": 87, "pl3VerbNum": 87, "superlatNum": 1, "comparatNum": 0, "specDerivSuffixNum": 0, "pluralNounNum": 25, "pastTenseRate": 0.11494252873563218, "presentTenseRate": 0.7011494252873564, "condRate": 0.06896551724137931, "impRate": 0.04597701149425287, "freqRate": 0.0, "causRate": 0.0, "modalRate": 0.034482758620689655, "sg1VerbRate": 1.0, "sg2VerbRate": 1.0, "sg3VerbRate": 1.0, "pl1VerbRate": 1.0, "pl2VerbRate": 1.0, "pl3VerbRate": 1.0, "superlatRate": 0.02127659574468085, "comparatRate": 0.0, "specDerivSuffixRate": 0.0, "pluralNounRate": 0.25510204081632654, "subjNum": 36, "objNum": 34, "attNum": 24, "subordNum": 38, "adverbNum": 67, "coordNum": 40, "clauseNum": 89, "simpleNum": 2, "complexNum": 29, "complexity1Num": 9, "complexity2Num": 13, "complexity3Num": 5, "compoundNum": 0, "subjRate": 0.06070826306913996, "objRate": 0.05733558178752108, "attRate": 0.04047217537942664, "subordRate": 0.06408094435075885, "adverbRate": 0.11298482293423272, "coordRate": 0.06745362563237774, "partsRate": 2.258426966292135, "clauseRate": 2.870967741935484, "simpleRate": 0.06451612903225806, "complexRate": 0.9354838709677419, "complexity1Rate": 0.2903225806451613, "complexity2Rate": 0.41935483870967744, "complexity3Rate": 0.16129032258064516, "complexClauseRate": 3.0, "sentencesPerParagraph": 3.875, "wordsLengthRate": 5.618367346938776, "compoundRate": 0.0, "positiveNum": 0, "negativeNum": 0, "precoPositiveNum": 0, "precoNegativeNum": 0, "negemoNum": 0, "negationNum": 7, "functionNum": 304, "contentNum": 289, "vulgarNum": 0, "racistNum": 0, "specStyleNum": 0, "addressingNum": 0, "closingNum": 0, "postscriptNum": 0, "brutalNum": 0, "positiveRate": 0.0, "negativeRate": 0.0, "precoPositiveRate": 0.0, "precoNegativeRate": 0.0, "negemoRate": 0.0, "negationRate": 0.011804384485666104, "functionRate": 0.5126475548060708, "contentRate": 0.4873524451939292, "vulgarRate": 0.0, "racistRate": 0.0, "specStyleRate": 0.0, "addressingRate": 0.0, "closingRate": 0.0, "postscriptRate": 0.0, "brutalRate": 0.0, "epistemicNum": 0, "investNum": 0, "conditionNum": 0, "weaselNum": 0, "peacockNum": 0, "hedgeNum": 0, "doxasticNum": 0, "epistemicRate": 0.0, "investRate": 0.0, "conditionRate": 0.0, "weaselRate": 0.0, "peacockRate": 0.0, "hedgeRate": 0.0, "doxasticRate": 0.0, "loveNum": 0, "anxietyNum": 0, "sorrowNum": 0, "joyNum": 0, "disgustNum": 0, "fearNum": 0, "surpriseNum": 0, "angerNum": 0, "loveRate": 0.0, "anxietyRate": 0.0, "sorrowRate": 0.0, "joyRate": 0.0, "disgustRate": 0.0, "fearRate": 0.0, "surpriseRate": 0.0, "angerRate": 0.0, "slangBeGeneralNum": 0, "slangBeCigaretteNum": 0, "slangBeHumanNum": 0, "slangBeVehicleNum": 0, "slangBeDrugNum": 0, "slangBvNum": 0, "slangBeGeneralRate": 0.0, "slangBeCigaretteRate": 0.0, "slangBeHumanRate": 0.0, "slangBeVehicleRate": 0.0, "slangBeDrugRate": 0.0, "slangBvRate": 0.0, "speechactNum": 0, "quoteNum": 0, "dashNum": 0, "publicNum": 0, "privateNum": 0, "suasiveNum": 0, "discMarkerNum": 0, "smileyNum": 0, "dateNum": 0, "hesitationNum": 0, "restartNum": 0, "repeatNum": 2, "conjBeforeDiscNum": 0, "conjAfterDiscNum": 0, "wordBeforeHesitationNum": 0, "wordAfterHesitationNum": 0, "otherCollocationNum": 0, "speechactRate": 0.0, "quoteRate": 0.0, "dashRate": 0.0, "publicRate": 0.0, "privateRate": 0.0, "suasiveRate": 0.0, "discMarkerRate": 0.0, "smileyRate": 0.0, "dateRate": 0.0, "hesitationRate": 0.0, "restartRate": 0.0, "repeatRate": 0.003372681281618887, "conjBeforeDiscRate": 0.0, "conjAfterDiscRate": 0.0, "wordBeforeHesitationRate": 0.0, "wordAfterHesitationRate": 0.0, "otherCollocationRate": 0.0, "easyWordNum": 570, "hardWordNum": 23, "easyWordRate": 0.9612141652613828, "hardWordRate": 0.0387858347386172, "fleschReadingEaseScore": 62.30233748572053, "gunningFogIndex": 7.667127237121254, "fleschKincaidGradeLevel": 9.32158733612577, "colemanLiauIndex": 12.408274873524451, "smogIndex": 8.049812674583475, "automatedReadabilityIndex": 10.691683076755702, "linsearWriteIndex": 0.7162595876625144, "author": "", "locationNameNum": 0, "locationNameRate": 0.0, "personNameNum": 0, "personNameRate": 0.0, "organizationNameNum": 0, "organizationNameRate": 0.0, "misspelledNum": 0, "misspelledRate": 0.0, "missingAccentNum": 0, "missingAccentRate": 0.0, "foreignAccentNum": 0, "foreignAccentRate": 0.0, "wordConcatNum": 0, "wordConcatRate": 0.0, "jLyMistakeNum": 0, "jLyMistakeRate": 0.0, "publicVNum": 0, "freqSuffixNum": 0, "partsNum": 201, "clauseWordNum": 89, "privateVNum": 0}