{"tokenNum": 450, "sentenceNum": 24, "lemmaNum": 230, "lemmaRate": 0.5111111111111111, "sentenceLength": 18.75, "allUpperNum": 0, "firstUpperNum": 25, "allUpperRate": 0.0, "firstUpperRate": 0.05555555555555555, "declarSentNum": 23, "imperSentNum": 1, "questionNum": 0, "declarSentRate": 0.9583333333333334, "imperSentRate": 0.041666666666666664, "questionRate": 0.0, "accent": true, "saturation": 3.9655172413793105, "paragraphNum": 8, "nounNum": 102, "verbNum": 58, "adjNum": 47, "infNum": 14, "partPastNum": 2, "partPresNum": 4, "partFutNum": 0, "transNum": 1, "xNum": 8, "advNum": 38, "properNounNum": 2, "numNum": 3, "conjNum": 46, "punctNum": 62, "pronNum": 22, "relPronNum": 4, "demPronNum": 14, "adposNum": 4, "multiplePunctNum": 0, "phraseNum": 0, "nounRate": 0.22666666666666666, "verbRate": 0.1288888888888889, "adjRate": 0.10444444444444445, "infRate": 0.03111111111111111, "partPastRate": 0.0044444444444444444, "partPresRate": 0.008888888888888889, "partFutRate": 0.0, "transRate": 0.0022222222222222222, "xRate": 0.017777777777777778, "advRate": 0.08444444444444445, "properNounRate": 0.0044444444444444444, "numRate": 0.006666666666666667, "conjRate": 0.10222222222222223, "punctRate": 0.13777777777777778, "pronRate": 0.04888888888888889, "relPronRate": 0.008888888888888889, "demPronRate": 0.03111111111111111, "adposRate": 0.008888888888888889, "multiplePunctRate": 0.0, "partsDensityRate": 4.224137931034483, "contentfulness": 10.208333333333334, "phraseRate": 0.0, "pastTenseNum": 10, "presentTenseNum": 34, "condNum": 3, "impNum": 5, "freqNum": 0, "causNum": 1, "modalNum": 0, "sg1VerbNum": 58, "sg2VerbNum": 58, "sg3VerbNum": 58, "pl1VerbNum": 58, "pl2VerbNum": 58, "pl3VerbNum": 58, "superlatNum": 2, "comparatNum": 2, "specDerivSuffixNum": 0, "pluralNounNum": 21, "pastTenseRate": 0.1724137931034483, "presentTenseRate": 0.5862068965517241, "condRate": 0.05172413793103448, "impRate": 0.08620689655172414, "freqRate": 0.0, "causRate": 0.017241379310344827, "modalRate": 0.0, "sg1VerbRate": 1.0, "sg2VerbRate": 1.0, "sg3VerbRate": 1.0, "pl1VerbRate": 1.0, "pl2VerbRate": 1.0, "pl3VerbRate": 1.0, "superlatRate": 0.0425531914893617, "comparatRate": 0.0425531914893617, "specDerivSuffixRate": 0.0, "pluralNounRate": 0.20588235294117646, "subjNum": 25, "objNum": 17, "attNum": 25, "subordNum": 18, "adverbNum": 50, "coordNum": 23, "clauseNum": 58, "simpleNum": 3, "complexNum": 21, "complexity1Num": 14, "complexity2Num": 3, "complexity3Num": 2, "compoundNum": 0, "subjRate": 0.05555555555555555, "objRate": 0.03777777777777778, "attRate": 0.05555555555555555, "subordRate": 0.04, "adverbRate": 0.1111111111111111, "coordRate": 0.051111111111111114, "partsRate": 2.413793103448276, "clauseRate": 2.4166666666666665, "simpleRate": 0.125, "complexRate": 0.875, "complexity1Rate": 0.5833333333333334, "complexity2Rate": 0.125, "complexity3Rate": 0.08333333333333333, "complexClauseRate": 2.619047619047619, "sentencesPerParagraph": 3.0, "wordsLengthRate": 5.907216494845361, "compoundRate": 0.0, "positiveNum": 0, "negativeNum": 0, "precoPositiveNum": 0, "precoNegativeNum": 0, "negemoNum": 0, "negationNum": 5, "functionNum": 205, "contentNum": 245, "vulgarNum": 0, "racistNum": 0, "specStyleNum": 0, "addressingNum": 0, "closingNum": 0, "postscriptNum": 0, "brutalNum": 0, "positiveRate": 0.0, "negativeRate": 0.0, "precoPositiveRate": 0.0, "precoNegativeRate": 0.0, "negemoRate": 0.0, "negationRate": 0.011111111111111112, "functionRate": 0.45555555555555555, "contentRate": 0.5444444444444444, "vulgarRate": 0.0, "racistRate": 0.0, "specStyleRate": 0.0, "addressingRate": 0.0, "closingRate": 0.0, "postscriptRate": 0.0, "brutalRate": 0.0, "epistemicNum": 0, "investNum": 0, "conditionNum": 0, "weaselNum": 0, "peacockNum": 0, "hedgeNum": 0, "doxasticNum": 0, "epistemicRate": 0.0, "investRate": 0.0, "conditionRate": 0.0, "weaselRate": 0.0, "peacockRate": 0.0, "hedgeRate": 0.0, "doxasticRate": 0.0, "loveNum": 0, "anxietyNum": 0, "sorrowNum": 0, "joyNum": 0, "disgustNum": 0, "fearNum": 0, "surpriseNum": 0, "angerNum": 0, "loveRate": 0.0, "anxietyRate": 0.0, "sorrowRate": 0.0, "joyRate": 0.0, "disgustRate": 0.0, "fearRate": 0.0, "surpriseRate": 0.0, "angerRate": 0.0, "slangBeGeneralNum": 0, "slangBeCigaretteNum": 0, "slangBeHumanNum": 0, "slangBeVehicleNum": 0, "slangBeDrugNum": 0, "slangBvNum": 0, "slangBeGeneralRate": 0.0, "slangBeCigaretteRate": 0.0, "slangBeHumanRate": 0.0, "slangBeVehicleRate": 0.0, "slangBeDrugRate": 0.0, "slangBvRate": 0.0, "speechactNum": 0, "quoteNum": 0, "dashNum": 0, "publicNum": 0, "privateNum": 0, "suasiveNum": 0, "discMarkerNum": 0, "smileyNum": 0, "dateNum": 0, "hesitationNum": 0, "restartNum": 0, "repeatNum": 0, "conjBeforeDiscNum": 0, "conjAfterDiscNum": 0, "wordBeforeHesitationNum": 0, "wordAfterHesitationNum": 0, "otherCollocationNum": 0, "speechactRate": 0.0, "quoteRate": 0.0, "dashRate": 0.0, "publicRate": 0.0, "privateRate": 0.0, "suasiveRate": 0.0, "discMarkerRate": 0.0, "smileyRate": 0.0, "dateRate": 0.0, "hesitationRate": 0.0, "restartRate": 0.0, "repeatRate": 0.0, "conjBeforeDiscRate": 0.0, "conjAfterDiscRate": 0.0, "wordBeforeHesitationRate": 0.0, "wordAfterHesitationRate": 0.0, "otherCollocationRate": 0.0, "easyWordNum": 412, "hardWordNum": 38, "easyWordRate": 0.9155555555555556, "hardWordRate": 0.08444444444444445, "fleschReadingEaseScore": 45.67575000000002, "gunningFogIndex": 7.533777777777778, "fleschKincaidGradeLevel": 11.546500000000002, "colemanLiauIndex": 14.80166222222222, "smogIndex": 9.558583805096642, "automatedReadabilityIndex": 12.416066666666673, "linsearWriteIndex": 1.398148148148148, "author": "", "locationNameNum": 0, "locationNameRate": 0.0, "personNameNum": 0, "personNameRate": 0.0, "organizationNameNum": 0, "organizationNameRate": 0.0, "misspelledNum": 0, "misspelledRate": 0.0, "missingAccentNum": 0, "missingAccentRate": 0.0, "foreignAccentNum": 0, "foreignAccentRate": 0.0, "wordConcatNum": 0, "wordConcatRate": 0.0, "jLyMistakeNum": 0, "jLyMistakeRate": 0.0, "publicVNum": 0, "freqSuffixNum": 0, "partsNum": 140, "clauseWordNum": 58, "privateVNum": 0}