{"tokenNum": 504, "sentenceNum": 28, "lemmaNum": 215, "lemmaRate": 0.42658730158730157, "sentenceLength": 18.0, "allUpperNum": 0, "firstUpperNum": 30, "allUpperRate": 0.0, "firstUpperRate": 0.05952380952380952, "declarSentNum": 22, "imperSentNum": 5, "questionNum": 1, "declarSentRate": 0.7857142857142857, "imperSentRate": 0.17857142857142858, "questionRate": 0.03571428571428571, "accent": true, "saturation": 2.5, "paragraphNum": 5, "nounNum": 75, "verbNum": 66, "adjNum": 44, "infNum": 9, "partPastNum": 1, "partPresNum": 3, "partFutNum": 0, "transNum": 0, "xNum": 5, "advNum": 51, "properNounNum": 0, "numNum": 0, "conjNum": 53, "punctNum": 97, "pronNum": 51, "relPronNum": 18, "demPronNum": 32, "adposNum": 3, "multiplePunctNum": 0, "phraseNum": 0, "nounRate": 0.1488095238095238, "verbRate": 0.13095238095238096, "adjRate": 0.0873015873015873, "infRate": 0.017857142857142856, "partPastRate": 0.001984126984126984, "partPresRate": 0.005952380952380952, "partFutRate": 0.0, "transRate": 0.0, "xRate": 0.00992063492063492, "advRate": 0.10119047619047619, "properNounRate": 0.0, "numRate": 0.0, "conjRate": 0.10515873015873016, "punctRate": 0.19246031746031747, "pronRate": 0.10119047619047619, "relPronRate": 0.03571428571428571, "demPronRate": 0.06349206349206349, "adposRate": 0.005952380952380952, "multiplePunctRate": 0.0, "partsDensityRate": 2.744186046511628, "contentfulness": 8.428571428571429, "phraseRate": 0.0, "pastTenseNum": 5, "presentTenseNum": 53, "condNum": 0, "impNum": 5, "freqNum": 0, "causNum": 0, "modalNum": 2, "sg1VerbNum": 66, "sg2VerbNum": 66, "sg3VerbNum": 66, "pl1VerbNum": 66, "pl2VerbNum": 66, "pl3VerbNum": 66, "superlatNum": 3, "comparatNum": 4, "specDerivSuffixNum": 0, "pluralNounNum": 8, "pastTenseRate": 0.07575757575757576, "presentTenseRate": 0.803030303030303, "condRate": 0.0, "impRate": 0.07575757575757576, "freqRate": 0.0, "causRate": 0.0, "modalRate": 0.030303030303030304, "sg1VerbRate": 1.0, "sg2VerbRate": 1.0, "sg3VerbRate": 1.0, "pl1VerbRate": 1.0, "pl2VerbRate": 1.0, "pl3VerbRate": 1.0, "superlatRate": 0.06818181818181818, "comparatRate": 0.09090909090909091, "specDerivSuffixRate": 0.0, "pluralNounRate": 0.10666666666666667, "subjNum": 36, "objNum": 26, "attNum": 27, "subordNum": 33, "adverbNum": 67, "coordNum": 29, "clauseNum": 86, "simpleNum": 3, "complexNum": 25, "complexity1Num": 10, "complexity2Num": 4, "complexity3Num": 6, "compoundNum": 0, "subjRate": 0.07142857142857142, "objRate": 0.051587301587301584, "attRate": 0.05357142857142857, "subordRate": 0.06547619047619048, "adverbRate": 0.13293650793650794, "coordRate": 0.057539682539682536, "partsRate": 2.1511627906976742, "clauseRate": 3.0714285714285716, "simpleRate": 0.10714285714285714, "complexRate": 0.8928571428571429, "complexity1Rate": 0.35714285714285715, "complexity2Rate": 0.14285714285714285, "complexity3Rate": 0.21428571428571427, "complexClauseRate": 3.32, "sentencesPerParagraph": 5.6, "wordsLengthRate": 5.326781326781327, "compoundRate": 0.0, "positiveNum": 0, "negativeNum": 0, "precoPositiveNum": 0, "precoNegativeNum": 0, "negemoNum": 0, "negationNum": 5, "functionNum": 268, "contentNum": 236, "vulgarNum": 0, "racistNum": 0, "specStyleNum": 0, "addressingNum": 0, "closingNum": 0, "postscriptNum": 0, "brutalNum": 0, "positiveRate": 0.0, "negativeRate": 0.0, "precoPositiveRate": 0.0, "precoNegativeRate": 0.0, "negemoRate": 0.0, "negationRate": 0.00992063492063492, "functionRate": 0.5317460317460317, "contentRate": 0.46825396825396826, "vulgarRate": 0.0, "racistRate": 0.0, "specStyleRate": 0.0, "addressingRate": 0.0, "closingRate": 0.0, "postscriptRate": 0.0, "brutalRate": 0.0, "epistemicNum": 0, "investNum": 0, "conditionNum": 0, "weaselNum": 0, "peacockNum": 0, "hedgeNum": 0, "doxasticNum": 0, "epistemicRate": 0.0, "investRate": 0.0, "conditionRate": 0.0, "weaselRate": 0.0, "peacockRate": 0.0, "hedgeRate": 0.0, "doxasticRate": 0.0, "loveNum": 0, "anxietyNum": 0, "sorrowNum": 0, "joyNum": 0, "disgustNum": 0, "fearNum": 0, "surpriseNum": 0, "angerNum": 0, "loveRate": 0.0, "anxietyRate": 0.0, "sorrowRate": 0.0, "joyRate": 0.0, "disgustRate": 0.0, "fearRate": 0.0, "surpriseRate": 0.0, "angerRate": 0.0, "slangBeGeneralNum": 0, "slangBeCigaretteNum": 0, "slangBeHumanNum": 0, "slangBeVehicleNum": 0, "slangBeDrugNum": 0, "slangBvNum": 0, "slangBeGeneralRate": 0.0, "slangBeCigaretteRate": 0.0, "slangBeHumanRate": 0.0, "slangBeVehicleRate": 0.0, "slangBeDrugRate": 0.0, "slangBvRate": 0.0, "speechactNum": 0, "quoteNum": 1, "dashNum": 1, "publicNum": 0, "privateNum": 0, "suasiveNum": 0, "discMarkerNum": 0, "smileyNum": 0, "dateNum": 0, "hesitationNum": 0, "restartNum": 0, "repeatNum": 1, "conjBeforeDiscNum": 0, "conjAfterDiscNum": 0, "wordBeforeHesitationNum": 0, "wordAfterHesitationNum": 0, "otherCollocationNum": 0, "speechactRate": 0.0, "quoteRate": 0.001984126984126984, "dashRate": 0.001984126984126984, "publicRate": 0.0, "privateRate": 0.0, "suasiveRate": 0.0, "discMarkerRate": 0.0, "smileyRate": 0.0, "dateRate": 0.0, "hesitationRate": 0.0, "restartRate": 0.0, "repeatRate": 0.001984126984126984, "conjBeforeDiscRate": 0.0, "conjAfterDiscRate": 0.0, "wordBeforeHesitationRate": 0.0, "wordAfterHesitationRate": 0.0, "otherCollocationRate": 0.0, "easyWordNum": 474, "hardWordNum": 30, "easyWordRate": 0.9404761904761905, "hardWordRate": 0.05952380952380952, "fleschReadingEaseScore": 67.20428571428572, "gunningFogIndex": 7.223809523809525, "fleschKincaidGradeLevel": 8.357380952380954, "colemanLiauIndex": 10.552908730158727, "smogIndex": 8.841846274778883, "automatedReadabilityIndex": 8.643511904761905, "linsearWriteIndex": 0.9805839002267571, "author": "", "locationNameNum": 0, "locationNameRate": 0.0, "personNameNum": 0, "personNameRate": 0.0, "organizationNameNum": 0, "organizationNameRate": 0.0, "misspelledNum": 2, "misspelledRate": 0.003968253968253968, "missingAccentNum": 1, "missingAccentRate": 0.001984126984126984, "foreignAccentNum": 0, "foreignAccentRate": 0.0, "wordConcatNum": 0, "wordConcatRate": 0.0, "jLyMistakeNum": 0, "jLyMistakeRate": 0.0, "publicVNum": 0, "freqSuffixNum": 0, "partsNum": 185, "clauseWordNum": 86, "privateVNum": 0}