{"tokenNum": 475, "sentenceNum": 18, "lemmaNum": 221, "lemmaRate": 0.4652631578947368, "sentenceLength": 26.38888888888889, "allUpperNum": 1, "firstUpperNum": 19, "allUpperRate": 0.002105263157894737, "firstUpperRate": 0.04, "declarSentNum": 17, "imperSentNum": 0, "questionNum": 1, "declarSentRate": 0.9444444444444444, "imperSentRate": 0.0, "questionRate": 0.05555555555555555, "accent": true, "saturation": 3.2028985507246377, "paragraphNum": 5, "nounNum": 81, "verbNum": 64, "adjNum": 57, "infNum": 7, "partPastNum": 1, "partPresNum": 5, "partFutNum": 0, "transNum": 1, "xNum": 5, "advNum": 38, "properNounNum": 1, "numNum": 1, "conjNum": 57, "punctNum": 85, "pronNum": 35, "relPronNum": 9, "demPronNum": 18, "adposNum": 1, "multiplePunctNum": 0, "phraseNum": 0, "nounRate": 0.1705263157894737, "verbRate": 0.13473684210526315, "adjRate": 0.12, "infRate": 0.014736842105263158, "partPastRate": 0.002105263157894737, "partPresRate": 0.010526315789473684, "partFutRate": 0.0, "transRate": 0.002105263157894737, "xRate": 0.010526315789473684, "advRate": 0.08, "properNounRate": 0.002105263157894737, "numRate": 0.002105263157894737, "conjRate": 0.12, "punctRate": 0.17894736842105263, "pronRate": 0.07368421052631578, "relPronRate": 0.018947368421052633, "demPronRate": 0.037894736842105266, "adposRate": 0.002105263157894737, "multiplePunctRate": 0.0, "partsDensityRate": 3.4782608695652173, "contentfulness": 13.333333333333334, "phraseRate": 0.0, "pastTenseNum": 4, "presentTenseNum": 53, "condNum": 3, "impNum": 7, "freqNum": 0, "causNum": 0, "modalNum": 9, "sg1VerbNum": 64, "sg2VerbNum": 64, "sg3VerbNum": 64, "pl1VerbNum": 64, "pl2VerbNum": 64, "pl3VerbNum": 64, "superlatNum": 1, "comparatNum": 2, "specDerivSuffixNum": 0, "pluralNounNum": 19, "pastTenseRate": 0.0625, "presentTenseRate": 0.828125, "condRate": 0.046875, "impRate": 0.109375, "freqRate": 0.0, "causRate": 0.0, "modalRate": 0.140625, "sg1VerbRate": 1.0, "sg2VerbRate": 1.0, "sg3VerbRate": 1.0, "pl1VerbRate": 1.0, "pl2VerbRate": 1.0, "pl3VerbRate": 1.0, "superlatRate": 0.017543859649122806, "comparatRate": 0.03508771929824561, "specDerivSuffixRate": 0.0, "pluralNounRate": 0.2345679012345679, "subjNum": 30, "objNum": 24, "attNum": 33, "subordNum": 34, "adverbNum": 62, "coordNum": 34, "clauseNum": 69, "simpleNum": 1, "complexNum": 17, "complexity1Num": 3, "complexity2Num": 4, "complexity3Num": 3, "compoundNum": 0, "subjRate": 0.06315789473684211, "objRate": 0.05052631578947368, "attRate": 0.06947368421052631, "subordRate": 0.07157894736842105, "adverbRate": 0.13052631578947368, "coordRate": 0.07157894736842105, "partsRate": 2.652173913043478, "clauseRate": 3.8333333333333335, "simpleRate": 0.05555555555555555, "complexRate": 0.9444444444444444, "complexity1Rate": 0.16666666666666666, "complexity2Rate": 0.2222222222222222, "complexity3Rate": 0.16666666666666666, "complexClauseRate": 4.0, "sentencesPerParagraph": 3.6, "wordsLengthRate": 6.115384615384615, "compoundRate": 0.0, "positiveNum": 0, "negativeNum": 0, "precoPositiveNum": 0, "precoNegativeNum": 0, "negemoNum": 0, "negationNum": 6, "functionNum": 235, "contentNum": 240, "vulgarNum": 0, "racistNum": 0, "specStyleNum": 0, "addressingNum": 0, "closingNum": 0, "postscriptNum": 0, "brutalNum": 0, "positiveRate": 0.0, "negativeRate": 0.0, "precoPositiveRate": 0.0, "precoNegativeRate": 0.0, "negemoRate": 0.0, "negationRate": 0.01263157894736842, "functionRate": 0.49473684210526314, "contentRate": 0.5052631578947369, "vulgarRate": 0.0, "racistRate": 0.0, "specStyleRate": 0.0, "addressingRate": 0.0, "closingRate": 0.0, "postscriptRate": 0.0, "brutalRate": 0.0, "epistemicNum": 0, "investNum": 0, "conditionNum": 0, "weaselNum": 0, "peacockNum": 0, "hedgeNum": 0, "doxasticNum": 0, "epistemicRate": 0.0, "investRate": 0.0, "conditionRate": 0.0, "weaselRate": 0.0, "peacockRate": 0.0, "hedgeRate": 0.0, "doxasticRate": 0.0, "loveNum": 0, "anxietyNum": 0, "sorrowNum": 0, "joyNum": 0, "disgustNum": 0, "fearNum": 0, "surpriseNum": 0, "angerNum": 0, "loveRate": 0.0, "anxietyRate": 0.0, "sorrowRate": 0.0, "joyRate": 0.0, "disgustRate": 0.0, "fearRate": 0.0, "surpriseRate": 0.0, "angerRate": 0.0, "slangBeGeneralNum": 0, "slangBeCigaretteNum": 0, "slangBeHumanNum": 0, "slangBeVehicleNum": 0, "slangBeDrugNum": 0, "slangBvNum": 0, "slangBeGeneralRate": 0.0, "slangBeCigaretteRate": 0.0, "slangBeHumanRate": 0.0, "slangBeVehicleRate": 0.0, "slangBeDrugRate": 0.0, "slangBvRate": 0.0, "speechactNum": 0, "quoteNum": 2, "dashNum": 2, "publicNum": 0, "privateNum": 0, "suasiveNum": 0, "discMarkerNum": 0, "smileyNum": 0, "dateNum": 0, "hesitationNum": 0, "restartNum": 0, "repeatNum": 0, "conjBeforeDiscNum": 0, "conjAfterDiscNum": 0, "wordBeforeHesitationNum": 0, "wordAfterHesitationNum": 0, "otherCollocationNum": 0, "speechactRate": 0.0, "quoteRate": 0.004210526315789474, "dashRate": 0.004210526315789474, "publicRate": 0.0, "privateRate": 0.0, "suasiveRate": 0.0, "discMarkerRate": 0.0, "smileyRate": 0.0, "dateRate": 0.0, "hesitationRate": 0.0, "restartRate": 0.0, "repeatRate": 0.0, "conjBeforeDiscRate": 0.0, "conjAfterDiscRate": 0.0, "wordBeforeHesitationRate": 0.0, "wordAfterHesitationRate": 0.0, "otherCollocationRate": 0.0, "easyWordNum": 414, "hardWordNum": 61, "easyWordRate": 0.871578947368421, "hardWordRate": 0.12842105263157894, "fleschReadingEaseScore": 38.456593567251474, "gunningFogIndex": 10.606923976608188, "fleschKincaidGradeLevel": 14.451140350877196, "colemanLiauIndex": 14.703886315789472, "smogIndex": 11.275190411970641, "automatedReadabilityIndex": 16.157286549707607, "linsearWriteIndex": 2.461988304093567, "author": "", "locationNameNum": 0, "locationNameRate": 0.0, "personNameNum": 0, "personNameRate": 0.0, "organizationNameNum": 0, "organizationNameRate": 0.0, "misspelledNum": 3, "misspelledRate": 0.00631578947368421, "missingAccentNum": 0, "missingAccentRate": 0.0, "foreignAccentNum": 0, "foreignAccentRate": 0.0, "wordConcatNum": 2, "wordConcatRate": 0.004210526315789474, "jLyMistakeNum": 0, "jLyMistakeRate": 0.0, "publicVNum": 0, "freqSuffixNum": 0, "partsNum": 183, "clauseWordNum": 69, "privateVNum": 0}