{"tokenNum": 616, "sentenceNum": 30, "lemmaNum": 265, "lemmaRate": 0.4301948051948052, "sentenceLength": 20.533333333333335, "allUpperNum": 1, "firstUpperNum": 32, "allUpperRate": 0.0016233766233766235, "firstUpperRate": 0.05194805194805195, "declarSentNum": 28, "imperSentNum": 1, "questionNum": 1, "declarSentRate": 0.9333333333333333, "imperSentRate": 0.03333333333333333, "questionRate": 0.03333333333333333, "accent": true, "saturation": 3.045977011494253, "paragraphNum": 9, "nounNum": 133, "verbNum": 68, "adjNum": 59, "infNum": 6, "partPastNum": 2, "partPresNum": 7, "partFutNum": 0, "transNum": 1, "xNum": 10, "advNum": 51, "properNounNum": 0, "numNum": 2, "conjNum": 65, "punctNum": 107, "pronNum": 53, "relPronNum": 14, "demPronNum": 26, "adposNum": 2, "multiplePunctNum": 1, "phraseNum": 0, "nounRate": 0.2159090909090909, "verbRate": 0.11038961038961038, "adjRate": 0.09577922077922078, "infRate": 0.00974025974025974, "partPastRate": 0.003246753246753247, "partPresRate": 0.011363636363636364, "partFutRate": 0.0, "transRate": 0.0016233766233766235, "xRate": 0.016233766233766232, "advRate": 0.08279220779220779, "properNounRate": 0.0, "numRate": 0.003246753246753247, "conjRate": 0.10551948051948051, "punctRate": 0.1737012987012987, "pronRate": 0.08603896103896104, "relPronRate": 0.022727272727272728, "demPronRate": 0.04220779220779221, "adposRate": 0.003246753246753247, "multiplePunctRate": 0.009345794392523364, "partsDensityRate": 3.574712643678161, "contentfulness": 10.366666666666667, "phraseRate": 0.0, "pastTenseNum": 1, "presentTenseNum": 61, "condNum": 3, "impNum": 15, "freqNum": 0, "causNum": 1, "modalNum": 3, "sg1VerbNum": 68, "sg2VerbNum": 68, "sg3VerbNum": 68, "pl1VerbNum": 68, "pl2VerbNum": 68, "pl3VerbNum": 68, "superlatNum": 1, "comparatNum": 4, "specDerivSuffixNum": 0, "pluralNounNum": 35, "pastTenseRate": 0.014705882352941176, "presentTenseRate": 0.8970588235294118, "condRate": 0.04411764705882353, "impRate": 0.22058823529411764, "freqRate": 0.0, "causRate": 0.014705882352941176, "modalRate": 0.04411764705882353, "sg1VerbRate": 1.0, "sg2VerbRate": 1.0, "sg3VerbRate": 1.0, "pl1VerbRate": 1.0, "pl2VerbRate": 1.0, "pl3VerbRate": 1.0, "superlatRate": 0.01694915254237288, "comparatRate": 0.06779661016949153, "specDerivSuffixRate": 0.0, "pluralNounRate": 0.2631578947368421, "subjNum": 35, "objNum": 26, "attNum": 37, "subordNum": 36, "adverbNum": 74, "coordNum": 43, "clauseNum": 87, "simpleNum": 8, "complexNum": 22, "complexity1Num": 6, "complexity2Num": 4, "complexity3Num": 7, "compoundNum": 0, "subjRate": 0.056818181818181816, "objRate": 0.04220779220779221, "attRate": 0.060064935064935064, "subordRate": 0.05844155844155844, "adverbRate": 0.12012987012987013, "coordRate": 0.0698051948051948, "partsRate": 2.471264367816092, "clauseRate": 2.9, "simpleRate": 0.26666666666666666, "complexRate": 0.7333333333333333, "complexity1Rate": 0.2, "complexity2Rate": 0.13333333333333333, "complexity3Rate": 0.23333333333333334, "complexClauseRate": 3.590909090909091, "sentencesPerParagraph": 3.3333333333333335, "wordsLengthRate": 6.088408644400785, "compoundRate": 0.0, "positiveNum": 0, "negativeNum": 0, "precoPositiveNum": 0, "precoNegativeNum": 0, "negemoNum": 0, "negationNum": 5, "functionNum": 305, "contentNum": 311, "vulgarNum": 0, "racistNum": 0, "specStyleNum": 0, "addressingNum": 0, "closingNum": 0, "postscriptNum": 0, "brutalNum": 0, "positiveRate": 0.0, "negativeRate": 0.0, "precoPositiveRate": 0.0, "precoNegativeRate": 0.0, "negemoRate": 0.0, "negationRate": 0.008116883116883116, "functionRate": 0.49512987012987014, "contentRate": 0.5048701298701299, "vulgarRate": 0.0, "racistRate": 0.0, "specStyleRate": 0.0, "addressingRate": 0.0, "closingRate": 0.0, "postscriptRate": 0.0, "brutalRate": 0.0, "epistemicNum": 0, "investNum": 0, "conditionNum": 0, "weaselNum": 0, "peacockNum": 0, "hedgeNum": 0, "doxasticNum": 0, "epistemicRate": 0.0, "investRate": 0.0, "conditionRate": 0.0, "weaselRate": 0.0, "peacockRate": 0.0, "hedgeRate": 0.0, "doxasticRate": 0.0, "loveNum": 0, "anxietyNum": 0, "sorrowNum": 0, "joyNum": 0, "disgustNum": 0, "fearNum": 0, "surpriseNum": 0, "angerNum": 0, "loveRate": 0.0, "anxietyRate": 0.0, "sorrowRate": 0.0, "joyRate": 0.0, "disgustRate": 0.0, "fearRate": 0.0, "surpriseRate": 0.0, "angerRate": 0.0, "slangBeGeneralNum": 0, "slangBeCigaretteNum": 0, "slangBeHumanNum": 0, "slangBeVehicleNum": 0, "slangBeDrugNum": 0, "slangBvNum": 0, "slangBeGeneralRate": 0.0, "slangBeCigaretteRate": 0.0, "slangBeHumanRate": 0.0, "slangBeVehicleRate": 0.0, "slangBeDrugRate": 0.0, "slangBvRate": 0.0, "speechactNum": 0, "quoteNum": 0, "dashNum": 0, "publicNum": 0, "privateNum": 0, "suasiveNum": 0, "discMarkerNum": 0, "smileyNum": 0, "dateNum": 0, "hesitationNum": 0, "restartNum": 3, "repeatNum": 1, "conjBeforeDiscNum": 0, "conjAfterDiscNum": 0, "wordBeforeHesitationNum": 0, "wordAfterHesitationNum": 0, "otherCollocationNum": 0, "speechactRate": 0.0, "quoteRate": 0.0, "dashRate": 0.0, "publicRate": 0.0, "privateRate": 0.0, "suasiveRate": 0.0, "discMarkerRate": 0.0, "smileyRate": 0.0, "dateRate": 0.0, "hesitationRate": 0.0, "restartRate": 0.00487012987012987, "repeatRate": 0.0016233766233766235, "conjBeforeDiscRate": 0.0, "conjAfterDiscRate": 0.0, "wordBeforeHesitationRate": 0.0, "wordAfterHesitationRate": 0.0, "otherCollocationRate": 0.0, "easyWordNum": 571, "hardWordNum": 45, "easyWordRate": 0.926948051948052, "hardWordRate": 0.07305194805194805, "fleschReadingEaseScore": 51.40275757575762, "gunningFogIndex": 8.242554112554114, "fleschKincaidGradeLevel": 11.190727272727276, "colemanLiauIndex": 14.711201298701297, "smogIndex": 10.125756701596842, "automatedReadabilityIndex": 13.235384199134202, "linsearWriteIndex": 0.8831168831168832, "author": "", "locationNameNum": 0, "locationNameRate": 0.0, "personNameNum": 0, "personNameRate": 0.0, "organizationNameNum": 0, "organizationNameRate": 0.0, "misspelledNum": 4, "misspelledRate": 0.006493506493506494, "missingAccentNum": 1, "missingAccentRate": 0.0016233766233766235, "foreignAccentNum": 0, "foreignAccentRate": 0.0, "wordConcatNum": 0, "wordConcatRate": 0.0, "jLyMistakeNum": 0, "jLyMistakeRate": 0.0, "publicVNum": 0, "freqSuffixNum": 0, "partsNum": 215, "clauseWordNum": 87, "privateVNum": 0}