{"tokenNum": 536, "sentenceNum": 33, "lemmaNum": 236, "lemmaRate": 0.44029850746268656, "sentenceLength": 16.242424242424242, "allUpperNum": 0, "firstUpperNum": 32, "allUpperRate": 0.0, "firstUpperRate": 0.05970149253731343, "declarSentNum": 33, "imperSentNum": 0, "questionNum": 0, "declarSentRate": 1.0, "imperSentRate": 0.0, "questionRate": 0.0, "accent": true, "saturation": 2.8095238095238093, "paragraphNum": 6, "nounNum": 99, "verbNum": 63, "adjNum": 63, "infNum": 7, "partPastNum": 2, "partPresNum": 4, "partFutNum": 0, "transNum": 2, "xNum": 6, "advNum": 45, "properNounNum": 0, "numNum": 1, "conjNum": 53, "punctNum": 94, "pronNum": 45, "relPronNum": 13, "demPronNum": 29, "adposNum": 0, "multiplePunctNum": 1, "phraseNum": 0, "nounRate": 0.18470149253731344, "verbRate": 0.11753731343283583, "adjRate": 0.11753731343283583, "infRate": 0.013059701492537313, "partPastRate": 0.0037313432835820895, "partPresRate": 0.007462686567164179, "partFutRate": 0.0, "transRate": 0.0037313432835820895, "xRate": 0.011194029850746268, "advRate": 0.08395522388059702, "properNounRate": 0.0, "numRate": 0.0018656716417910447, "conjRate": 0.09888059701492537, "punctRate": 0.17537313432835822, "pronRate": 0.08395522388059702, "relPronRate": 0.024253731343283583, "demPronRate": 0.054104477611940295, "adposRate": 0.0, "multiplePunctRate": 0.010638297872340425, "partsDensityRate": 3.2142857142857144, "contentfulness": 8.181818181818182, "phraseRate": 0.0, "pastTenseNum": 2, "presentTenseNum": 54, "condNum": 3, "impNum": 6, "freqNum": 0, "causNum": 0, "modalNum": 2, "sg1VerbNum": 63, "sg2VerbNum": 63, "sg3VerbNum": 63, "pl1VerbNum": 63, "pl2VerbNum": 63, "pl3VerbNum": 63, "superlatNum": 1, "comparatNum": 2, "specDerivSuffixNum": 0, "pluralNounNum": 17, "pastTenseRate": 0.031746031746031744, "presentTenseRate": 0.8571428571428571, "condRate": 0.047619047619047616, "impRate": 0.09523809523809523, "freqRate": 0.0, "causRate": 0.0, "modalRate": 0.031746031746031744, "sg1VerbRate": 1.0, "sg2VerbRate": 1.0, "sg3VerbRate": 1.0, "pl1VerbRate": 1.0, "pl2VerbRate": 1.0, "pl3VerbRate": 1.0, "superlatRate": 0.015873015873015872, "comparatRate": 0.031746031746031744, "specDerivSuffixRate": 0.0, "pluralNounRate": 0.1717171717171717, "subjNum": 47, "objNum": 21, "attNum": 36, "subordNum": 32, "adverbNum": 67, "coordNum": 24, "clauseNum": 84, "simpleNum": 7, "complexNum": 26, "complexity1Num": 12, "complexity2Num": 6, "complexity3Num": 5, "compoundNum": 0, "subjRate": 0.08768656716417911, "objRate": 0.03917910447761194, "attRate": 0.06716417910447761, "subordRate": 0.05970149253731343, "adverbRate": 0.125, "coordRate": 0.04477611940298507, "partsRate": 2.3214285714285716, "clauseRate": 2.5454545454545454, "simpleRate": 0.21212121212121213, "complexRate": 0.7878787878787878, "complexity1Rate": 0.36363636363636365, "complexity2Rate": 0.18181818181818182, "complexity3Rate": 0.15151515151515152, "complexClauseRate": 2.9615384615384617, "sentencesPerParagraph": 5.5, "wordsLengthRate": 5.5610859728506785, "compoundRate": 0.0, "positiveNum": 0, "negativeNum": 0, "precoPositiveNum": 0, "precoNegativeNum": 0, "negemoNum": 0, "negationNum": 4, "functionNum": 266, "contentNum": 270, "vulgarNum": 0, "racistNum": 0, "specStyleNum": 0, "addressingNum": 0, "closingNum": 0, "postscriptNum": 0, "brutalNum": 0, "positiveRate": 0.0, "negativeRate": 0.0, "precoPositiveRate": 0.0, "precoNegativeRate": 0.0, "negemoRate": 0.0, "negationRate": 0.007462686567164179, "functionRate": 0.4962686567164179, "contentRate": 0.503731343283582, "vulgarRate": 0.0, "racistRate": 0.0, "specStyleRate": 0.0, "addressingRate": 0.0, "closingRate": 0.0, "postscriptRate": 0.0, "brutalRate": 0.0, "epistemicNum": 0, "investNum": 0, "conditionNum": 0, "weaselNum": 0, "peacockNum": 0, "hedgeNum": 0, "doxasticNum": 0, "epistemicRate": 0.0, "investRate": 0.0, "conditionRate": 0.0, "weaselRate": 0.0, "peacockRate": 0.0, "hedgeRate": 0.0, "doxasticRate": 0.0, "loveNum": 0, "anxietyNum": 0, "sorrowNum": 0, "joyNum": 0, "disgustNum": 0, "fearNum": 0, "surpriseNum": 0, "angerNum": 0, "loveRate": 0.0, "anxietyRate": 0.0, "sorrowRate": 0.0, "joyRate": 0.0, "disgustRate": 0.0, "fearRate": 0.0, "surpriseRate": 0.0, "angerRate": 0.0, "slangBeGeneralNum": 0, "slangBeCigaretteNum": 0, "slangBeHumanNum": 0, "slangBeVehicleNum": 0, "slangBeDrugNum": 0, "slangBvNum": 0, "slangBeGeneralRate": 0.0, "slangBeCigaretteRate": 0.0, "slangBeHumanRate": 0.0, "slangBeVehicleRate": 0.0, "slangBeDrugRate": 0.0, "slangBvRate": 0.0, "speechactNum": 0, "quoteNum": 0, "dashNum": 0, "publicNum": 0, "privateNum": 0, "suasiveNum": 0, "discMarkerNum": 0, "smileyNum": 0, "dateNum": 0, "hesitationNum": 0, "restartNum": 0, "repeatNum": 0, "conjBeforeDiscNum": 0, "conjAfterDiscNum": 0, "wordBeforeHesitationNum": 0, "wordAfterHesitationNum": 0, "otherCollocationNum": 0, "speechactRate": 0.0, "quoteRate": 0.0, "dashRate": 0.0, "publicRate": 0.0, "privateRate": 0.0, "suasiveRate": 0.0, "discMarkerRate": 0.0, "smileyRate": 0.0, "dateRate": 0.0, "hesitationRate": 0.0, "restartRate": 0.0, "repeatRate": 0.0, "conjBeforeDiscRate": 0.0, "conjAfterDiscRate": 0.0, "wordBeforeHesitationRate": 0.0, "wordAfterHesitationRate": 0.0, "otherCollocationRate": 0.0, "easyWordNum": 492, "hardWordNum": 44, "easyWordRate": 0.917910447761194, "hardWordRate": 0.08208955223880597, "fleschReadingEaseScore": 60.13438715513345, "gunningFogIndex": 6.52980551786522, "fleschKincaidGradeLevel": 8.90685888738128, "colemanLiauIndex": 12.133360074626864, "smogIndex": 9.725611199111238, "automatedReadabilityIndex": 9.028562867480776, "linsearWriteIndex": 0.7469470827679783, "author": "", "locationNameNum": 0, "locationNameRate": 0.0, "personNameNum": 0, "personNameRate": 0.0, "organizationNameNum": 0, "organizationNameRate": 0.0, "misspelledNum": 1, "misspelledRate": 0.0018656716417910447, "missingAccentNum": 1, "missingAccentRate": 0.0018656716417910447, "foreignAccentNum": 0, "foreignAccentRate": 0.0, "wordConcatNum": 0, "wordConcatRate": 0.0, "jLyMistakeNum": 0, "jLyMistakeRate": 0.0, "publicVNum": 0, "freqSuffixNum": 0, "partsNum": 195, "clauseWordNum": 84, "privateVNum": 0}