{"tokenNum": 662, "sentenceNum": 38, "lemmaNum": 271, "lemmaRate": 0.4093655589123867, "sentenceLength": 17.42105263157895, "allUpperNum": 0, "firstUpperNum": 38, "allUpperRate": 0.0, "firstUpperRate": 0.05740181268882175, "declarSentNum": 37, "imperSentNum": 0, "questionNum": 1, "declarSentRate": 0.9736842105263158, "imperSentRate": 0.0, "questionRate": 0.02631578947368421, "accent": true, "saturation": 2.8526315789473684, "paragraphNum": 8, "nounNum": 135, "verbNum": 86, "adjNum": 55, "infNum": 15, "partPastNum": 1, "partPresNum": 0, "partFutNum": 0, "transNum": 1, "xNum": 8, "advNum": 56, "properNounNum": 0, "numNum": 0, "conjNum": 43, "punctNum": 137, "pronNum": 49, "relPronNum": 17, "demPronNum": 32, "adposNum": 0, "multiplePunctNum": 1, "phraseNum": 0, "nounRate": 0.2039274924471299, "verbRate": 0.1299093655589124, "adjRate": 0.08308157099697885, "infRate": 0.022658610271903322, "partPastRate": 0.0015105740181268882, "partPresRate": 0.0, "partFutRate": 0.0, "transRate": 0.0015105740181268882, "xRate": 0.012084592145015106, "advRate": 0.08459214501510574, "properNounRate": 0.0, "numRate": 0.0, "conjRate": 0.0649546827794562, "punctRate": 0.20694864048338368, "pronRate": 0.07401812688821752, "relPronRate": 0.0256797583081571, "demPronRate": 0.04833836858006042, "adposRate": 0.0, "multiplePunctRate": 0.0072992700729927005, "partsDensityRate": 3.4947368421052634, "contentfulness": 8.736842105263158, "phraseRate": 0.0, "pastTenseNum": 3, "presentTenseNum": 68, "condNum": 4, "impNum": 7, "freqNum": 0, "causNum": 0, "modalNum": 1, "sg1VerbNum": 86, "sg2VerbNum": 86, "sg3VerbNum": 86, "pl1VerbNum": 86, "pl2VerbNum": 86, "pl3VerbNum": 86, "superlatNum": 3, "comparatNum": 0, "specDerivSuffixNum": 0, "pluralNounNum": 30, "pastTenseRate": 0.03488372093023256, "presentTenseRate": 0.7906976744186046, "condRate": 0.046511627906976744, "impRate": 0.08139534883720931, "freqRate": 0.0, "causRate": 0.0, "modalRate": 0.011627906976744186, "sg1VerbRate": 1.0, "sg2VerbRate": 1.0, "sg3VerbRate": 1.0, "pl1VerbRate": 1.0, "pl2VerbRate": 1.0, "pl3VerbRate": 1.0, "superlatRate": 0.05454545454545454, "comparatRate": 0.0, "specDerivSuffixRate": 0.0, "pluralNounRate": 0.2222222222222222, "subjNum": 47, "objNum": 35, "attNum": 33, "subordNum": 35, "adverbNum": 71, "coordNum": 59, "clauseNum": 95, "simpleNum": 10, "complexNum": 28, "complexity1Num": 15, "complexity2Num": 3, "complexity3Num": 4, "compoundNum": 0, "subjRate": 0.07099697885196375, "objRate": 0.052870090634441085, "attRate": 0.04984894259818731, "subordRate": 0.052870090634441085, "adverbRate": 0.10725075528700906, "coordRate": 0.0891238670694864, "partsRate": 2.5789473684210527, "clauseRate": 2.5, "simpleRate": 0.2631578947368421, "complexRate": 0.7368421052631579, "complexity1Rate": 0.39473684210526316, "complexity2Rate": 0.07894736842105263, "complexity3Rate": 0.10526315789473684, "complexClauseRate": 3.0357142857142856, "sentencesPerParagraph": 4.75, "wordsLengthRate": 5.695238095238095, "compoundRate": 0.0, "positiveNum": 0, "negativeNum": 0, "precoPositiveNum": 0, "precoNegativeNum": 0, "negemoNum": 0, "negationNum": 12, "functionNum": 330, "contentNum": 332, "vulgarNum": 0, "racistNum": 0, "specStyleNum": 0, "addressingNum": 0, "closingNum": 0, "postscriptNum": 0, "brutalNum": 0, "positiveRate": 0.0, "negativeRate": 0.0, "precoPositiveRate": 0.0, "precoNegativeRate": 0.0, "negemoRate": 0.0, "negationRate": 0.01812688821752266, "functionRate": 0.4984894259818731, "contentRate": 0.5015105740181269, "vulgarRate": 0.0, "racistRate": 0.0, "specStyleRate": 0.0, "addressingRate": 0.0, "closingRate": 0.0, "postscriptRate": 0.0, "brutalRate": 0.0, "epistemicNum": 0, "investNum": 0, "conditionNum": 0, "weaselNum": 0, "peacockNum": 0, "hedgeNum": 0, "doxasticNum": 0, "epistemicRate": 0.0, "investRate": 0.0, "conditionRate": 0.0, "weaselRate": 0.0, "peacockRate": 0.0, "hedgeRate": 0.0, "doxasticRate": 0.0, "loveNum": 0, "anxietyNum": 0, "sorrowNum": 0, "joyNum": 0, "disgustNum": 0, "fearNum": 0, "surpriseNum": 0, "angerNum": 0, "loveRate": 0.0, "anxietyRate": 0.0, "sorrowRate": 0.0, "joyRate": 0.0, "disgustRate": 0.0, "fearRate": 0.0, "surpriseRate": 0.0, "angerRate": 0.0, "slangBeGeneralNum": 0, "slangBeCigaretteNum": 0, "slangBeHumanNum": 0, "slangBeVehicleNum": 0, "slangBeDrugNum": 0, "slangBvNum": 0, "slangBeGeneralRate": 0.0, "slangBeCigaretteRate": 0.0, "slangBeHumanRate": 0.0, "slangBeVehicleRate": 0.0, "slangBeDrugRate": 0.0, "slangBvRate": 0.0, "speechactNum": 0, "quoteNum": 0, "dashNum": 0, "publicNum": 0, "privateNum": 0, "suasiveNum": 0, "discMarkerNum": 0, "smileyNum": 0, "dateNum": 0, "hesitationNum": 0, "restartNum": 0, "repeatNum": 0, "conjBeforeDiscNum": 0, "conjAfterDiscNum": 0, "wordBeforeHesitationNum": 0, "wordAfterHesitationNum": 0, "otherCollocationNum": 0, "speechactRate": 0.0, "quoteRate": 0.0, "dashRate": 0.0, "publicRate": 0.0, "privateRate": 0.0, "suasiveRate": 0.0, "discMarkerRate": 0.0, "smileyRate": 0.0, "dateRate": 0.0, "hesitationRate": 0.0, "restartRate": 0.0, "repeatRate": 0.0, "conjBeforeDiscRate": 0.0, "conjAfterDiscRate": 0.0, "wordBeforeHesitationRate": 0.0, "wordAfterHesitationRate": 0.0, "otherCollocationRate": 0.0, "easyWordNum": 622, "hardWordNum": 40, "easyWordRate": 0.9395770392749244, "hardWordRate": 0.06042296072507553, "fleschReadingEaseScore": 64.42513913181747, "gunningFogIndex": 6.992590236921611, "fleschKincaidGradeLevel": 8.601189378279539, "colemanLiauIndex": 11.905960725075523, "smogIndex": 8.99025400887824, "automatedReadabilityIndex": 9.436024805215453, "linsearWriteIndex": 0.4588964859278104, "author": "", "locationNameNum": 0, "locationNameRate": 0.0, "personNameNum": 0, "personNameRate": 0.0, "organizationNameNum": 0, "organizationNameRate": 0.0, "misspelledNum": 1, "misspelledRate": 0.0015105740181268882, "missingAccentNum": 0, "missingAccentRate": 0.0, "foreignAccentNum": 0, "foreignAccentRate": 0.0, "wordConcatNum": 0, "wordConcatRate": 0.0, "jLyMistakeNum": 0, "jLyMistakeRate": 0.0, "publicVNum": 0, "freqSuffixNum": 0, "partsNum": 245, "clauseWordNum": 95, "privateVNum": 0}