{"tokenNum": 443, "sentenceNum": 19, "lemmaNum": 227, "lemmaRate": 0.5124153498871332, "sentenceLength": 23.31578947368421, "allUpperNum": 0, "firstUpperNum": 19, "allUpperRate": 0.0, "firstUpperRate": 0.04288939051918736, "declarSentNum": 19, "imperSentNum": 0, "questionNum": 0, "declarSentRate": 1.0, "imperSentRate": 0.0, "questionRate": 0.0, "accent": true, "saturation": 4.203703703703703, "paragraphNum": 4, "nounNum": 96, "verbNum": 52, "adjNum": 53, "infNum": 4, "partPastNum": 4, "partPresNum": 2, "partFutNum": 0, "transNum": 1, "xNum": 4, "advNum": 35, "properNounNum": 0, "numNum": 2, "conjNum": 33, "punctNum": 74, "pronNum": 24, "relPronNum": 8, "demPronNum": 17, "adposNum": 2, "multiplePunctNum": 0, "phraseNum": 0, "nounRate": 0.21670428893905191, "verbRate": 0.11738148984198646, "adjRate": 0.11963882618510158, "infRate": 0.009029345372460496, "partPastRate": 0.009029345372460496, "partPresRate": 0.004514672686230248, "partFutRate": 0.0, "transRate": 0.002257336343115124, "xRate": 0.009029345372460496, "advRate": 0.07900677200902935, "properNounRate": 0.0, "numRate": 0.004514672686230248, "conjRate": 0.0744920993227991, "punctRate": 0.1670428893905192, "pronRate": 0.05417607223476298, "relPronRate": 0.01805869074492099, "demPronRate": 0.03837471783295711, "adposRate": 0.004514672686230248, "multiplePunctRate": 0.0, "partsDensityRate": 4.37037037037037, "contentfulness": 12.421052631578947, "phraseRate": 0.0, "pastTenseNum": 6, "presentTenseNum": 43, "condNum": 1, "impNum": 3, "freqNum": 0, "causNum": 1, "modalNum": 4, "sg1VerbNum": 52, "sg2VerbNum": 52, "sg3VerbNum": 52, "pl1VerbNum": 52, "pl2VerbNum": 52, "pl3VerbNum": 52, "superlatNum": 1, "comparatNum": 1, "specDerivSuffixNum": 0, "pluralNounNum": 27, "pastTenseRate": 0.11538461538461539, "presentTenseRate": 0.8269230769230769, "condRate": 0.019230769230769232, "impRate": 0.057692307692307696, "freqRate": 0.0, "causRate": 0.019230769230769232, "modalRate": 0.07692307692307693, "sg1VerbRate": 1.0, "sg2VerbRate": 1.0, "sg3VerbRate": 1.0, "pl1VerbRate": 1.0, "pl2VerbRate": 1.0, "pl3VerbRate": 1.0, "superlatRate": 0.018867924528301886, "comparatRate": 0.018867924528301886, "specDerivSuffixRate": 0.0, "pluralNounRate": 0.28125, "subjNum": 30, "objNum": 23, "attNum": 37, "subordNum": 19, "adverbNum": 44, "coordNum": 31, "clauseNum": 54, "simpleNum": 2, "complexNum": 17, "complexity1Num": 6, "complexity2Num": 7, "complexity3Num": 3, "compoundNum": 0, "subjRate": 0.06772009029345373, "objRate": 0.05191873589164785, "attRate": 0.0835214446952596, "subordRate": 0.04288939051918736, "adverbRate": 0.09932279909706546, "coordRate": 0.06997742663656885, "partsRate": 3.0555555555555554, "clauseRate": 2.8421052631578947, "simpleRate": 0.10526315789473684, "complexRate": 0.8947368421052632, "complexity1Rate": 0.3157894736842105, "complexity2Rate": 0.3684210526315789, "complexity3Rate": 0.15789473684210525, "complexClauseRate": 3.0588235294117645, "sentencesPerParagraph": 4.75, "wordsLengthRate": 5.934959349593496, "compoundRate": 0.0, "positiveNum": 0, "negativeNum": 0, "precoPositiveNum": 0, "precoNegativeNum": 0, "negemoNum": 0, "negationNum": 3, "functionNum": 207, "contentNum": 236, "vulgarNum": 0, "racistNum": 0, "specStyleNum": 0, "addressingNum": 0, "closingNum": 0, "postscriptNum": 0, "brutalNum": 0, "positiveRate": 0.0, "negativeRate": 0.0, "precoPositiveRate": 0.0, "precoNegativeRate": 0.0, "negemoRate": 0.0, "negationRate": 0.006772009029345372, "functionRate": 0.4672686230248307, "contentRate": 0.5327313769751693, "vulgarRate": 0.0, "racistRate": 0.0, "specStyleRate": 0.0, "addressingRate": 0.0, "closingRate": 0.0, "postscriptRate": 0.0, "brutalRate": 0.0, "epistemicNum": 0, "investNum": 0, "conditionNum": 0, "weaselNum": 0, "peacockNum": 0, "hedgeNum": 0, "doxasticNum": 0, "epistemicRate": 0.0, "investRate": 0.0, "conditionRate": 0.0, "weaselRate": 0.0, "peacockRate": 0.0, "hedgeRate": 0.0, "doxasticRate": 0.0, "loveNum": 0, "anxietyNum": 0, "sorrowNum": 0, "joyNum": 0, "disgustNum": 0, "fearNum": 0, "surpriseNum": 0, "angerNum": 0, "loveRate": 0.0, "anxietyRate": 0.0, "sorrowRate": 0.0, "joyRate": 0.0, "disgustRate": 0.0, "fearRate": 0.0, "surpriseRate": 0.0, "angerRate": 0.0, "slangBeGeneralNum": 0, "slangBeCigaretteNum": 0, "slangBeHumanNum": 0, "slangBeVehicleNum": 0, "slangBeDrugNum": 0, "slangBvNum": 0, "slangBeGeneralRate": 0.0, "slangBeCigaretteRate": 0.0, "slangBeHumanRate": 0.0, "slangBeVehicleRate": 0.0, "slangBeDrugRate": 0.0, "slangBvRate": 0.0, "speechactNum": 0, "quoteNum": 1, "dashNum": 0, "publicNum": 0, "privateNum": 0, "suasiveNum": 0, "discMarkerNum": 0, "smileyNum": 0, "dateNum": 0, "hesitationNum": 0, "restartNum": 0, "repeatNum": 0, "conjBeforeDiscNum": 0, "conjAfterDiscNum": 0, "wordBeforeHesitationNum": 0, "wordAfterHesitationNum": 0, "otherCollocationNum": 0, "speechactRate": 0.0, "quoteRate": 0.002257336343115124, "dashRate": 0.0, "publicRate": 0.0, "privateRate": 0.0, "suasiveRate": 0.0, "discMarkerRate": 0.0, "smileyRate": 0.0, "dateRate": 0.0, "hesitationRate": 0.0, "restartRate": 0.0, "repeatRate": 0.0, "conjBeforeDiscRate": 0.0, "conjAfterDiscRate": 0.0, "wordBeforeHesitationRate": 0.0, "wordAfterHesitationRate": 0.0, "otherCollocationRate": 0.0, "easyWordNum": 399, "hardWordNum": 44, "easyWordRate": 0.9006772009029346, "hardWordRate": 0.09932279909706546, "fleschReadingEaseScore": 46.05254366163717, "gunningFogIndex": 9.36604490911251, "fleschKincaidGradeLevel": 12.628214328145422, "colemanLiauIndex": 14.194995485327308, "smogIndex": 10.047579312681364, "automatedReadabilityIndex": 14.213808958061065, "linsearWriteIndex": 2.1305690863728173, "author": "", "locationNameNum": 0, "locationNameRate": 0.0, "personNameNum": 0, "personNameRate": 0.0, "organizationNameNum": 0, "organizationNameRate": 0.0, "misspelledNum": 3, "misspelledRate": 0.006772009029345372, "missingAccentNum": 1, "missingAccentRate": 0.002257336343115124, "foreignAccentNum": 0, "foreignAccentRate": 0.0, "wordConcatNum": 1, "wordConcatRate": 0.002257336343115124, "jLyMistakeNum": 0, "jLyMistakeRate": 0.0, "publicVNum": 0, "freqSuffixNum": 0, "partsNum": 165, "clauseWordNum": 54, "privateVNum": 0}