{"tokenNum": 386, "sentenceNum": 21, "lemmaNum": 179, "lemmaRate": 0.4637305699481865, "sentenceLength": 18.38095238095238, "allUpperNum": 0, "firstUpperNum": 21, "allUpperRate": 0.0, "firstUpperRate": 0.054404145077720206, "declarSentNum": 21, "imperSentNum": 0, "questionNum": 0, "declarSentRate": 1.0, "imperSentRate": 0.0, "questionRate": 0.0, "accent": true, "saturation": 3.2545454545454544, "paragraphNum": 6, "nounNum": 63, "verbNum": 58, "adjNum": 42, "infNum": 10, "partPastNum": 0, "partPresNum": 3, "partFutNum": 0, "transNum": 1, "xNum": 6, "advNum": 30, "properNounNum": 0, "numNum": 1, "conjNum": 42, "punctNum": 57, "pronNum": 34, "relPronNum": 11, "demPronNum": 15, "adposNum": 6, "multiplePunctNum": 0, "phraseNum": 0, "nounRate": 0.16321243523316062, "verbRate": 0.15025906735751296, "adjRate": 0.10880829015544041, "infRate": 0.025906735751295335, "partPastRate": 0.0, "partPresRate": 0.007772020725388601, "partFutRate": 0.0, "transRate": 0.0025906735751295338, "xRate": 0.015544041450777202, "advRate": 0.07772020725388601, "properNounRate": 0.0, "numRate": 0.0025906735751295338, "conjRate": 0.10880829015544041, "punctRate": 0.14766839378238342, "pronRate": 0.08808290155440414, "relPronRate": 0.02849740932642487, "demPronRate": 0.038860103626943004, "adposRate": 0.015544041450777202, "multiplePunctRate": 0.0, "partsDensityRate": 3.5090909090909093, "contentfulness": 9.19047619047619, "phraseRate": 0.0, "pastTenseNum": 3, "presentTenseNum": 46, "condNum": 1, "impNum": 2, "freqNum": 0, "causNum": 0, "modalNum": 0, "sg1VerbNum": 58, "sg2VerbNum": 58, "sg3VerbNum": 58, "pl1VerbNum": 58, "pl2VerbNum": 58, "pl3VerbNum": 58, "superlatNum": 1, "comparatNum": 1, "specDerivSuffixNum": 0, "pluralNounNum": 18, "pastTenseRate": 0.05172413793103448, "presentTenseRate": 0.7931034482758621, "condRate": 0.017241379310344827, "impRate": 0.034482758620689655, "freqRate": 0.0, "causRate": 0.0, "modalRate": 0.0, "sg1VerbRate": 1.0, "sg2VerbRate": 1.0, "sg3VerbRate": 1.0, "pl1VerbRate": 1.0, "pl2VerbRate": 1.0, "pl3VerbRate": 1.0, "superlatRate": 0.023809523809523808, "comparatRate": 0.023809523809523808, "specDerivSuffixRate": 0.0, "pluralNounRate": 0.2857142857142857, "subjNum": 24, "objNum": 20, "attNum": 16, "subordNum": 15, "adverbNum": 39, "coordNum": 36, "clauseNum": 55, "simpleNum": 3, "complexNum": 18, "complexity1Num": 8, "complexity2Num": 6, "complexity3Num": 2, "compoundNum": 0, "subjRate": 0.06217616580310881, "objRate": 0.05181347150259067, "attRate": 0.04145077720207254, "subordRate": 0.038860103626943004, "adverbRate": 0.10103626943005181, "coordRate": 0.09326424870466321, "partsRate": 2.4545454545454546, "clauseRate": 2.619047619047619, "simpleRate": 0.14285714285714285, "complexRate": 0.8571428571428571, "complexity1Rate": 0.38095238095238093, "complexity2Rate": 0.2857142857142857, "complexity3Rate": 0.09523809523809523, "complexClauseRate": 2.888888888888889, "sentencesPerParagraph": 3.5, "wordsLengthRate": 5.680851063829787, "compoundRate": 0.0, "positiveNum": 0, "negativeNum": 0, "precoPositiveNum": 0, "precoNegativeNum": 0, "negemoNum": 0, "negationNum": 3, "functionNum": 193, "contentNum": 193, "vulgarNum": 0, "racistNum": 0, "specStyleNum": 0, "addressingNum": 0, "closingNum": 0, "postscriptNum": 0, "brutalNum": 0, "positiveRate": 0.0, "negativeRate": 0.0, "precoPositiveRate": 0.0, "precoNegativeRate": 0.0, "negemoRate": 0.0, "negationRate": 0.007772020725388601, "functionRate": 0.5, "contentRate": 0.5, "vulgarRate": 0.0, "racistRate": 0.0, "specStyleRate": 0.0, "addressingRate": 0.0, "closingRate": 0.0, "postscriptRate": 0.0, "brutalRate": 0.0, "epistemicNum": 0, "investNum": 0, "conditionNum": 0, "weaselNum": 0, "peacockNum": 0, "hedgeNum": 0, "doxasticNum": 0, "epistemicRate": 0.0, "investRate": 0.0, "conditionRate": 0.0, "weaselRate": 0.0, "peacockRate": 0.0, "hedgeRate": 0.0, "doxasticRate": 0.0, "loveNum": 0, "anxietyNum": 0, "sorrowNum": 0, "joyNum": 0, "disgustNum": 0, "fearNum": 0, "surpriseNum": 0, "angerNum": 0, "loveRate": 0.0, "anxietyRate": 0.0, "sorrowRate": 0.0, "joyRate": 0.0, "disgustRate": 0.0, "fearRate": 0.0, "surpriseRate": 0.0, "angerRate": 0.0, "slangBeGeneralNum": 0, "slangBeCigaretteNum": 0, "slangBeHumanNum": 0, "slangBeVehicleNum": 0, "slangBeDrugNum": 0, "slangBvNum": 0, "slangBeGeneralRate": 0.0, "slangBeCigaretteRate": 0.0, "slangBeHumanRate": 0.0, "slangBeVehicleRate": 0.0, "slangBeDrugRate": 0.0, "slangBvRate": 0.0, "speechactNum": 0, "quoteNum": 0, "dashNum": 0, "publicNum": 0, "privateNum": 0, "suasiveNum": 0, "discMarkerNum": 0, "smileyNum": 0, "dateNum": 0, "hesitationNum": 0, "restartNum": 0, "repeatNum": 0, "conjBeforeDiscNum": 0, "conjAfterDiscNum": 0, "wordBeforeHesitationNum": 0, "wordAfterHesitationNum": 0, "otherCollocationNum": 0, "speechactRate": 0.0, "quoteRate": 0.0, "dashRate": 0.0, "publicRate": 0.0, "privateRate": 0.0, "suasiveRate": 0.0, "discMarkerRate": 0.0, "smileyRate": 0.0, "dateRate": 0.0, "hesitationRate": 0.0, "restartRate": 0.0, "repeatRate": 0.0, "conjBeforeDiscRate": 0.0, "conjAfterDiscRate": 0.0, "wordBeforeHesitationRate": 0.0, "wordAfterHesitationRate": 0.0, "otherCollocationRate": 0.0, "easyWordNum": 348, "hardWordNum": 38, "easyWordRate": 0.9015544041450777, "hardWordRate": 0.09844559585492228, "fleschReadingEaseScore": 50.75812607944735, "gunningFogIndex": 7.390722921292869, "fleschKincaidGradeLevel": 10.745928941524799, "colemanLiauIndex": 13.405691709844557, "smogIndex": 9.558583805096642, "automatedReadabilityIndex": 11.115243029854426, "linsearWriteIndex": 1.8127313101406366, "author": "", "locationNameNum": 0, "locationNameRate": 0.0, "personNameNum": 0, "personNameRate": 0.0, "organizationNameNum": 0, "organizationNameRate": 0.0, "misspelledNum": 0, "misspelledRate": 0.0, "missingAccentNum": 0, "missingAccentRate": 0.0, "foreignAccentNum": 0, "foreignAccentRate": 0.0, "wordConcatNum": 0, "wordConcatRate": 0.0, "jLyMistakeNum": 0, "jLyMistakeRate": 0.0, "publicVNum": 0, "freqSuffixNum": 0, "partsNum": 135, "clauseWordNum": 55, "privateVNum": 0}