{"tokenNum": 421, "sentenceNum": 15, "lemmaNum": 217, "lemmaRate": 0.5154394299287411, "sentenceLength": 28.066666666666666, "allUpperNum": 0, "firstUpperNum": 15, "allUpperRate": 0.0, "firstUpperRate": 0.035629453681710214, "declarSentNum": 15, "imperSentNum": 0, "questionNum": 0, "declarSentRate": 1.0, "imperSentRate": 0.0, "questionRate": 0.0, "accent": true, "saturation": 3.6166666666666667, "paragraphNum": 4, "nounNum": 86, "verbNum": 45, "adjNum": 57, "infNum": 6, "partPastNum": 1, "partPresNum": 6, "partFutNum": 0, "transNum": 0, "xNum": 4, "advNum": 28, "properNounNum": 0, "numNum": 0, "conjNum": 43, "punctNum": 65, "pronNum": 38, "relPronNum": 15, "demPronNum": 18, "adposNum": 5, "multiplePunctNum": 0, "phraseNum": 0, "nounRate": 0.2042755344418052, "verbRate": 0.10688836104513064, "adjRate": 0.13539192399049882, "infRate": 0.014251781472684086, "partPastRate": 0.0023752969121140144, "partPresRate": 0.014251781472684086, "partFutRate": 0.0, "transRate": 0.0, "xRate": 0.009501187648456057, "advRate": 0.0665083135391924, "properNounRate": 0.0, "numRate": 0.0, "conjRate": 0.1021377672209026, "punctRate": 0.1543942992874109, "pronRate": 0.09026128266033254, "relPronRate": 0.035629453681710214, "demPronRate": 0.04275534441805225, "adposRate": 0.011876484560570071, "multiplePunctRate": 0.0, "partsDensityRate": 3.6, "contentfulness": 14.4, "phraseRate": 0.0, "pastTenseNum": 0, "presentTenseNum": 39, "condNum": 2, "impNum": 4, "freqNum": 0, "causNum": 1, "modalNum": 1, "sg1VerbNum": 45, "sg2VerbNum": 45, "sg3VerbNum": 45, "pl1VerbNum": 45, "pl2VerbNum": 45, "pl3VerbNum": 45, "superlatNum": 0, "comparatNum": 2, "specDerivSuffixNum": 0, "pluralNounNum": 19, "pastTenseRate": 0.0, "presentTenseRate": 0.8666666666666667, "condRate": 0.044444444444444446, "impRate": 0.08888888888888889, "freqRate": 0.0, "causRate": 0.022222222222222223, "modalRate": 0.022222222222222223, "sg1VerbRate": 1.0, "sg2VerbRate": 1.0, "sg3VerbRate": 1.0, "pl1VerbRate": 1.0, "pl2VerbRate": 1.0, "pl3VerbRate": 1.0, "superlatRate": 0.0, "comparatRate": 0.03508771929824561, "specDerivSuffixRate": 0.0, "pluralNounRate": 0.22093023255813954, "subjNum": 25, "objNum": 22, "attNum": 36, "subordNum": 27, "adverbNum": 46, "coordNum": 21, "clauseNum": 60, "simpleNum": 0, "complexNum": 15, "complexity1Num": 4, "complexity2Num": 3, "complexity3Num": 1, "compoundNum": 0, "subjRate": 0.05938242280285035, "objRate": 0.052256532066508314, "attRate": 0.0855106888361045, "subordRate": 0.06413301662707839, "adverbRate": 0.10926365795724466, "coordRate": 0.0498812351543943, "partsRate": 2.5, "clauseRate": 4.0, "simpleRate": 0.0, "complexRate": 1.0, "complexity1Rate": 0.26666666666666666, "complexity2Rate": 0.2, "complexity3Rate": 0.06666666666666667, "complexClauseRate": 4.0, "sentencesPerParagraph": 3.75, "wordsLengthRate": 6.202247191011236, "compoundRate": 0.0, "positiveNum": 0, "negativeNum": 0, "precoPositiveNum": 0, "precoNegativeNum": 0, "negemoNum": 0, "negationNum": 3, "functionNum": 205, "contentNum": 216, "vulgarNum": 0, "racistNum": 0, "specStyleNum": 0, "addressingNum": 0, "closingNum": 0, "postscriptNum": 0, "brutalNum": 0, "positiveRate": 0.0, "negativeRate": 0.0, "precoPositiveRate": 0.0, "precoNegativeRate": 0.0, "negemoRate": 0.0, "negationRate": 0.007125890736342043, "functionRate": 0.48693586698337293, "contentRate": 0.5130641330166271, "vulgarRate": 0.0, "racistRate": 0.0, "specStyleRate": 0.0, "addressingRate": 0.0, "closingRate": 0.0, "postscriptRate": 0.0, "brutalRate": 0.0, "epistemicNum": 0, "investNum": 0, "conditionNum": 0, "weaselNum": 0, "peacockNum": 0, "hedgeNum": 0, "doxasticNum": 0, "epistemicRate": 0.0, "investRate": 0.0, "conditionRate": 0.0, "weaselRate": 0.0, "peacockRate": 0.0, "hedgeRate": 0.0, "doxasticRate": 0.0, "loveNum": 0, "anxietyNum": 0, "sorrowNum": 0, "joyNum": 0, "disgustNum": 0, "fearNum": 0, "surpriseNum": 0, "angerNum": 0, "loveRate": 0.0, "anxietyRate": 0.0, "sorrowRate": 0.0, "joyRate": 0.0, "disgustRate": 0.0, "fearRate": 0.0, "surpriseRate": 0.0, "angerRate": 0.0, "slangBeGeneralNum": 0, "slangBeCigaretteNum": 0, "slangBeHumanNum": 0, "slangBeVehicleNum": 0, "slangBeDrugNum": 0, "slangBvNum": 0, "slangBeGeneralRate": 0.0, "slangBeCigaretteRate": 0.0, "slangBeHumanRate": 0.0, "slangBeVehicleRate": 0.0, "slangBeDrugRate": 0.0, "slangBvRate": 0.0, "speechactNum": 0, "quoteNum": 0, "dashNum": 0, "publicNum": 0, "privateNum": 0, "suasiveNum": 0, "discMarkerNum": 0, "smileyNum": 0, "dateNum": 0, "hesitationNum": 0, "restartNum": 0, "repeatNum": 0, "conjBeforeDiscNum": 0, "conjAfterDiscNum": 0, "wordBeforeHesitationNum": 0, "wordAfterHesitationNum": 0, "otherCollocationNum": 0, "speechactRate": 0.0, "quoteRate": 0.0, "dashRate": 0.0, "publicRate": 0.0, "privateRate": 0.0, "suasiveRate": 0.0, "discMarkerRate": 0.0, "smileyRate": 0.0, "dateRate": 0.0, "hesitationRate": 0.0, "restartRate": 0.0, "repeatRate": 0.0, "conjBeforeDiscRate": 0.0, "conjAfterDiscRate": 0.0, "wordBeforeHesitationRate": 0.0, "wordAfterHesitationRate": 0.0, "otherCollocationRate": 0.0, "easyWordNum": 376, "hardWordNum": 45, "easyWordRate": 0.8931116389548693, "hardWordRate": 0.10688836104513064, "fleschReadingEaseScore": 31.653746634996082, "gunningFogIndex": 11.26942201108472, "fleschKincaidGradeLevel": 15.816807600950117, "colemanLiauIndex": 15.8883729216152, "smogIndex": 10.125756701596842, "automatedReadabilityIndex": 17.943357086302456, "linsearWriteIndex": 3.0142517814726837, "author": "", "locationNameNum": 0, "locationNameRate": 0.0, "personNameNum": 0, "personNameRate": 0.0, "organizationNameNum": 0, "organizationNameRate": 0.0, "misspelledNum": 2, "misspelledRate": 0.004750593824228029, "missingAccentNum": 1, "missingAccentRate": 0.0023752969121140144, "foreignAccentNum": 0, "foreignAccentRate": 0.0, "wordConcatNum": 1, "wordConcatRate": 0.0023752969121140144, "jLyMistakeNum": 0, "jLyMistakeRate": 0.0, "publicVNum": 0, "freqSuffixNum": 0, "partsNum": 150, "clauseWordNum": 60, "privateVNum": 0}