{"tokenNum": 434, "sentenceNum": 17, "lemmaNum": 214, "lemmaRate": 0.4930875576036866, "sentenceLength": 25.529411764705884, "allUpperNum": 0, "firstUpperNum": 17, "allUpperRate": 0.0, "firstUpperRate": 0.03917050691244239, "declarSentNum": 17, "imperSentNum": 0, "questionNum": 0, "declarSentRate": 1.0, "imperSentRate": 0.0, "questionRate": 0.0, "accent": true, "saturation": 4.115384615384615, "paragraphNum": 5, "nounNum": 80, "verbNum": 41, "adjNum": 49, "infNum": 6, "partPastNum": 3, "partPresNum": 6, "partFutNum": 0, "transNum": 2, "xNum": 5, "advNum": 41, "properNounNum": 0, "numNum": 1, "conjNum": 33, "punctNum": 86, "pronNum": 36, "relPronNum": 16, "demPronNum": 27, "adposNum": 4, "multiplePunctNum": 0, "phraseNum": 0, "nounRate": 0.18433179723502305, "verbRate": 0.0944700460829493, "adjRate": 0.11290322580645161, "infRate": 0.013824884792626729, "partPastRate": 0.0069124423963133645, "partPresRate": 0.013824884792626729, "partFutRate": 0.0, "transRate": 0.004608294930875576, "xRate": 0.01152073732718894, "advRate": 0.0944700460829493, "properNounRate": 0.0, "numRate": 0.002304147465437788, "conjRate": 0.07603686635944701, "punctRate": 0.19815668202764977, "pronRate": 0.08294930875576037, "relPronRate": 0.03686635944700461, "demPronRate": 0.06221198156682028, "adposRate": 0.009216589861751152, "multiplePunctRate": 0.0, "partsDensityRate": 4.0576923076923075, "contentfulness": 12.411764705882353, "phraseRate": 0.0, "pastTenseNum": 2, "presentTenseNum": 33, "condNum": 2, "impNum": 2, "freqNum": 0, "causNum": 0, "modalNum": 1, "sg1VerbNum": 41, "sg2VerbNum": 41, "sg3VerbNum": 41, "pl1VerbNum": 41, "pl2VerbNum": 41, "pl3VerbNum": 41, "superlatNum": 0, "comparatNum": 1, "specDerivSuffixNum": 0, "pluralNounNum": 11, "pastTenseRate": 0.04878048780487805, "presentTenseRate": 0.8048780487804879, "condRate": 0.04878048780487805, "impRate": 0.04878048780487805, "freqRate": 0.0, "causRate": 0.0, "modalRate": 0.024390243902439025, "sg1VerbRate": 1.0, "sg2VerbRate": 1.0, "sg3VerbRate": 1.0, "pl1VerbRate": 1.0, "pl2VerbRate": 1.0, "pl3VerbRate": 1.0, "superlatRate": 0.0, "comparatRate": 0.02040816326530612, "specDerivSuffixRate": 0.0, "pluralNounRate": 0.1375, "subjNum": 32, "objNum": 22, "attNum": 24, "subordNum": 23, "adverbNum": 51, "coordNum": 27, "clauseNum": 52, "simpleNum": 2, "complexNum": 15, "complexity1Num": 4, "complexity2Num": 6, "complexity3Num": 4, "compoundNum": 0, "subjRate": 0.07373271889400922, "objRate": 0.05069124423963134, "attRate": 0.055299539170506916, "subordRate": 0.052995391705069124, "adverbRate": 0.1175115207373272, "coordRate": 0.06221198156682028, "partsRate": 3.0, "clauseRate": 3.0588235294117645, "simpleRate": 0.11764705882352941, "complexRate": 0.8823529411764706, "complexity1Rate": 0.23529411764705882, "complexity2Rate": 0.35294117647058826, "complexity3Rate": 0.23529411764705882, "complexClauseRate": 3.3333333333333335, "sentencesPerParagraph": 3.4, "wordsLengthRate": 6.166666666666667, "compoundRate": 0.0, "positiveNum": 0, "negativeNum": 0, "precoPositiveNum": 0, "precoNegativeNum": 0, "negemoNum": 0, "negationNum": 4, "functionNum": 223, "contentNum": 211, "vulgarNum": 0, "racistNum": 0, "specStyleNum": 0, "addressingNum": 0, "closingNum": 0, "postscriptNum": 0, "brutalNum": 0, "positiveRate": 0.0, "negativeRate": 0.0, "precoPositiveRate": 0.0, "precoNegativeRate": 0.0, "negemoRate": 0.0, "negationRate": 0.009216589861751152, "functionRate": 0.5138248847926268, "contentRate": 0.4861751152073733, "vulgarRate": 0.0, "racistRate": 0.0, "specStyleRate": 0.0, "addressingRate": 0.0, "closingRate": 0.0, "postscriptRate": 0.0, "brutalRate": 0.0, "epistemicNum": 0, "investNum": 0, "conditionNum": 0, "weaselNum": 0, "peacockNum": 0, "hedgeNum": 0, "doxasticNum": 0, "epistemicRate": 0.0, "investRate": 0.0, "conditionRate": 0.0, "weaselRate": 0.0, "peacockRate": 0.0, "hedgeRate": 0.0, "doxasticRate": 0.0, "loveNum": 0, "anxietyNum": 0, "sorrowNum": 0, "joyNum": 0, "disgustNum": 0, "fearNum": 0, "surpriseNum": 0, "angerNum": 0, "loveRate": 0.0, "anxietyRate": 0.0, "sorrowRate": 0.0, "joyRate": 0.0, "disgustRate": 0.0, "fearRate": 0.0, "surpriseRate": 0.0, "angerRate": 0.0, "slangBeGeneralNum": 0, "slangBeCigaretteNum": 0, "slangBeHumanNum": 0, "slangBeVehicleNum": 0, "slangBeDrugNum": 0, "slangBvNum": 0, "slangBeGeneralRate": 0.0, "slangBeCigaretteRate": 0.0, "slangBeHumanRate": 0.0, "slangBeVehicleRate": 0.0, "slangBeDrugRate": 0.0, "slangBvRate": 0.0, "speechactNum": 0, "quoteNum": 10, "dashNum": 0, "publicNum": 0, "privateNum": 0, "suasiveNum": 0, "discMarkerNum": 0, "smileyNum": 0, "dateNum": 0, "hesitationNum": 0, "restartNum": 0, "repeatNum": 0, "conjBeforeDiscNum": 0, "conjAfterDiscNum": 0, "wordBeforeHesitationNum": 0, "wordAfterHesitationNum": 0, "otherCollocationNum": 0, "speechactRate": 0.0, "quoteRate": 0.02304147465437788, "dashRate": 0.0, "publicRate": 0.0, "privateRate": 0.0, "suasiveRate": 0.0, "discMarkerRate": 0.0, "smileyRate": 0.0, "dateRate": 0.0, "hesitationRate": 0.0, "restartRate": 0.0, "repeatRate": 0.0, "conjBeforeDiscRate": 0.0, "conjAfterDiscRate": 0.0, "wordBeforeHesitationRate": 0.0, "wordAfterHesitationRate": 0.0, "otherCollocationRate": 0.0, "easyWordNum": 379, "hardWordNum": 55, "easyWordRate": 0.8732718894009217, "hardWordRate": 0.12672811059907835, "fleschReadingEaseScore": 35.11435212794797, "gunningFogIndex": 10.262455950121986, "fleschKincaidGradeLevel": 14.703797777175389, "colemanLiauIndex": 14.355596774193547, "smogIndex": 10.864195022040775, "automatedReadabilityIndex": 15.449037679587967, "linsearWriteIndex": 2.6527514231499048, "author": "", "locationNameNum": 0, "locationNameRate": 0.0, "personNameNum": 0, "personNameRate": 0.0, "organizationNameNum": 0, "organizationNameRate": 0.0, "misspelledNum": 5, "misspelledRate": 0.01152073732718894, "missingAccentNum": 1, "missingAccentRate": 0.002304147465437788, "foreignAccentNum": 0, "foreignAccentRate": 0.0, "wordConcatNum": 1, "wordConcatRate": 0.002304147465437788, "jLyMistakeNum": 0, "jLyMistakeRate": 0.0, "publicVNum": 0, "freqSuffixNum": 0, "partsNum": 156, "clauseWordNum": 52, "privateVNum": 0}