{"tokenNum": 425, "sentenceNum": 29, "lemmaNum": 189, "lemmaRate": 0.4447058823529412, "sentenceLength": 14.655172413793103, "allUpperNum": 0, "firstUpperNum": 29, "allUpperRate": 0.0, "firstUpperRate": 0.06823529411764706, "declarSentNum": 27, "imperSentNum": 0, "questionNum": 2, "declarSentRate": 0.9310344827586207, "imperSentRate": 0.0, "questionRate": 0.06896551724137931, "accent": true, "saturation": 2.625, "paragraphNum": 4, "nounNum": 60, "verbNum": 74, "adjNum": 37, "infNum": 21, "partPastNum": 0, "partPresNum": 1, "partFutNum": 0, "transNum": 1, "xNum": 5, "advNum": 39, "properNounNum": 0, "numNum": 1, "conjNum": 32, "punctNum": 74, "pronNum": 37, "relPronNum": 11, "demPronNum": 15, "adposNum": 4, "multiplePunctNum": 0, "phraseNum": 0, "nounRate": 0.1411764705882353, "verbRate": 0.17411764705882352, "adjRate": 0.08705882352941176, "infRate": 0.04941176470588235, "partPastRate": 0.0, "partPresRate": 0.002352941176470588, "partFutRate": 0.0, "transRate": 0.002352941176470588, "xRate": 0.011764705882352941, "advRate": 0.09176470588235294, "properNounRate": 0.0, "numRate": 0.002352941176470588, "conjRate": 0.07529411764705882, "punctRate": 0.17411764705882352, "pronRate": 0.08705882352941176, "relPronRate": 0.02588235294117647, "demPronRate": 0.03529411764705882, "adposRate": 0.009411764705882352, "multiplePunctRate": 0.0, "partsDensityRate": 2.9166666666666665, "contentfulness": 7.241379310344827, "phraseRate": 0.0, "pastTenseNum": 6, "presentTenseNum": 47, "condNum": 1, "impNum": 6, "freqNum": 0, "causNum": 0, "modalNum": 1, "sg1VerbNum": 74, "sg2VerbNum": 74, "sg3VerbNum": 74, "pl1VerbNum": 74, "pl2VerbNum": 74, "pl3VerbNum": 74, "superlatNum": 1, "comparatNum": 1, "specDerivSuffixNum": 0, "pluralNounNum": 14, "pastTenseRate": 0.08108108108108109, "presentTenseRate": 0.6351351351351351, "condRate": 0.013513513513513514, "impRate": 0.08108108108108109, "freqRate": 0.0, "causRate": 0.0, "modalRate": 0.013513513513513514, "sg1VerbRate": 1.0, "sg2VerbRate": 1.0, "sg3VerbRate": 1.0, "pl1VerbRate": 1.0, "pl2VerbRate": 1.0, "pl3VerbRate": 1.0, "superlatRate": 0.02702702702702703, "comparatRate": 0.02702702702702703, "specDerivSuffixRate": 0.0, "pluralNounRate": 0.23333333333333334, "subjNum": 28, "objNum": 26, "attNum": 17, "subordNum": 25, "adverbNum": 44, "coordNum": 22, "clauseNum": 72, "simpleNum": 8, "complexNum": 21, "complexity1Num": 10, "complexity2Num": 6, "complexity3Num": 0, "compoundNum": 0, "subjRate": 0.06588235294117648, "objRate": 0.0611764705882353, "attRate": 0.04, "subordRate": 0.058823529411764705, "adverbRate": 0.10352941176470588, "coordRate": 0.05176470588235294, "partsRate": 1.9027777777777777, "clauseRate": 2.4827586206896552, "simpleRate": 0.27586206896551724, "complexRate": 0.7241379310344828, "complexity1Rate": 0.3448275862068966, "complexity2Rate": 0.20689655172413793, "complexity3Rate": 0.0, "complexClauseRate": 3.0476190476190474, "sentencesPerParagraph": 7.25, "wordsLengthRate": 5.641025641025641, "compoundRate": 0.0, "positiveNum": 0, "negativeNum": 0, "precoPositiveNum": 0, "precoNegativeNum": 0, "negemoNum": 0, "negationNum": 5, "functionNum": 215, "contentNum": 210, "vulgarNum": 0, "racistNum": 0, "specStyleNum": 0, "addressingNum": 0, "closingNum": 0, "postscriptNum": 0, "brutalNum": 0, "positiveRate": 0.0, "negativeRate": 0.0, "precoPositiveRate": 0.0, "precoNegativeRate": 0.0, "negemoRate": 0.0, "negationRate": 0.011764705882352941, "functionRate": 0.5058823529411764, "contentRate": 0.49411764705882355, "vulgarRate": 0.0, "racistRate": 0.0, "specStyleRate": 0.0, "addressingRate": 0.0, "closingRate": 0.0, "postscriptRate": 0.0, "brutalRate": 0.0, "epistemicNum": 0, "investNum": 0, "conditionNum": 0, "weaselNum": 0, "peacockNum": 0, "hedgeNum": 0, "doxasticNum": 0, "epistemicRate": 0.0, "investRate": 0.0, "conditionRate": 0.0, "weaselRate": 0.0, "peacockRate": 0.0, "hedgeRate": 0.0, "doxasticRate": 0.0, "loveNum": 0, "anxietyNum": 0, "sorrowNum": 0, "joyNum": 0, "disgustNum": 0, "fearNum": 0, "surpriseNum": 0, "angerNum": 0, "loveRate": 0.0, "anxietyRate": 0.0, "sorrowRate": 0.0, "joyRate": 0.0, "disgustRate": 0.0, "fearRate": 0.0, "surpriseRate": 0.0, "angerRate": 0.0, "slangBeGeneralNum": 0, "slangBeCigaretteNum": 0, "slangBeHumanNum": 0, "slangBeVehicleNum": 0, "slangBeDrugNum": 0, "slangBvNum": 0, "slangBeGeneralRate": 0.0, "slangBeCigaretteRate": 0.0, "slangBeHumanRate": 0.0, "slangBeVehicleRate": 0.0, "slangBeDrugRate": 0.0, "slangBvRate": 0.0, "speechactNum": 0, "quoteNum": 0, "dashNum": 0, "publicNum": 0, "privateNum": 0, "suasiveNum": 0, "discMarkerNum": 0, "smileyNum": 0, "dateNum": 0, "hesitationNum": 0, "restartNum": 0, "repeatNum": 0, "conjBeforeDiscNum": 0, "conjAfterDiscNum": 0, "wordBeforeHesitationNum": 0, "wordAfterHesitationNum": 0, "otherCollocationNum": 0, "speechactRate": 0.0, "quoteRate": 0.0, "dashRate": 0.0, "publicRate": 0.0, "privateRate": 0.0, "suasiveRate": 0.0, "discMarkerRate": 0.0, "smileyRate": 0.0, "dateRate": 0.0, "hesitationRate": 0.0, "restartRate": 0.0, "repeatRate": 0.0, "conjBeforeDiscRate": 0.0, "conjAfterDiscRate": 0.0, "wordBeforeHesitationRate": 0.0, "wordAfterHesitationRate": 0.0, "otherCollocationRate": 0.0, "easyWordNum": 380, "hardWordNum": 45, "easyWordRate": 0.8941176470588236, "hardWordRate": 0.10588235294117647, "fleschReadingEaseScore": 60.18305882352942, "gunningFogIndex": 5.904421906693712, "fleschKincaidGradeLevel": 8.505752535496956, "colemanLiauIndex": 12.541089411764702, "smogIndex": 10.125756701596842, "automatedReadabilityIndex": 8.560997971602433, "linsearWriteIndex": 1.0689655172413794, "author": "", "locationNameNum": 0, "locationNameRate": 0.0, "personNameNum": 0, "personNameRate": 0.0, "organizationNameNum": 0, "organizationNameRate": 0.0, "misspelledNum": 1, "misspelledRate": 0.002352941176470588, "missingAccentNum": 0, "missingAccentRate": 0.0, "foreignAccentNum": 0, "foreignAccentRate": 0.0, "wordConcatNum": 0, "wordConcatRate": 0.0, "jLyMistakeNum": 0, "jLyMistakeRate": 0.0, "publicVNum": 0, "freqSuffixNum": 0, "partsNum": 137, "clauseWordNum": 72, "privateVNum": 0}