{"tokenNum": 409, "sentenceNum": 28, "lemmaNum": 217, "lemmaRate": 0.530562347188264, "sentenceLength": 14.607142857142858, "allUpperNum": 0, "firstUpperNum": 28, "allUpperRate": 0.0, "firstUpperRate": 0.06845965770171149, "declarSentNum": 28, "imperSentNum": 0, "questionNum": 0, "declarSentRate": 1.0, "imperSentRate": 0.0, "questionRate": 0.0, "accent": true, "saturation": 3.6779661016949152, "paragraphNum": 5, "nounNum": 72, "verbNum": 50, "adjNum": 57, "infNum": 11, "partPastNum": 2, "partPresNum": 5, "partFutNum": 0, "transNum": 1, "xNum": 5, "advNum": 51, "properNounNum": 0, "numNum": 2, "conjNum": 29, "punctNum": 66, "pronNum": 28, "relPronNum": 11, "demPronNum": 15, "adposNum": 5, "multiplePunctNum": 0, "phraseNum": 0, "nounRate": 0.17603911980440098, "verbRate": 0.12224938875305623, "adjRate": 0.1393643031784841, "infRate": 0.02689486552567237, "partPastRate": 0.004889975550122249, "partPresRate": 0.012224938875305624, "partFutRate": 0.0, "transRate": 0.0024449877750611247, "xRate": 0.012224938875305624, "advRate": 0.12469437652811736, "properNounRate": 0.0, "numRate": 0.004889975550122249, "conjRate": 0.07090464547677261, "punctRate": 0.16136919315403422, "pronRate": 0.06845965770171149, "relPronRate": 0.02689486552567237, "demPronRate": 0.03667481662591687, "adposRate": 0.012224938875305624, "multiplePunctRate": 0.0, "partsDensityRate": 3.8983050847457625, "contentfulness": 8.214285714285714, "phraseRate": 0.0, "pastTenseNum": 1, "presentTenseNum": 38, "condNum": 7, "impNum": 2, "freqNum": 0, "causNum": 0, "modalNum": 2, "sg1VerbNum": 50, "sg2VerbNum": 50, "sg3VerbNum": 50, "pl1VerbNum": 50, "pl2VerbNum": 50, "pl3VerbNum": 50, "superlatNum": 2, "comparatNum": 1, "specDerivSuffixNum": 0, "pluralNounNum": 20, "pastTenseRate": 0.02, "presentTenseRate": 0.76, "condRate": 0.14, "impRate": 0.04, "freqRate": 0.0, "causRate": 0.0, "modalRate": 0.04, "sg1VerbRate": 1.0, "sg2VerbRate": 1.0, "sg3VerbRate": 1.0, "pl1VerbRate": 1.0, "pl2VerbRate": 1.0, "pl3VerbRate": 1.0, "superlatRate": 0.03508771929824561, "comparatRate": 0.017543859649122806, "specDerivSuffixRate": 0.0, "pluralNounRate": 0.2777777777777778, "subjNum": 38, "objNum": 16, "attNum": 31, "subordNum": 27, "adverbNum": 65, "coordNum": 10, "clauseNum": 59, "simpleNum": 7, "complexNum": 21, "complexity1Num": 13, "complexity2Num": 6, "complexity3Num": 2, "compoundNum": 0, "subjRate": 0.09290953545232274, "objRate": 0.039119804400977995, "attRate": 0.07579462102689487, "subordRate": 0.06601466992665037, "adverbRate": 0.15892420537897312, "coordRate": 0.02444987775061125, "partsRate": 2.711864406779661, "clauseRate": 2.107142857142857, "simpleRate": 0.25, "complexRate": 0.75, "complexity1Rate": 0.4642857142857143, "complexity2Rate": 0.21428571428571427, "complexity3Rate": 0.07142857142857142, "complexClauseRate": 2.4761904761904763, "sentencesPerParagraph": 5.6, "wordsLengthRate": 6.029154518950437, "compoundRate": 0.0, "positiveNum": 0, "negativeNum": 0, "precoPositiveNum": 0, "precoNegativeNum": 0, "negemoNum": 0, "negationNum": 4, "functionNum": 179, "contentNum": 230, "vulgarNum": 0, "racistNum": 0, "specStyleNum": 0, "addressingNum": 0, "closingNum": 0, "postscriptNum": 0, "brutalNum": 0, "positiveRate": 0.0, "negativeRate": 0.0, "precoPositiveRate": 0.0, "precoNegativeRate": 0.0, "negemoRate": 0.0, "negationRate": 0.009779951100244499, "functionRate": 0.43765281173594134, "contentRate": 0.5623471882640587, "vulgarRate": 0.0, "racistRate": 0.0, "specStyleRate": 0.0, "addressingRate": 0.0, "closingRate": 0.0, "postscriptRate": 0.0, "brutalRate": 0.0, "epistemicNum": 0, "investNum": 0, "conditionNum": 0, "weaselNum": 0, "peacockNum": 0, "hedgeNum": 0, "doxasticNum": 0, "epistemicRate": 0.0, "investRate": 0.0, "conditionRate": 0.0, "weaselRate": 0.0, "peacockRate": 0.0, "hedgeRate": 0.0, "doxasticRate": 0.0, "loveNum": 0, "anxietyNum": 0, "sorrowNum": 0, "joyNum": 0, "disgustNum": 0, "fearNum": 0, "surpriseNum": 0, "angerNum": 0, "loveRate": 0.0, "anxietyRate": 0.0, "sorrowRate": 0.0, "joyRate": 0.0, "disgustRate": 0.0, "fearRate": 0.0, "surpriseRate": 0.0, "angerRate": 0.0, "slangBeGeneralNum": 0, "slangBeCigaretteNum": 0, "slangBeHumanNum": 0, "slangBeVehicleNum": 0, "slangBeDrugNum": 0, "slangBvNum": 0, "slangBeGeneralRate": 0.0, "slangBeCigaretteRate": 0.0, "slangBeHumanRate": 0.0, "slangBeVehicleRate": 0.0, "slangBeDrugRate": 0.0, "slangBvRate": 0.0, "speechactNum": 0, "quoteNum": 0, "dashNum": 0, "publicNum": 0, "privateNum": 0, "suasiveNum": 0, "discMarkerNum": 0, "smileyNum": 0, "dateNum": 0, "hesitationNum": 0, "restartNum": 0, "repeatNum": 0, "conjBeforeDiscNum": 0, "conjAfterDiscNum": 0, "wordBeforeHesitationNum": 0, "wordAfterHesitationNum": 0, "otherCollocationNum": 0, "speechactRate": 0.0, "quoteRate": 0.0, "dashRate": 0.0, "publicRate": 0.0, "privateRate": 0.0, "suasiveRate": 0.0, "discMarkerRate": 0.0, "smileyRate": 0.0, "dateRate": 0.0, "hesitationRate": 0.0, "restartRate": 0.0, "repeatRate": 0.0, "conjBeforeDiscRate": 0.0, "conjAfterDiscRate": 0.0, "wordBeforeHesitationRate": 0.0, "wordAfterHesitationRate": 0.0, "otherCollocationRate": 0.0, "easyWordNum": 369, "hardWordNum": 40, "easyWordRate": 0.902200488997555, "hardWordRate": 0.097799511002445, "fleschReadingEaseScore": 49.07818765281178, "gunningFogIndex": 5.881976947258122, "fleschKincaidGradeLevel": 10.042727034579112, "colemanLiauIndex": 14.787471882640581, "smogIndex": 9.725611199111238, "automatedReadabilityIndex": 10.33332692979392, "linsearWriteIndex": 1.1131680055885433, "author": "", "locationNameNum": 0, "locationNameRate": 0.0, "personNameNum": 0, "personNameRate": 0.0, "organizationNameNum": 0, "organizationNameRate": 0.0, "misspelledNum": 0, "misspelledRate": 0.0, "missingAccentNum": 0, "missingAccentRate": 0.0, "foreignAccentNum": 0, "foreignAccentRate": 0.0, "wordConcatNum": 0, "wordConcatRate": 0.0, "jLyMistakeNum": 0, "jLyMistakeRate": 0.0, "publicVNum": 0, "freqSuffixNum": 0, "partsNum": 160, "clauseWordNum": 59, "privateVNum": 0}