{"tokenNum": 419, "sentenceNum": 14, "lemmaNum": 221, "lemmaRate": 0.5274463007159904, "sentenceLength": 29.928571428571427, "allUpperNum": 0, "firstUpperNum": 14, "allUpperRate": 0.0, "firstUpperRate": 0.03341288782816229, "declarSentNum": 14, "imperSentNum": 0, "questionNum": 0, "declarSentRate": 1.0, "imperSentRate": 0.0, "questionRate": 0.0, "accent": true, "saturation": 4.333333333333333, "paragraphNum": 3, "nounNum": 82, "verbNum": 48, "adjNum": 51, "infNum": 9, "partPastNum": 3, "partPresNum": 8, "partFutNum": 0, "transNum": 1, "xNum": 3, "advNum": 41, "properNounNum": 0, "numNum": 3, "conjNum": 36, "punctNum": 63, "pronNum": 33, "relPronNum": 11, "demPronNum": 22, "adposNum": 3, "multiplePunctNum": 0, "phraseNum": 0, "nounRate": 0.1957040572792363, "verbRate": 0.11455847255369929, "adjRate": 0.12171837708830549, "infRate": 0.021479713603818614, "partPastRate": 0.007159904534606206, "partPresRate": 0.01909307875894988, "partFutRate": 0.0, "transRate": 0.002386634844868735, "xRate": 0.007159904534606206, "advRate": 0.09785202863961814, "properNounRate": 0.0, "numRate": 0.007159904534606206, "conjRate": 0.08591885441527446, "punctRate": 0.15035799522673032, "pronRate": 0.07875894988066826, "relPronRate": 0.026252983293556086, "demPronRate": 0.05250596658711217, "adposRate": 0.007159904534606206, "multiplePunctRate": 0.0, "partsDensityRate": 4.352941176470588, "contentfulness": 15.857142857142858, "phraseRate": 0.0, "pastTenseNum": 7, "presentTenseNum": 33, "condNum": 2, "impNum": 6, "freqNum": 0, "causNum": 0, "modalNum": 2, "sg1VerbNum": 48, "sg2VerbNum": 48, "sg3VerbNum": 48, "pl1VerbNum": 48, "pl2VerbNum": 48, "pl3VerbNum": 48, "superlatNum": 3, "comparatNum": 1, "specDerivSuffixNum": 0, "pluralNounNum": 9, "pastTenseRate": 0.14583333333333334, "presentTenseRate": 0.6875, "condRate": 0.041666666666666664, "impRate": 0.125, "freqRate": 0.0, "causRate": 0.0, "modalRate": 0.041666666666666664, "sg1VerbRate": 1.0, "sg2VerbRate": 1.0, "sg3VerbRate": 1.0, "pl1VerbRate": 1.0, "pl2VerbRate": 1.0, "pl3VerbRate": 1.0, "superlatRate": 0.058823529411764705, "comparatRate": 0.0196078431372549, "specDerivSuffixRate": 0.0, "pluralNounRate": 0.10975609756097561, "subjNum": 29, "objNum": 17, "attNum": 34, "subordNum": 24, "adverbNum": 50, "coordNum": 22, "clauseNum": 51, "simpleNum": 1, "complexNum": 13, "complexity1Num": 4, "complexity2Num": 3, "complexity3Num": 2, "compoundNum": 0, "subjRate": 0.06921241050119331, "objRate": 0.0405727923627685, "attRate": 0.081145584725537, "subordRate": 0.057279236276849645, "adverbRate": 0.11933174224343675, "coordRate": 0.05250596658711217, "partsRate": 2.980392156862745, "clauseRate": 3.642857142857143, "simpleRate": 0.07142857142857142, "complexRate": 0.9285714285714286, "complexity1Rate": 0.2857142857142857, "complexity2Rate": 0.21428571428571427, "complexity3Rate": 0.14285714285714285, "complexClauseRate": 3.8461538461538463, "sentencesPerParagraph": 4.666666666666667, "wordsLengthRate": 6.061797752808989, "compoundRate": 0.0, "positiveNum": 0, "negativeNum": 0, "precoPositiveNum": 0, "precoNegativeNum": 0, "negemoNum": 0, "negationNum": 10, "functionNum": 197, "contentNum": 222, "vulgarNum": 0, "racistNum": 0, "specStyleNum": 0, "addressingNum": 0, "closingNum": 0, "postscriptNum": 0, "brutalNum": 0, "positiveRate": 0.0, "negativeRate": 0.0, "precoPositiveRate": 0.0, "precoNegativeRate": 0.0, "negemoRate": 0.0, "negationRate": 0.02386634844868735, "functionRate": 0.4701670644391408, "contentRate": 0.5298329355608592, "vulgarRate": 0.0, "racistRate": 0.0, "specStyleRate": 0.0, "addressingRate": 0.0, "closingRate": 0.0, "postscriptRate": 0.0, "brutalRate": 0.0, "epistemicNum": 0, "investNum": 0, "conditionNum": 0, "weaselNum": 0, "peacockNum": 0, "hedgeNum": 0, "doxasticNum": 0, "epistemicRate": 0.0, "investRate": 0.0, "conditionRate": 0.0, "weaselRate": 0.0, "peacockRate": 0.0, "hedgeRate": 0.0, "doxasticRate": 0.0, "loveNum": 0, "anxietyNum": 0, "sorrowNum": 0, "joyNum": 0, "disgustNum": 0, "fearNum": 0, "surpriseNum": 0, "angerNum": 0, "loveRate": 0.0, "anxietyRate": 0.0, "sorrowRate": 0.0, "joyRate": 0.0, "disgustRate": 0.0, "fearRate": 0.0, "surpriseRate": 0.0, "angerRate": 0.0, "slangBeGeneralNum": 0, "slangBeCigaretteNum": 0, "slangBeHumanNum": 0, "slangBeVehicleNum": 0, "slangBeDrugNum": 0, "slangBvNum": 0, "slangBeGeneralRate": 0.0, "slangBeCigaretteRate": 0.0, "slangBeHumanRate": 0.0, "slangBeVehicleRate": 0.0, "slangBeDrugRate": 0.0, "slangBvRate": 0.0, "speechactNum": 0, "quoteNum": 0, "dashNum": 0, "publicNum": 0, "privateNum": 0, "suasiveNum": 0, "discMarkerNum": 0, "smileyNum": 0, "dateNum": 0, "hesitationNum": 0, "restartNum": 1, "repeatNum": 0, "conjBeforeDiscNum": 0, "conjAfterDiscNum": 0, "wordBeforeHesitationNum": 0, "wordAfterHesitationNum": 0, "otherCollocationNum": 0, "speechactRate": 0.0, "quoteRate": 0.0, "dashRate": 0.0, "publicRate": 0.0, "privateRate": 0.0, "suasiveRate": 0.0, "discMarkerRate": 0.0, "smileyRate": 0.0, "dateRate": 0.0, "hesitationRate": 0.0, "restartRate": 0.002386634844868735, "repeatRate": 0.0, "conjBeforeDiscRate": 0.0, "conjAfterDiscRate": 0.0, "wordBeforeHesitationRate": 0.0, "wordAfterHesitationRate": 0.0, "otherCollocationRate": 0.0, "easyWordNum": 379, "hardWordNum": 40, "easyWordRate": 0.9045346062052506, "hardWordRate": 0.0954653937947494, "fleschReadingEaseScore": 33.30380071599049, "gunningFogIndex": 12.009614728946472, "fleschKincaidGradeLevel": 16.049207296283672, "colemanLiauIndex": 15.336773269689733, "smogIndex": 9.725611199111238, "automatedReadabilityIndex": 18.43321172860552, "linsearWriteIndex": 3.2277531537674733, "author": "", "locationNameNum": 0, "locationNameRate": 0.0, "personNameNum": 0, "personNameRate": 0.0, "organizationNameNum": 0, "organizationNameRate": 0.0, "misspelledNum": 2, "misspelledRate": 0.00477326968973747, "missingAccentNum": 2, "missingAccentRate": 0.00477326968973747, "foreignAccentNum": 0, "foreignAccentRate": 0.0, "wordConcatNum": 0, "wordConcatRate": 0.0, "jLyMistakeNum": 0, "jLyMistakeRate": 0.0, "publicVNum": 0, "freqSuffixNum": 0, "partsNum": 152, "clauseWordNum": 51, "privateVNum": 0}