{"tokenNum": 515, "sentenceNum": 25, "lemmaNum": 234, "lemmaRate": 0.45436893203883494, "sentenceLength": 20.6, "allUpperNum": 0, "firstUpperNum": 26, "allUpperRate": 0.0, "firstUpperRate": 0.05048543689320388, "declarSentNum": 24, "imperSentNum": 1, "questionNum": 0, "declarSentRate": 0.96, "imperSentRate": 0.04, "questionRate": 0.0, "accent": true, "saturation": 3.342857142857143, "paragraphNum": 4, "nounNum": 114, "verbNum": 62, "adjNum": 40, "infNum": 11, "partPastNum": 2, "partPresNum": 7, "partFutNum": 0, "transNum": 0, "xNum": 4, "advNum": 59, "properNounNum": 1, "numNum": 1, "conjNum": 43, "punctNum": 88, "pronNum": 25, "relPronNum": 17, "demPronNum": 21, "adposNum": 8, "multiplePunctNum": 0, "phraseNum": 0, "nounRate": 0.22135922330097088, "verbRate": 0.1203883495145631, "adjRate": 0.07766990291262135, "infRate": 0.021359223300970873, "partPastRate": 0.003883495145631068, "partPresRate": 0.013592233009708738, "partFutRate": 0.0, "transRate": 0.0, "xRate": 0.007766990291262136, "advRate": 0.1145631067961165, "properNounRate": 0.001941747572815534, "numRate": 0.001941747572815534, "conjRate": 0.08349514563106795, "punctRate": 0.170873786407767, "pronRate": 0.04854368932038835, "relPronRate": 0.03300970873786408, "demPronRate": 0.040776699029126215, "adposRate": 0.015533980582524271, "multiplePunctRate": 0.0, "partsDensityRate": 3.9285714285714284, "contentfulness": 11.0, "phraseRate": 0.0, "pastTenseNum": 1, "presentTenseNum": 51, "condNum": 4, "impNum": 5, "freqNum": 0, "causNum": 0, "modalNum": 1, "sg1VerbNum": 62, "sg2VerbNum": 62, "sg3VerbNum": 62, "pl1VerbNum": 62, "pl2VerbNum": 62, "pl3VerbNum": 62, "superlatNum": 0, "comparatNum": 3, "specDerivSuffixNum": 0, "pluralNounNum": 27, "pastTenseRate": 0.016129032258064516, "presentTenseRate": 0.8225806451612904, "condRate": 0.06451612903225806, "impRate": 0.08064516129032258, "freqRate": 0.0, "causRate": 0.0, "modalRate": 0.016129032258064516, "sg1VerbRate": 1.0, "sg2VerbRate": 1.0, "sg3VerbRate": 1.0, "pl1VerbRate": 1.0, "pl2VerbRate": 1.0, "pl3VerbRate": 1.0, "superlatRate": 0.0, "comparatRate": 0.075, "specDerivSuffixRate": 0.0, "pluralNounRate": 0.23684210526315788, "subjNum": 25, "objNum": 21, "attNum": 27, "subordNum": 25, "adverbNum": 64, "coordNum": 37, "clauseNum": 70, "simpleNum": 6, "complexNum": 19, "complexity1Num": 7, "complexity2Num": 2, "complexity3Num": 7, "compoundNum": 0, "subjRate": 0.04854368932038835, "objRate": 0.040776699029126215, "attRate": 0.05242718446601942, "subordRate": 0.04854368932038835, "adverbRate": 0.12427184466019417, "coordRate": 0.07184466019417475, "partsRate": 2.4857142857142858, "clauseRate": 2.8, "simpleRate": 0.24, "complexRate": 0.76, "complexity1Rate": 0.28, "complexity2Rate": 0.08, "complexity3Rate": 0.28, "complexClauseRate": 3.3684210526315788, "sentencesPerParagraph": 6.25, "wordsLengthRate": 5.569086651053865, "compoundRate": 0.0, "positiveNum": 0, "negativeNum": 0, "precoPositiveNum": 0, "precoNegativeNum": 0, "negemoNum": 0, "negationNum": 8, "functionNum": 240, "contentNum": 275, "vulgarNum": 0, "racistNum": 0, "specStyleNum": 0, "addressingNum": 0, "closingNum": 0, "postscriptNum": 0, "brutalNum": 0, "positiveRate": 0.0, "negativeRate": 0.0, "precoPositiveRate": 0.0, "precoNegativeRate": 0.0, "negemoRate": 0.0, "negationRate": 0.015533980582524271, "functionRate": 0.46601941747572817, "contentRate": 0.5339805825242718, "vulgarRate": 0.0, "racistRate": 0.0, "specStyleRate": 0.0, "addressingRate": 0.0, "closingRate": 0.0, "postscriptRate": 0.0, "brutalRate": 0.0, "epistemicNum": 0, "investNum": 0, "conditionNum": 0, "weaselNum": 0, "peacockNum": 0, "hedgeNum": 0, "doxasticNum": 0, "epistemicRate": 0.0, "investRate": 0.0, "conditionRate": 0.0, "weaselRate": 0.0, "peacockRate": 0.0, "hedgeRate": 0.0, "doxasticRate": 0.0, "loveNum": 0, "anxietyNum": 0, "sorrowNum": 0, "joyNum": 0, "disgustNum": 0, "fearNum": 0, "surpriseNum": 0, "angerNum": 0, "loveRate": 0.0, "anxietyRate": 0.0, "sorrowRate": 0.0, "joyRate": 0.0, "disgustRate": 0.0, "fearRate": 0.0, "surpriseRate": 0.0, "angerRate": 0.0, "slangBeGeneralNum": 0, "slangBeCigaretteNum": 0, "slangBeHumanNum": 0, "slangBeVehicleNum": 0, "slangBeDrugNum": 0, "slangBvNum": 0, "slangBeGeneralRate": 0.0, "slangBeCigaretteRate": 0.0, "slangBeHumanRate": 0.0, "slangBeVehicleRate": 0.0, "slangBeDrugRate": 0.0, "slangBvRate": 0.0, "speechactNum": 0, "quoteNum": 0, "dashNum": 0, "publicNum": 0, "privateNum": 0, "suasiveNum": 0, "discMarkerNum": 0, "smileyNum": 0, "dateNum": 0, "hesitationNum": 0, "restartNum": 0, "repeatNum": 0, "conjBeforeDiscNum": 0, "conjAfterDiscNum": 0, "wordBeforeHesitationNum": 0, "wordAfterHesitationNum": 0, "otherCollocationNum": 0, "speechactRate": 0.0, "quoteRate": 0.0, "dashRate": 0.0, "publicRate": 0.0, "privateRate": 0.0, "suasiveRate": 0.0, "discMarkerRate": 0.0, "smileyRate": 0.0, "dateRate": 0.0, "hesitationRate": 0.0, "restartRate": 0.0, "repeatRate": 0.0, "conjBeforeDiscRate": 0.0, "conjAfterDiscRate": 0.0, "wordBeforeHesitationRate": 0.0, "wordAfterHesitationRate": 0.0, "otherCollocationRate": 0.0, "easyWordNum": 487, "hardWordNum": 28, "easyWordRate": 0.945631067961165, "hardWordRate": 0.05436893203883495, "fleschReadingEaseScore": 60.75085436893207, "gunningFogIndex": 8.261747572815535, "fleschKincaidGradeLevel": 9.903417475728158, "colemanLiauIndex": 12.311737864077667, "smogIndex": 8.648137234880735, "automatedReadabilityIndex": 11.349961165048548, "linsearWriteIndex": 1.2019417475728158, "author": "", "locationNameNum": 0, "locationNameRate": 0.0, "personNameNum": 0, "personNameRate": 0.0, "organizationNameNum": 0, "organizationNameRate": 0.0, "misspelledNum": 2, "misspelledRate": 0.003883495145631068, "missingAccentNum": 1, "missingAccentRate": 0.001941747572815534, "foreignAccentNum": 0, "foreignAccentRate": 0.0, "wordConcatNum": 1, "wordConcatRate": 0.001941747572815534, "jLyMistakeNum": 0, "jLyMistakeRate": 0.0, "publicVNum": 0, "freqSuffixNum": 0, "partsNum": 174, "clauseWordNum": 70, "privateVNum": 0}