{"tokenNum": 423, "sentenceNum": 21, "lemmaNum": 189, "lemmaRate": 0.44680851063829785, "sentenceLength": 20.142857142857142, "allUpperNum": 0, "firstUpperNum": 21, "allUpperRate": 0.0, "firstUpperRate": 0.04964539007092199, "declarSentNum": 21, "imperSentNum": 0, "questionNum": 0, "declarSentRate": 1.0, "imperSentRate": 0.0, "questionRate": 0.0, "accent": true, "saturation": 3.7058823529411766, "paragraphNum": 6, "nounNum": 95, "verbNum": 44, "adjNum": 45, "infNum": 5, "partPastNum": 2, "partPresNum": 3, "partFutNum": 0, "transNum": 2, "xNum": 6, "advNum": 25, "properNounNum": 1, "numNum": 2, "conjNum": 44, "punctNum": 69, "pronNum": 27, "relPronNum": 7, "demPronNum": 15, "adposNum": 6, "multiplePunctNum": 0, "phraseNum": 0, "nounRate": 0.22458628841607564, "verbRate": 0.10401891252955082, "adjRate": 0.10638297872340426, "infRate": 0.01182033096926714, "partPastRate": 0.004728132387706856, "partPresRate": 0.0070921985815602835, "partFutRate": 0.0, "transRate": 0.004728132387706856, "xRate": 0.014184397163120567, "advRate": 0.0591016548463357, "properNounRate": 0.002364066193853428, "numRate": 0.004728132387706856, "conjRate": 0.10401891252955082, "punctRate": 0.16312056737588654, "pronRate": 0.06382978723404255, "relPronRate": 0.016548463356973995, "demPronRate": 0.03546099290780142, "adposRate": 0.014184397163120567, "multiplePunctRate": 0.0, "partsDensityRate": 4.098039215686274, "contentfulness": 9.952380952380953, "phraseRate": 0.0, "pastTenseNum": 4, "presentTenseNum": 35, "condNum": 0, "impNum": 4, "freqNum": 0, "causNum": 0, "modalNum": 11, "sg1VerbNum": 44, "sg2VerbNum": 44, "sg3VerbNum": 44, "pl1VerbNum": 44, "pl2VerbNum": 44, "pl3VerbNum": 44, "superlatNum": 3, "comparatNum": 0, "specDerivSuffixNum": 0, "pluralNounNum": 22, "pastTenseRate": 0.09090909090909091, "presentTenseRate": 0.7954545454545454, "condRate": 0.0, "impRate": 0.09090909090909091, "freqRate": 0.0, "causRate": 0.0, "modalRate": 0.25, "sg1VerbRate": 1.0, "sg2VerbRate": 1.0, "sg3VerbRate": 1.0, "pl1VerbRate": 1.0, "pl2VerbRate": 1.0, "pl3VerbRate": 1.0, "superlatRate": 0.06666666666666667, "comparatRate": 0.0, "specDerivSuffixRate": 0.0, "pluralNounRate": 0.23157894736842105, "subjNum": 31, "objNum": 17, "attNum": 25, "subordNum": 19, "adverbNum": 34, "coordNum": 30, "clauseNum": 51, "simpleNum": 7, "complexNum": 14, "complexity1Num": 3, "complexity2Num": 8, "complexity3Num": 1, "compoundNum": 0, "subjRate": 0.07328605200945626, "objRate": 0.04018912529550828, "attRate": 0.0591016548463357, "subordRate": 0.04491725768321513, "adverbRate": 0.08037825059101655, "coordRate": 0.07092198581560284, "partsRate": 2.6862745098039214, "clauseRate": 2.4285714285714284, "simpleRate": 0.3333333333333333, "complexRate": 0.6666666666666666, "complexity1Rate": 0.14285714285714285, "complexity2Rate": 0.38095238095238093, "complexity3Rate": 0.047619047619047616, "complexClauseRate": 3.142857142857143, "sentencesPerParagraph": 3.5, "wordsLengthRate": 5.887005649717514, "compoundRate": 0.0, "positiveNum": 0, "negativeNum": 0, "precoPositiveNum": 0, "precoNegativeNum": 0, "negemoNum": 0, "negationNum": 4, "functionNum": 214, "contentNum": 209, "vulgarNum": 0, "racistNum": 0, "specStyleNum": 0, "addressingNum": 0, "closingNum": 0, "postscriptNum": 0, "brutalNum": 0, "positiveRate": 0.0, "negativeRate": 0.0, "precoPositiveRate": 0.0, "precoNegativeRate": 0.0, "negemoRate": 0.0, "negationRate": 0.009456264775413711, "functionRate": 0.5059101654846335, "contentRate": 0.4940898345153664, "vulgarRate": 0.0, "racistRate": 0.0, "specStyleRate": 0.0, "addressingRate": 0.0, "closingRate": 0.0, "postscriptRate": 0.0, "brutalRate": 0.0, "epistemicNum": 0, "investNum": 0, "conditionNum": 0, "weaselNum": 0, "peacockNum": 0, "hedgeNum": 0, "doxasticNum": 0, "epistemicRate": 0.0, "investRate": 0.0, "conditionRate": 0.0, "weaselRate": 0.0, "peacockRate": 0.0, "hedgeRate": 0.0, "doxasticRate": 0.0, "loveNum": 0, "anxietyNum": 0, "sorrowNum": 0, "joyNum": 0, "disgustNum": 0, "fearNum": 0, "surpriseNum": 0, "angerNum": 0, "loveRate": 0.0, "anxietyRate": 0.0, "sorrowRate": 0.0, "joyRate": 0.0, "disgustRate": 0.0, "fearRate": 0.0, "surpriseRate": 0.0, "angerRate": 0.0, "slangBeGeneralNum": 0, "slangBeCigaretteNum": 0, "slangBeHumanNum": 0, "slangBeVehicleNum": 0, "slangBeDrugNum": 0, "slangBvNum": 0, "slangBeGeneralRate": 0.0, "slangBeCigaretteRate": 0.0, "slangBeHumanRate": 0.0, "slangBeVehicleRate": 0.0, "slangBeDrugRate": 0.0, "slangBvRate": 0.0, "speechactNum": 0, "quoteNum": 0, "dashNum": 0, "publicNum": 0, "privateNum": 0, "suasiveNum": 0, "discMarkerNum": 0, "smileyNum": 0, "dateNum": 0, "hesitationNum": 0, "restartNum": 0, "repeatNum": 0, "conjBeforeDiscNum": 0, "conjAfterDiscNum": 0, "wordBeforeHesitationNum": 0, "wordAfterHesitationNum": 0, "otherCollocationNum": 0, "speechactRate": 0.0, "quoteRate": 0.0, "dashRate": 0.0, "publicRate": 0.0, "privateRate": 0.0, "suasiveRate": 0.0, "discMarkerRate": 0.0, "smileyRate": 0.0, "dateRate": 0.0, "hesitationRate": 0.0, "restartRate": 0.0, "repeatRate": 0.0, "conjBeforeDiscRate": 0.0, "conjAfterDiscRate": 0.0, "wordBeforeHesitationRate": 0.0, "wordAfterHesitationRate": 0.0, "otherCollocationRate": 0.0, "easyWordNum": 392, "hardWordNum": 31, "easyWordRate": 0.9267139479905437, "hardWordRate": 0.07328605200945626, "fleschReadingEaseScore": 48.39000000000004, "gunningFogIndex": 8.086457277946641, "fleschKincaidGradeLevel": 11.513941236068895, "colemanLiauIndex": 14.011884160756502, "smogIndex": 8.936278230431713, "automatedReadabilityIndex": 12.480932117527864, "linsearWriteIndex": 1.6961612067995047, "author": "", "locationNameNum": 0, "locationNameRate": 0.0, "personNameNum": 0, "personNameRate": 0.0, "organizationNameNum": 0, "organizationNameRate": 0.0, "misspelledNum": 1, "misspelledRate": 0.002364066193853428, "missingAccentNum": 1, "missingAccentRate": 0.002364066193853428, "foreignAccentNum": 0, "foreignAccentRate": 0.0, "wordConcatNum": 0, "wordConcatRate": 0.0, "jLyMistakeNum": 0, "jLyMistakeRate": 0.0, "publicVNum": 0, "freqSuffixNum": 0, "partsNum": 137, "clauseWordNum": 51, "privateVNum": 0}