{"tokenNum": 544, "sentenceNum": 28, "lemmaNum": 271, "lemmaRate": 0.49816176470588236, "sentenceLength": 19.428571428571427, "allUpperNum": 0, "firstUpperNum": 28, "allUpperRate": 0.0, "firstUpperRate": 0.051470588235294115, "declarSentNum": 28, "imperSentNum": 0, "questionNum": 0, "declarSentRate": 1.0, "imperSentRate": 0.0, "questionRate": 0.0, "accent": true, "saturation": 3.4743589743589745, "paragraphNum": 7, "nounNum": 109, "verbNum": 68, "adjNum": 66, "infNum": 12, "partPastNum": 4, "partPresNum": 5, "partFutNum": 0, "transNum": 1, "xNum": 9, "advNum": 53, "properNounNum": 0, "numNum": 2, "conjNum": 53, "punctNum": 83, "pronNum": 28, "relPronNum": 4, "demPronNum": 25, "adposNum": 3, "multiplePunctNum": 0, "phraseNum": 0, "nounRate": 0.20036764705882354, "verbRate": 0.125, "adjRate": 0.1213235294117647, "infRate": 0.022058823529411766, "partPastRate": 0.007352941176470588, "partPresRate": 0.009191176470588236, "partFutRate": 0.0, "transRate": 0.001838235294117647, "xRate": 0.016544117647058824, "advRate": 0.0974264705882353, "properNounRate": 0.0, "numRate": 0.003676470588235294, "conjRate": 0.0974264705882353, "punctRate": 0.15257352941176472, "pronRate": 0.051470588235294115, "relPronRate": 0.007352941176470588, "demPronRate": 0.04595588235294118, "adposRate": 0.0055147058823529415, "multiplePunctRate": 0.0, "partsDensityRate": 3.7948717948717947, "contentfulness": 10.571428571428571, "phraseRate": 0.0, "pastTenseNum": 3, "presentTenseNum": 53, "condNum": 7, "impNum": 10, "freqNum": 0, "causNum": 0, "modalNum": 3, "sg1VerbNum": 68, "sg2VerbNum": 68, "sg3VerbNum": 68, "pl1VerbNum": 68, "pl2VerbNum": 68, "pl3VerbNum": 68, "superlatNum": 1, "comparatNum": 4, "specDerivSuffixNum": 0, "pluralNounNum": 19, "pastTenseRate": 0.04411764705882353, "presentTenseRate": 0.7794117647058824, "condRate": 0.10294117647058823, "impRate": 0.14705882352941177, "freqRate": 0.0, "causRate": 0.0, "modalRate": 0.04411764705882353, "sg1VerbRate": 1.0, "sg2VerbRate": 1.0, "sg3VerbRate": 1.0, "pl1VerbRate": 1.0, "pl2VerbRate": 1.0, "pl3VerbRate": 1.0, "superlatRate": 0.015151515151515152, "comparatRate": 0.06060606060606061, "specDerivSuffixRate": 0.0, "pluralNounRate": 0.1743119266055046, "subjNum": 40, "objNum": 19, "attNum": 33, "subordNum": 31, "adverbNum": 67, "coordNum": 30, "clauseNum": 78, "simpleNum": 2, "complexNum": 26, "complexity1Num": 12, "complexity2Num": 6, "complexity3Num": 6, "compoundNum": 0, "subjRate": 0.07352941176470588, "objRate": 0.034926470588235295, "attRate": 0.06066176470588235, "subordRate": 0.05698529411764706, "adverbRate": 0.12316176470588236, "coordRate": 0.05514705882352941, "partsRate": 2.423076923076923, "clauseRate": 2.7857142857142856, "simpleRate": 0.07142857142857142, "complexRate": 0.9285714285714286, "complexity1Rate": 0.42857142857142855, "complexity2Rate": 0.21428571428571427, "complexity3Rate": 0.21428571428571427, "complexClauseRate": 2.923076923076923, "sentencesPerParagraph": 4.0, "wordsLengthRate": 6.03470715835141, "compoundRate": 0.0, "positiveNum": 0, "negativeNum": 0, "precoPositiveNum": 0, "precoNegativeNum": 0, "negemoNum": 0, "negationNum": 10, "functionNum": 248, "contentNum": 296, "vulgarNum": 0, "racistNum": 0, "specStyleNum": 0, "addressingNum": 0, "closingNum": 0, "postscriptNum": 0, "brutalNum": 0, "positiveRate": 0.0, "negativeRate": 0.0, "precoPositiveRate": 0.0, "precoNegativeRate": 0.0, "negemoRate": 0.0, "negationRate": 0.01838235294117647, "functionRate": 0.45588235294117646, "contentRate": 0.5441176470588235, "vulgarRate": 0.0, "racistRate": 0.0, "specStyleRate": 0.0, "addressingRate": 0.0, "closingRate": 0.0, "postscriptRate": 0.0, "brutalRate": 0.0, "epistemicNum": 0, "investNum": 0, "conditionNum": 0, "weaselNum": 0, "peacockNum": 0, "hedgeNum": 0, "doxasticNum": 0, "epistemicRate": 0.0, "investRate": 0.0, "conditionRate": 0.0, "weaselRate": 0.0, "peacockRate": 0.0, "hedgeRate": 0.0, "doxasticRate": 0.0, "loveNum": 0, "anxietyNum": 0, "sorrowNum": 0, "joyNum": 0, "disgustNum": 0, "fearNum": 0, "surpriseNum": 0, "angerNum": 0, "loveRate": 0.0, "anxietyRate": 0.0, "sorrowRate": 0.0, "joyRate": 0.0, "disgustRate": 0.0, "fearRate": 0.0, "surpriseRate": 0.0, "angerRate": 0.0, "slangBeGeneralNum": 0, "slangBeCigaretteNum": 0, "slangBeHumanNum": 0, "slangBeVehicleNum": 0, "slangBeDrugNum": 0, "slangBvNum": 0, "slangBeGeneralRate": 0.0, "slangBeCigaretteRate": 0.0, "slangBeHumanRate": 0.0, "slangBeVehicleRate": 0.0, "slangBeDrugRate": 0.0, "slangBvRate": 0.0, "speechactNum": 0, "quoteNum": 0, "dashNum": 0, "publicNum": 0, "privateNum": 0, "suasiveNum": 0, "discMarkerNum": 0, "smileyNum": 0, "dateNum": 0, "hesitationNum": 0, "restartNum": 0, "repeatNum": 1, "conjBeforeDiscNum": 0, "conjAfterDiscNum": 0, "wordBeforeHesitationNum": 0, "wordAfterHesitationNum": 0, "otherCollocationNum": 0, "speechactRate": 0.0, "quoteRate": 0.0, "dashRate": 0.0, "publicRate": 0.0, "privateRate": 0.0, "suasiveRate": 0.0, "discMarkerRate": 0.0, "smileyRate": 0.0, "dateRate": 0.0, "hesitationRate": 0.0, "restartRate": 0.0, "repeatRate": 0.001838235294117647, "conjBeforeDiscRate": 0.0, "conjAfterDiscRate": 0.0, "wordBeforeHesitationRate": 0.0, "wordAfterHesitationRate": 0.0, "otherCollocationRate": 0.0, "easyWordNum": 487, "hardWordNum": 57, "easyWordRate": 0.8952205882352942, "hardWordRate": 0.10477941176470588, "fleschReadingEaseScore": 46.218676470588235, "gunningFogIndex": 7.813340336134454, "fleschKincaidGradeLevel": 11.639348739495802, "colemanLiauIndex": 15.046555147058825, "smogIndex": 11.003577315987393, "automatedReadabilityIndex": 12.951179096638654, "linsearWriteIndex": 1.133665966386555, "author": "", "locationNameNum": 0, "locationNameRate": 0.0, "personNameNum": 0, "personNameRate": 0.0, "organizationNameNum": 0, "organizationNameRate": 0.0, "misspelledNum": 4, "misspelledRate": 0.007352941176470588, "missingAccentNum": 2, "missingAccentRate": 0.003676470588235294, "foreignAccentNum": 0, "foreignAccentRate": 0.0, "wordConcatNum": 0, "wordConcatRate": 0.0, "jLyMistakeNum": 0, "jLyMistakeRate": 0.0, "publicVNum": 0, "freqSuffixNum": 0, "partsNum": 189, "clauseWordNum": 78, "privateVNum": 0}