{"tokenNum": 412, "sentenceNum": 23, "lemmaNum": 189, "lemmaRate": 0.4587378640776699, "sentenceLength": 17.91304347826087, "allUpperNum": 0, "firstUpperNum": 23, "allUpperRate": 0.0, "firstUpperRate": 0.055825242718446605, "declarSentNum": 22, "imperSentNum": 0, "questionNum": 1, "declarSentRate": 0.9565217391304348, "imperSentRate": 0.0, "questionRate": 0.043478260869565216, "accent": true, "saturation": 3.3157894736842106, "paragraphNum": 5, "nounNum": 70, "verbNum": 54, "adjNum": 34, "infNum": 7, "partPastNum": 0, "partPresNum": 6, "partFutNum": 0, "transNum": 0, "xNum": 5, "advNum": 52, "properNounNum": 0, "numNum": 2, "conjNum": 43, "punctNum": 62, "pronNum": 32, "relPronNum": 11, "demPronNum": 21, "adposNum": 4, "multiplePunctNum": 0, "phraseNum": 0, "nounRate": 0.16990291262135923, "verbRate": 0.13106796116504854, "adjRate": 0.0825242718446602, "infRate": 0.01699029126213592, "partPastRate": 0.0, "partPresRate": 0.014563106796116505, "partFutRate": 0.0, "transRate": 0.0, "xRate": 0.012135922330097087, "advRate": 0.1262135922330097, "properNounRate": 0.0, "numRate": 0.0048543689320388345, "conjRate": 0.10436893203883495, "punctRate": 0.15048543689320387, "pronRate": 0.07766990291262135, "relPronRate": 0.02669902912621359, "demPronRate": 0.050970873786407765, "adposRate": 0.009708737864077669, "multiplePunctRate": 0.0, "partsDensityRate": 3.6842105263157894, "contentfulness": 9.130434782608695, "phraseRate": 0.0, "pastTenseNum": 2, "presentTenseNum": 46, "condNum": 0, "impNum": 2, "freqNum": 0, "causNum": 0, "modalNum": 2, "sg1VerbNum": 54, "sg2VerbNum": 54, "sg3VerbNum": 54, "pl1VerbNum": 54, "pl2VerbNum": 54, "pl3VerbNum": 54, "superlatNum": 4, "comparatNum": 0, "specDerivSuffixNum": 0, "pluralNounNum": 24, "pastTenseRate": 0.037037037037037035, "presentTenseRate": 0.8518518518518519, "condRate": 0.0, "impRate": 0.037037037037037035, "freqRate": 0.0, "causRate": 0.0, "modalRate": 0.037037037037037035, "sg1VerbRate": 1.0, "sg2VerbRate": 1.0, "sg3VerbRate": 1.0, "pl1VerbRate": 1.0, "pl2VerbRate": 1.0, "pl3VerbRate": 1.0, "superlatRate": 0.11764705882352941, "comparatRate": 0.0, "specDerivSuffixRate": 0.0, "pluralNounRate": 0.34285714285714286, "subjNum": 32, "objNum": 17, "attNum": 15, "subordNum": 20, "adverbNum": 60, "coordNum": 28, "clauseNum": 57, "simpleNum": 4, "complexNum": 19, "complexity1Num": 8, "complexity2Num": 8, "complexity3Num": 2, "compoundNum": 0, "subjRate": 0.07766990291262135, "objRate": 0.0412621359223301, "attRate": 0.03640776699029126, "subordRate": 0.04854368932038835, "adverbRate": 0.14563106796116504, "coordRate": 0.06796116504854369, "partsRate": 2.6666666666666665, "clauseRate": 2.4782608695652173, "simpleRate": 0.17391304347826086, "complexRate": 0.8260869565217391, "complexity1Rate": 0.34782608695652173, "complexity2Rate": 0.34782608695652173, "complexity3Rate": 0.08695652173913043, "complexClauseRate": 2.789473684210526, "sentencesPerParagraph": 4.6, "wordsLengthRate": 5.725714285714286, "compoundRate": 0.0, "positiveNum": 0, "negativeNum": 0, "precoPositiveNum": 0, "precoNegativeNum": 0, "negemoNum": 0, "negationNum": 4, "functionNum": 202, "contentNum": 210, "vulgarNum": 0, "racistNum": 0, "specStyleNum": 0, "addressingNum": 0, "closingNum": 0, "postscriptNum": 0, "brutalNum": 0, "positiveRate": 0.0, "negativeRate": 0.0, "precoPositiveRate": 0.0, "precoNegativeRate": 0.0, "negemoRate": 0.0, "negationRate": 0.009708737864077669, "functionRate": 0.49029126213592233, "contentRate": 0.5097087378640777, "vulgarRate": 0.0, "racistRate": 0.0, "specStyleRate": 0.0, "addressingRate": 0.0, "closingRate": 0.0, "postscriptRate": 0.0, "brutalRate": 0.0, "epistemicNum": 0, "investNum": 0, "conditionNum": 0, "weaselNum": 0, "peacockNum": 0, "hedgeNum": 0, "doxasticNum": 0, "epistemicRate": 0.0, "investRate": 0.0, "conditionRate": 0.0, "weaselRate": 0.0, "peacockRate": 0.0, "hedgeRate": 0.0, "doxasticRate": 0.0, "loveNum": 0, "anxietyNum": 0, "sorrowNum": 0, "joyNum": 0, "disgustNum": 0, "fearNum": 0, "surpriseNum": 0, "angerNum": 0, "loveRate": 0.0, "anxietyRate": 0.0, "sorrowRate": 0.0, "joyRate": 0.0, "disgustRate": 0.0, "fearRate": 0.0, "surpriseRate": 0.0, "angerRate": 0.0, "slangBeGeneralNum": 0, "slangBeCigaretteNum": 0, "slangBeHumanNum": 0, "slangBeVehicleNum": 0, "slangBeDrugNum": 0, "slangBvNum": 0, "slangBeGeneralRate": 0.0, "slangBeCigaretteRate": 0.0, "slangBeHumanRate": 0.0, "slangBeVehicleRate": 0.0, "slangBeDrugRate": 0.0, "slangBvRate": 0.0, "speechactNum": 0, "quoteNum": 0, "dashNum": 0, "publicNum": 0, "privateNum": 0, "suasiveNum": 0, "discMarkerNum": 0, "smileyNum": 0, "dateNum": 0, "hesitationNum": 0, "restartNum": 0, "repeatNum": 0, "conjBeforeDiscNum": 0, "conjAfterDiscNum": 0, "wordBeforeHesitationNum": 0, "wordAfterHesitationNum": 0, "otherCollocationNum": 0, "speechactRate": 0.0, "quoteRate": 0.0, "dashRate": 0.0, "publicRate": 0.0, "privateRate": 0.0, "suasiveRate": 0.0, "discMarkerRate": 0.0, "smileyRate": 0.0, "dateRate": 0.0, "hesitationRate": 0.0, "restartRate": 0.0, "repeatRate": 0.0, "conjBeforeDiscRate": 0.0, "conjAfterDiscRate": 0.0, "wordBeforeHesitationRate": 0.0, "wordAfterHesitationRate": 0.0, "otherCollocationRate": 0.0, "easyWordNum": 380, "hardWordNum": 32, "easyWordRate": 0.9223300970873787, "hardWordRate": 0.07766990291262135, "fleschReadingEaseScore": 51.69161038412835, "gunningFogIndex": 7.196285352469397, "fleschKincaidGradeLevel": 10.49948501477417, "colemanLiauIndex": 13.592648058252422, "smogIndex": 9.029198982220553, "automatedReadabilityIndex": 11.030793583790626, "linsearWriteIndex": 1.485225833685099, "author": "", "locationNameNum": 0, "locationNameRate": 0.0, "personNameNum": 0, "personNameRate": 0.0, "organizationNameNum": 0, "organizationNameRate": 0.0, "misspelledNum": 0, "misspelledRate": 0.0, "missingAccentNum": 0, "missingAccentRate": 0.0, "foreignAccentNum": 0, "foreignAccentRate": 0.0, "wordConcatNum": 0, "wordConcatRate": 0.0, "jLyMistakeNum": 0, "jLyMistakeRate": 0.0, "publicVNum": 0, "freqSuffixNum": 0, "partsNum": 152, "clauseWordNum": 57, "privateVNum": 0}