{"tokenNum": 472, "sentenceNum": 16, "lemmaNum": 196, "lemmaRate": 0.4152542372881356, "sentenceLength": 29.5, "allUpperNum": 0, "firstUpperNum": 16, "allUpperRate": 0.0, "firstUpperRate": 0.03389830508474576, "declarSentNum": 16, "imperSentNum": 0, "questionNum": 0, "declarSentRate": 1.0, "imperSentRate": 0.0, "questionRate": 0.0, "accent": true, "saturation": 3.0625, "paragraphNum": 6, "nounNum": 103, "verbNum": 60, "adjNum": 40, "infNum": 13, "partPastNum": 0, "partPresNum": 5, "partFutNum": 0, "transNum": 0, "xNum": 6, "advNum": 29, "properNounNum": 0, "numNum": 1, "conjNum": 53, "punctNum": 80, "pronNum": 24, "relPronNum": 13, "demPronNum": 18, "adposNum": 1, "multiplePunctNum": 0, "phraseNum": 0, "nounRate": 0.21822033898305085, "verbRate": 0.1271186440677966, "adjRate": 0.0847457627118644, "infRate": 0.02754237288135593, "partPastRate": 0.0, "partPresRate": 0.01059322033898305, "partFutRate": 0.0, "transRate": 0.0, "xRate": 0.012711864406779662, "advRate": 0.0614406779661017, "properNounRate": 0.0, "numRate": 0.00211864406779661, "conjRate": 0.11228813559322035, "punctRate": 0.1694915254237288, "pronRate": 0.05084745762711865, "relPronRate": 0.02754237288135593, "demPronRate": 0.038135593220338986, "adposRate": 0.00211864406779661, "multiplePunctRate": 0.0, "partsDensityRate": 3.625, "contentfulness": 14.5, "phraseRate": 0.0, "pastTenseNum": 0, "presentTenseNum": 47, "condNum": 1, "impNum": 8, "freqNum": 0, "causNum": 0, "modalNum": 4, "sg1VerbNum": 60, "sg2VerbNum": 60, "sg3VerbNum": 60, "pl1VerbNum": 60, "pl2VerbNum": 60, "pl3VerbNum": 60, "superlatNum": 0, "comparatNum": 0, "specDerivSuffixNum": 0, "pluralNounNum": 21, "pastTenseRate": 0.0, "presentTenseRate": 0.7833333333333333, "condRate": 0.016666666666666666, "impRate": 0.13333333333333333, "freqRate": 0.0, "causRate": 0.0, "modalRate": 0.06666666666666667, "sg1VerbRate": 1.0, "sg2VerbRate": 1.0, "sg3VerbRate": 1.0, "pl1VerbRate": 1.0, "pl2VerbRate": 1.0, "pl3VerbRate": 1.0, "superlatRate": 0.0, "comparatRate": 0.0, "specDerivSuffixRate": 0.0, "pluralNounRate": 0.20388349514563106, "subjNum": 35, "objNum": 30, "attNum": 19, "subordNum": 26, "adverbNum": 41, "coordNum": 40, "clauseNum": 64, "simpleNum": 2, "complexNum": 14, "complexity1Num": 1, "complexity2Num": 3, "complexity3Num": 4, "compoundNum": 0, "subjRate": 0.07415254237288135, "objRate": 0.0635593220338983, "attRate": 0.04025423728813559, "subordRate": 0.05508474576271186, "adverbRate": 0.08686440677966102, "coordRate": 0.0847457627118644, "partsRate": 2.578125, "clauseRate": 4.0, "simpleRate": 0.125, "complexRate": 0.875, "complexity1Rate": 0.0625, "complexity2Rate": 0.1875, "complexity3Rate": 0.25, "complexClauseRate": 4.428571428571429, "sentencesPerParagraph": 2.6666666666666665, "wordsLengthRate": 5.836734693877551, "compoundRate": 0.0, "positiveNum": 0, "negativeNum": 0, "precoPositiveNum": 0, "precoNegativeNum": 0, "negemoNum": 0, "negationNum": 4, "functionNum": 240, "contentNum": 232, "vulgarNum": 0, "racistNum": 0, "specStyleNum": 0, "addressingNum": 0, "closingNum": 0, "postscriptNum": 0, "brutalNum": 0, "positiveRate": 0.0, "negativeRate": 0.0, "precoPositiveRate": 0.0, "precoNegativeRate": 0.0, "negemoRate": 0.0, "negationRate": 0.00847457627118644, "functionRate": 0.5084745762711864, "contentRate": 0.4915254237288136, "vulgarRate": 0.0, "racistRate": 0.0, "specStyleRate": 0.0, "addressingRate": 0.0, "closingRate": 0.0, "postscriptRate": 0.0, "brutalRate": 0.0, "epistemicNum": 0, "investNum": 0, "conditionNum": 0, "weaselNum": 0, "peacockNum": 0, "hedgeNum": 0, "doxasticNum": 0, "epistemicRate": 0.0, "investRate": 0.0, "conditionRate": 0.0, "weaselRate": 0.0, "peacockRate": 0.0, "hedgeRate": 0.0, "doxasticRate": 0.0, "loveNum": 0, "anxietyNum": 0, "sorrowNum": 0, "joyNum": 0, "disgustNum": 0, "fearNum": 0, "surpriseNum": 0, "angerNum": 0, "loveRate": 0.0, "anxietyRate": 0.0, "sorrowRate": 0.0, "joyRate": 0.0, "disgustRate": 0.0, "fearRate": 0.0, "surpriseRate": 0.0, "angerRate": 0.0, "slangBeGeneralNum": 0, "slangBeCigaretteNum": 0, "slangBeHumanNum": 0, "slangBeVehicleNum": 0, "slangBeDrugNum": 0, "slangBvNum": 0, "slangBeGeneralRate": 0.0, "slangBeCigaretteRate": 0.0, "slangBeHumanRate": 0.0, "slangBeVehicleRate": 0.0, "slangBeDrugRate": 0.0, "slangBvRate": 0.0, "speechactNum": 0, "quoteNum": 0, "dashNum": 0, "publicNum": 0, "privateNum": 0, "suasiveNum": 0, "discMarkerNum": 0, "smileyNum": 0, "dateNum": 0, "hesitationNum": 0, "restartNum": 0, "repeatNum": 0, "conjBeforeDiscNum": 0, "conjAfterDiscNum": 0, "wordBeforeHesitationNum": 0, "wordAfterHesitationNum": 0, "otherCollocationNum": 0, "speechactRate": 0.0, "quoteRate": 0.0, "dashRate": 0.0, "publicRate": 0.0, "privateRate": 0.0, "suasiveRate": 0.0, "discMarkerRate": 0.0, "smileyRate": 0.0, "dateRate": 0.0, "hesitationRate": 0.0, "restartRate": 0.0, "repeatRate": 0.0, "conjBeforeDiscRate": 0.0, "conjAfterDiscRate": 0.0, "wordBeforeHesitationRate": 0.0, "wordAfterHesitationRate": 0.0, "otherCollocationRate": 0.0, "easyWordNum": 432, "hardWordNum": 40, "easyWordRate": 0.9152542372881356, "hardWordRate": 0.0847457627118644, "fleschReadingEaseScore": 38.70055084745766, "gunningFogIndex": 11.833898305084746, "fleschKincaidGradeLevel": 15.190000000000001, "colemanLiauIndex": 13.599983050847452, "smogIndex": 9.725611199111238, "automatedReadabilityIndex": 16.83008474576271, "linsearWriteIndex": 2.614936440677966, "author": "", "locationNameNum": 0, "locationNameRate": 0.0, "personNameNum": 0, "personNameRate": 0.0, "organizationNameNum": 0, "organizationNameRate": 0.0, "misspelledNum": 1, "misspelledRate": 0.00211864406779661, "missingAccentNum": 0, "missingAccentRate": 0.0, "foreignAccentNum": 0, "foreignAccentRate": 0.0, "wordConcatNum": 0, "wordConcatRate": 0.0, "jLyMistakeNum": 0, "jLyMistakeRate": 0.0, "publicVNum": 0, "freqSuffixNum": 0, "partsNum": 165, "clauseWordNum": 64, "privateVNum": 0}