{"tokenNum": 455, "sentenceNum": 35, "lemmaNum": 230, "lemmaRate": 0.5054945054945055, "sentenceLength": 13.0, "allUpperNum": 0, "firstUpperNum": 39, "allUpperRate": 0.0, "firstUpperRate": 0.08571428571428572, "declarSentNum": 35, "imperSentNum": 0, "questionNum": 0, "declarSentRate": 1.0, "imperSentRate": 0.0, "questionRate": 0.0, "accent": true, "saturation": 3.5384615384615383, "paragraphNum": 5, "nounNum": 105, "verbNum": 55, "adjNum": 44, "infNum": 2, "partPastNum": 2, "partPresNum": 6, "partFutNum": 0, "transNum": 3, "xNum": 5, "advNum": 31, "properNounNum": 4, "numNum": 1, "conjNum": 43, "punctNum": 80, "pronNum": 30, "relPronNum": 6, "demPronNum": 21, "adposNum": 4, "multiplePunctNum": 0, "phraseNum": 0, "nounRate": 0.23076923076923078, "verbRate": 0.12087912087912088, "adjRate": 0.0967032967032967, "infRate": 0.004395604395604396, "partPastRate": 0.004395604395604396, "partPresRate": 0.013186813186813187, "partFutRate": 0.0, "transRate": 0.006593406593406593, "xRate": 0.01098901098901099, "advRate": 0.06813186813186813, "properNounRate": 0.008791208791208791, "numRate": 0.002197802197802198, "conjRate": 0.0945054945054945, "punctRate": 0.17582417582417584, "pronRate": 0.06593406593406594, "relPronRate": 0.013186813186813187, "demPronRate": 0.046153846153846156, "adposRate": 0.008791208791208791, "multiplePunctRate": 0.0, "partsDensityRate": 3.6153846153846154, "contentfulness": 6.714285714285714, "phraseRate": 0.0, "pastTenseNum": 2, "presentTenseNum": 51, "condNum": 4, "impNum": 6, "freqNum": 0, "causNum": 0, "modalNum": 4, "sg1VerbNum": 55, "sg2VerbNum": 55, "sg3VerbNum": 55, "pl1VerbNum": 55, "pl2VerbNum": 55, "pl3VerbNum": 55, "superlatNum": 2, "comparatNum": 1, "specDerivSuffixNum": 0, "pluralNounNum": 17, "pastTenseRate": 0.03636363636363636, "presentTenseRate": 0.9272727272727272, "condRate": 0.07272727272727272, "impRate": 0.10909090909090909, "freqRate": 0.0, "causRate": 0.0, "modalRate": 0.07272727272727272, "sg1VerbRate": 1.0, "sg2VerbRate": 1.0, "sg3VerbRate": 1.0, "pl1VerbRate": 1.0, "pl2VerbRate": 1.0, "pl3VerbRate": 1.0, "superlatRate": 0.045454545454545456, "comparatRate": 0.022727272727272728, "specDerivSuffixRate": 0.0, "pluralNounRate": 0.1619047619047619, "subjNum": 30, "objNum": 21, "attNum": 20, "subordNum": 14, "adverbNum": 35, "coordNum": 39, "clauseNum": 65, "simpleNum": 14, "complexNum": 21, "complexity1Num": 14, "complexity2Num": 5, "complexity3Num": 2, "compoundNum": 0, "subjRate": 0.06593406593406594, "objRate": 0.046153846153846156, "attRate": 0.04395604395604396, "subordRate": 0.03076923076923077, "adverbRate": 0.07692307692307693, "coordRate": 0.08571428571428572, "partsRate": 2.230769230769231, "clauseRate": 1.8571428571428572, "simpleRate": 0.4, "complexRate": 0.6, "complexity1Rate": 0.4, "complexity2Rate": 0.14285714285714285, "complexity3Rate": 0.05714285714285714, "complexClauseRate": 2.4285714285714284, "sentencesPerParagraph": 7.0, "wordsLengthRate": 5.96, "compoundRate": 0.0, "positiveNum": 0, "negativeNum": 0, "precoPositiveNum": 0, "precoNegativeNum": 0, "negemoNum": 0, "negationNum": 8, "functionNum": 220, "contentNum": 235, "vulgarNum": 0, "racistNum": 0, "specStyleNum": 0, "addressingNum": 0, "closingNum": 0, "postscriptNum": 0, "brutalNum": 0, "positiveRate": 0.0, "negativeRate": 0.0, "precoPositiveRate": 0.0, "precoNegativeRate": 0.0, "negemoRate": 0.0, "negationRate": 0.017582417582417582, "functionRate": 0.4835164835164835, "contentRate": 0.5164835164835165, "vulgarRate": 0.0, "racistRate": 0.0, "specStyleRate": 0.0, "addressingRate": 0.0, "closingRate": 0.0, "postscriptRate": 0.0, "brutalRate": 0.0, "epistemicNum": 0, "investNum": 0, "conditionNum": 0, "weaselNum": 0, "peacockNum": 0, "hedgeNum": 0, "doxasticNum": 0, "epistemicRate": 0.0, "investRate": 0.0, "conditionRate": 0.0, "weaselRate": 0.0, "peacockRate": 0.0, "hedgeRate": 0.0, "doxasticRate": 0.0, "loveNum": 0, "anxietyNum": 0, "sorrowNum": 0, "joyNum": 0, "disgustNum": 0, "fearNum": 0, "surpriseNum": 0, "angerNum": 0, "loveRate": 0.0, "anxietyRate": 0.0, "sorrowRate": 0.0, "joyRate": 0.0, "disgustRate": 0.0, "fearRate": 0.0, "surpriseRate": 0.0, "angerRate": 0.0, "slangBeGeneralNum": 0, "slangBeCigaretteNum": 0, "slangBeHumanNum": 0, "slangBeVehicleNum": 0, "slangBeDrugNum": 0, "slangBvNum": 0, "slangBeGeneralRate": 0.0, "slangBeCigaretteRate": 0.0, "slangBeHumanRate": 0.0, "slangBeVehicleRate": 0.0, "slangBeDrugRate": 0.0, "slangBvRate": 0.0, "speechactNum": 0, "quoteNum": 0, "dashNum": 0, "publicNum": 0, "privateNum": 0, "suasiveNum": 0, "discMarkerNum": 0, "smileyNum": 0, "dateNum": 0, "hesitationNum": 0, "restartNum": 0, "repeatNum": 0, "conjBeforeDiscNum": 0, "conjAfterDiscNum": 0, "wordBeforeHesitationNum": 0, "wordAfterHesitationNum": 0, "otherCollocationNum": 0, "speechactRate": 0.0, "quoteRate": 0.0, "dashRate": 0.0, "publicRate": 0.0, "privateRate": 0.0, "suasiveRate": 0.0, "discMarkerRate": 0.0, "smileyRate": 0.0, "dateRate": 0.0, "hesitationRate": 0.0, "restartRate": 0.0, "repeatRate": 0.0, "conjBeforeDiscRate": 0.0, "conjAfterDiscRate": 0.0, "wordBeforeHesitationRate": 0.0, "wordAfterHesitationRate": 0.0, "otherCollocationRate": 0.0, "easyWordNum": 412, "hardWordNum": 43, "easyWordRate": 0.9054945054945055, "hardWordRate": 0.0945054945054945, "fleschReadingEaseScore": 56.97846153846157, "gunningFogIndex": 5.237802197802198, "fleschKincaidGradeLevel": 8.541538461538462, "colemanLiauIndex": 14.038120879120875, "smogIndex": 9.461161749540981, "automatedReadabilityIndex": 8.93054945054945, "linsearWriteIndex": 0.6828885400313971, "author": "", "locationNameNum": 0, "locationNameRate": 0.0, "personNameNum": 0, "personNameRate": 0.0, "organizationNameNum": 1, "organizationNameRate": 0.002197802197802198, "misspelledNum": 3, "misspelledRate": 0.006593406593406593, "missingAccentNum": 1, "missingAccentRate": 0.002197802197802198, "foreignAccentNum": 0, "foreignAccentRate": 0.0, "wordConcatNum": 0, "wordConcatRate": 0.0, "jLyMistakeNum": 0, "jLyMistakeRate": 0.0, "publicVNum": 0, "freqSuffixNum": 0, "partsNum": 145, "clauseWordNum": 65, "privateVNum": 0}