{"tokenNum": 429, "sentenceNum": 22, "lemmaNum": 207, "lemmaRate": 0.4825174825174825, "sentenceLength": 19.5, "allUpperNum": 0, "firstUpperNum": 22, "allUpperRate": 0.0, "firstUpperRate": 0.05128205128205128, "declarSentNum": 22, "imperSentNum": 0, "questionNum": 0, "declarSentRate": 1.0, "imperSentRate": 0.0, "questionRate": 0.0, "accent": true, "saturation": 3.5084745762711864, "paragraphNum": 3, "nounNum": 91, "verbNum": 47, "adjNum": 36, "infNum": 2, "partPastNum": 1, "partPresNum": 1, "partFutNum": 0, "transNum": 0, "xNum": 3, "advNum": 40, "properNounNum": 0, "numNum": 0, "conjNum": 35, "punctNum": 75, "pronNum": 31, "relPronNum": 12, "demPronNum": 16, "adposNum": 4, "multiplePunctNum": 0, "phraseNum": 0, "nounRate": 0.21212121212121213, "verbRate": 0.10955710955710955, "adjRate": 0.08391608391608392, "infRate": 0.004662004662004662, "partPastRate": 0.002331002331002331, "partPresRate": 0.002331002331002331, "partFutRate": 0.0, "transRate": 0.0, "xRate": 0.006993006993006993, "advRate": 0.09324009324009325, "properNounRate": 0.0, "numRate": 0.0, "conjRate": 0.08158508158508158, "punctRate": 0.17482517482517482, "pronRate": 0.07226107226107226, "relPronRate": 0.027972027972027972, "demPronRate": 0.037296037296037296, "adposRate": 0.009324009324009324, "multiplePunctRate": 0.0, "partsDensityRate": 3.6271186440677967, "contentfulness": 9.727272727272727, "phraseRate": 0.0, "pastTenseNum": 2, "presentTenseNum": 43, "condNum": 3, "impNum": 2, "freqNum": 0, "causNum": 0, "modalNum": 1, "sg1VerbNum": 47, "sg2VerbNum": 47, "sg3VerbNum": 47, "pl1VerbNum": 47, "pl2VerbNum": 47, "pl3VerbNum": 47, "superlatNum": 0, "comparatNum": 2, "specDerivSuffixNum": 0, "pluralNounNum": 12, "pastTenseRate": 0.0425531914893617, "presentTenseRate": 0.9148936170212766, "condRate": 0.06382978723404255, "impRate": 0.0425531914893617, "freqRate": 0.0, "causRate": 0.0, "modalRate": 0.02127659574468085, "sg1VerbRate": 1.0, "sg2VerbRate": 1.0, "sg3VerbRate": 1.0, "pl1VerbRate": 1.0, "pl2VerbRate": 1.0, "pl3VerbRate": 1.0, "superlatRate": 0.0, "comparatRate": 0.05555555555555555, "specDerivSuffixRate": 0.0, "pluralNounRate": 0.13186813186813187, "subjNum": 27, "objNum": 19, "attNum": 24, "subordNum": 29, "adverbNum": 48, "coordNum": 32, "clauseNum": 59, "simpleNum": 7, "complexNum": 15, "complexity1Num": 5, "complexity2Num": 3, "complexity3Num": 4, "compoundNum": 0, "subjRate": 0.06293706293706294, "objRate": 0.04428904428904429, "attRate": 0.055944055944055944, "subordRate": 0.0675990675990676, "adverbRate": 0.11188811188811189, "coordRate": 0.07459207459207459, "partsRate": 2.542372881355932, "clauseRate": 2.6818181818181817, "simpleRate": 0.3181818181818182, "complexRate": 0.6818181818181818, "complexity1Rate": 0.22727272727272727, "complexity2Rate": 0.13636363636363635, "complexity3Rate": 0.18181818181818182, "complexClauseRate": 3.466666666666667, "sentencesPerParagraph": 7.333333333333333, "wordsLengthRate": 5.6158192090395485, "compoundRate": 0.0, "positiveNum": 0, "negativeNum": 0, "precoPositiveNum": 0, "precoNegativeNum": 0, "negemoNum": 0, "negationNum": 7, "functionNum": 215, "contentNum": 214, "vulgarNum": 0, "racistNum": 0, "specStyleNum": 0, "addressingNum": 0, "closingNum": 0, "postscriptNum": 0, "brutalNum": 0, "positiveRate": 0.0, "negativeRate": 0.0, "precoPositiveRate": 0.0, "precoNegativeRate": 0.0, "negemoRate": 0.0, "negationRate": 0.016317016317016316, "functionRate": 0.5011655011655012, "contentRate": 0.4988344988344988, "vulgarRate": 0.0, "racistRate": 0.0, "specStyleRate": 0.0, "addressingRate": 0.0, "closingRate": 0.0, "postscriptRate": 0.0, "brutalRate": 0.0, "epistemicNum": 0, "investNum": 0, "conditionNum": 0, "weaselNum": 0, "peacockNum": 0, "hedgeNum": 0, "doxasticNum": 0, "epistemicRate": 0.0, "investRate": 0.0, "conditionRate": 0.0, "weaselRate": 0.0, "peacockRate": 0.0, "hedgeRate": 0.0, "doxasticRate": 0.0, "loveNum": 0, "anxietyNum": 0, "sorrowNum": 0, "joyNum": 0, "disgustNum": 0, "fearNum": 0, "surpriseNum": 0, "angerNum": 0, "loveRate": 0.0, "anxietyRate": 0.0, "sorrowRate": 0.0, "joyRate": 0.0, "disgustRate": 0.0, "fearRate": 0.0, "surpriseRate": 0.0, "angerRate": 0.0, "slangBeGeneralNum": 0, "slangBeCigaretteNum": 0, "slangBeHumanNum": 0, "slangBeVehicleNum": 0, "slangBeDrugNum": 0, "slangBvNum": 0, "slangBeGeneralRate": 0.0, "slangBeCigaretteRate": 0.0, "slangBeHumanRate": 0.0, "slangBeVehicleRate": 0.0, "slangBeDrugRate": 0.0, "slangBvRate": 0.0, "speechactNum": 0, "quoteNum": 0, "dashNum": 0, "publicNum": 0, "privateNum": 0, "suasiveNum": 0, "discMarkerNum": 0, "smileyNum": 0, "dateNum": 0, "hesitationNum": 0, "restartNum": 0, "repeatNum": 0, "conjBeforeDiscNum": 0, "conjAfterDiscNum": 0, "wordBeforeHesitationNum": 0, "wordAfterHesitationNum": 0, "otherCollocationNum": 0, "speechactRate": 0.0, "quoteRate": 0.0, "dashRate": 0.0, "publicRate": 0.0, "privateRate": 0.0, "suasiveRate": 0.0, "discMarkerRate": 0.0, "smileyRate": 0.0, "dateRate": 0.0, "hesitationRate": 0.0, "restartRate": 0.0, "repeatRate": 0.0, "conjBeforeDiscRate": 0.0, "conjAfterDiscRate": 0.0, "wordBeforeHesitationRate": 0.0, "wordAfterHesitationRate": 0.0, "otherCollocationRate": 0.0, "easyWordNum": 396, "hardWordNum": 33, "easyWordRate": 0.9230769230769231, "hardWordRate": 0.07692307692307693, "fleschReadingEaseScore": 52.74739510489513, "gunningFogIndex": 7.829836829836831, "fleschKincaidGradeLevel": 10.746468531468533, "colemanLiauIndex": 12.441641025641022, "smogIndex": 9.120678840339163, "automatedReadabilityIndex": 10.903846153846153, "linsearWriteIndex": 1.6064844246662426, "author": "", "locationNameNum": 0, "locationNameRate": 0.0, "personNameNum": 0, "personNameRate": 0.0, "organizationNameNum": 0, "organizationNameRate": 0.0, "misspelledNum": 4, "misspelledRate": 0.009324009324009324, "missingAccentNum": 2, "missingAccentRate": 0.004662004662004662, "foreignAccentNum": 0, "foreignAccentRate": 0.0, "wordConcatNum": 1, "wordConcatRate": 0.002331002331002331, "jLyMistakeNum": 0, "jLyMistakeRate": 0.0, "publicVNum": 0, "freqSuffixNum": 0, "partsNum": 150, "clauseWordNum": 59, "privateVNum": 0}