{"tokenNum": 501, "sentenceNum": 29, "lemmaNum": 202, "lemmaRate": 0.4031936127744511, "sentenceLength": 17.275862068965516, "allUpperNum": 1, "firstUpperNum": 29, "allUpperRate": 0.001996007984031936, "firstUpperRate": 0.05788423153692615, "declarSentNum": 27, "imperSentNum": 1, "questionNum": 1, "declarSentRate": 0.9310344827586207, "imperSentRate": 0.034482758620689655, "questionRate": 0.034482758620689655, "accent": true, "saturation": 2.2954545454545454, "paragraphNum": 7, "nounNum": 66, "verbNum": 72, "adjNum": 38, "infNum": 9, "partPastNum": 1, "partPresNum": 1, "partFutNum": 0, "transNum": 0, "xNum": 7, "advNum": 53, "properNounNum": 2, "numNum": 2, "conjNum": 48, "punctNum": 95, "pronNum": 42, "relPronNum": 11, "demPronNum": 32, "adposNum": 6, "multiplePunctNum": 0, "phraseNum": 0, "nounRate": 0.1317365269461078, "verbRate": 0.1437125748502994, "adjRate": 0.07584830339321358, "infRate": 0.017964071856287425, "partPastRate": 0.001996007984031936, "partPresRate": 0.001996007984031936, "partFutRate": 0.0, "transRate": 0.0, "xRate": 0.013972055888223553, "advRate": 0.10578842315369262, "properNounRate": 0.003992015968063872, "numRate": 0.003992015968063872, "conjRate": 0.09580838323353294, "punctRate": 0.18962075848303392, "pronRate": 0.08383233532934131, "relPronRate": 0.021956087824351298, "demPronRate": 0.06387225548902195, "adposRate": 0.011976047904191617, "multiplePunctRate": 0.0, "partsDensityRate": 2.602272727272727, "contentfulness": 7.896551724137931, "phraseRate": 0.0, "pastTenseNum": 6, "presentTenseNum": 57, "condNum": 3, "impNum": 7, "freqNum": 0, "causNum": 0, "modalNum": 2, "sg1VerbNum": 72, "sg2VerbNum": 72, "sg3VerbNum": 72, "pl1VerbNum": 72, "pl2VerbNum": 72, "pl3VerbNum": 72, "superlatNum": 1, "comparatNum": 3, "specDerivSuffixNum": 0, "pluralNounNum": 10, "pastTenseRate": 0.08333333333333333, "presentTenseRate": 0.7916666666666666, "condRate": 0.041666666666666664, "impRate": 0.09722222222222222, "freqRate": 0.0, "causRate": 0.0, "modalRate": 0.027777777777777776, "sg1VerbRate": 1.0, "sg2VerbRate": 1.0, "sg3VerbRate": 1.0, "pl1VerbRate": 1.0, "pl2VerbRate": 1.0, "pl3VerbRate": 1.0, "superlatRate": 0.02631578947368421, "comparatRate": 0.07894736842105263, "specDerivSuffixRate": 0.0, "pluralNounRate": 0.15151515151515152, "subjNum": 35, "objNum": 20, "attNum": 15, "subordNum": 34, "adverbNum": 68, "coordNum": 22, "clauseNum": 88, "simpleNum": 3, "complexNum": 26, "complexity1Num": 8, "complexity2Num": 7, "complexity3Num": 7, "compoundNum": 0, "subjRate": 0.06986027944111776, "objRate": 0.03992015968063872, "attRate": 0.029940119760479042, "subordRate": 0.06786427145708583, "adverbRate": 0.13572854291417166, "coordRate": 0.043912175648702596, "partsRate": 1.8181818181818181, "clauseRate": 3.0344827586206895, "simpleRate": 0.10344827586206896, "complexRate": 0.896551724137931, "complexity1Rate": 0.27586206896551724, "complexity2Rate": 0.2413793103448276, "complexity3Rate": 0.2413793103448276, "complexClauseRate": 3.269230769230769, "sentencesPerParagraph": 4.142857142857143, "wordsLengthRate": 5.270935960591133, "compoundRate": 0.0, "positiveNum": 0, "negativeNum": 0, "precoPositiveNum": 0, "precoNegativeNum": 0, "negemoNum": 0, "negationNum": 10, "functionNum": 272, "contentNum": 229, "vulgarNum": 0, "racistNum": 0, "specStyleNum": 0, "addressingNum": 0, "closingNum": 0, "postscriptNum": 0, "brutalNum": 0, "positiveRate": 0.0, "negativeRate": 0.0, "precoPositiveRate": 0.0, "precoNegativeRate": 0.0, "negemoRate": 0.0, "negationRate": 0.01996007984031936, "functionRate": 0.5429141716566867, "contentRate": 0.45708582834331335, "vulgarRate": 0.0, "racistRate": 0.0, "specStyleRate": 0.0, "addressingRate": 0.0, "closingRate": 0.0, "postscriptRate": 0.0, "brutalRate": 0.0, "epistemicNum": 0, "investNum": 0, "conditionNum": 0, "weaselNum": 0, "peacockNum": 0, "hedgeNum": 0, "doxasticNum": 0, "epistemicRate": 0.0, "investRate": 0.0, "conditionRate": 0.0, "weaselRate": 0.0, "peacockRate": 0.0, "hedgeRate": 0.0, "doxasticRate": 0.0, "loveNum": 0, "anxietyNum": 0, "sorrowNum": 0, "joyNum": 0, "disgustNum": 0, "fearNum": 0, "surpriseNum": 0, "angerNum": 0, "loveRate": 0.0, "anxietyRate": 0.0, "sorrowRate": 0.0, "joyRate": 0.0, "disgustRate": 0.0, "fearRate": 0.0, "surpriseRate": 0.0, "angerRate": 0.0, "slangBeGeneralNum": 0, "slangBeCigaretteNum": 0, "slangBeHumanNum": 0, "slangBeVehicleNum": 0, "slangBeDrugNum": 0, "slangBvNum": 0, "slangBeGeneralRate": 0.0, "slangBeCigaretteRate": 0.0, "slangBeHumanRate": 0.0, "slangBeVehicleRate": 0.0, "slangBeDrugRate": 0.0, "slangBvRate": 0.0, "speechactNum": 0, "quoteNum": 2, "dashNum": 0, "publicNum": 0, "privateNum": 0, "suasiveNum": 0, "discMarkerNum": 0, "smileyNum": 0, "dateNum": 0, "hesitationNum": 0, "restartNum": 0, "repeatNum": 0, "conjBeforeDiscNum": 0, "conjAfterDiscNum": 0, "wordBeforeHesitationNum": 0, "wordAfterHesitationNum": 0, "otherCollocationNum": 0, "speechactRate": 0.0, "quoteRate": 0.003992015968063872, "dashRate": 0.0, "publicRate": 0.0, "privateRate": 0.0, "suasiveRate": 0.0, "discMarkerRate": 0.0, "smileyRate": 0.0, "dateRate": 0.0, "hesitationRate": 0.0, "restartRate": 0.0, "repeatRate": 0.0, "conjBeforeDiscRate": 0.0, "conjAfterDiscRate": 0.0, "wordBeforeHesitationRate": 0.0, "wordAfterHesitationRate": 0.0, "otherCollocationRate": 0.0, "easyWordNum": 477, "hardWordNum": 24, "easyWordRate": 0.9520958083832335, "hardWordRate": 0.04790419161676647, "fleschReadingEaseScore": 72.44730538922157, "gunningFogIndex": 6.929506504232913, "fleschKincaidGradeLevel": 7.446189001307733, "colemanLiauIndex": 10.310984031936126, "smogIndex": 8.238735603445708, "automatedReadabilityIndex": 8.08799091472228, "linsearWriteIndex": 0.8652350471470851, "author": "", "locationNameNum": 0, "locationNameRate": 0.0, "personNameNum": 1, "personNameRate": 0.001996007984031936, "organizationNameNum": 0, "organizationNameRate": 0.0, "misspelledNum": 4, "misspelledRate": 0.007984031936127744, "missingAccentNum": 2, "missingAccentRate": 0.003992015968063872, "foreignAccentNum": 0, "foreignAccentRate": 0.0, "wordConcatNum": 1, "wordConcatRate": 0.001996007984031936, "jLyMistakeNum": 0, "jLyMistakeRate": 0.0, "publicVNum": 0, "freqSuffixNum": 0, "partsNum": 160, "clauseWordNum": 88, "privateVNum": 0}