{"tokenNum": 449, "sentenceNum": 21, "lemmaNum": 187, "lemmaRate": 0.41648106904231624, "sentenceLength": 21.38095238095238, "allUpperNum": 0, "firstUpperNum": 21, "allUpperRate": 0.0, "firstUpperRate": 0.0467706013363029, "declarSentNum": 21, "imperSentNum": 0, "questionNum": 0, "declarSentRate": 1.0, "imperSentRate": 0.0, "questionRate": 0.0, "accent": true, "saturation": 3.2241379310344827, "paragraphNum": 5, "nounNum": 89, "verbNum": 57, "adjNum": 40, "infNum": 13, "partPastNum": 0, "partPresNum": 0, "partFutNum": 0, "transNum": 1, "xNum": 5, "advNum": 35, "properNounNum": 0, "numNum": 2, "conjNum": 43, "punctNum": 72, "pronNum": 29, "relPronNum": 6, "demPronNum": 16, "adposNum": 6, "multiplePunctNum": 0, "phraseNum": 0, "nounRate": 0.19821826280623608, "verbRate": 0.12694877505567928, "adjRate": 0.08908685968819599, "infRate": 0.028953229398663696, "partPastRate": 0.0, "partPresRate": 0.0, "partFutRate": 0.0, "transRate": 0.0022271714922048997, "xRate": 0.011135857461024499, "advRate": 0.0779510022271715, "properNounRate": 0.0, "numRate": 0.004454342984409799, "conjRate": 0.0957683741648107, "punctRate": 0.1603563474387528, "pronRate": 0.0645879732739421, "relPronRate": 0.013363028953229399, "demPronRate": 0.035634743875278395, "adposRate": 0.013363028953229399, "multiplePunctRate": 0.0, "partsDensityRate": 3.810344827586207, "contentfulness": 10.523809523809524, "phraseRate": 0.0, "pastTenseNum": 8, "presentTenseNum": 36, "condNum": 1, "impNum": 5, "freqNum": 0, "causNum": 0, "modalNum": 0, "sg1VerbNum": 57, "sg2VerbNum": 57, "sg3VerbNum": 57, "pl1VerbNum": 57, "pl2VerbNum": 57, "pl3VerbNum": 57, "superlatNum": 1, "comparatNum": 1, "specDerivSuffixNum": 0, "pluralNounNum": 21, "pastTenseRate": 0.14035087719298245, "presentTenseRate": 0.631578947368421, "condRate": 0.017543859649122806, "impRate": 0.08771929824561403, "freqRate": 0.0, "causRate": 0.0, "modalRate": 0.0, "sg1VerbRate": 1.0, "sg2VerbRate": 1.0, "sg3VerbRate": 1.0, "pl1VerbRate": 1.0, "pl2VerbRate": 1.0, "pl3VerbRate": 1.0, "superlatRate": 0.025, "comparatRate": 0.025, "specDerivSuffixRate": 0.0, "pluralNounRate": 0.23595505617977527, "subjNum": 30, "objNum": 18, "attNum": 21, "subordNum": 20, "adverbNum": 41, "coordNum": 32, "clauseNum": 58, "simpleNum": 4, "complexNum": 17, "complexity1Num": 5, "complexity2Num": 6, "complexity3Num": 4, "compoundNum": 0, "subjRate": 0.066815144766147, "objRate": 0.0400890868596882, "attRate": 0.0467706013363029, "subordRate": 0.044543429844097995, "adverbRate": 0.09131403118040089, "coordRate": 0.07126948775055679, "partsRate": 2.4482758620689653, "clauseRate": 2.761904761904762, "simpleRate": 0.19047619047619047, "complexRate": 0.8095238095238095, "complexity1Rate": 0.23809523809523808, "complexity2Rate": 0.2857142857142857, "complexity3Rate": 0.19047619047619047, "complexClauseRate": 3.176470588235294, "sentencesPerParagraph": 4.2, "wordsLengthRate": 5.506631299734748, "compoundRate": 0.0, "positiveNum": 0, "negativeNum": 0, "precoPositiveNum": 0, "precoNegativeNum": 0, "negemoNum": 0, "negationNum": 7, "functionNum": 228, "contentNum": 221, "vulgarNum": 0, "racistNum": 0, "specStyleNum": 0, "addressingNum": 0, "closingNum": 0, "postscriptNum": 0, "brutalNum": 0, "positiveRate": 0.0, "negativeRate": 0.0, "precoPositiveRate": 0.0, "precoNegativeRate": 0.0, "negemoRate": 0.0, "negationRate": 0.015590200445434299, "functionRate": 0.5077951002227171, "contentRate": 0.4922048997772829, "vulgarRate": 0.0, "racistRate": 0.0, "specStyleRate": 0.0, "addressingRate": 0.0, "closingRate": 0.0, "postscriptRate": 0.0, "brutalRate": 0.0, "epistemicNum": 0, "investNum": 0, "conditionNum": 0, "weaselNum": 0, "peacockNum": 0, "hedgeNum": 0, "doxasticNum": 0, "epistemicRate": 0.0, "investRate": 0.0, "conditionRate": 0.0, "weaselRate": 0.0, "peacockRate": 0.0, "hedgeRate": 0.0, "doxasticRate": 0.0, "loveNum": 0, "anxietyNum": 0, "sorrowNum": 0, "joyNum": 0, "disgustNum": 0, "fearNum": 0, "surpriseNum": 0, "angerNum": 0, "loveRate": 0.0, "anxietyRate": 0.0, "sorrowRate": 0.0, "joyRate": 0.0, "disgustRate": 0.0, "fearRate": 0.0, "surpriseRate": 0.0, "angerRate": 0.0, "slangBeGeneralNum": 0, "slangBeCigaretteNum": 0, "slangBeHumanNum": 0, "slangBeVehicleNum": 0, "slangBeDrugNum": 0, "slangBvNum": 0, "slangBeGeneralRate": 0.0, "slangBeCigaretteRate": 0.0, "slangBeHumanRate": 0.0, "slangBeVehicleRate": 0.0, "slangBeDrugRate": 0.0, "slangBvRate": 0.0, "speechactNum": 0, "quoteNum": 0, "dashNum": 0, "publicNum": 0, "privateNum": 0, "suasiveNum": 0, "discMarkerNum": 0, "smileyNum": 0, "dateNum": 0, "hesitationNum": 0, "restartNum": 0, "repeatNum": 0, "conjBeforeDiscNum": 0, "conjAfterDiscNum": 0, "wordBeforeHesitationNum": 0, "wordAfterHesitationNum": 0, "otherCollocationNum": 0, "speechactRate": 0.0, "quoteRate": 0.0, "dashRate": 0.0, "publicRate": 0.0, "privateRate": 0.0, "suasiveRate": 0.0, "discMarkerRate": 0.0, "smileyRate": 0.0, "dateRate": 0.0, "hesitationRate": 0.0, "restartRate": 0.0, "repeatRate": 0.0, "conjBeforeDiscRate": 0.0, "conjAfterDiscRate": 0.0, "wordBeforeHesitationRate": 0.0, "wordAfterHesitationRate": 0.0, "otherCollocationRate": 0.0, "easyWordNum": 418, "hardWordNum": 31, "easyWordRate": 0.9309576837416481, "hardWordRate": 0.06904231625835189, "fleschReadingEaseScore": 54.55916852264295, "gunningFogIndex": 8.579997878884292, "fleschKincaidGradeLevel": 10.961043588927776, "colemanLiauIndex": 12.246229398663694, "smogIndex": 8.936278230431713, "automatedReadabilityIndex": 11.688048573549686, "linsearWriteIndex": 1.6832113691801887, "author": "", "locationNameNum": 0, "locationNameRate": 0.0, "personNameNum": 0, "personNameRate": 0.0, "organizationNameNum": 0, "organizationNameRate": 0.0, "misspelledNum": 0, "misspelledRate": 0.0, "missingAccentNum": 0, "missingAccentRate": 0.0, "foreignAccentNum": 0, "foreignAccentRate": 0.0, "wordConcatNum": 0, "wordConcatRate": 0.0, "jLyMistakeNum": 0, "jLyMistakeRate": 0.0, "publicVNum": 0, "freqSuffixNum": 0, "partsNum": 142, "clauseWordNum": 58, "privateVNum": 0}