{"tokenNum": 486, "sentenceNum": 25, "lemmaNum": 206, "lemmaRate": 0.42386831275720166, "sentenceLength": 19.44, "allUpperNum": 0, "firstUpperNum": 25, "allUpperRate": 0.0, "firstUpperRate": 0.051440329218107, "declarSentNum": 25, "imperSentNum": 0, "questionNum": 0, "declarSentRate": 1.0, "imperSentRate": 0.0, "questionRate": 0.0, "accent": true, "saturation": 2.367816091954023, "paragraphNum": 5, "nounNum": 53, "verbNum": 79, "adjNum": 44, "infNum": 7, "partPastNum": 0, "partPresNum": 3, "partFutNum": 0, "transNum": 0, "xNum": 5, "advNum": 58, "properNounNum": 0, "numNum": 1, "conjNum": 64, "punctNum": 88, "pronNum": 57, "relPronNum": 11, "demPronNum": 32, "adposNum": 0, "multiplePunctNum": 0, "phraseNum": 0, "nounRate": 0.10905349794238683, "verbRate": 0.16255144032921812, "adjRate": 0.09053497942386832, "infRate": 0.01440329218106996, "partPastRate": 0.0, "partPresRate": 0.006172839506172839, "partFutRate": 0.0, "transRate": 0.0, "xRate": 0.0102880658436214, "advRate": 0.11934156378600823, "properNounRate": 0.0, "numRate": 0.00205761316872428, "conjRate": 0.13168724279835392, "punctRate": 0.18106995884773663, "pronRate": 0.11728395061728394, "relPronRate": 0.02263374485596708, "demPronRate": 0.06584362139917696, "adposRate": 0.0, "multiplePunctRate": 0.0, "partsDensityRate": 2.689655172413793, "contentfulness": 9.36, "phraseRate": 0.0, "pastTenseNum": 7, "presentTenseNum": 65, "condNum": 6, "impNum": 4, "freqNum": 0, "causNum": 0, "modalNum": 3, "sg1VerbNum": 79, "sg2VerbNum": 79, "sg3VerbNum": 79, "pl1VerbNum": 79, "pl2VerbNum": 79, "pl3VerbNum": 79, "superlatNum": 3, "comparatNum": 1, "specDerivSuffixNum": 0, "pluralNounNum": 11, "pastTenseRate": 0.08860759493670886, "presentTenseRate": 0.8227848101265823, "condRate": 0.0759493670886076, "impRate": 0.05063291139240506, "freqRate": 0.0, "causRate": 0.0, "modalRate": 0.0379746835443038, "sg1VerbRate": 1.0, "sg2VerbRate": 1.0, "sg3VerbRate": 1.0, "pl1VerbRate": 1.0, "pl2VerbRate": 1.0, "pl3VerbRate": 1.0, "superlatRate": 0.06818181818181818, "comparatRate": 0.022727272727272728, "specDerivSuffixRate": 0.0, "pluralNounRate": 0.20754716981132076, "subjNum": 35, "objNum": 26, "attNum": 20, "subordNum": 40, "adverbNum": 79, "coordNum": 22, "clauseNum": 87, "simpleNum": 1, "complexNum": 24, "complexity1Num": 9, "complexity2Num": 3, "complexity3Num": 6, "compoundNum": 0, "subjRate": 0.0720164609053498, "objRate": 0.053497942386831275, "attRate": 0.0411522633744856, "subordRate": 0.0823045267489712, "adverbRate": 0.16255144032921812, "coordRate": 0.04526748971193416, "partsRate": 2.0919540229885056, "clauseRate": 3.48, "simpleRate": 0.04, "complexRate": 0.96, "complexity1Rate": 0.36, "complexity2Rate": 0.12, "complexity3Rate": 0.24, "complexClauseRate": 3.5833333333333335, "sentencesPerParagraph": 5.0, "wordsLengthRate": 5.85929648241206, "compoundRate": 0.0, "positiveNum": 0, "negativeNum": 0, "precoPositiveNum": 0, "precoNegativeNum": 0, "negemoNum": 0, "negationNum": 5, "functionNum": 252, "contentNum": 234, "vulgarNum": 0, "racistNum": 0, "specStyleNum": 0, "addressingNum": 0, "closingNum": 0, "postscriptNum": 0, "brutalNum": 0, "positiveRate": 0.0, "negativeRate": 0.0, "precoPositiveRate": 0.0, "precoNegativeRate": 0.0, "negemoRate": 0.0, "negationRate": 0.0102880658436214, "functionRate": 0.5185185185185185, "contentRate": 0.48148148148148145, "vulgarRate": 0.0, "racistRate": 0.0, "specStyleRate": 0.0, "addressingRate": 0.0, "closingRate": 0.0, "postscriptRate": 0.0, "brutalRate": 0.0, "epistemicNum": 0, "investNum": 0, "conditionNum": 0, "weaselNum": 0, "peacockNum": 0, "hedgeNum": 0, "doxasticNum": 0, "epistemicRate": 0.0, "investRate": 0.0, "conditionRate": 0.0, "weaselRate": 0.0, "peacockRate": 0.0, "hedgeRate": 0.0, "doxasticRate": 0.0, "loveNum": 0, "anxietyNum": 0, "sorrowNum": 0, "joyNum": 0, "disgustNum": 0, "fearNum": 0, "surpriseNum": 0, "angerNum": 0, "loveRate": 0.0, "anxietyRate": 0.0, "sorrowRate": 0.0, "joyRate": 0.0, "disgustRate": 0.0, "fearRate": 0.0, "surpriseRate": 0.0, "angerRate": 0.0, "slangBeGeneralNum": 0, "slangBeCigaretteNum": 0, "slangBeHumanNum": 0, "slangBeVehicleNum": 0, "slangBeDrugNum": 0, "slangBvNum": 0, "slangBeGeneralRate": 0.0, "slangBeCigaretteRate": 0.0, "slangBeHumanRate": 0.0, "slangBeVehicleRate": 0.0, "slangBeDrugRate": 0.0, "slangBvRate": 0.0, "speechactNum": 0, "quoteNum": 0, "dashNum": 0, "publicNum": 0, "privateNum": 0, "suasiveNum": 0, "discMarkerNum": 0, "smileyNum": 0, "dateNum": 0, "hesitationNum": 0, "restartNum": 0, "repeatNum": 2, "conjBeforeDiscNum": 0, "conjAfterDiscNum": 0, "wordBeforeHesitationNum": 0, "wordAfterHesitationNum": 0, "otherCollocationNum": 0, "speechactRate": 0.0, "quoteRate": 0.0, "dashRate": 0.0, "publicRate": 0.0, "privateRate": 0.0, "suasiveRate": 0.0, "discMarkerRate": 0.0, "smileyRate": 0.0, "dateRate": 0.0, "hesitationRate": 0.0, "restartRate": 0.0, "repeatRate": 0.00411522633744856, "conjBeforeDiscRate": 0.0, "conjAfterDiscRate": 0.0, "wordBeforeHesitationRate": 0.0, "wordAfterHesitationRate": 0.0, "otherCollocationRate": 0.0, "easyWordNum": 446, "hardWordNum": 40, "easyWordRate": 0.9176954732510288, "hardWordRate": 0.0823045267489712, "fleschReadingEaseScore": 59.333029629629664, "gunningFogIndex": 7.808921810699589, "fleschKincaidGradeLevel": 9.812999176954733, "colemanLiauIndex": 13.407458847736624, "smogIndex": 9.725611199111238, "automatedReadabilityIndex": 11.646172839506178, "linsearWriteIndex": 1.308641975308642, "author": "", "locationNameNum": 0, "locationNameRate": 0.0, "personNameNum": 0, "personNameRate": 0.0, "organizationNameNum": 0, "organizationNameRate": 0.0, "misspelledNum": 1, "misspelledRate": 0.00205761316872428, "missingAccentNum": 1, "missingAccentRate": 0.00205761316872428, "foreignAccentNum": 0, "foreignAccentRate": 0.0, "wordConcatNum": 0, "wordConcatRate": 0.0, "jLyMistakeNum": 0, "jLyMistakeRate": 0.0, "publicVNum": 0, "freqSuffixNum": 0, "partsNum": 182, "clauseWordNum": 87, "privateVNum": 0}