{"tokenNum": 431, "sentenceNum": 25, "lemmaNum": 178, "lemmaRate": 0.41299303944315546, "sentenceLength": 17.24, "allUpperNum": 0, "firstUpperNum": 25, "allUpperRate": 0.0, "firstUpperRate": 0.058004640371229696, "declarSentNum": 24, "imperSentNum": 0, "questionNum": 1, "declarSentRate": 0.96, "imperSentRate": 0.0, "questionRate": 0.04, "accent": true, "saturation": 2.7384615384615385, "paragraphNum": 5, "nounNum": 74, "verbNum": 60, "adjNum": 42, "infNum": 11, "partPastNum": 0, "partPresNum": 5, "partFutNum": 0, "transNum": 1, "xNum": 5, "advNum": 37, "properNounNum": 1, "numNum": 0, "conjNum": 52, "punctNum": 73, "pronNum": 29, "relPronNum": 4, "demPronNum": 22, "adposNum": 7, "multiplePunctNum": 0, "phraseNum": 0, "nounRate": 0.1716937354988399, "verbRate": 0.13921113689095127, "adjRate": 0.09744779582366589, "infRate": 0.025522041763341066, "partPastRate": 0.0, "partPresRate": 0.01160092807424594, "partFutRate": 0.0, "transRate": 0.002320185614849188, "xRate": 0.01160092807424594, "advRate": 0.08584686774941995, "properNounRate": 0.002320185614849188, "numRate": 0.0, "conjRate": 0.12064965197215777, "punctRate": 0.16937354988399073, "pronRate": 0.06728538283062645, "relPronRate": 0.009280742459396751, "demPronRate": 0.05104408352668213, "adposRate": 0.016241299303944315, "multiplePunctRate": 0.0, "partsDensityRate": 3.276923076923077, "contentfulness": 8.52, "phraseRate": 0.0, "pastTenseNum": 3, "presentTenseNum": 47, "condNum": 2, "impNum": 3, "freqNum": 0, "causNum": 0, "modalNum": 2, "sg1VerbNum": 60, "sg2VerbNum": 60, "sg3VerbNum": 60, "pl1VerbNum": 60, "pl2VerbNum": 60, "pl3VerbNum": 60, "superlatNum": 2, "comparatNum": 1, "specDerivSuffixNum": 0, "pluralNounNum": 5, "pastTenseRate": 0.05, "presentTenseRate": 0.7833333333333333, "condRate": 0.03333333333333333, "impRate": 0.05, "freqRate": 0.0, "causRate": 0.0, "modalRate": 0.03333333333333333, "sg1VerbRate": 1.0, "sg2VerbRate": 1.0, "sg3VerbRate": 1.0, "pl1VerbRate": 1.0, "pl2VerbRate": 1.0, "pl3VerbRate": 1.0, "superlatRate": 0.047619047619047616, "comparatRate": 0.023809523809523808, "specDerivSuffixRate": 0.0, "pluralNounRate": 0.06756756756756757, "subjNum": 20, "objNum": 17, "attNum": 18, "subordNum": 25, "adverbNum": 52, "coordNum": 23, "clauseNum": 65, "simpleNum": 6, "complexNum": 19, "complexity1Num": 7, "complexity2Num": 5, "complexity3Num": 5, "compoundNum": 0, "subjRate": 0.04640371229698376, "objRate": 0.03944315545243619, "attRate": 0.04176334106728538, "subordRate": 0.058004640371229696, "adverbRate": 0.12064965197215777, "coordRate": 0.05336426914153132, "partsRate": 2.0, "clauseRate": 2.6, "simpleRate": 0.24, "complexRate": 0.76, "complexity1Rate": 0.28, "complexity2Rate": 0.2, "complexity3Rate": 0.2, "complexClauseRate": 3.1052631578947367, "sentencesPerParagraph": 5.0, "wordsLengthRate": 5.58659217877095, "compoundRate": 0.0, "positiveNum": 0, "negativeNum": 0, "precoPositiveNum": 0, "precoNegativeNum": 0, "negemoNum": 0, "negationNum": 4, "functionNum": 218, "contentNum": 213, "vulgarNum": 0, "racistNum": 0, "specStyleNum": 0, "addressingNum": 0, "closingNum": 0, "postscriptNum": 0, "brutalNum": 0, "positiveRate": 0.0, "negativeRate": 0.0, "precoPositiveRate": 0.0, "precoNegativeRate": 0.0, "negemoRate": 0.0, "negationRate": 0.009280742459396751, "functionRate": 0.505800464037123, "contentRate": 0.494199535962877, "vulgarRate": 0.0, "racistRate": 0.0, "specStyleRate": 0.0, "addressingRate": 0.0, "closingRate": 0.0, "postscriptRate": 0.0, "brutalRate": 0.0, "epistemicNum": 0, "investNum": 0, "conditionNum": 0, "weaselNum": 0, "peacockNum": 0, "hedgeNum": 0, "doxasticNum": 0, "epistemicRate": 0.0, "investRate": 0.0, "conditionRate": 0.0, "weaselRate": 0.0, "peacockRate": 0.0, "hedgeRate": 0.0, "doxasticRate": 0.0, "loveNum": 0, "anxietyNum": 0, "sorrowNum": 0, "joyNum": 0, "disgustNum": 0, "fearNum": 0, "surpriseNum": 0, "angerNum": 0, "loveRate": 0.0, "anxietyRate": 0.0, "sorrowRate": 0.0, "joyRate": 0.0, "disgustRate": 0.0, "fearRate": 0.0, "surpriseRate": 0.0, "angerRate": 0.0, "slangBeGeneralNum": 0, "slangBeCigaretteNum": 0, "slangBeHumanNum": 0, "slangBeVehicleNum": 0, "slangBeDrugNum": 0, "slangBvNum": 0, "slangBeGeneralRate": 0.0, "slangBeCigaretteRate": 0.0, "slangBeHumanRate": 0.0, "slangBeVehicleRate": 0.0, "slangBeDrugRate": 0.0, "slangBvRate": 0.0, "speechactNum": 0, "quoteNum": 0, "dashNum": 0, "publicNum": 0, "privateNum": 0, "suasiveNum": 0, "discMarkerNum": 0, "smileyNum": 0, "dateNum": 0, "hesitationNum": 0, "restartNum": 0, "repeatNum": 0, "conjBeforeDiscNum": 0, "conjAfterDiscNum": 0, "wordBeforeHesitationNum": 0, "wordAfterHesitationNum": 0, "otherCollocationNum": 0, "speechactRate": 0.0, "quoteRate": 0.0, "dashRate": 0.0, "publicRate": 0.0, "privateRate": 0.0, "suasiveRate": 0.0, "discMarkerRate": 0.0, "smileyRate": 0.0, "dateRate": 0.0, "hesitationRate": 0.0, "restartRate": 0.0, "repeatRate": 0.0, "conjBeforeDiscRate": 0.0, "conjAfterDiscRate": 0.0, "wordBeforeHesitationRate": 0.0, "wordAfterHesitationRate": 0.0, "otherCollocationRate": 0.0, "easyWordNum": 401, "hardWordNum": 30, "easyWordRate": 0.9303944315545244, "hardWordRate": 0.06960556844547564, "fleschReadingEaseScore": 58.805077494199566, "gunningFogIndex": 6.92384222737819, "fleschKincaidGradeLevel": 9.34009651972158, "colemanLiauIndex": 12.392563805104405, "smogIndex": 8.841846274778883, "automatedReadabilityIndex": 9.73461716937355, "linsearWriteIndex": 1.2552204176334105, "author": "", "locationNameNum": 0, "locationNameRate": 0.0, "personNameNum": 0, "personNameRate": 0.0, "organizationNameNum": 0, "organizationNameRate": 0.0, "misspelledNum": 0, "misspelledRate": 0.0, "missingAccentNum": 0, "missingAccentRate": 0.0, "foreignAccentNum": 0, "foreignAccentRate": 0.0, "wordConcatNum": 0, "wordConcatRate": 0.0, "jLyMistakeNum": 0, "jLyMistakeRate": 0.0, "publicVNum": 0, "freqSuffixNum": 0, "partsNum": 130, "clauseWordNum": 65, "privateVNum": 0}