{"tokenNum": 502, "sentenceNum": 26, "lemmaNum": 215, "lemmaRate": 0.42828685258964144, "sentenceLength": 19.307692307692307, "allUpperNum": 0, "firstUpperNum": 26, "allUpperRate": 0.0, "firstUpperRate": 0.05179282868525897, "declarSentNum": 25, "imperSentNum": 1, "questionNum": 0, "declarSentRate": 0.9615384615384616, "imperSentRate": 0.038461538461538464, "questionRate": 0.0, "accent": true, "saturation": 3.0714285714285716, "paragraphNum": 5, "nounNum": 84, "verbNum": 66, "adjNum": 44, "infNum": 11, "partPastNum": 0, "partPresNum": 3, "partFutNum": 0, "transNum": 1, "xNum": 5, "advNum": 53, "properNounNum": 0, "numNum": 2, "conjNum": 54, "punctNum": 84, "pronNum": 36, "relPronNum": 5, "demPronNum": 29, "adposNum": 3, "multiplePunctNum": 0, "phraseNum": 0, "nounRate": 0.16733067729083664, "verbRate": 0.13147410358565736, "adjRate": 0.08764940239043825, "infRate": 0.021912350597609563, "partPastRate": 0.0, "partPresRate": 0.00597609561752988, "partFutRate": 0.0, "transRate": 0.00199203187250996, "xRate": 0.0099601593625498, "advRate": 0.10557768924302789, "properNounRate": 0.0, "numRate": 0.00398406374501992, "conjRate": 0.10756972111553785, "punctRate": 0.16733067729083664, "pronRate": 0.07171314741035857, "relPronRate": 0.0099601593625498, "demPronRate": 0.05776892430278884, "adposRate": 0.00597609561752988, "multiplePunctRate": 0.0, "partsDensityRate": 3.5285714285714285, "contentfulness": 9.5, "phraseRate": 0.0, "pastTenseNum": 5, "presentTenseNum": 50, "condNum": 1, "impNum": 5, "freqNum": 0, "causNum": 0, "modalNum": 2, "sg1VerbNum": 66, "sg2VerbNum": 66, "sg3VerbNum": 66, "pl1VerbNum": 66, "pl2VerbNum": 66, "pl3VerbNum": 66, "superlatNum": 1, "comparatNum": 0, "specDerivSuffixNum": 0, "pluralNounNum": 14, "pastTenseRate": 0.07575757575757576, "presentTenseRate": 0.7575757575757576, "condRate": 0.015151515151515152, "impRate": 0.07575757575757576, "freqRate": 0.0, "causRate": 0.0, "modalRate": 0.030303030303030304, "sg1VerbRate": 1.0, "sg2VerbRate": 1.0, "sg3VerbRate": 1.0, "pl1VerbRate": 1.0, "pl2VerbRate": 1.0, "pl3VerbRate": 1.0, "superlatRate": 0.022727272727272728, "comparatRate": 0.0, "specDerivSuffixRate": 0.0, "pluralNounRate": 0.16666666666666666, "subjNum": 25, "objNum": 26, "attNum": 16, "subordNum": 23, "adverbNum": 74, "coordNum": 37, "clauseNum": 70, "simpleNum": 6, "complexNum": 20, "complexity1Num": 8, "complexity2Num": 7, "complexity3Num": 1, "compoundNum": 0, "subjRate": 0.049800796812749, "objRate": 0.05179282868525897, "attRate": 0.03187250996015936, "subordRate": 0.045816733067729085, "adverbRate": 0.14741035856573706, "coordRate": 0.07370517928286853, "partsRate": 2.5428571428571427, "clauseRate": 2.6923076923076925, "simpleRate": 0.23076923076923078, "complexRate": 0.7692307692307693, "complexity1Rate": 0.3076923076923077, "complexity2Rate": 0.2692307692307692, "complexity3Rate": 0.038461538461538464, "complexClauseRate": 3.2, "sentencesPerParagraph": 5.2, "wordsLengthRate": 5.337320574162679, "compoundRate": 0.0, "positiveNum": 0, "negativeNum": 0, "precoPositiveNum": 0, "precoNegativeNum": 0, "negemoNum": 0, "negationNum": 6, "functionNum": 255, "contentNum": 247, "vulgarNum": 0, "racistNum": 0, "specStyleNum": 0, "addressingNum": 0, "closingNum": 0, "postscriptNum": 0, "brutalNum": 0, "positiveRate": 0.0, "negativeRate": 0.0, "precoPositiveRate": 0.0, "precoNegativeRate": 0.0, "negemoRate": 0.0, "negationRate": 0.01195219123505976, "functionRate": 0.5079681274900398, "contentRate": 0.49203187250996017, "vulgarRate": 0.0, "racistRate": 0.0, "specStyleRate": 0.0, "addressingRate": 0.0, "closingRate": 0.0, "postscriptRate": 0.0, "brutalRate": 0.0, "epistemicNum": 0, "investNum": 0, "conditionNum": 0, "weaselNum": 0, "peacockNum": 0, "hedgeNum": 0, "doxasticNum": 0, "epistemicRate": 0.0, "investRate": 0.0, "conditionRate": 0.0, "weaselRate": 0.0, "peacockRate": 0.0, "hedgeRate": 0.0, "doxasticRate": 0.0, "loveNum": 0, "anxietyNum": 0, "sorrowNum": 0, "joyNum": 0, "disgustNum": 0, "fearNum": 0, "surpriseNum": 0, "angerNum": 0, "loveRate": 0.0, "anxietyRate": 0.0, "sorrowRate": 0.0, "joyRate": 0.0, "disgustRate": 0.0, "fearRate": 0.0, "surpriseRate": 0.0, "angerRate": 0.0, "slangBeGeneralNum": 0, "slangBeCigaretteNum": 0, "slangBeHumanNum": 0, "slangBeVehicleNum": 0, "slangBeDrugNum": 0, "slangBvNum": 0, "slangBeGeneralRate": 0.0, "slangBeCigaretteRate": 0.0, "slangBeHumanRate": 0.0, "slangBeVehicleRate": 0.0, "slangBeDrugRate": 0.0, "slangBvRate": 0.0, "speechactNum": 0, "quoteNum": 0, "dashNum": 0, "publicNum": 0, "privateNum": 0, "suasiveNum": 0, "discMarkerNum": 0, "smileyNum": 0, "dateNum": 0, "hesitationNum": 0, "restartNum": 1, "repeatNum": 1, "conjBeforeDiscNum": 0, "conjAfterDiscNum": 0, "wordBeforeHesitationNum": 0, "wordAfterHesitationNum": 0, "otherCollocationNum": 0, "speechactRate": 0.0, "quoteRate": 0.0, "dashRate": 0.0, "publicRate": 0.0, "privateRate": 0.0, "suasiveRate": 0.0, "discMarkerRate": 0.0, "smileyRate": 0.0, "dateRate": 0.0, "hesitationRate": 0.0, "restartRate": 0.00199203187250996, "repeatRate": 0.00199203187250996, "conjBeforeDiscRate": 0.0, "conjAfterDiscRate": 0.0, "wordBeforeHesitationRate": 0.0, "wordAfterHesitationRate": 0.0, "otherCollocationRate": 0.0, "easyWordNum": 467, "hardWordNum": 35, "easyWordRate": 0.9302788844621513, "hardWordRate": 0.0697211155378486, "fleschReadingEaseScore": 58.82095923996326, "gunningFogIndex": 7.750965369292063, "fleschKincaidGradeLevel": 9.85155378486056, "colemanLiauIndex": 11.24456573705179, "smogIndex": 9.2995712137729, "automatedReadabilityIndex": 9.85043977934416, "linsearWriteIndex": 1.1720809071406681, "author": "", "locationNameNum": 0, "locationNameRate": 0.0, "personNameNum": 0, "personNameRate": 0.0, "organizationNameNum": 0, "organizationNameRate": 0.0, "misspelledNum": 2, "misspelledRate": 0.00398406374501992, "missingAccentNum": 1, "missingAccentRate": 0.00199203187250996, "foreignAccentNum": 0, "foreignAccentRate": 0.0, "wordConcatNum": 0, "wordConcatRate": 0.0, "jLyMistakeNum": 0, "jLyMistakeRate": 0.0, "publicVNum": 0, "freqSuffixNum": 0, "partsNum": 178, "clauseWordNum": 70, "privateVNum": 0}