{"tokenNum": 379, "sentenceNum": 18, "lemmaNum": 207, "lemmaRate": 0.5461741424802111, "sentenceLength": 21.055555555555557, "allUpperNum": 0, "firstUpperNum": 18, "allUpperRate": 0.0, "firstUpperRate": 0.047493403693931395, "declarSentNum": 16, "imperSentNum": 2, "questionNum": 0, "declarSentRate": 0.8888888888888888, "imperSentRate": 0.1111111111111111, "questionRate": 0.0, "accent": true, "saturation": 5.447368421052632, "paragraphNum": 4, "nounNum": 94, "verbNum": 37, "adjNum": 57, "infNum": 5, "partPastNum": 1, "partPresNum": 3, "partFutNum": 0, "transNum": 3, "xNum": 4, "advNum": 21, "properNounNum": 0, "numNum": 0, "conjNum": 30, "punctNum": 63, "pronNum": 17, "relPronNum": 4, "demPronNum": 11, "adposNum": 7, "multiplePunctNum": 0, "phraseNum": 0, "nounRate": 0.24802110817941952, "verbRate": 0.09762532981530343, "adjRate": 0.1503957783641161, "infRate": 0.013192612137203167, "partPastRate": 0.002638522427440633, "partPresRate": 0.0079155672823219, "partFutRate": 0.0, "transRate": 0.0079155672823219, "xRate": 0.010554089709762533, "advRate": 0.055408970976253295, "properNounRate": 0.0, "numRate": 0.0, "conjRate": 0.079155672823219, "punctRate": 0.1662269129287599, "pronRate": 0.044854881266490766, "relPronRate": 0.010554089709762533, "demPronRate": 0.029023746701846966, "adposRate": 0.018469656992084433, "multiplePunctRate": 0.0, "partsDensityRate": 5.5, "contentfulness": 11.61111111111111, "phraseRate": 0.0, "pastTenseNum": 1, "presentTenseNum": 31, "condNum": 1, "impNum": 2, "freqNum": 0, "causNum": 0, "modalNum": 0, "sg1VerbNum": 37, "sg2VerbNum": 37, "sg3VerbNum": 37, "pl1VerbNum": 37, "pl2VerbNum": 37, "pl3VerbNum": 37, "superlatNum": 1, "comparatNum": 0, "specDerivSuffixNum": 0, "pluralNounNum": 16, "pastTenseRate": 0.02702702702702703, "presentTenseRate": 0.8378378378378378, "condRate": 0.02702702702702703, "impRate": 0.05405405405405406, "freqRate": 0.0, "causRate": 0.0, "modalRate": 0.0, "sg1VerbRate": 1.0, "sg2VerbRate": 1.0, "sg3VerbRate": 1.0, "pl1VerbRate": 1.0, "pl2VerbRate": 1.0, "pl3VerbRate": 1.0, "superlatRate": 0.017543859649122806, "comparatRate": 0.0, "specDerivSuffixRate": 0.0, "pluralNounRate": 0.1702127659574468, "subjNum": 20, "objNum": 14, "attNum": 46, "subordNum": 13, "adverbNum": 27, "coordNum": 25, "clauseNum": 38, "simpleNum": 5, "complexNum": 13, "complexity1Num": 8, "complexity2Num": 3, "complexity3Num": 2, "compoundNum": 0, "subjRate": 0.052770448548812667, "objRate": 0.036939313984168866, "attRate": 0.12137203166226913, "subordRate": 0.03430079155672823, "adverbRate": 0.0712401055408971, "coordRate": 0.06596306068601583, "partsRate": 3.473684210526316, "clauseRate": 2.111111111111111, "simpleRate": 0.2777777777777778, "complexRate": 0.7222222222222222, "complexity1Rate": 0.4444444444444444, "complexity2Rate": 0.16666666666666666, "complexity3Rate": 0.1111111111111111, "complexClauseRate": 2.5384615384615383, "sentencesPerParagraph": 4.5, "wordsLengthRate": 6.386075949367089, "compoundRate": 0.0, "positiveNum": 0, "negativeNum": 0, "precoPositiveNum": 0, "precoNegativeNum": 0, "negemoNum": 0, "negationNum": 4, "functionNum": 170, "contentNum": 209, "vulgarNum": 0, "racistNum": 0, "specStyleNum": 0, "addressingNum": 0, "closingNum": 0, "postscriptNum": 0, "brutalNum": 0, "positiveRate": 0.0, "negativeRate": 0.0, "precoPositiveRate": 0.0, "precoNegativeRate": 0.0, "negemoRate": 0.0, "negationRate": 0.010554089709762533, "functionRate": 0.44854881266490765, "contentRate": 0.5514511873350924, "vulgarRate": 0.0, "racistRate": 0.0, "specStyleRate": 0.0, "addressingRate": 0.0, "closingRate": 0.0, "postscriptRate": 0.0, "brutalRate": 0.0, "epistemicNum": 0, "investNum": 0, "conditionNum": 0, "weaselNum": 0, "peacockNum": 0, "hedgeNum": 0, "doxasticNum": 0, "epistemicRate": 0.0, "investRate": 0.0, "conditionRate": 0.0, "weaselRate": 0.0, "peacockRate": 0.0, "hedgeRate": 0.0, "doxasticRate": 0.0, "loveNum": 0, "anxietyNum": 0, "sorrowNum": 0, "joyNum": 0, "disgustNum": 0, "fearNum": 0, "surpriseNum": 0, "angerNum": 0, "loveRate": 0.0, "anxietyRate": 0.0, "sorrowRate": 0.0, "joyRate": 0.0, "disgustRate": 0.0, "fearRate": 0.0, "surpriseRate": 0.0, "angerRate": 0.0, "slangBeGeneralNum": 0, "slangBeCigaretteNum": 0, "slangBeHumanNum": 0, "slangBeVehicleNum": 0, "slangBeDrugNum": 0, "slangBvNum": 0, "slangBeGeneralRate": 0.0, "slangBeCigaretteRate": 0.0, "slangBeHumanRate": 0.0, "slangBeVehicleRate": 0.0, "slangBeDrugRate": 0.0, "slangBvRate": 0.0, "speechactNum": 0, "quoteNum": 0, "dashNum": 0, "publicNum": 0, "privateNum": 0, "suasiveNum": 0, "discMarkerNum": 0, "smileyNum": 0, "dateNum": 0, "hesitationNum": 0, "restartNum": 0, "repeatNum": 0, "conjBeforeDiscNum": 0, "conjAfterDiscNum": 0, "wordBeforeHesitationNum": 0, "wordAfterHesitationNum": 0, "otherCollocationNum": 0, "speechactRate": 0.0, "quoteRate": 0.0, "dashRate": 0.0, "publicRate": 0.0, "privateRate": 0.0, "suasiveRate": 0.0, "discMarkerRate": 0.0, "smileyRate": 0.0, "dateRate": 0.0, "hesitationRate": 0.0, "restartRate": 0.0, "repeatRate": 0.0, "conjBeforeDiscRate": 0.0, "conjAfterDiscRate": 0.0, "wordBeforeHesitationRate": 0.0, "wordAfterHesitationRate": 0.0, "otherCollocationRate": 0.0, "easyWordNum": 333, "hardWordNum": 46, "easyWordRate": 0.8786279683377308, "hardWordRate": 0.12137203166226913, "fleschReadingEaseScore": 31.442502931691592, "gunningFogIndex": 8.47077103488713, "fleschKincaidGradeLevel": 14.104516270888308, "colemanLiauIndex": 16.416137203166226, "smogIndex": 10.203070172399654, "automatedReadabilityIndex": 14.859862210495457, "linsearWriteIndex": 2.4227499267077106, "author": "", "locationNameNum": 0, "locationNameRate": 0.0, "personNameNum": 0, "personNameRate": 0.0, "organizationNameNum": 0, "organizationNameRate": 0.0, "misspelledNum": 3, "misspelledRate": 0.0079155672823219, "missingAccentNum": 0, "missingAccentRate": 0.0, "foreignAccentNum": 0, "foreignAccentRate": 0.0, "wordConcatNum": 2, "wordConcatRate": 0.005277044854881266, "jLyMistakeNum": 0, "jLyMistakeRate": 0.0, "publicVNum": 0, "freqSuffixNum": 0, "partsNum": 132, "clauseWordNum": 38, "privateVNum": 0}