{"tokenNum": 412, "sentenceNum": 21, "lemmaNum": 198, "lemmaRate": 0.48058252427184467, "sentenceLength": 19.61904761904762, "allUpperNum": 1, "firstUpperNum": 22, "allUpperRate": 0.0024271844660194173, "firstUpperRate": 0.05339805825242718, "declarSentNum": 17, "imperSentNum": 3, "questionNum": 1, "declarSentRate": 0.8095238095238095, "imperSentRate": 0.14285714285714285, "questionRate": 0.047619047619047616, "accent": true, "saturation": 3.3, "paragraphNum": 4, "nounNum": 79, "verbNum": 51, "adjNum": 34, "infNum": 5, "partPastNum": 0, "partPresNum": 2, "partFutNum": 0, "transNum": 1, "xNum": 5, "advNum": 33, "properNounNum": 0, "numNum": 0, "conjNum": 42, "punctNum": 73, "pronNum": 34, "relPronNum": 6, "demPronNum": 21, "adposNum": 4, "multiplePunctNum": 0, "phraseNum": 0, "nounRate": 0.19174757281553398, "verbRate": 0.12378640776699029, "adjRate": 0.0825242718446602, "infRate": 0.012135922330097087, "partPastRate": 0.0, "partPresRate": 0.0048543689320388345, "partFutRate": 0.0, "transRate": 0.0024271844660194173, "xRate": 0.012135922330097087, "advRate": 0.08009708737864078, "properNounRate": 0.0, "numRate": 0.0, "conjRate": 0.10194174757281553, "punctRate": 0.17718446601941748, "pronRate": 0.0825242718446602, "relPronRate": 0.014563106796116505, "demPronRate": 0.050970873786407765, "adposRate": 0.009708737864077669, "multiplePunctRate": 0.0, "partsDensityRate": 3.283333333333333, "contentfulness": 9.380952380952381, "phraseRate": 0.0, "pastTenseNum": 2, "presentTenseNum": 44, "condNum": 1, "impNum": 11, "freqNum": 0, "causNum": 0, "modalNum": 0, "sg1VerbNum": 51, "sg2VerbNum": 51, "sg3VerbNum": 51, "pl1VerbNum": 51, "pl2VerbNum": 51, "pl3VerbNum": 51, "superlatNum": 0, "comparatNum": 2, "specDerivSuffixNum": 0, "pluralNounNum": 15, "pastTenseRate": 0.0392156862745098, "presentTenseRate": 0.8627450980392157, "condRate": 0.0196078431372549, "impRate": 0.21568627450980393, "freqRate": 0.0, "causRate": 0.0, "modalRate": 0.0, "sg1VerbRate": 1.0, "sg2VerbRate": 1.0, "sg3VerbRate": 1.0, "pl1VerbRate": 1.0, "pl2VerbRate": 1.0, "pl3VerbRate": 1.0, "superlatRate": 0.0, "comparatRate": 0.058823529411764705, "specDerivSuffixRate": 0.0, "pluralNounRate": 0.189873417721519, "subjNum": 31, "objNum": 18, "attNum": 15, "subordNum": 23, "adverbNum": 44, "coordNum": 25, "clauseNum": 60, "simpleNum": 3, "complexNum": 18, "complexity1Num": 8, "complexity2Num": 5, "complexity3Num": 2, "compoundNum": 0, "subjRate": 0.07524271844660194, "objRate": 0.043689320388349516, "attRate": 0.03640776699029126, "subordRate": 0.055825242718446605, "adverbRate": 0.10679611650485436, "coordRate": 0.06067961165048544, "partsRate": 2.216666666666667, "clauseRate": 2.857142857142857, "simpleRate": 0.14285714285714285, "complexRate": 0.8571428571428571, "complexity1Rate": 0.38095238095238093, "complexity2Rate": 0.23809523809523808, "complexity3Rate": 0.09523809523809523, "complexClauseRate": 3.1666666666666665, "sentencesPerParagraph": 5.25, "wordsLengthRate": 5.702064896755163, "compoundRate": 0.0, "positiveNum": 0, "negativeNum": 0, "precoPositiveNum": 0, "precoNegativeNum": 0, "negemoNum": 0, "negationNum": 9, "functionNum": 215, "contentNum": 197, "vulgarNum": 0, "racistNum": 0, "specStyleNum": 0, "addressingNum": 0, "closingNum": 0, "postscriptNum": 0, "brutalNum": 0, "positiveRate": 0.0, "negativeRate": 0.0, "precoPositiveRate": 0.0, "precoNegativeRate": 0.0, "negemoRate": 0.0, "negationRate": 0.021844660194174758, "functionRate": 0.5218446601941747, "contentRate": 0.47815533980582525, "vulgarRate": 0.0, "racistRate": 0.0, "specStyleRate": 0.0, "addressingRate": 0.0, "closingRate": 0.0, "postscriptRate": 0.0, "brutalRate": 0.0, "epistemicNum": 0, "investNum": 0, "conditionNum": 0, "weaselNum": 0, "peacockNum": 0, "hedgeNum": 0, "doxasticNum": 0, "epistemicRate": 0.0, "investRate": 0.0, "conditionRate": 0.0, "weaselRate": 0.0, "peacockRate": 0.0, "hedgeRate": 0.0, "doxasticRate": 0.0, "loveNum": 0, "anxietyNum": 0, "sorrowNum": 0, "joyNum": 0, "disgustNum": 0, "fearNum": 0, "surpriseNum": 0, "angerNum": 0, "loveRate": 0.0, "anxietyRate": 0.0, "sorrowRate": 0.0, "joyRate": 0.0, "disgustRate": 0.0, "fearRate": 0.0, "surpriseRate": 0.0, "angerRate": 0.0, "slangBeGeneralNum": 0, "slangBeCigaretteNum": 0, "slangBeHumanNum": 0, "slangBeVehicleNum": 0, "slangBeDrugNum": 0, "slangBvNum": 0, "slangBeGeneralRate": 0.0, "slangBeCigaretteRate": 0.0, "slangBeHumanRate": 0.0, "slangBeVehicleRate": 0.0, "slangBeDrugRate": 0.0, "slangBvRate": 0.0, "speechactNum": 0, "quoteNum": 1, "dashNum": 0, "publicNum": 0, "privateNum": 0, "suasiveNum": 0, "discMarkerNum": 0, "smileyNum": 0, "dateNum": 0, "hesitationNum": 0, "restartNum": 0, "repeatNum": 1, "conjBeforeDiscNum": 0, "conjAfterDiscNum": 0, "wordBeforeHesitationNum": 0, "wordAfterHesitationNum": 0, "otherCollocationNum": 0, "speechactRate": 0.0, "quoteRate": 0.0024271844660194173, "dashRate": 0.0, "publicRate": 0.0, "privateRate": 0.0, "suasiveRate": 0.0, "discMarkerRate": 0.0, "smileyRate": 0.0, "dateRate": 0.0, "hesitationRate": 0.0, "restartRate": 0.0, "repeatRate": 0.0024271844660194173, "conjBeforeDiscRate": 0.0, "conjAfterDiscRate": 0.0, "wordBeforeHesitationRate": 0.0, "wordAfterHesitationRate": 0.0, "otherCollocationRate": 0.0, "easyWordNum": 379, "hardWordNum": 33, "easyWordRate": 0.9199029126213593, "hardWordRate": 0.08009708737864078, "fleschReadingEaseScore": 58.78962783171522, "gunningFogIndex": 7.879657882570505, "fleschKincaidGradeLevel": 9.933273231622746, "colemanLiauIndex": 12.749191747572812, "smogIndex": 9.120678840339163, "automatedReadabilityIndex": 11.209305362921867, "linsearWriteIndex": 1.7334720295885342, "author": "", "locationNameNum": 0, "locationNameRate": 0.0, "personNameNum": 0, "personNameRate": 0.0, "organizationNameNum": 0, "organizationNameRate": 0.0, "misspelledNum": 0, "misspelledRate": 0.0, "missingAccentNum": 0, "missingAccentRate": 0.0, "foreignAccentNum": 0, "foreignAccentRate": 0.0, "wordConcatNum": 0, "wordConcatRate": 0.0, "jLyMistakeNum": 0, "jLyMistakeRate": 0.0, "publicVNum": 0, "freqSuffixNum": 0, "partsNum": 133, "clauseWordNum": 60, "privateVNum": 0}