{"tokenNum": 373, "sentenceNum": 16, "lemmaNum": 209, "lemmaRate": 0.5603217158176944, "sentenceLength": 23.3125, "allUpperNum": 1, "firstUpperNum": 16, "allUpperRate": 0.002680965147453083, "firstUpperRate": 0.04289544235924933, "declarSentNum": 16, "imperSentNum": 0, "questionNum": 0, "declarSentRate": 1.0, "imperSentRate": 0.0, "questionRate": 0.0, "accent": true, "saturation": 4.644444444444445, "paragraphNum": 5, "nounNum": 79, "verbNum": 40, "adjNum": 53, "infNum": 3, "partPastNum": 2, "partPresNum": 9, "partFutNum": 0, "transNum": 4, "xNum": 5, "advNum": 28, "properNounNum": 1, "numNum": 3, "conjNum": 30, "punctNum": 58, "pronNum": 25, "relPronNum": 6, "demPronNum": 19, "adposNum": 3, "multiplePunctNum": 0, "phraseNum": 0, "nounRate": 0.21179624664879357, "verbRate": 0.10723860589812333, "adjRate": 0.14209115281501342, "infRate": 0.00804289544235925, "partPastRate": 0.005361930294906166, "partPresRate": 0.024128686327077747, "partFutRate": 0.0, "transRate": 0.010723860589812333, "xRate": 0.013404825737265416, "advRate": 0.07506702412868632, "properNounRate": 0.002680965147453083, "numRate": 0.00804289544235925, "conjRate": 0.08042895442359249, "punctRate": 0.1554959785522788, "pronRate": 0.06702412868632708, "relPronRate": 0.0160857908847185, "demPronRate": 0.05093833780160858, "adposRate": 0.00804289544235925, "multiplePunctRate": 0.0, "partsDensityRate": 4.444444444444445, "contentfulness": 12.5, "phraseRate": 0.0, "pastTenseNum": 4, "presentTenseNum": 33, "condNum": 1, "impNum": 5, "freqNum": 0, "causNum": 0, "modalNum": 0, "sg1VerbNum": 40, "sg2VerbNum": 40, "sg3VerbNum": 40, "pl1VerbNum": 40, "pl2VerbNum": 40, "pl3VerbNum": 40, "superlatNum": 1, "comparatNum": 0, "specDerivSuffixNum": 0, "pluralNounNum": 10, "pastTenseRate": 0.1, "presentTenseRate": 0.825, "condRate": 0.025, "impRate": 0.125, "freqRate": 0.0, "causRate": 0.0, "modalRate": 0.0, "sg1VerbRate": 1.0, "sg2VerbRate": 1.0, "sg3VerbRate": 1.0, "pl1VerbRate": 1.0, "pl2VerbRate": 1.0, "pl3VerbRate": 1.0, "superlatRate": 0.018867924528301886, "comparatRate": 0.0, "specDerivSuffixRate": 0.0, "pluralNounRate": 0.12658227848101267, "subjNum": 20, "objNum": 18, "attNum": 36, "subordNum": 20, "adverbNum": 42, "coordNum": 12, "clauseNum": 45, "simpleNum": 4, "complexNum": 12, "complexity1Num": 3, "complexity2Num": 4, "complexity3Num": 4, "compoundNum": 0, "subjRate": 0.05361930294906166, "objRate": 0.04825737265415549, "attRate": 0.09651474530831099, "subordRate": 0.05361930294906166, "adverbRate": 0.1126005361930295, "coordRate": 0.032171581769437, "partsRate": 2.8444444444444446, "clauseRate": 2.8125, "simpleRate": 0.25, "complexRate": 0.75, "complexity1Rate": 0.1875, "complexity2Rate": 0.25, "complexity3Rate": 0.25, "complexClauseRate": 3.4166666666666665, "sentencesPerParagraph": 3.2, "wordsLengthRate": 6.266666666666667, "compoundRate": 0.0, "positiveNum": 0, "negativeNum": 0, "precoPositiveNum": 0, "precoNegativeNum": 0, "negemoNum": 0, "negationNum": 4, "functionNum": 173, "contentNum": 200, "vulgarNum": 0, "racistNum": 0, "specStyleNum": 0, "addressingNum": 0, "closingNum": 0, "postscriptNum": 0, "brutalNum": 0, "positiveRate": 0.0, "negativeRate": 0.0, "precoPositiveRate": 0.0, "precoNegativeRate": 0.0, "negemoRate": 0.0, "negationRate": 0.010723860589812333, "functionRate": 0.46380697050938335, "contentRate": 0.5361930294906166, "vulgarRate": 0.0, "racistRate": 0.0, "specStyleRate": 0.0, "addressingRate": 0.0, "closingRate": 0.0, "postscriptRate": 0.0, "brutalRate": 0.0, "epistemicNum": 0, "investNum": 0, "conditionNum": 0, "weaselNum": 0, "peacockNum": 0, "hedgeNum": 0, "doxasticNum": 0, "epistemicRate": 0.0, "investRate": 0.0, "conditionRate": 0.0, "weaselRate": 0.0, "peacockRate": 0.0, "hedgeRate": 0.0, "doxasticRate": 0.0, "loveNum": 0, "anxietyNum": 0, "sorrowNum": 0, "joyNum": 0, "disgustNum": 0, "fearNum": 0, "surpriseNum": 0, "angerNum": 0, "loveRate": 0.0, "anxietyRate": 0.0, "sorrowRate": 0.0, "joyRate": 0.0, "disgustRate": 0.0, "fearRate": 0.0, "surpriseRate": 0.0, "angerRate": 0.0, "slangBeGeneralNum": 0, "slangBeCigaretteNum": 0, "slangBeHumanNum": 0, "slangBeVehicleNum": 0, "slangBeDrugNum": 0, "slangBvNum": 0, "slangBeGeneralRate": 0.0, "slangBeCigaretteRate": 0.0, "slangBeHumanRate": 0.0, "slangBeVehicleRate": 0.0, "slangBeDrugRate": 0.0, "slangBvRate": 0.0, "speechactNum": 0, "quoteNum": 0, "dashNum": 0, "publicNum": 0, "privateNum": 0, "suasiveNum": 0, "discMarkerNum": 0, "smileyNum": 0, "dateNum": 0, "hesitationNum": 0, "restartNum": 2, "repeatNum": 0, "conjBeforeDiscNum": 0, "conjAfterDiscNum": 0, "wordBeforeHesitationNum": 0, "wordAfterHesitationNum": 0, "otherCollocationNum": 0, "speechactRate": 0.0, "quoteRate": 0.0, "dashRate": 0.0, "publicRate": 0.0, "privateRate": 0.0, "suasiveRate": 0.0, "discMarkerRate": 0.0, "smileyRate": 0.0, "dateRate": 0.0, "hesitationRate": 0.0, "restartRate": 0.005361930294906166, "repeatRate": 0.0, "conjBeforeDiscRate": 0.0, "conjAfterDiscRate": 0.0, "wordBeforeHesitationRate": 0.0, "wordAfterHesitationRate": 0.0, "otherCollocationRate": 0.0, "easyWordNum": 332, "hardWordNum": 41, "easyWordRate": 0.8900804289544236, "hardWordRate": 0.10991957104557641, "fleschReadingEaseScore": 33.70525217828421, "gunningFogIndex": 9.368967828418231, "fleschKincaidGradeLevel": 14.349596179624665, "colemanLiauIndex": 16.129040214477207, "smogIndex": 9.80755857964246, "automatedReadabilityIndex": 15.75874329758713, "linsearWriteIndex": 2.7701072386058985, "author": "", "locationNameNum": 0, "locationNameRate": 0.0, "personNameNum": 0, "personNameRate": 0.0, "organizationNameNum": 0, "organizationNameRate": 0.0, "misspelledNum": 2, "misspelledRate": 0.005361930294906166, "missingAccentNum": 0, "missingAccentRate": 0.0, "foreignAccentNum": 0, "foreignAccentRate": 0.0, "wordConcatNum": 1, "wordConcatRate": 0.002680965147453083, "jLyMistakeNum": 0, "jLyMistakeRate": 0.0, "publicVNum": 0, "freqSuffixNum": 0, "partsNum": 128, "clauseWordNum": 45, "privateVNum": 0}