{"tokenNum": 483, "sentenceNum": 30, "lemmaNum": 230, "lemmaRate": 0.47619047619047616, "sentenceLength": 16.1, "allUpperNum": 0, "firstUpperNum": 31, "allUpperRate": 0.0, "firstUpperRate": 0.06418219461697723, "declarSentNum": 27, "imperSentNum": 1, "questionNum": 2, "declarSentRate": 0.9, "imperSentRate": 0.03333333333333333, "questionRate": 0.06666666666666667, "accent": true, "saturation": 3.3333333333333335, "paragraphNum": 5, "nounNum": 113, "verbNum": 60, "adjNum": 53, "infNum": 10, "partPastNum": 1, "partPresNum": 3, "partFutNum": 0, "transNum": 1, "xNum": 5, "advNum": 33, "properNounNum": 2, "numNum": 2, "conjNum": 44, "punctNum": 75, "pronNum": 26, "relPronNum": 4, "demPronNum": 15, "adposNum": 4, "multiplePunctNum": 0, "phraseNum": 0, "nounRate": 0.23395445134575568, "verbRate": 0.12422360248447205, "adjRate": 0.10973084886128365, "infRate": 0.020703933747412008, "partPastRate": 0.002070393374741201, "partPresRate": 0.006211180124223602, "partFutRate": 0.0, "transRate": 0.002070393374741201, "xRate": 0.010351966873706004, "advRate": 0.06832298136645963, "properNounRate": 0.004140786749482402, "numRate": 0.004140786749482402, "conjRate": 0.09109730848861283, "punctRate": 0.15527950310559005, "pronRate": 0.053830227743271224, "relPronRate": 0.008281573498964804, "demPronRate": 0.031055900621118012, "adposRate": 0.008281573498964804, "multiplePunctRate": 0.0, "partsDensityRate": 3.753623188405797, "contentfulness": 8.633333333333333, "phraseRate": 0.0, "pastTenseNum": 2, "presentTenseNum": 49, "condNum": 4, "impNum": 7, "freqNum": 0, "causNum": 0, "modalNum": 3, "sg1VerbNum": 60, "sg2VerbNum": 60, "sg3VerbNum": 60, "pl1VerbNum": 60, "pl2VerbNum": 60, "pl3VerbNum": 60, "superlatNum": 4, "comparatNum": 1, "specDerivSuffixNum": 0, "pluralNounNum": 18, "pastTenseRate": 0.03333333333333333, "presentTenseRate": 0.8166666666666667, "condRate": 0.06666666666666667, "impRate": 0.11666666666666667, "freqRate": 0.0, "causRate": 0.0, "modalRate": 0.05, "sg1VerbRate": 1.0, "sg2VerbRate": 1.0, "sg3VerbRate": 1.0, "pl1VerbRate": 1.0, "pl2VerbRate": 1.0, "pl3VerbRate": 1.0, "superlatRate": 0.07547169811320754, "comparatRate": 0.018867924528301886, "specDerivSuffixRate": 0.0, "pluralNounRate": 0.1592920353982301, "subjNum": 29, "objNum": 21, "attNum": 32, "subordNum": 15, "adverbNum": 50, "coordNum": 25, "clauseNum": 69, "simpleNum": 7, "complexNum": 23, "complexity1Num": 12, "complexity2Num": 6, "complexity3Num": 5, "compoundNum": 0, "subjRate": 0.060041407867494824, "objRate": 0.043478260869565216, "attRate": 0.06625258799171843, "subordRate": 0.031055900621118012, "adverbRate": 0.10351966873706005, "coordRate": 0.051759834368530024, "partsRate": 2.2753623188405796, "clauseRate": 2.3, "simpleRate": 0.23333333333333334, "complexRate": 0.7666666666666667, "complexity1Rate": 0.4, "complexity2Rate": 0.2, "complexity3Rate": 0.16666666666666666, "complexClauseRate": 2.6956521739130435, "sentencesPerParagraph": 6.0, "wordsLengthRate": 5.8504901960784315, "compoundRate": 0.0, "positiveNum": 0, "negativeNum": 0, "precoPositiveNum": 0, "precoNegativeNum": 0, "negemoNum": 0, "negationNum": 6, "functionNum": 224, "contentNum": 259, "vulgarNum": 0, "racistNum": 0, "specStyleNum": 0, "addressingNum": 0, "closingNum": 0, "postscriptNum": 0, "brutalNum": 0, "positiveRate": 0.0, "negativeRate": 0.0, "precoPositiveRate": 0.0, "precoNegativeRate": 0.0, "negemoRate": 0.0, "negationRate": 0.012422360248447204, "functionRate": 0.463768115942029, "contentRate": 0.5362318840579711, "vulgarRate": 0.0, "racistRate": 0.0, "specStyleRate": 0.0, "addressingRate": 0.0, "closingRate": 0.0, "postscriptRate": 0.0, "brutalRate": 0.0, "epistemicNum": 0, "investNum": 0, "conditionNum": 0, "weaselNum": 0, "peacockNum": 0, "hedgeNum": 0, "doxasticNum": 0, "epistemicRate": 0.0, "investRate": 0.0, "conditionRate": 0.0, "weaselRate": 0.0, "peacockRate": 0.0, "hedgeRate": 0.0, "doxasticRate": 0.0, "loveNum": 0, "anxietyNum": 0, "sorrowNum": 0, "joyNum": 0, "disgustNum": 0, "fearNum": 0, "surpriseNum": 0, "angerNum": 0, "loveRate": 0.0, "anxietyRate": 0.0, "sorrowRate": 0.0, "joyRate": 0.0, "disgustRate": 0.0, "fearRate": 0.0, "surpriseRate": 0.0, "angerRate": 0.0, "slangBeGeneralNum": 0, "slangBeCigaretteNum": 0, "slangBeHumanNum": 0, "slangBeVehicleNum": 0, "slangBeDrugNum": 0, "slangBvNum": 0, "slangBeGeneralRate": 0.0, "slangBeCigaretteRate": 0.0, "slangBeHumanRate": 0.0, "slangBeVehicleRate": 0.0, "slangBeDrugRate": 0.0, "slangBvRate": 0.0, "speechactNum": 0, "quoteNum": 0, "dashNum": 0, "publicNum": 0, "privateNum": 0, "suasiveNum": 0, "discMarkerNum": 0, "smileyNum": 0, "dateNum": 0, "hesitationNum": 0, "restartNum": 0, "repeatNum": 0, "conjBeforeDiscNum": 0, "conjAfterDiscNum": 0, "wordBeforeHesitationNum": 0, "wordAfterHesitationNum": 0, "otherCollocationNum": 0, "speechactRate": 0.0, "quoteRate": 0.0, "dashRate": 0.0, "publicRate": 0.0, "privateRate": 0.0, "suasiveRate": 0.0, "discMarkerRate": 0.0, "smileyRate": 0.0, "dateRate": 0.0, "hesitationRate": 0.0, "restartRate": 0.0, "repeatRate": 0.0, "conjBeforeDiscRate": 0.0, "conjAfterDiscRate": 0.0, "wordBeforeHesitationRate": 0.0, "wordAfterHesitationRate": 0.0, "otherCollocationRate": 0.0, "easyWordNum": 446, "hardWordNum": 37, "easyWordRate": 0.9233954451345756, "hardWordRate": 0.07660455486542443, "fleschReadingEaseScore": 53.69722670807457, "gunningFogIndex": 6.470641821946171, "fleschKincaidGradeLevel": 9.76933126293996, "colemanLiauIndex": 14.10101449275362, "smogIndex": 9.473421319101043, "automatedReadabilityIndex": 10.530807453416148, "linsearWriteIndex": 0.9047619047619049, "author": "", "locationNameNum": 0, "locationNameRate": 0.0, "personNameNum": 1, "personNameRate": 0.002070393374741201, "organizationNameNum": 0, "organizationNameRate": 0.0, "misspelledNum": 2, "misspelledRate": 0.004140786749482402, "missingAccentNum": 1, "missingAccentRate": 0.002070393374741201, "foreignAccentNum": 0, "foreignAccentRate": 0.0, "wordConcatNum": 0, "wordConcatRate": 0.0, "jLyMistakeNum": 1, "jLyMistakeRate": 0.002070393374741201, "publicVNum": 0, "freqSuffixNum": 0, "partsNum": 157, "clauseWordNum": 69, "privateVNum": 0}