{"tokenNum": 794, "sentenceNum": 37, "lemmaNum": 313, "lemmaRate": 0.39420654911838793, "sentenceLength": 21.45945945945946, "allUpperNum": 0, "firstUpperNum": 40, "allUpperRate": 0.0, "firstUpperRate": 0.05037783375314862, "declarSentNum": 37, "imperSentNum": 0, "questionNum": 0, "declarSentRate": 1.0, "imperSentRate": 0.0, "questionRate": 0.0, "accent": true, "saturation": 2.3893129770992365, "paragraphNum": 8, "nounNum": 98, "verbNum": 110, "adjNum": 63, "infNum": 15, "partPastNum": 2, "partPresNum": 3, "partFutNum": 0, "transNum": 1, "xNum": 8, "advNum": 111, "properNounNum": 3, "numNum": 3, "conjNum": 99, "punctNum": 138, "pronNum": 76, "relPronNum": 13, "demPronNum": 56, "adposNum": 8, "multiplePunctNum": 0, "phraseNum": 0, "nounRate": 0.12342569269521411, "verbRate": 0.1385390428211587, "adjRate": 0.07934508816120907, "infRate": 0.018891687657430732, "partPastRate": 0.0025188916876574307, "partPresRate": 0.003778337531486146, "partFutRate": 0.0, "transRate": 0.0012594458438287153, "xRate": 0.010075566750629723, "advRate": 0.1397984886649874, "properNounRate": 0.003778337531486146, "numRate": 0.003778337531486146, "conjRate": 0.12468513853904283, "punctRate": 0.17380352644836272, "pronRate": 0.09571788413098237, "relPronRate": 0.0163727959697733, "demPronRate": 0.07052896725440806, "adposRate": 0.010075566750629723, "multiplePunctRate": 0.0, "partsDensityRate": 2.9160305343511452, "contentfulness": 10.324324324324325, "phraseRate": 0.0, "pastTenseNum": 8, "presentTenseNum": 87, "condNum": 3, "impNum": 8, "freqNum": 0, "causNum": 0, "modalNum": 3, "sg1VerbNum": 110, "sg2VerbNum": 110, "sg3VerbNum": 110, "pl1VerbNum": 110, "pl2VerbNum": 110, "pl3VerbNum": 110, "superlatNum": 2, "comparatNum": 5, "specDerivSuffixNum": 0, "pluralNounNum": 12, "pastTenseRate": 0.07272727272727272, "presentTenseRate": 0.7909090909090909, "condRate": 0.02727272727272727, "impRate": 0.07272727272727272, "freqRate": 0.0, "causRate": 0.0, "modalRate": 0.02727272727272727, "sg1VerbRate": 1.0, "sg2VerbRate": 1.0, "sg3VerbRate": 1.0, "pl1VerbRate": 1.0, "pl2VerbRate": 1.0, "pl3VerbRate": 1.0, "superlatRate": 0.031746031746031744, "comparatRate": 0.07936507936507936, "specDerivSuffixRate": 0.0, "pluralNounRate": 0.12244897959183673, "subjNum": 51, "objNum": 36, "attNum": 22, "subordNum": 46, "adverbNum": 131, "coordNum": 46, "clauseNum": 131, "simpleNum": 6, "complexNum": 31, "complexity1Num": 8, "complexity2Num": 6, "complexity3Num": 7, "compoundNum": 0, "subjRate": 0.06423173803526448, "objRate": 0.04534005037783375, "attRate": 0.027707808564231738, "subordRate": 0.05793450881612091, "adverbRate": 0.16498740554156172, "coordRate": 0.05793450881612091, "partsRate": 2.183206106870229, "clauseRate": 3.5405405405405403, "simpleRate": 0.16216216216216217, "complexRate": 0.8378378378378378, "complexity1Rate": 0.21621621621621623, "complexity2Rate": 0.16216216216216217, "complexity3Rate": 0.1891891891891892, "complexClauseRate": 4.032258064516129, "sentencesPerParagraph": 4.625, "wordsLengthRate": 5.365853658536586, "compoundRate": 0.0, "positiveNum": 0, "negativeNum": 0, "precoPositiveNum": 0, "precoNegativeNum": 0, "negemoNum": 0, "negationNum": 24, "functionNum": 412, "contentNum": 382, "vulgarNum": 0, "racistNum": 0, "specStyleNum": 0, "addressingNum": 0, "closingNum": 0, "postscriptNum": 0, "brutalNum": 0, "positiveRate": 0.0, "negativeRate": 0.0, "precoPositiveRate": 0.0, "precoNegativeRate": 0.0, "negemoRate": 0.0, "negationRate": 0.030226700251889168, "functionRate": 0.5188916876574308, "contentRate": 0.4811083123425693, "vulgarRate": 0.0, "racistRate": 0.0, "specStyleRate": 0.0, "addressingRate": 0.0, "closingRate": 0.0, "postscriptRate": 0.0, "brutalRate": 0.0, "epistemicNum": 0, "investNum": 0, "conditionNum": 0, "weaselNum": 0, "peacockNum": 0, "hedgeNum": 0, "doxasticNum": 0, "epistemicRate": 0.0, "investRate": 0.0, "conditionRate": 0.0, "weaselRate": 0.0, "peacockRate": 0.0, "hedgeRate": 0.0, "doxasticRate": 0.0, "loveNum": 0, "anxietyNum": 0, "sorrowNum": 0, "joyNum": 0, "disgustNum": 0, "fearNum": 0, "surpriseNum": 0, "angerNum": 0, "loveRate": 0.0, "anxietyRate": 0.0, "sorrowRate": 0.0, "joyRate": 0.0, "disgustRate": 0.0, "fearRate": 0.0, "surpriseRate": 0.0, "angerRate": 0.0, "slangBeGeneralNum": 0, "slangBeCigaretteNum": 0, "slangBeHumanNum": 0, "slangBeVehicleNum": 0, "slangBeDrugNum": 0, "slangBvNum": 0, "slangBeGeneralRate": 0.0, "slangBeCigaretteRate": 0.0, "slangBeHumanRate": 0.0, "slangBeVehicleRate": 0.0, "slangBeDrugRate": 0.0, "slangBvRate": 0.0, "speechactNum": 0, "quoteNum": 2, "dashNum": 0, "publicNum": 0, "privateNum": 0, "suasiveNum": 0, "discMarkerNum": 0, "smileyNum": 0, "dateNum": 0, "hesitationNum": 0, "restartNum": 0, "repeatNum": 0, "conjBeforeDiscNum": 0, "conjAfterDiscNum": 0, "wordBeforeHesitationNum": 0, "wordAfterHesitationNum": 0, "otherCollocationNum": 0, "speechactRate": 0.0, "quoteRate": 0.0025188916876574307, "dashRate": 0.0, "publicRate": 0.0, "privateRate": 0.0, "suasiveRate": 0.0, "discMarkerRate": 0.0, "smileyRate": 0.0, "dateRate": 0.0, "hesitationRate": 0.0, "restartRate": 0.0, "repeatRate": 0.0, "conjBeforeDiscRate": 0.0, "conjAfterDiscRate": 0.0, "wordBeforeHesitationRate": 0.0, "wordAfterHesitationRate": 0.0, "otherCollocationRate": 0.0, "easyWordNum": 740, "hardWordNum": 54, "easyWordRate": 0.9319899244332494, "hardWordRate": 0.06801007556675064, "fleschReadingEaseScore": 57.940550411872835, "gunningFogIndex": 8.610987814010484, "fleschKincaidGradeLevel": 10.508912111103548, "colemanLiauIndex": 11.216711586901763, "smogIndex": 10.030559657594573, "automatedReadabilityIndex": 10.904037034515625, "linsearWriteIndex": 0.521546735652529, "author": "", "locationNameNum": 0, "locationNameRate": 0.0, "personNameNum": 0, "personNameRate": 0.0, "organizationNameNum": 0, "organizationNameRate": 0.0, "misspelledNum": 1, "misspelledRate": 0.0012594458438287153, "missingAccentNum": 0, "missingAccentRate": 0.0, "foreignAccentNum": 0, "foreignAccentRate": 0.0, "wordConcatNum": 0, "wordConcatRate": 0.0, "jLyMistakeNum": 0, "jLyMistakeRate": 0.0, "publicVNum": 0, "freqSuffixNum": 0, "partsNum": 286, "clauseWordNum": 131, "privateVNum": 0}