{"tokenNum": 449, "sentenceNum": 23, "lemmaNum": 210, "lemmaRate": 0.46770601336302897, "sentenceLength": 19.52173913043478, "allUpperNum": 0, "firstUpperNum": 23, "allUpperRate": 0.0, "firstUpperRate": 0.051224944320712694, "declarSentNum": 22, "imperSentNum": 0, "questionNum": 1, "declarSentRate": 0.9565217391304348, "imperSentRate": 0.0, "questionRate": 0.043478260869565216, "accent": true, "saturation": 3.1343283582089554, "paragraphNum": 5, "nounNum": 73, "verbNum": 65, "adjNum": 43, "infNum": 11, "partPastNum": 2, "partPresNum": 3, "partFutNum": 0, "transNum": 0, "xNum": 5, "advNum": 44, "properNounNum": 0, "numNum": 0, "conjNum": 41, "punctNum": 79, "pronNum": 42, "relPronNum": 8, "demPronNum": 20, "adposNum": 6, "multiplePunctNum": 0, "phraseNum": 0, "nounRate": 0.16258351893095768, "verbRate": 0.1447661469933185, "adjRate": 0.0957683741648107, "infRate": 0.024498886414253896, "partPastRate": 0.004454342984409799, "partPresRate": 0.0066815144766146995, "partFutRate": 0.0, "transRate": 0.0, "xRate": 0.011135857461024499, "advRate": 0.09799554565701558, "properNounRate": 0.0, "numRate": 0.0, "conjRate": 0.09131403118040089, "punctRate": 0.1759465478841871, "pronRate": 0.0935412026726058, "relPronRate": 0.017817371937639197, "demPronRate": 0.044543429844097995, "adposRate": 0.013363028953229399, "multiplePunctRate": 0.0, "partsDensityRate": 3.3582089552238807, "contentfulness": 9.782608695652174, "phraseRate": 0.0, "pastTenseNum": 3, "presentTenseNum": 51, "condNum": 4, "impNum": 8, "freqNum": 0, "causNum": 0, "modalNum": 5, "sg1VerbNum": 65, "sg2VerbNum": 65, "sg3VerbNum": 65, "pl1VerbNum": 65, "pl2VerbNum": 65, "pl3VerbNum": 65, "superlatNum": 0, "comparatNum": 4, "specDerivSuffixNum": 0, "pluralNounNum": 22, "pastTenseRate": 0.046153846153846156, "presentTenseRate": 0.7846153846153846, "condRate": 0.06153846153846154, "impRate": 0.12307692307692308, "freqRate": 0.0, "causRate": 0.0, "modalRate": 0.07692307692307693, "sg1VerbRate": 1.0, "sg2VerbRate": 1.0, "sg3VerbRate": 1.0, "pl1VerbRate": 1.0, "pl2VerbRate": 1.0, "pl3VerbRate": 1.0, "superlatRate": 0.0, "comparatRate": 0.09302325581395349, "specDerivSuffixRate": 0.0, "pluralNounRate": 0.3013698630136986, "subjNum": 39, "objNum": 15, "attNum": 15, "subordNum": 27, "adverbNum": 64, "coordNum": 22, "clauseNum": 67, "simpleNum": 2, "complexNum": 21, "complexity1Num": 7, "complexity2Num": 9, "complexity3Num": 3, "compoundNum": 0, "subjRate": 0.08685968819599109, "objRate": 0.0334075723830735, "attRate": 0.0334075723830735, "subordRate": 0.060133630289532294, "adverbRate": 0.14253897550111358, "coordRate": 0.04899777282850779, "partsRate": 2.3134328358208953, "clauseRate": 2.9130434782608696, "simpleRate": 0.08695652173913043, "complexRate": 0.9130434782608695, "complexity1Rate": 0.30434782608695654, "complexity2Rate": 0.391304347826087, "complexity3Rate": 0.13043478260869565, "complexClauseRate": 3.0952380952380953, "sentencesPerParagraph": 4.6, "wordsLengthRate": 6.043243243243243, "compoundRate": 0.0, "positiveNum": 0, "negativeNum": 0, "precoPositiveNum": 0, "precoNegativeNum": 0, "negemoNum": 0, "negationNum": 10, "functionNum": 224, "contentNum": 225, "vulgarNum": 0, "racistNum": 0, "specStyleNum": 0, "addressingNum": 0, "closingNum": 0, "postscriptNum": 0, "brutalNum": 0, "positiveRate": 0.0, "negativeRate": 0.0, "precoPositiveRate": 0.0, "precoNegativeRate": 0.0, "negemoRate": 0.0, "negationRate": 0.022271714922048998, "functionRate": 0.49888641425389757, "contentRate": 0.5011135857461024, "vulgarRate": 0.0, "racistRate": 0.0, "specStyleRate": 0.0, "addressingRate": 0.0, "closingRate": 0.0, "postscriptRate": 0.0, "brutalRate": 0.0, "epistemicNum": 0, "investNum": 0, "conditionNum": 0, "weaselNum": 0, "peacockNum": 0, "hedgeNum": 0, "doxasticNum": 0, "epistemicRate": 0.0, "investRate": 0.0, "conditionRate": 0.0, "weaselRate": 0.0, "peacockRate": 0.0, "hedgeRate": 0.0, "doxasticRate": 0.0, "loveNum": 0, "anxietyNum": 0, "sorrowNum": 0, "joyNum": 0, "disgustNum": 0, "fearNum": 0, "surpriseNum": 0, "angerNum": 0, "loveRate": 0.0, "anxietyRate": 0.0, "sorrowRate": 0.0, "joyRate": 0.0, "disgustRate": 0.0, "fearRate": 0.0, "surpriseRate": 0.0, "angerRate": 0.0, "slangBeGeneralNum": 0, "slangBeCigaretteNum": 0, "slangBeHumanNum": 0, "slangBeVehicleNum": 0, "slangBeDrugNum": 0, "slangBvNum": 0, "slangBeGeneralRate": 0.0, "slangBeCigaretteRate": 0.0, "slangBeHumanRate": 0.0, "slangBeVehicleRate": 0.0, "slangBeDrugRate": 0.0, "slangBvRate": 0.0, "speechactNum": 0, "quoteNum": 0, "dashNum": 0, "publicNum": 0, "privateNum": 0, "suasiveNum": 0, "discMarkerNum": 0, "smileyNum": 0, "dateNum": 0, "hesitationNum": 0, "restartNum": 0, "repeatNum": 0, "conjBeforeDiscNum": 0, "conjAfterDiscNum": 0, "wordBeforeHesitationNum": 0, "wordAfterHesitationNum": 0, "otherCollocationNum": 0, "speechactRate": 0.0, "quoteRate": 0.0, "dashRate": 0.0, "publicRate": 0.0, "privateRate": 0.0, "suasiveRate": 0.0, "discMarkerRate": 0.0, "smileyRate": 0.0, "dateRate": 0.0, "hesitationRate": 0.0, "restartRate": 0.0, "repeatRate": 0.0, "conjBeforeDiscRate": 0.0, "conjAfterDiscRate": 0.0, "wordBeforeHesitationRate": 0.0, "wordAfterHesitationRate": 0.0, "otherCollocationRate": 0.0, "easyWordNum": 409, "hardWordNum": 40, "easyWordRate": 0.910913140311804, "hardWordRate": 0.08908685968819599, "fleschReadingEaseScore": 51.35896484942387, "gunningFogIndex": 7.844330396049191, "fleschKincaidGradeLevel": 10.945527258642397, "colemanLiauIndex": 14.43692873051225, "smogIndex": 9.725611199111238, "automatedReadabilityIndex": 12.510268228914498, "linsearWriteIndex": 1.5370388302507991, "author": "", "locationNameNum": 0, "locationNameRate": 0.0, "personNameNum": 0, "personNameRate": 0.0, "organizationNameNum": 0, "organizationNameRate": 0.0, "misspelledNum": 3, "misspelledRate": 0.0066815144766146995, "missingAccentNum": 0, "missingAccentRate": 0.0, "foreignAccentNum": 2, "foreignAccentRate": 0.004454342984409799, "wordConcatNum": 0, "wordConcatRate": 0.0, "jLyMistakeNum": 0, "jLyMistakeRate": 0.0, "publicVNum": 0, "freqSuffixNum": 0, "partsNum": 155, "clauseWordNum": 67, "privateVNum": 0}