{"tokenNum": 416, "sentenceNum": 17, "lemmaNum": 217, "lemmaRate": 0.5216346153846154, "sentenceLength": 24.470588235294116, "allUpperNum": 0, "firstUpperNum": 17, "allUpperRate": 0.0, "firstUpperRate": 0.040865384615384616, "declarSentNum": 16, "imperSentNum": 0, "questionNum": 1, "declarSentRate": 0.9411764705882353, "imperSentRate": 0.0, "questionRate": 0.058823529411764705, "accent": true, "saturation": 4.717391304347826, "paragraphNum": 4, "nounNum": 109, "verbNum": 41, "adjNum": 53, "infNum": 4, "partPastNum": 0, "partPresNum": 9, "partFutNum": 0, "transNum": 2, "xNum": 4, "advNum": 30, "properNounNum": 0, "numNum": 0, "conjNum": 44, "punctNum": 55, "pronNum": 19, "relPronNum": 5, "demPronNum": 13, "adposNum": 2, "multiplePunctNum": 0, "phraseNum": 0, "nounRate": 0.2620192307692308, "verbRate": 0.0985576923076923, "adjRate": 0.12740384615384615, "infRate": 0.009615384615384616, "partPastRate": 0.0, "partPresRate": 0.021634615384615384, "partFutRate": 0.0, "transRate": 0.004807692307692308, "xRate": 0.009615384615384616, "advRate": 0.07211538461538461, "properNounRate": 0.0, "numRate": 0.0, "conjRate": 0.10576923076923077, "punctRate": 0.13221153846153846, "pronRate": 0.04567307692307692, "relPronRate": 0.01201923076923077, "demPronRate": 0.03125, "adposRate": 0.004807692307692308, "multiplePunctRate": 0.0, "partsDensityRate": 5.065217391304348, "contentfulness": 13.705882352941176, "phraseRate": 0.0, "pastTenseNum": 0, "presentTenseNum": 38, "condNum": 0, "impNum": 10, "freqNum": 0, "causNum": 0, "modalNum": 3, "sg1VerbNum": 41, "sg2VerbNum": 41, "sg3VerbNum": 41, "pl1VerbNum": 41, "pl2VerbNum": 41, "pl3VerbNum": 41, "superlatNum": 1, "comparatNum": 0, "specDerivSuffixNum": 0, "pluralNounNum": 25, "pastTenseRate": 0.0, "presentTenseRate": 0.926829268292683, "condRate": 0.0, "impRate": 0.24390243902439024, "freqRate": 0.0, "causRate": 0.0, "modalRate": 0.07317073170731707, "sg1VerbRate": 1.0, "sg2VerbRate": 1.0, "sg3VerbRate": 1.0, "pl1VerbRate": 1.0, "pl2VerbRate": 1.0, "pl3VerbRate": 1.0, "superlatRate": 0.018867924528301886, "comparatRate": 0.0, "specDerivSuffixRate": 0.0, "pluralNounRate": 0.22935779816513763, "subjNum": 13, "objNum": 21, "attNum": 40, "subordNum": 17, "adverbNum": 41, "coordNum": 25, "clauseNum": 46, "simpleNum": 2, "complexNum": 15, "complexity1Num": 6, "complexity2Num": 6, "complexity3Num": 2, "compoundNum": 0, "subjRate": 0.03125, "objRate": 0.05048076923076923, "attRate": 0.09615384615384616, "subordRate": 0.040865384615384616, "adverbRate": 0.0985576923076923, "coordRate": 0.06009615384615385, "partsRate": 3.0434782608695654, "clauseRate": 2.7058823529411766, "simpleRate": 0.11764705882352941, "complexRate": 0.8823529411764706, "complexity1Rate": 0.35294117647058826, "complexity2Rate": 0.35294117647058826, "complexity3Rate": 0.11764705882352941, "complexClauseRate": 2.933333333333333, "sentencesPerParagraph": 4.25, "wordsLengthRate": 6.578947368421052, "compoundRate": 0.0, "positiveNum": 0, "negativeNum": 0, "precoPositiveNum": 0, "precoNegativeNum": 0, "negemoNum": 0, "negationNum": 3, "functionNum": 183, "contentNum": 233, "vulgarNum": 0, "racistNum": 0, "specStyleNum": 0, "addressingNum": 0, "closingNum": 0, "postscriptNum": 0, "brutalNum": 0, "positiveRate": 0.0, "negativeRate": 0.0, "precoPositiveRate": 0.0, "precoNegativeRate": 0.0, "negemoRate": 0.0, "negationRate": 0.007211538461538462, "functionRate": 0.43990384615384615, "contentRate": 0.5600961538461539, "vulgarRate": 0.0, "racistRate": 0.0, "specStyleRate": 0.0, "addressingRate": 0.0, "closingRate": 0.0, "postscriptRate": 0.0, "brutalRate": 0.0, "epistemicNum": 0, "investNum": 0, "conditionNum": 0, "weaselNum": 0, "peacockNum": 0, "hedgeNum": 0, "doxasticNum": 0, "epistemicRate": 0.0, "investRate": 0.0, "conditionRate": 0.0, "weaselRate": 0.0, "peacockRate": 0.0, "hedgeRate": 0.0, "doxasticRate": 0.0, "loveNum": 0, "anxietyNum": 0, "sorrowNum": 0, "joyNum": 0, "disgustNum": 0, "fearNum": 0, "surpriseNum": 0, "angerNum": 0, "loveRate": 0.0, "anxietyRate": 0.0, "sorrowRate": 0.0, "joyRate": 0.0, "disgustRate": 0.0, "fearRate": 0.0, "surpriseRate": 0.0, "angerRate": 0.0, "slangBeGeneralNum": 0, "slangBeCigaretteNum": 0, "slangBeHumanNum": 0, "slangBeVehicleNum": 0, "slangBeDrugNum": 0, "slangBvNum": 0, "slangBeGeneralRate": 0.0, "slangBeCigaretteRate": 0.0, "slangBeHumanRate": 0.0, "slangBeVehicleRate": 0.0, "slangBeDrugRate": 0.0, "slangBvRate": 0.0, "speechactNum": 0, "quoteNum": 0, "dashNum": 0, "publicNum": 0, "privateNum": 0, "suasiveNum": 0, "discMarkerNum": 0, "smileyNum": 0, "dateNum": 0, "hesitationNum": 0, "restartNum": 0, "repeatNum": 0, "conjBeforeDiscNum": 0, "conjAfterDiscNum": 0, "wordBeforeHesitationNum": 0, "wordAfterHesitationNum": 0, "otherCollocationNum": 0, "speechactRate": 0.0, "quoteRate": 0.0, "dashRate": 0.0, "publicRate": 0.0, "privateRate": 0.0, "suasiveRate": 0.0, "discMarkerRate": 0.0, "smileyRate": 0.0, "dateRate": 0.0, "hesitationRate": 0.0, "restartRate": 0.0, "repeatRate": 0.0, "conjBeforeDiscRate": 0.0, "conjAfterDiscRate": 0.0, "wordBeforeHesitationRate": 0.0, "wordAfterHesitationRate": 0.0, "otherCollocationRate": 0.0, "easyWordNum": 352, "hardWordNum": 64, "easyWordRate": 0.8461538461538461, "hardWordRate": 0.15384615384615385, "fleschReadingEaseScore": 19.915141402714937, "gunningFogIndex": 9.84977375565611, "fleschKincaidGradeLevel": 16.560740950226243, "colemanLiauIndex": 18.49213701923077, "smogIndex": 11.473099999999999, "automatedReadabilityIndex": 18.22745757918552, "linsearWriteIndex": 2.817873303167421, "author": "", "locationNameNum": 0, "locationNameRate": 0.0, "personNameNum": 0, "personNameRate": 0.0, "organizationNameNum": 0, "organizationNameRate": 0.0, "misspelledNum": 2, "misspelledRate": 0.004807692307692308, "missingAccentNum": 0, "missingAccentRate": 0.0, "foreignAccentNum": 0, "foreignAccentRate": 0.0, "wordConcatNum": 1, "wordConcatRate": 0.002403846153846154, "jLyMistakeNum": 0, "jLyMistakeRate": 0.0, "publicVNum": 0, "freqSuffixNum": 0, "partsNum": 140, "clauseWordNum": 46, "privateVNum": 0}