{"tokenNum": 447, "sentenceNum": 23, "lemmaNum": 180, "lemmaRate": 0.40268456375838924, "sentenceLength": 19.434782608695652, "allUpperNum": 0, "firstUpperNum": 22, "allUpperRate": 0.0, "firstUpperRate": 0.049217002237136466, "declarSentNum": 22, "imperSentNum": 1, "questionNum": 0, "declarSentRate": 0.9565217391304348, "imperSentRate": 0.043478260869565216, "questionRate": 0.0, "accent": true, "saturation": 2.5714285714285716, "paragraphNum": 4, "nounNum": 69, "verbNum": 65, "adjNum": 22, "infNum": 14, "partPastNum": 0, "partPresNum": 0, "partFutNum": 0, "transNum": 0, "xNum": 4, "advNum": 51, "properNounNum": 1, "numNum": 0, "conjNum": 54, "punctNum": 82, "pronNum": 43, "relPronNum": 14, "demPronNum": 29, "adposNum": 3, "multiplePunctNum": 0, "phraseNum": 0, "nounRate": 0.15436241610738255, "verbRate": 0.14541387024608501, "adjRate": 0.049217002237136466, "infRate": 0.03131991051454139, "partPastRate": 0.0, "partPresRate": 0.0, "partFutRate": 0.0, "transRate": 0.0, "xRate": 0.008948545861297539, "advRate": 0.11409395973154363, "properNounRate": 0.0022371364653243847, "numRate": 0.0, "conjRate": 0.12080536912751678, "punctRate": 0.18344519015659955, "pronRate": 0.09619686800894854, "relPronRate": 0.03131991051454139, "demPronRate": 0.06487695749440715, "adposRate": 0.006711409395973154, "multiplePunctRate": 0.0, "partsDensityRate": 2.9571428571428573, "contentfulness": 9.0, "phraseRate": 0.0, "pastTenseNum": 4, "presentTenseNum": 47, "condNum": 1, "impNum": 8, "freqNum": 0, "causNum": 0, "modalNum": 2, "sg1VerbNum": 65, "sg2VerbNum": 65, "sg3VerbNum": 65, "pl1VerbNum": 65, "pl2VerbNum": 65, "pl3VerbNum": 65, "superlatNum": 0, "comparatNum": 0, "specDerivSuffixNum": 0, "pluralNounNum": 8, "pastTenseRate": 0.06153846153846154, "presentTenseRate": 0.7230769230769231, "condRate": 0.015384615384615385, "impRate": 0.12307692307692308, "freqRate": 0.0, "causRate": 0.0, "modalRate": 0.03076923076923077, "sg1VerbRate": 1.0, "sg2VerbRate": 1.0, "sg3VerbRate": 1.0, "pl1VerbRate": 1.0, "pl2VerbRate": 1.0, "pl3VerbRate": 1.0, "superlatRate": 0.0, "comparatRate": 0.0, "specDerivSuffixRate": 0.0, "pluralNounRate": 0.11594202898550725, "subjNum": 34, "objNum": 19, "attNum": 7, "subordNum": 29, "adverbNum": 62, "coordNum": 34, "clauseNum": 70, "simpleNum": 5, "complexNum": 18, "complexity1Num": 7, "complexity2Num": 3, "complexity3Num": 3, "compoundNum": 0, "subjRate": 0.07606263982102908, "objRate": 0.042505592841163314, "attRate": 0.015659955257270694, "subordRate": 0.06487695749440715, "adverbRate": 0.13870246085011187, "coordRate": 0.07606263982102908, "partsRate": 2.2285714285714286, "clauseRate": 3.0434782608695654, "simpleRate": 0.21739130434782608, "complexRate": 0.782608695652174, "complexity1Rate": 0.30434782608695654, "complexity2Rate": 0.13043478260869565, "complexity3Rate": 0.13043478260869565, "complexClauseRate": 3.611111111111111, "sentencesPerParagraph": 5.75, "wordsLengthRate": 4.934246575342466, "compoundRate": 0.0, "positiveNum": 0, "negativeNum": 0, "precoPositiveNum": 0, "precoNegativeNum": 0, "negemoNum": 0, "negationNum": 11, "functionNum": 240, "contentNum": 207, "vulgarNum": 0, "racistNum": 0, "specStyleNum": 0, "addressingNum": 0, "closingNum": 0, "postscriptNum": 0, "brutalNum": 0, "positiveRate": 0.0, "negativeRate": 0.0, "precoPositiveRate": 0.0, "precoNegativeRate": 0.0, "negemoRate": 0.0, "negationRate": 0.024608501118568233, "functionRate": 0.5369127516778524, "contentRate": 0.46308724832214765, "vulgarRate": 0.0, "racistRate": 0.0, "specStyleRate": 0.0, "addressingRate": 0.0, "closingRate": 0.0, "postscriptRate": 0.0, "brutalRate": 0.0, "epistemicNum": 0, "investNum": 0, "conditionNum": 0, "weaselNum": 0, "peacockNum": 0, "hedgeNum": 0, "doxasticNum": 0, "epistemicRate": 0.0, "investRate": 0.0, "conditionRate": 0.0, "weaselRate": 0.0, "peacockRate": 0.0, "hedgeRate": 0.0, "doxasticRate": 0.0, "loveNum": 0, "anxietyNum": 0, "sorrowNum": 0, "joyNum": 0, "disgustNum": 0, "fearNum": 0, "surpriseNum": 0, "angerNum": 0, "loveRate": 0.0, "anxietyRate": 0.0, "sorrowRate": 0.0, "joyRate": 0.0, "disgustRate": 0.0, "fearRate": 0.0, "surpriseRate": 0.0, "angerRate": 0.0, "slangBeGeneralNum": 0, "slangBeCigaretteNum": 0, "slangBeHumanNum": 0, "slangBeVehicleNum": 0, "slangBeDrugNum": 0, "slangBvNum": 0, "slangBeGeneralRate": 0.0, "slangBeCigaretteRate": 0.0, "slangBeHumanRate": 0.0, "slangBeVehicleRate": 0.0, "slangBeDrugRate": 0.0, "slangBvRate": 0.0, "speechactNum": 0, "quoteNum": 0, "dashNum": 0, "publicNum": 0, "privateNum": 0, "suasiveNum": 0, "discMarkerNum": 0, "smileyNum": 0, "dateNum": 0, "hesitationNum": 0, "restartNum": 0, "repeatNum": 1, "conjBeforeDiscNum": 0, "conjAfterDiscNum": 0, "wordBeforeHesitationNum": 0, "wordAfterHesitationNum": 0, "otherCollocationNum": 0, "speechactRate": 0.0, "quoteRate": 0.0, "dashRate": 0.0, "publicRate": 0.0, "privateRate": 0.0, "suasiveRate": 0.0, "discMarkerRate": 0.0, "smileyRate": 0.0, "dateRate": 0.0, "hesitationRate": 0.0, "restartRate": 0.0, "repeatRate": 0.0022371364653243847, "conjBeforeDiscRate": 0.0, "conjAfterDiscRate": 0.0, "wordBeforeHesitationRate": 0.0, "wordAfterHesitationRate": 0.0, "otherCollocationRate": 0.0, "easyWordNum": 435, "hardWordNum": 12, "easyWordRate": 0.9731543624161074, "hardWordRate": 0.026845637583892617, "fleschReadingEaseScore": 72.7946016924424, "gunningFogIndex": 7.784651298511818, "fleschKincaidGradeLevel": 7.934084233051262, "colemanLiauIndex": 8.906221476510066, "smogIndex": 6.742157984588678, "automatedReadabilityIndex": 8.044102713743804, "linsearWriteIndex": 1.2711798463184514, "author": "", "locationNameNum": 0, "locationNameRate": 0.0, "personNameNum": 0, "personNameRate": 0.0, "organizationNameNum": 0, "organizationNameRate": 0.0, "misspelledNum": 0, "misspelledRate": 0.0, "missingAccentNum": 0, "missingAccentRate": 0.0, "foreignAccentNum": 0, "foreignAccentRate": 0.0, "wordConcatNum": 0, "wordConcatRate": 0.0, "jLyMistakeNum": 0, "jLyMistakeRate": 0.0, "publicVNum": 0, "freqSuffixNum": 0, "partsNum": 156, "clauseWordNum": 70, "privateVNum": 0}