{"tokenNum": 462, "sentenceNum": 25, "lemmaNum": 193, "lemmaRate": 0.41774891774891776, "sentenceLength": 18.48, "allUpperNum": 0, "firstUpperNum": 26, "allUpperRate": 0.0, "firstUpperRate": 0.05627705627705628, "declarSentNum": 24, "imperSentNum": 0, "questionNum": 1, "declarSentRate": 0.96, "imperSentRate": 0.0, "questionRate": 0.04, "accent": true, "saturation": 2.9692307692307693, "paragraphNum": 5, "nounNum": 95, "verbNum": 48, "adjNum": 39, "infNum": 4, "partPastNum": 0, "partPresNum": 7, "partFutNum": 0, "transNum": 3, "xNum": 5, "advNum": 48, "properNounNum": 0, "numNum": 2, "conjNum": 50, "punctNum": 74, "pronNum": 35, "relPronNum": 6, "demPronNum": 15, "adposNum": 2, "multiplePunctNum": 0, "phraseNum": 0, "nounRate": 0.20562770562770563, "verbRate": 0.1038961038961039, "adjRate": 0.08441558441558442, "infRate": 0.008658008658008658, "partPastRate": 0.0, "partPresRate": 0.015151515151515152, "partFutRate": 0.0, "transRate": 0.006493506493506494, "xRate": 0.010822510822510822, "advRate": 0.1038961038961039, "properNounRate": 0.0, "numRate": 0.004329004329004329, "conjRate": 0.10822510822510822, "punctRate": 0.16017316017316016, "pronRate": 0.07575757575757576, "relPronRate": 0.012987012987012988, "demPronRate": 0.032467532467532464, "adposRate": 0.004329004329004329, "multiplePunctRate": 0.0, "partsDensityRate": 3.5384615384615383, "contentfulness": 9.2, "phraseRate": 0.0, "pastTenseNum": 3, "presentTenseNum": 42, "condNum": 0, "impNum": 3, "freqNum": 0, "causNum": 0, "modalNum": 0, "sg1VerbNum": 48, "sg2VerbNum": 48, "sg3VerbNum": 48, "pl1VerbNum": 48, "pl2VerbNum": 48, "pl3VerbNum": 48, "superlatNum": 1, "comparatNum": 0, "specDerivSuffixNum": 0, "pluralNounNum": 27, "pastTenseRate": 0.0625, "presentTenseRate": 0.875, "condRate": 0.0, "impRate": 0.0625, "freqRate": 0.0, "causRate": 0.0, "modalRate": 0.0, "sg1VerbRate": 1.0, "sg2VerbRate": 1.0, "sg3VerbRate": 1.0, "pl1VerbRate": 1.0, "pl2VerbRate": 1.0, "pl3VerbRate": 1.0, "superlatRate": 0.02564102564102564, "comparatRate": 0.0, "specDerivSuffixRate": 0.0, "pluralNounRate": 0.28421052631578947, "subjNum": 32, "objNum": 17, "attNum": 24, "subordNum": 17, "adverbNum": 54, "coordNum": 26, "clauseNum": 65, "simpleNum": 7, "complexNum": 18, "complexity1Num": 7, "complexity2Num": 6, "complexity3Num": 3, "compoundNum": 0, "subjRate": 0.06926406926406926, "objRate": 0.0367965367965368, "attRate": 0.05194805194805195, "subordRate": 0.0367965367965368, "adverbRate": 0.11688311688311688, "coordRate": 0.05627705627705628, "partsRate": 2.353846153846154, "clauseRate": 2.6, "simpleRate": 0.28, "complexRate": 0.72, "complexity1Rate": 0.28, "complexity2Rate": 0.24, "complexity3Rate": 0.12, "complexClauseRate": 3.2222222222222223, "sentencesPerParagraph": 5.0, "wordsLengthRate": 5.81701030927835, "compoundRate": 0.0, "positiveNum": 0, "negativeNum": 0, "precoPositiveNum": 0, "precoNegativeNum": 0, "negemoNum": 0, "negationNum": 6, "functionNum": 232, "contentNum": 230, "vulgarNum": 0, "racistNum": 0, "specStyleNum": 0, "addressingNum": 0, "closingNum": 0, "postscriptNum": 0, "brutalNum": 0, "positiveRate": 0.0, "negativeRate": 0.0, "precoPositiveRate": 0.0, "precoNegativeRate": 0.0, "negemoRate": 0.0, "negationRate": 0.012987012987012988, "functionRate": 0.5021645021645021, "contentRate": 0.49783549783549785, "vulgarRate": 0.0, "racistRate": 0.0, "specStyleRate": 0.0, "addressingRate": 0.0, "closingRate": 0.0, "postscriptRate": 0.0, "brutalRate": 0.0, "epistemicNum": 0, "investNum": 0, "conditionNum": 0, "weaselNum": 0, "peacockNum": 0, "hedgeNum": 0, "doxasticNum": 0, "epistemicRate": 0.0, "investRate": 0.0, "conditionRate": 0.0, "weaselRate": 0.0, "peacockRate": 0.0, "hedgeRate": 0.0, "doxasticRate": 0.0, "loveNum": 0, "anxietyNum": 0, "sorrowNum": 0, "joyNum": 0, "disgustNum": 0, "fearNum": 0, "surpriseNum": 0, "angerNum": 0, "loveRate": 0.0, "anxietyRate": 0.0, "sorrowRate": 0.0, "joyRate": 0.0, "disgustRate": 0.0, "fearRate": 0.0, "surpriseRate": 0.0, "angerRate": 0.0, "slangBeGeneralNum": 0, "slangBeCigaretteNum": 0, "slangBeHumanNum": 0, "slangBeVehicleNum": 0, "slangBeDrugNum": 0, "slangBvNum": 0, "slangBeGeneralRate": 0.0, "slangBeCigaretteRate": 0.0, "slangBeHumanRate": 0.0, "slangBeVehicleRate": 0.0, "slangBeDrugRate": 0.0, "slangBvRate": 0.0, "speechactNum": 0, "quoteNum": 1, "dashNum": 0, "publicNum": 0, "privateNum": 0, "suasiveNum": 0, "discMarkerNum": 0, "smileyNum": 0, "dateNum": 0, "hesitationNum": 0, "restartNum": 1, "repeatNum": 1, "conjBeforeDiscNum": 0, "conjAfterDiscNum": 0, "wordBeforeHesitationNum": 0, "wordAfterHesitationNum": 0, "otherCollocationNum": 0, "speechactRate": 0.0, "quoteRate": 0.0021645021645021645, "dashRate": 0.0, "publicRate": 0.0, "privateRate": 0.0, "suasiveRate": 0.0, "discMarkerRate": 0.0, "smileyRate": 0.0, "dateRate": 0.0, "hesitationRate": 0.0, "restartRate": 0.0021645021645021645, "repeatRate": 0.0021645021645021645, "conjBeforeDiscRate": 0.0, "conjAfterDiscRate": 0.0, "wordBeforeHesitationRate": 0.0, "wordAfterHesitationRate": 0.0, "otherCollocationRate": 0.0, "easyWordNum": 427, "hardWordNum": 35, "easyWordRate": 0.9242424242424242, "hardWordRate": 0.07575757575757576, "fleschReadingEaseScore": 51.65572207792212, "gunningFogIndex": 7.422303030303031, "fleschKincaidGradeLevel": 10.64533852813853, "colemanLiauIndex": 13.790075757575753, "smogIndex": 9.2995712137729, "automatedReadabilityIndex": 11.472142857142856, "linsearWriteIndex": 1.2813852813852815, "author": "", "locationNameNum": 0, "locationNameRate": 0.0, "personNameNum": 0, "personNameRate": 0.0, "organizationNameNum": 0, "organizationNameRate": 0.0, "misspelledNum": 0, "misspelledRate": 0.0, "missingAccentNum": 0, "missingAccentRate": 0.0, "foreignAccentNum": 0, "foreignAccentRate": 0.0, "wordConcatNum": 0, "wordConcatRate": 0.0, "jLyMistakeNum": 0, "jLyMistakeRate": 0.0, "publicVNum": 0, "freqSuffixNum": 0, "partsNum": 153, "clauseWordNum": 65, "privateVNum": 0}