{"tokenNum": 470, "sentenceNum": 21, "lemmaNum": 213, "lemmaRate": 0.4531914893617021, "sentenceLength": 22.38095238095238, "allUpperNum": 0, "firstUpperNum": 21, "allUpperRate": 0.0, "firstUpperRate": 0.04468085106382979, "declarSentNum": 20, "imperSentNum": 0, "questionNum": 1, "declarSentRate": 0.9523809523809523, "imperSentRate": 0.0, "questionRate": 0.047619047619047616, "accent": true, "saturation": 2.84, "paragraphNum": 6, "nounNum": 81, "verbNum": 75, "adjNum": 51, "infNum": 13, "partPastNum": 3, "partPresNum": 0, "partFutNum": 0, "transNum": 1, "xNum": 7, "advNum": 35, "properNounNum": 0, "numNum": 0, "conjNum": 50, "punctNum": 75, "pronNum": 37, "relPronNum": 10, "demPronNum": 28, "adposNum": 2, "multiplePunctNum": 1, "phraseNum": 0, "nounRate": 0.1723404255319149, "verbRate": 0.1595744680851064, "adjRate": 0.10851063829787234, "infRate": 0.027659574468085105, "partPastRate": 0.006382978723404255, "partPresRate": 0.0, "partFutRate": 0.0, "transRate": 0.002127659574468085, "xRate": 0.014893617021276596, "advRate": 0.07446808510638298, "properNounRate": 0.0, "numRate": 0.0, "conjRate": 0.10638297872340426, "punctRate": 0.1595744680851064, "pronRate": 0.07872340425531915, "relPronRate": 0.02127659574468085, "demPronRate": 0.059574468085106386, "adposRate": 0.00425531914893617, "multiplePunctRate": 0.013333333333333334, "partsDensityRate": 3.2266666666666666, "contentfulness": 11.523809523809524, "phraseRate": 0.0, "pastTenseNum": 7, "presentTenseNum": 56, "condNum": 4, "impNum": 6, "freqNum": 0, "causNum": 0, "modalNum": 3, "sg1VerbNum": 75, "sg2VerbNum": 75, "sg3VerbNum": 75, "pl1VerbNum": 75, "pl2VerbNum": 75, "pl3VerbNum": 75, "superlatNum": 2, "comparatNum": 3, "specDerivSuffixNum": 0, "pluralNounNum": 13, "pastTenseRate": 0.09333333333333334, "presentTenseRate": 0.7466666666666667, "condRate": 0.05333333333333334, "impRate": 0.08, "freqRate": 0.0, "causRate": 0.0, "modalRate": 0.04, "sg1VerbRate": 1.0, "sg2VerbRate": 1.0, "sg3VerbRate": 1.0, "pl1VerbRate": 1.0, "pl2VerbRate": 1.0, "pl3VerbRate": 1.0, "superlatRate": 0.0392156862745098, "comparatRate": 0.058823529411764705, "specDerivSuffixRate": 0.0, "pluralNounRate": 0.16049382716049382, "subjNum": 31, "objNum": 26, "attNum": 26, "subordNum": 33, "adverbNum": 51, "coordNum": 29, "clauseNum": 75, "simpleNum": 2, "complexNum": 19, "complexity1Num": 5, "complexity2Num": 3, "complexity3Num": 5, "compoundNum": 0, "subjRate": 0.06595744680851064, "objRate": 0.05531914893617021, "attRate": 0.05531914893617021, "subordRate": 0.07021276595744681, "adverbRate": 0.10851063829787234, "coordRate": 0.06170212765957447, "partsRate": 2.1733333333333333, "clauseRate": 3.5714285714285716, "simpleRate": 0.09523809523809523, "complexRate": 0.9047619047619048, "complexity1Rate": 0.23809523809523808, "complexity2Rate": 0.14285714285714285, "complexity3Rate": 0.23809523809523808, "complexClauseRate": 3.8421052631578947, "sentencesPerParagraph": 3.5, "wordsLengthRate": 5.9113924050632916, "compoundRate": 0.0, "positiveNum": 0, "negativeNum": 0, "precoPositiveNum": 0, "precoNegativeNum": 0, "negemoNum": 0, "negationNum": 3, "functionNum": 228, "contentNum": 242, "vulgarNum": 0, "racistNum": 0, "specStyleNum": 0, "addressingNum": 0, "closingNum": 0, "postscriptNum": 0, "brutalNum": 0, "positiveRate": 0.0, "negativeRate": 0.0, "precoPositiveRate": 0.0, "precoNegativeRate": 0.0, "negemoRate": 0.0, "negationRate": 0.006382978723404255, "functionRate": 0.4851063829787234, "contentRate": 0.5148936170212766, "vulgarRate": 0.0, "racistRate": 0.0, "specStyleRate": 0.0, "addressingRate": 0.0, "closingRate": 0.0, "postscriptRate": 0.0, "brutalRate": 0.0, "epistemicNum": 0, "investNum": 0, "conditionNum": 0, "weaselNum": 0, "peacockNum": 0, "hedgeNum": 0, "doxasticNum": 0, "epistemicRate": 0.0, "investRate": 0.0, "conditionRate": 0.0, "weaselRate": 0.0, "peacockRate": 0.0, "hedgeRate": 0.0, "doxasticRate": 0.0, "loveNum": 0, "anxietyNum": 0, "sorrowNum": 0, "joyNum": 0, "disgustNum": 0, "fearNum": 0, "surpriseNum": 0, "angerNum": 0, "loveRate": 0.0, "anxietyRate": 0.0, "sorrowRate": 0.0, "joyRate": 0.0, "disgustRate": 0.0, "fearRate": 0.0, "surpriseRate": 0.0, "angerRate": 0.0, "slangBeGeneralNum": 0, "slangBeCigaretteNum": 0, "slangBeHumanNum": 0, "slangBeVehicleNum": 0, "slangBeDrugNum": 0, "slangBvNum": 0, "slangBeGeneralRate": 0.0, "slangBeCigaretteRate": 0.0, "slangBeHumanRate": 0.0, "slangBeVehicleRate": 0.0, "slangBeDrugRate": 0.0, "slangBvRate": 0.0, "speechactNum": 0, "quoteNum": 0, "dashNum": 0, "publicNum": 0, "privateNum": 0, "suasiveNum": 0, "discMarkerNum": 0, "smileyNum": 0, "dateNum": 0, "hesitationNum": 0, "restartNum": 0, "repeatNum": 1, "conjBeforeDiscNum": 0, "conjAfterDiscNum": 0, "wordBeforeHesitationNum": 0, "wordAfterHesitationNum": 0, "otherCollocationNum": 0, "speechactRate": 0.0, "quoteRate": 0.0, "dashRate": 0.0, "publicRate": 0.0, "privateRate": 0.0, "suasiveRate": 0.0, "discMarkerRate": 0.0, "smileyRate": 0.0, "dateRate": 0.0, "hesitationRate": 0.0, "restartRate": 0.0, "repeatRate": 0.002127659574468085, "conjBeforeDiscRate": 0.0, "conjAfterDiscRate": 0.0, "wordBeforeHesitationRate": 0.0, "wordAfterHesitationRate": 0.0, "otherCollocationRate": 0.0, "easyWordNum": 419, "hardWordNum": 51, "easyWordRate": 0.8914893617021277, "hardWordRate": 0.10851063829787234, "fleschReadingEaseScore": 42.99833333333336, "gunningFogIndex": 8.994934143870314, "fleschKincaidGradeLevel": 12.821975683890578, "colemanLiauIndex": 14.263929787234037, "smogIndex": 10.577609850970193, "automatedReadabilityIndex": 13.801518743667678, "linsearWriteIndex": 1.8622087132725431, "author": "", "locationNameNum": 0, "locationNameRate": 0.0, "personNameNum": 0, "personNameRate": 0.0, "organizationNameNum": 0, "organizationNameRate": 0.0, "misspelledNum": 1, "misspelledRate": 0.002127659574468085, "missingAccentNum": 0, "missingAccentRate": 0.0, "foreignAccentNum": 0, "foreignAccentRate": 0.0, "wordConcatNum": 0, "wordConcatRate": 0.0, "jLyMistakeNum": 0, "jLyMistakeRate": 0.0, "publicVNum": 0, "freqSuffixNum": 0, "partsNum": 163, "clauseWordNum": 75, "privateVNum": 0}