{"tokenNum": 384, "sentenceNum": 15, "lemmaNum": 195, "lemmaRate": 0.5078125, "sentenceLength": 25.6, "allUpperNum": 0, "firstUpperNum": 18, "allUpperRate": 0.0, "firstUpperRate": 0.046875, "declarSentNum": 15, "imperSentNum": 0, "questionNum": 0, "declarSentRate": 1.0, "imperSentRate": 0.0, "questionRate": 0.0, "accent": true, "saturation": 4.431818181818182, "paragraphNum": 5, "nounNum": 89, "verbNum": 37, "adjNum": 54, "infNum": 6, "partPastNum": 3, "partPresNum": 3, "partFutNum": 0, "transNum": 3, "xNum": 5, "advNum": 28, "properNounNum": 3, "numNum": 1, "conjNum": 34, "punctNum": 60, "pronNum": 24, "relPronNum": 5, "demPronNum": 22, "adposNum": 4, "multiplePunctNum": 0, "phraseNum": 0, "nounRate": 0.23177083333333334, "verbRate": 0.09635416666666667, "adjRate": 0.140625, "infRate": 0.015625, "partPastRate": 0.0078125, "partPresRate": 0.0078125, "partFutRate": 0.0, "transRate": 0.0078125, "xRate": 0.013020833333333334, "advRate": 0.07291666666666667, "properNounRate": 0.0078125, "numRate": 0.0026041666666666665, "conjRate": 0.08854166666666667, "punctRate": 0.15625, "pronRate": 0.0625, "relPronRate": 0.013020833333333334, "demPronRate": 0.057291666666666664, "adposRate": 0.010416666666666666, "multiplePunctRate": 0.0, "partsDensityRate": 4.7272727272727275, "contentfulness": 13.866666666666667, "phraseRate": 0.0, "pastTenseNum": 0, "presentTenseNum": 31, "condNum": 2, "impNum": 4, "freqNum": 0, "causNum": 0, "modalNum": 2, "sg1VerbNum": 37, "sg2VerbNum": 37, "sg3VerbNum": 37, "pl1VerbNum": 37, "pl2VerbNum": 37, "pl3VerbNum": 37, "superlatNum": 1, "comparatNum": 0, "specDerivSuffixNum": 0, "pluralNounNum": 19, "pastTenseRate": 0.0, "presentTenseRate": 0.8378378378378378, "condRate": 0.05405405405405406, "impRate": 0.10810810810810811, "freqRate": 0.0, "causRate": 0.0, "modalRate": 0.05405405405405406, "sg1VerbRate": 1.0, "sg2VerbRate": 1.0, "sg3VerbRate": 1.0, "pl1VerbRate": 1.0, "pl2VerbRate": 1.0, "pl3VerbRate": 1.0, "superlatRate": 0.018518518518518517, "comparatRate": 0.0, "specDerivSuffixRate": 0.0, "pluralNounRate": 0.21348314606741572, "subjNum": 21, "objNum": 20, "attNum": 37, "subordNum": 20, "adverbNum": 38, "coordNum": 18, "clauseNum": 44, "simpleNum": 1, "complexNum": 14, "complexity1Num": 6, "complexity2Num": 4, "complexity3Num": 2, "compoundNum": 0, "subjRate": 0.0546875, "objRate": 0.052083333333333336, "attRate": 0.09635416666666667, "subordRate": 0.052083333333333336, "adverbRate": 0.09895833333333333, "coordRate": 0.046875, "partsRate": 3.0454545454545454, "clauseRate": 2.933333333333333, "simpleRate": 0.06666666666666667, "complexRate": 0.9333333333333333, "complexity1Rate": 0.4, "complexity2Rate": 0.26666666666666666, "complexity3Rate": 0.13333333333333333, "complexClauseRate": 3.0714285714285716, "sentencesPerParagraph": 3.0, "wordsLengthRate": 6.518518518518518, "compoundRate": 0.0, "positiveNum": 0, "negativeNum": 0, "precoPositiveNum": 0, "precoNegativeNum": 0, "negemoNum": 0, "negationNum": 4, "functionNum": 176, "contentNum": 208, "vulgarNum": 0, "racistNum": 0, "specStyleNum": 0, "addressingNum": 0, "closingNum": 0, "postscriptNum": 0, "brutalNum": 0, "positiveRate": 0.0, "negativeRate": 0.0, "precoPositiveRate": 0.0, "precoNegativeRate": 0.0, "negemoRate": 0.0, "negationRate": 0.010416666666666666, "functionRate": 0.4583333333333333, "contentRate": 0.5416666666666666, "vulgarRate": 0.0, "racistRate": 0.0, "specStyleRate": 0.0, "addressingRate": 0.0, "closingRate": 0.0, "postscriptRate": 0.0, "brutalRate": 0.0, "epistemicNum": 0, "investNum": 0, "conditionNum": 0, "weaselNum": 0, "peacockNum": 0, "hedgeNum": 0, "doxasticNum": 0, "epistemicRate": 0.0, "investRate": 0.0, "conditionRate": 0.0, "weaselRate": 0.0, "peacockRate": 0.0, "hedgeRate": 0.0, "doxasticRate": 0.0, "loveNum": 0, "anxietyNum": 0, "sorrowNum": 0, "joyNum": 0, "disgustNum": 0, "fearNum": 0, "surpriseNum": 0, "angerNum": 0, "loveRate": 0.0, "anxietyRate": 0.0, "sorrowRate": 0.0, "joyRate": 0.0, "disgustRate": 0.0, "fearRate": 0.0, "surpriseRate": 0.0, "angerRate": 0.0, "slangBeGeneralNum": 0, "slangBeCigaretteNum": 0, "slangBeHumanNum": 0, "slangBeVehicleNum": 0, "slangBeDrugNum": 0, "slangBvNum": 0, "slangBeGeneralRate": 0.0, "slangBeCigaretteRate": 0.0, "slangBeHumanRate": 0.0, "slangBeVehicleRate": 0.0, "slangBeDrugRate": 0.0, "slangBvRate": 0.0, "speechactNum": 0, "quoteNum": 1, "dashNum": 0, "publicNum": 0, "privateNum": 0, "suasiveNum": 0, "discMarkerNum": 0, "smileyNum": 0, "dateNum": 0, "hesitationNum": 0, "restartNum": 0, "repeatNum": 0, "conjBeforeDiscNum": 0, "conjAfterDiscNum": 0, "wordBeforeHesitationNum": 0, "wordAfterHesitationNum": 0, "otherCollocationNum": 0, "speechactRate": 0.0, "quoteRate": 0.0026041666666666665, "dashRate": 0.0, "publicRate": 0.0, "privateRate": 0.0, "suasiveRate": 0.0, "discMarkerRate": 0.0, "smileyRate": 0.0, "dateRate": 0.0, "hesitationRate": 0.0, "restartRate": 0.0, "repeatRate": 0.0, "conjBeforeDiscRate": 0.0, "conjAfterDiscRate": 0.0, "wordBeforeHesitationRate": 0.0, "wordAfterHesitationRate": 0.0, "otherCollocationRate": 0.0, "easyWordNum": 320, "hardWordNum": 64, "easyWordRate": 0.8333333333333334, "hardWordRate": 0.16666666666666666, "fleschReadingEaseScore": 18.700999999999993, "gunningFogIndex": 10.306666666666668, "fleschKincaidGradeLevel": 17.01066666666667, "colemanLiauIndex": 17.36180989583333, "smogIndex": 11.473099999999999, "automatedReadabilityIndex": 17.88828125, "linsearWriteIndex": 3.401041666666667, "author": "", "locationNameNum": 0, "locationNameRate": 0.0, "personNameNum": 0, "personNameRate": 0.0, "organizationNameNum": 0, "organizationNameRate": 0.0, "misspelledNum": 1, "misspelledRate": 0.0026041666666666665, "missingAccentNum": 0, "missingAccentRate": 0.0, "foreignAccentNum": 0, "foreignAccentRate": 0.0, "wordConcatNum": 0, "wordConcatRate": 0.0, "jLyMistakeNum": 0, "jLyMistakeRate": 0.0, "publicVNum": 0, "freqSuffixNum": 0, "partsNum": 134, "clauseWordNum": 44, "privateVNum": 0}