{"tokenNum": 475, "sentenceNum": 23, "lemmaNum": 228, "lemmaRate": 0.48, "sentenceLength": 20.652173913043477, "allUpperNum": 5, "firstUpperNum": 32, "allUpperRate": 0.010526315789473684, "firstUpperRate": 0.06736842105263158, "declarSentNum": 23, "imperSentNum": 0, "questionNum": 0, "declarSentRate": 1.0, "imperSentRate": 0.0, "questionRate": 0.0, "accent": true, "saturation": 3.4545454545454546, "paragraphNum": 6, "nounNum": 91, "verbNum": 61, "adjNum": 65, "infNum": 8, "partPastNum": 0, "partPresNum": 1, "partFutNum": 0, "transNum": 1, "xNum": 7, "advNum": 40, "properNounNum": 9, "numNum": 2, "conjNum": 44, "punctNum": 74, "pronNum": 24, "relPronNum": 6, "demPronNum": 16, "adposNum": 5, "multiplePunctNum": 1, "phraseNum": 0, "nounRate": 0.19157894736842104, "verbRate": 0.12842105263157894, "adjRate": 0.1368421052631579, "infRate": 0.016842105263157894, "partPastRate": 0.0, "partPresRate": 0.002105263157894737, "partFutRate": 0.0, "transRate": 0.002105263157894737, "xRate": 0.014736842105263158, "advRate": 0.08421052631578947, "properNounRate": 0.018947368421052633, "numRate": 0.004210526315789474, "conjRate": 0.09263157894736843, "punctRate": 0.15578947368421053, "pronRate": 0.05052631578947368, "relPronRate": 0.01263157894736842, "demPronRate": 0.03368421052631579, "adposRate": 0.010526315789473684, "multiplePunctRate": 0.013513513513513514, "partsDensityRate": 3.893939393939394, "contentfulness": 11.173913043478262, "phraseRate": 0.0, "pastTenseNum": 2, "presentTenseNum": 51, "condNum": 4, "impNum": 10, "freqNum": 0, "causNum": 0, "modalNum": 2, "sg1VerbNum": 61, "sg2VerbNum": 61, "sg3VerbNum": 61, "pl1VerbNum": 61, "pl2VerbNum": 61, "pl3VerbNum": 61, "superlatNum": 4, "comparatNum": 1, "specDerivSuffixNum": 0, "pluralNounNum": 24, "pastTenseRate": 0.03278688524590164, "presentTenseRate": 0.8360655737704918, "condRate": 0.06557377049180328, "impRate": 0.16393442622950818, "freqRate": 0.0, "causRate": 0.0, "modalRate": 0.03278688524590164, "sg1VerbRate": 1.0, "sg2VerbRate": 1.0, "sg3VerbRate": 1.0, "pl1VerbRate": 1.0, "pl2VerbRate": 1.0, "pl3VerbRate": 1.0, "superlatRate": 0.06153846153846154, "comparatRate": 0.015384615384615385, "specDerivSuffixRate": 0.0, "pluralNounRate": 0.26373626373626374, "subjNum": 22, "objNum": 24, "attNum": 38, "subordNum": 20, "adverbNum": 56, "coordNum": 25, "clauseNum": 66, "simpleNum": 3, "complexNum": 20, "complexity1Num": 7, "complexity2Num": 6, "complexity3Num": 4, "compoundNum": 0, "subjRate": 0.04631578947368421, "objRate": 0.05052631578947368, "attRate": 0.08, "subordRate": 0.042105263157894736, "adverbRate": 0.11789473684210526, "coordRate": 0.05263157894736842, "partsRate": 2.5, "clauseRate": 2.869565217391304, "simpleRate": 0.13043478260869565, "complexRate": 0.8695652173913043, "complexity1Rate": 0.30434782608695654, "complexity2Rate": 0.2608695652173913, "complexity3Rate": 0.17391304347826086, "complexClauseRate": 3.15, "sentencesPerParagraph": 3.8333333333333335, "wordsLengthRate": 5.950124688279302, "compoundRate": 0.0, "positiveNum": 0, "negativeNum": 0, "precoPositiveNum": 0, "precoNegativeNum": 0, "negemoNum": 0, "negationNum": 7, "functionNum": 218, "contentNum": 257, "vulgarNum": 0, "racistNum": 0, "specStyleNum": 0, "addressingNum": 0, "closingNum": 0, "postscriptNum": 0, "brutalNum": 0, "positiveRate": 0.0, "negativeRate": 0.0, "precoPositiveRate": 0.0, "precoNegativeRate": 0.0, "negemoRate": 0.0, "negationRate": 0.014736842105263158, "functionRate": 0.4589473684210526, "contentRate": 0.5410526315789473, "vulgarRate": 0.0, "racistRate": 0.0, "specStyleRate": 0.0, "addressingRate": 0.0, "closingRate": 0.0, "postscriptRate": 0.0, "brutalRate": 0.0, "epistemicNum": 0, "investNum": 0, "conditionNum": 0, "weaselNum": 0, "peacockNum": 0, "hedgeNum": 0, "doxasticNum": 0, "epistemicRate": 0.0, "investRate": 0.0, "conditionRate": 0.0, "weaselRate": 0.0, "peacockRate": 0.0, "hedgeRate": 0.0, "doxasticRate": 0.0, "loveNum": 0, "anxietyNum": 0, "sorrowNum": 0, "joyNum": 0, "disgustNum": 0, "fearNum": 0, "surpriseNum": 0, "angerNum": 0, "loveRate": 0.0, "anxietyRate": 0.0, "sorrowRate": 0.0, "joyRate": 0.0, "disgustRate": 0.0, "fearRate": 0.0, "surpriseRate": 0.0, "angerRate": 0.0, "slangBeGeneralNum": 0, "slangBeCigaretteNum": 0, "slangBeHumanNum": 0, "slangBeVehicleNum": 0, "slangBeDrugNum": 0, "slangBvNum": 0, "slangBeGeneralRate": 0.0, "slangBeCigaretteRate": 0.0, "slangBeHumanRate": 0.0, "slangBeVehicleRate": 0.0, "slangBeDrugRate": 0.0, "slangBvRate": 0.0, "speechactNum": 0, "quoteNum": 1, "dashNum": 0, "publicNum": 0, "privateNum": 0, "suasiveNum": 0, "discMarkerNum": 0, "smileyNum": 0, "dateNum": 0, "hesitationNum": 0, "restartNum": 0, "repeatNum": 0, "conjBeforeDiscNum": 0, "conjAfterDiscNum": 0, "wordBeforeHesitationNum": 0, "wordAfterHesitationNum": 0, "otherCollocationNum": 0, "speechactRate": 0.0, "quoteRate": 0.002105263157894737, "dashRate": 0.0, "publicRate": 0.0, "privateRate": 0.0, "suasiveRate": 0.0, "discMarkerRate": 0.0, "smileyRate": 0.0, "dateRate": 0.0, "hesitationRate": 0.0, "restartRate": 0.0, "repeatRate": 0.0, "conjBeforeDiscRate": 0.0, "conjAfterDiscRate": 0.0, "wordBeforeHesitationRate": 0.0, "wordAfterHesitationRate": 0.0, "otherCollocationRate": 0.0, "easyWordNum": 415, "hardWordNum": 60, "easyWordRate": 0.8736842105263158, "hardWordRate": 0.12631578947368421, "fleschReadingEaseScore": 41.42967505720824, "gunningFogIndex": 8.310553775743706, "fleschKincaidGradeLevel": 12.611295194508013, "colemanLiauIndex": 14.741054736842106, "smogIndex": 11.20814326018867, "automatedReadabilityIndex": 13.318676430205947, "linsearWriteIndex": 1.6956521739130435, "author": "", "locationNameNum": 0, "locationNameRate": 0.0, "personNameNum": 0, "personNameRate": 0.0, "organizationNameNum": 0, "organizationNameRate": 0.0, "misspelledNum": 8, "misspelledRate": 0.016842105263157894, "missingAccentNum": 2, "missingAccentRate": 0.004210526315789474, "foreignAccentNum": 0, "foreignAccentRate": 0.0, "wordConcatNum": 1, "wordConcatRate": 0.002105263157894737, "jLyMistakeNum": 0, "jLyMistakeRate": 0.0, "publicVNum": 0, "freqSuffixNum": 0, "partsNum": 165, "clauseWordNum": 66, "privateVNum": 0}