{"tokenNum": 403, "sentenceNum": 18, "lemmaNum": 196, "lemmaRate": 0.48635235732009924, "sentenceLength": 22.38888888888889, "allUpperNum": 0, "firstUpperNum": 18, "allUpperRate": 0.0, "firstUpperRate": 0.04466501240694789, "declarSentNum": 17, "imperSentNum": 1, "questionNum": 0, "declarSentRate": 0.9444444444444444, "imperSentRate": 0.05555555555555555, "questionRate": 0.0, "accent": true, "saturation": 3.43859649122807, "paragraphNum": 3, "nounNum": 65, "verbNum": 49, "adjNum": 50, "infNum": 7, "partPastNum": 4, "partPresNum": 6, "partFutNum": 0, "transNum": 0, "xNum": 3, "advNum": 39, "properNounNum": 0, "numNum": 1, "conjNum": 36, "punctNum": 77, "pronNum": 34, "relPronNum": 11, "demPronNum": 20, "adposNum": 0, "multiplePunctNum": 0, "phraseNum": 0, "nounRate": 0.16129032258064516, "verbRate": 0.12158808933002481, "adjRate": 0.12406947890818859, "infRate": 0.017369727047146403, "partPastRate": 0.009925558312655087, "partPresRate": 0.01488833746898263, "partFutRate": 0.0, "transRate": 0.0, "xRate": 0.007444168734491315, "advRate": 0.0967741935483871, "properNounRate": 0.0, "numRate": 0.0024813895781637717, "conjRate": 0.08933002481389578, "punctRate": 0.19106699751861042, "pronRate": 0.08436724565756824, "relPronRate": 0.02729528535980149, "demPronRate": 0.04962779156327544, "adposRate": 0.0, "multiplePunctRate": 0.0, "partsDensityRate": 3.56140350877193, "contentfulness": 11.277777777777779, "phraseRate": 0.0, "pastTenseNum": 2, "presentTenseNum": 40, "condNum": 3, "impNum": 4, "freqNum": 0, "causNum": 0, "modalNum": 0, "sg1VerbNum": 49, "sg2VerbNum": 49, "sg3VerbNum": 49, "pl1VerbNum": 49, "pl2VerbNum": 49, "pl3VerbNum": 49, "superlatNum": 1, "comparatNum": 0, "specDerivSuffixNum": 0, "pluralNounNum": 17, "pastTenseRate": 0.04081632653061224, "presentTenseRate": 0.8163265306122449, "condRate": 0.061224489795918366, "impRate": 0.08163265306122448, "freqRate": 0.0, "causRate": 0.0, "modalRate": 0.0, "sg1VerbRate": 1.0, "sg2VerbRate": 1.0, "sg3VerbRate": 1.0, "pl1VerbRate": 1.0, "pl2VerbRate": 1.0, "pl3VerbRate": 1.0, "superlatRate": 0.02, "comparatRate": 0.0, "specDerivSuffixRate": 0.0, "pluralNounRate": 0.26153846153846155, "subjNum": 28, "objNum": 16, "attNum": 29, "subordNum": 22, "adverbNum": 50, "coordNum": 31, "clauseNum": 57, "simpleNum": 1, "complexNum": 17, "complexity1Num": 7, "complexity2Num": 3, "complexity3Num": 4, "compoundNum": 0, "subjRate": 0.06947890818858561, "objRate": 0.03970223325062035, "attRate": 0.07196029776674938, "subordRate": 0.05459057071960298, "adverbRate": 0.12406947890818859, "coordRate": 0.07692307692307693, "partsRate": 2.7017543859649122, "clauseRate": 3.1666666666666665, "simpleRate": 0.05555555555555555, "complexRate": 0.9444444444444444, "complexity1Rate": 0.3888888888888889, "complexity2Rate": 0.16666666666666666, "complexity3Rate": 0.2222222222222222, "complexClauseRate": 3.2941176470588234, "sentencesPerParagraph": 6.0, "wordsLengthRate": 5.588957055214724, "compoundRate": 0.0, "positiveNum": 0, "negativeNum": 0, "precoPositiveNum": 0, "precoNegativeNum": 0, "negemoNum": 0, "negationNum": 9, "functionNum": 200, "contentNum": 203, "vulgarNum": 0, "racistNum": 0, "specStyleNum": 0, "addressingNum": 0, "closingNum": 0, "postscriptNum": 0, "brutalNum": 0, "positiveRate": 0.0, "negativeRate": 0.0, "precoPositiveRate": 0.0, "precoNegativeRate": 0.0, "negemoRate": 0.0, "negationRate": 0.022332506203473945, "functionRate": 0.49627791563275436, "contentRate": 0.5037220843672456, "vulgarRate": 0.0, "racistRate": 0.0, "specStyleRate": 0.0, "addressingRate": 0.0, "closingRate": 0.0, "postscriptRate": 0.0, "brutalRate": 0.0, "epistemicNum": 0, "investNum": 0, "conditionNum": 0, "weaselNum": 0, "peacockNum": 0, "hedgeNum": 0, "doxasticNum": 0, "epistemicRate": 0.0, "investRate": 0.0, "conditionRate": 0.0, "weaselRate": 0.0, "peacockRate": 0.0, "hedgeRate": 0.0, "doxasticRate": 0.0, "loveNum": 0, "anxietyNum": 0, "sorrowNum": 0, "joyNum": 0, "disgustNum": 0, "fearNum": 0, "surpriseNum": 0, "angerNum": 0, "loveRate": 0.0, "anxietyRate": 0.0, "sorrowRate": 0.0, "joyRate": 0.0, "disgustRate": 0.0, "fearRate": 0.0, "surpriseRate": 0.0, "angerRate": 0.0, "slangBeGeneralNum": 0, "slangBeCigaretteNum": 0, "slangBeHumanNum": 0, "slangBeVehicleNum": 0, "slangBeDrugNum": 0, "slangBvNum": 0, "slangBeGeneralRate": 0.0, "slangBeCigaretteRate": 0.0, "slangBeHumanRate": 0.0, "slangBeVehicleRate": 0.0, "slangBeDrugRate": 0.0, "slangBvRate": 0.0, "speechactNum": 0, "quoteNum": 2, "dashNum": 0, "publicNum": 0, "privateNum": 0, "suasiveNum": 0, "discMarkerNum": 0, "smileyNum": 0, "dateNum": 0, "hesitationNum": 0, "restartNum": 0, "repeatNum": 0, "conjBeforeDiscNum": 0, "conjAfterDiscNum": 0, "wordBeforeHesitationNum": 0, "wordAfterHesitationNum": 0, "otherCollocationNum": 0, "speechactRate": 0.0, "quoteRate": 0.004962779156327543, "dashRate": 0.0, "publicRate": 0.0, "privateRate": 0.0, "suasiveRate": 0.0, "discMarkerRate": 0.0, "smileyRate": 0.0, "dateRate": 0.0, "hesitationRate": 0.0, "restartRate": 0.0, "repeatRate": 0.0, "conjBeforeDiscRate": 0.0, "conjAfterDiscRate": 0.0, "wordBeforeHesitationRate": 0.0, "wordAfterHesitationRate": 0.0, "otherCollocationRate": 0.0, "easyWordNum": 374, "hardWordNum": 29, "easyWordRate": 0.9280397022332506, "hardWordRate": 0.07196029776674938, "fleschReadingEaseScore": 56.895389440308804, "gunningFogIndex": 8.984339674662257, "fleschKincaidGradeLevel": 10.885587262200165, "colemanLiauIndex": 11.866789081885852, "smogIndex": 8.745826893841286, "automatedReadabilityIndex": 11.888588365039979, "linsearWriteIndex": 2.1568789633305765, "author": "", "locationNameNum": 0, "locationNameRate": 0.0, "personNameNum": 0, "personNameRate": 0.0, "organizationNameNum": 0, "organizationNameRate": 0.0, "misspelledNum": 1, "misspelledRate": 0.0024813895781637717, "missingAccentNum": 0, "missingAccentRate": 0.0, "foreignAccentNum": 0, "foreignAccentRate": 0.0, "wordConcatNum": 1, "wordConcatRate": 0.0024813895781637717, "jLyMistakeNum": 0, "jLyMistakeRate": 0.0, "publicVNum": 0, "freqSuffixNum": 0, "partsNum": 154, "clauseWordNum": 57, "privateVNum": 0}