{"tokenNum": 476, "sentenceNum": 28, "lemmaNum": 207, "lemmaRate": 0.43487394957983194, "sentenceLength": 17.0, "allUpperNum": 0, "firstUpperNum": 30, "allUpperRate": 0.0, "firstUpperRate": 0.06302521008403361, "declarSentNum": 27, "imperSentNum": 1, "questionNum": 0, "declarSentRate": 0.9642857142857143, "imperSentRate": 0.03571428571428571, "questionRate": 0.0, "accent": true, "saturation": 2.723684210526316, "paragraphNum": 6, "nounNum": 75, "verbNum": 66, "adjNum": 41, "infNum": 6, "partPastNum": 0, "partPresNum": 2, "partFutNum": 0, "transNum": 0, "xNum": 6, "advNum": 40, "properNounNum": 1, "numNum": 0, "conjNum": 54, "punctNum": 88, "pronNum": 40, "relPronNum": 9, "demPronNum": 21, "adposNum": 3, "multiplePunctNum": 0, "phraseNum": 0, "nounRate": 0.15756302521008403, "verbRate": 0.13865546218487396, "adjRate": 0.0861344537815126, "infRate": 0.012605042016806723, "partPastRate": 0.0, "partPresRate": 0.004201680672268907, "partFutRate": 0.0, "transRate": 0.0, "xRate": 0.012605042016806723, "advRate": 0.08403361344537816, "properNounRate": 0.0021008403361344537, "numRate": 0.0, "conjRate": 0.1134453781512605, "punctRate": 0.18487394957983194, "pronRate": 0.08403361344537816, "relPronRate": 0.018907563025210083, "demPronRate": 0.04411764705882353, "adposRate": 0.0063025210084033615, "multiplePunctRate": 0.0, "partsDensityRate": 2.9210526315789473, "contentfulness": 7.928571428571429, "phraseRate": 0.0, "pastTenseNum": 17, "presentTenseNum": 45, "condNum": 2, "impNum": 6, "freqNum": 0, "causNum": 0, "modalNum": 3, "sg1VerbNum": 66, "sg2VerbNum": 66, "sg3VerbNum": 66, "pl1VerbNum": 66, "pl2VerbNum": 66, "pl3VerbNum": 66, "superlatNum": 5, "comparatNum": 0, "specDerivSuffixNum": 0, "pluralNounNum": 15, "pastTenseRate": 0.25757575757575757, "presentTenseRate": 0.6818181818181818, "condRate": 0.030303030303030304, "impRate": 0.09090909090909091, "freqRate": 0.0, "causRate": 0.0, "modalRate": 0.045454545454545456, "sg1VerbRate": 1.0, "sg2VerbRate": 1.0, "sg3VerbRate": 1.0, "pl1VerbRate": 1.0, "pl2VerbRate": 1.0, "pl3VerbRate": 1.0, "superlatRate": 0.12195121951219512, "comparatRate": 0.0, "specDerivSuffixRate": 0.0, "pluralNounRate": 0.2, "subjNum": 36, "objNum": 15, "attNum": 14, "subordNum": 25, "adverbNum": 51, "coordNum": 30, "clauseNum": 76, "simpleNum": 6, "complexNum": 22, "complexity1Num": 6, "complexity2Num": 10, "complexity3Num": 2, "compoundNum": 0, "subjRate": 0.07563025210084033, "objRate": 0.031512605042016806, "attRate": 0.029411764705882353, "subordRate": 0.052521008403361345, "adverbRate": 0.10714285714285714, "coordRate": 0.06302521008403361, "partsRate": 1.9210526315789473, "clauseRate": 2.7142857142857144, "simpleRate": 0.21428571428571427, "complexRate": 0.7857142857142857, "complexity1Rate": 0.21428571428571427, "complexity2Rate": 0.35714285714285715, "complexity3Rate": 0.07142857142857142, "complexClauseRate": 3.1818181818181817, "sentencesPerParagraph": 4.666666666666667, "wordsLengthRate": 5.737113402061856, "compoundRate": 0.0, "positiveNum": 0, "negativeNum": 0, "precoPositiveNum": 0, "precoNegativeNum": 0, "negemoNum": 0, "negationNum": 6, "functionNum": 254, "contentNum": 222, "vulgarNum": 0, "racistNum": 0, "specStyleNum": 0, "addressingNum": 0, "closingNum": 0, "postscriptNum": 0, "brutalNum": 0, "positiveRate": 0.0, "negativeRate": 0.0, "precoPositiveRate": 0.0, "precoNegativeRate": 0.0, "negemoRate": 0.0, "negationRate": 0.012605042016806723, "functionRate": 0.5336134453781513, "contentRate": 0.46638655462184875, "vulgarRate": 0.0, "racistRate": 0.0, "specStyleRate": 0.0, "addressingRate": 0.0, "closingRate": 0.0, "postscriptRate": 0.0, "brutalRate": 0.0, "epistemicNum": 0, "investNum": 0, "conditionNum": 0, "weaselNum": 0, "peacockNum": 0, "hedgeNum": 0, "doxasticNum": 0, "epistemicRate": 0.0, "investRate": 0.0, "conditionRate": 0.0, "weaselRate": 0.0, "peacockRate": 0.0, "hedgeRate": 0.0, "doxasticRate": 0.0, "loveNum": 0, "anxietyNum": 0, "sorrowNum": 0, "joyNum": 0, "disgustNum": 0, "fearNum": 0, "surpriseNum": 0, "angerNum": 0, "loveRate": 0.0, "anxietyRate": 0.0, "sorrowRate": 0.0, "joyRate": 0.0, "disgustRate": 0.0, "fearRate": 0.0, "surpriseRate": 0.0, "angerRate": 0.0, "slangBeGeneralNum": 0, "slangBeCigaretteNum": 0, "slangBeHumanNum": 0, "slangBeVehicleNum": 0, "slangBeDrugNum": 0, "slangBvNum": 0, "slangBeGeneralRate": 0.0, "slangBeCigaretteRate": 0.0, "slangBeHumanRate": 0.0, "slangBeVehicleRate": 0.0, "slangBeDrugRate": 0.0, "slangBvRate": 0.0, "speechactNum": 0, "quoteNum": 1, "dashNum": 0, "publicNum": 0, "privateNum": 0, "suasiveNum": 0, "discMarkerNum": 0, "smileyNum": 0, "dateNum": 0, "hesitationNum": 0, "restartNum": 0, "repeatNum": 0, "conjBeforeDiscNum": 0, "conjAfterDiscNum": 0, "wordBeforeHesitationNum": 0, "wordAfterHesitationNum": 0, "otherCollocationNum": 0, "speechactRate": 0.0, "quoteRate": 0.0021008403361344537, "dashRate": 0.0, "publicRate": 0.0, "privateRate": 0.0, "suasiveRate": 0.0, "discMarkerRate": 0.0, "smileyRate": 0.0, "dateRate": 0.0, "hesitationRate": 0.0, "restartRate": 0.0, "repeatRate": 0.0, "conjBeforeDiscRate": 0.0, "conjAfterDiscRate": 0.0, "wordBeforeHesitationRate": 0.0, "wordAfterHesitationRate": 0.0, "otherCollocationRate": 0.0, "easyWordNum": 426, "hardWordNum": 50, "easyWordRate": 0.8949579831932774, "hardWordRate": 0.10504201680672269, "fleschReadingEaseScore": 59.48084033613446, "gunningFogIndex": 6.84201680672269, "fleschKincaidGradeLevel": 9.18621848739496, "colemanLiauIndex": 12.684655462184868, "smogIndex": 10.504223727775692, "automatedReadabilityIndex": 9.848193277310923, "linsearWriteIndex": 1.138355342136855, "author": "", "locationNameNum": 0, "locationNameRate": 0.0, "personNameNum": 1, "personNameRate": 0.0021008403361344537, "organizationNameNum": 0, "organizationNameRate": 0.0, "misspelledNum": 2, "misspelledRate": 0.004201680672268907, "missingAccentNum": 1, "missingAccentRate": 0.0021008403361344537, "foreignAccentNum": 0, "foreignAccentRate": 0.0, "wordConcatNum": 0, "wordConcatRate": 0.0, "jLyMistakeNum": 0, "jLyMistakeRate": 0.0, "publicVNum": 0, "freqSuffixNum": 0, "partsNum": 146, "clauseWordNum": 76, "privateVNum": 0}