{"tokenNum": 562, "sentenceNum": 38, "lemmaNum": 246, "lemmaRate": 0.4377224199288256, "sentenceLength": 14.789473684210526, "allUpperNum": 0, "firstUpperNum": 39, "allUpperRate": 0.0, "firstUpperRate": 0.0693950177935943, "declarSentNum": 35, "imperSentNum": 0, "questionNum": 3, "declarSentRate": 0.9210526315789473, "imperSentRate": 0.0, "questionRate": 0.07894736842105263, "accent": true, "saturation": 2.86046511627907, "paragraphNum": 7, "nounNum": 107, "verbNum": 57, "adjNum": 52, "infNum": 0, "partPastNum": 0, "partPresNum": 4, "partFutNum": 0, "transNum": 1, "xNum": 7, "advNum": 59, "properNounNum": 2, "numNum": 2, "conjNum": 55, "punctNum": 104, "pronNum": 32, "relPronNum": 9, "demPronNum": 22, "adposNum": 2, "multiplePunctNum": 1, "phraseNum": 0, "nounRate": 0.1903914590747331, "verbRate": 0.10142348754448399, "adjRate": 0.09252669039145907, "infRate": 0.0, "partPastRate": 0.0, "partPresRate": 0.0071174377224199285, "partFutRate": 0.0, "transRate": 0.0017793594306049821, "xRate": 0.012455516014234875, "advRate": 0.10498220640569395, "properNounRate": 0.0035587188612099642, "numRate": 0.0035587188612099642, "conjRate": 0.09786476868327403, "punctRate": 0.18505338078291814, "pronRate": 0.05693950177935943, "relPronRate": 0.01601423487544484, "demPronRate": 0.03914590747330961, "adposRate": 0.0035587188612099642, "multiplePunctRate": 0.009615384615384616, "partsDensityRate": 3.197674418604651, "contentfulness": 7.2368421052631575, "phraseRate": 0.0, "pastTenseNum": 3, "presentTenseNum": 54, "condNum": 3, "impNum": 11, "freqNum": 0, "causNum": 0, "modalNum": 3, "sg1VerbNum": 57, "sg2VerbNum": 57, "sg3VerbNum": 57, "pl1VerbNum": 57, "pl2VerbNum": 57, "pl3VerbNum": 57, "superlatNum": 4, "comparatNum": 4, "specDerivSuffixNum": 0, "pluralNounNum": 22, "pastTenseRate": 0.05263157894736842, "presentTenseRate": 0.9473684210526315, "condRate": 0.05263157894736842, "impRate": 0.19298245614035087, "freqRate": 0.0, "causRate": 0.0, "modalRate": 0.05263157894736842, "sg1VerbRate": 1.0, "sg2VerbRate": 1.0, "sg3VerbRate": 1.0, "pl1VerbRate": 1.0, "pl2VerbRate": 1.0, "pl3VerbRate": 1.0, "superlatRate": 0.07692307692307693, "comparatRate": 0.07692307692307693, "specDerivSuffixRate": 0.0, "pluralNounRate": 0.205607476635514, "subjNum": 37, "objNum": 16, "attNum": 32, "subordNum": 22, "adverbNum": 67, "coordNum": 40, "clauseNum": 86, "simpleNum": 12, "complexNum": 26, "complexity1Num": 14, "complexity2Num": 4, "complexity3Num": 6, "compoundNum": 0, "subjRate": 0.06583629893238434, "objRate": 0.028469750889679714, "attRate": 0.05693950177935943, "subordRate": 0.03914590747330961, "adverbRate": 0.11921708185053381, "coordRate": 0.0711743772241993, "partsRate": 2.2325581395348837, "clauseRate": 2.263157894736842, "simpleRate": 0.3157894736842105, "complexRate": 0.6842105263157895, "complexity1Rate": 0.3684210526315789, "complexity2Rate": 0.10526315789473684, "complexity3Rate": 0.15789473684210525, "complexClauseRate": 2.8461538461538463, "sentencesPerParagraph": 5.428571428571429, "wordsLengthRate": 5.11353711790393, "compoundRate": 0.0, "positiveNum": 0, "negativeNum": 0, "precoPositiveNum": 0, "precoNegativeNum": 0, "negemoNum": 0, "negationNum": 13, "functionNum": 287, "contentNum": 275, "vulgarNum": 0, "racistNum": 0, "specStyleNum": 0, "addressingNum": 0, "closingNum": 0, "postscriptNum": 0, "brutalNum": 0, "positiveRate": 0.0, "negativeRate": 0.0, "precoPositiveRate": 0.0, "precoNegativeRate": 0.0, "negemoRate": 0.0, "negationRate": 0.023131672597864767, "functionRate": 0.5106761565836299, "contentRate": 0.4893238434163701, "vulgarRate": 0.0, "racistRate": 0.0, "specStyleRate": 0.0, "addressingRate": 0.0, "closingRate": 0.0, "postscriptRate": 0.0, "brutalRate": 0.0, "epistemicNum": 0, "investNum": 0, "conditionNum": 0, "weaselNum": 0, "peacockNum": 0, "hedgeNum": 0, "doxasticNum": 0, "epistemicRate": 0.0, "investRate": 0.0, "conditionRate": 0.0, "weaselRate": 0.0, "peacockRate": 0.0, "hedgeRate": 0.0, "doxasticRate": 0.0, "loveNum": 0, "anxietyNum": 0, "sorrowNum": 0, "joyNum": 0, "disgustNum": 0, "fearNum": 0, "surpriseNum": 0, "angerNum": 0, "loveRate": 0.0, "anxietyRate": 0.0, "sorrowRate": 0.0, "joyRate": 0.0, "disgustRate": 0.0, "fearRate": 0.0, "surpriseRate": 0.0, "angerRate": 0.0, "slangBeGeneralNum": 0, "slangBeCigaretteNum": 0, "slangBeHumanNum": 0, "slangBeVehicleNum": 0, "slangBeDrugNum": 0, "slangBvNum": 0, "slangBeGeneralRate": 0.0, "slangBeCigaretteRate": 0.0, "slangBeHumanRate": 0.0, "slangBeVehicleRate": 0.0, "slangBeDrugRate": 0.0, "slangBvRate": 0.0, "speechactNum": 0, "quoteNum": 0, "dashNum": 0, "publicNum": 0, "privateNum": 0, "suasiveNum": 0, "discMarkerNum": 0, "smileyNum": 0, "dateNum": 0, "hesitationNum": 0, "restartNum": 0, "repeatNum": 0, "conjBeforeDiscNum": 0, "conjAfterDiscNum": 0, "wordBeforeHesitationNum": 0, "wordAfterHesitationNum": 0, "otherCollocationNum": 0, "speechactRate": 0.0, "quoteRate": 0.0, "dashRate": 0.0, "publicRate": 0.0, "privateRate": 0.0, "suasiveRate": 0.0, "discMarkerRate": 0.0, "smileyRate": 0.0, "dateRate": 0.0, "hesitationRate": 0.0, "restartRate": 0.0, "repeatRate": 0.0, "conjBeforeDiscRate": 0.0, "conjAfterDiscRate": 0.0, "wordBeforeHesitationRate": 0.0, "wordAfterHesitationRate": 0.0, "otherCollocationRate": 0.0, "easyWordNum": 528, "hardWordNum": 34, "easyWordRate": 0.9395017793594306, "hardWordRate": 0.060498220640569395, "fleschReadingEaseScore": 72.45037460198542, "gunningFogIndex": 5.939988761940438, "fleschKincaidGradeLevel": 6.828072672785165, "colemanLiauIndex": 9.709156583629891, "smogIndex": 8.532816995589336, "automatedReadabilityIndex": 6.363562464881063, "linsearWriteIndex": 0.4586064806143473, "author": "", "locationNameNum": 0, "locationNameRate": 0.0, "personNameNum": 1, "personNameRate": 0.0017793594306049821, "organizationNameNum": 0, "organizationNameRate": 0.0, "misspelledNum": 4, "misspelledRate": 0.0071174377224199285, "missingAccentNum": 2, "missingAccentRate": 0.0035587188612099642, "foreignAccentNum": 0, "foreignAccentRate": 0.0, "wordConcatNum": 1, "wordConcatRate": 0.0017793594306049821, "jLyMistakeNum": 0, "jLyMistakeRate": 0.0, "publicVNum": 0, "freqSuffixNum": 0, "partsNum": 192, "clauseWordNum": 86, "privateVNum": 0}