{"tokenNum": 589, "sentenceNum": 35, "lemmaNum": 244, "lemmaRate": 0.4142614601018676, "sentenceLength": 16.82857142857143, "allUpperNum": 0, "firstUpperNum": 36, "allUpperRate": 0.0, "firstUpperRate": 0.06112054329371817, "declarSentNum": 29, "imperSentNum": 4, "questionNum": 2, "declarSentRate": 0.8285714285714286, "imperSentRate": 0.11428571428571428, "questionRate": 0.05714285714285714, "accent": true, "saturation": 2.8705882352941177, "paragraphNum": 5, "nounNum": 118, "verbNum": 66, "adjNum": 55, "infNum": 3, "partPastNum": 2, "partPresNum": 7, "partFutNum": 0, "transNum": 2, "xNum": 5, "advNum": 50, "properNounNum": 1, "numNum": 3, "conjNum": 54, "punctNum": 100, "pronNum": 54, "relPronNum": 19, "demPronNum": 22, "adposNum": 3, "multiplePunctNum": 0, "phraseNum": 0, "nounRate": 0.200339558573854, "verbRate": 0.11205432937181664, "adjRate": 0.0933786078098472, "infRate": 0.0050933786078098476, "partPastRate": 0.003395585738539898, "partPresRate": 0.011884550084889643, "partFutRate": 0.0, "transRate": 0.003395585738539898, "xRate": 0.008488964346349746, "advRate": 0.08488964346349745, "properNounRate": 0.001697792869269949, "numRate": 0.0050933786078098476, "conjRate": 0.09168081494057725, "punctRate": 0.1697792869269949, "pronRate": 0.09168081494057725, "relPronRate": 0.03225806451612903, "demPronRate": 0.03735144312393888, "adposRate": 0.0050933786078098476, "multiplePunctRate": 0.0, "partsDensityRate": 3.4, "contentfulness": 8.257142857142858, "phraseRate": 0.0, "pastTenseNum": 3, "presentTenseNum": 60, "condNum": 1, "impNum": 9, "freqNum": 0, "causNum": 0, "modalNum": 7, "sg1VerbNum": 66, "sg2VerbNum": 66, "sg3VerbNum": 66, "pl1VerbNum": 66, "pl2VerbNum": 66, "pl3VerbNum": 66, "superlatNum": 2, "comparatNum": 5, "specDerivSuffixNum": 0, "pluralNounNum": 14, "pastTenseRate": 0.045454545454545456, "presentTenseRate": 0.9090909090909091, "condRate": 0.015151515151515152, "impRate": 0.13636363636363635, "freqRate": 0.0, "causRate": 0.0, "modalRate": 0.10606060606060606, "sg1VerbRate": 1.0, "sg2VerbRate": 1.0, "sg3VerbRate": 1.0, "pl1VerbRate": 1.0, "pl2VerbRate": 1.0, "pl3VerbRate": 1.0, "superlatRate": 0.03636363636363636, "comparatRate": 0.09090909090909091, "specDerivSuffixRate": 0.0, "pluralNounRate": 0.11864406779661017, "subjNum": 47, "objNum": 28, "attNum": 37, "subordNum": 27, "adverbNum": 61, "coordNum": 39, "clauseNum": 85, "simpleNum": 12, "complexNum": 23, "complexity1Num": 9, "complexity2Num": 6, "complexity3Num": 5, "compoundNum": 0, "subjRate": 0.07979626485568761, "objRate": 0.04753820033955857, "attRate": 0.06281833616298811, "subordRate": 0.04584040747028863, "adverbRate": 0.1035653650254669, "coordRate": 0.06621392190152801, "partsRate": 2.4941176470588236, "clauseRate": 2.4285714285714284, "simpleRate": 0.34285714285714286, "complexRate": 0.6571428571428571, "complexity1Rate": 0.2571428571428571, "complexity2Rate": 0.17142857142857143, "complexity3Rate": 0.14285714285714285, "complexClauseRate": 3.1739130434782608, "sentencesPerParagraph": 7.0, "wordsLengthRate": 5.396728016359918, "compoundRate": 0.0, "positiveNum": 0, "negativeNum": 0, "precoPositiveNum": 0, "precoNegativeNum": 0, "negemoNum": 0, "negationNum": 6, "functionNum": 300, "contentNum": 289, "vulgarNum": 0, "racistNum": 0, "specStyleNum": 0, "addressingNum": 0, "closingNum": 0, "postscriptNum": 0, "brutalNum": 0, "positiveRate": 0.0, "negativeRate": 0.0, "precoPositiveRate": 0.0, "precoNegativeRate": 0.0, "negemoRate": 0.0, "negationRate": 0.010186757215619695, "functionRate": 0.5093378607809848, "contentRate": 0.4906621392190153, "vulgarRate": 0.0, "racistRate": 0.0, "specStyleRate": 0.0, "addressingRate": 0.0, "closingRate": 0.0, "postscriptRate": 0.0, "brutalRate": 0.0, "epistemicNum": 0, "investNum": 0, "conditionNum": 0, "weaselNum": 0, "peacockNum": 0, "hedgeNum": 0, "doxasticNum": 0, "epistemicRate": 0.0, "investRate": 0.0, "conditionRate": 0.0, "weaselRate": 0.0, "peacockRate": 0.0, "hedgeRate": 0.0, "doxasticRate": 0.0, "loveNum": 0, "anxietyNum": 0, "sorrowNum": 0, "joyNum": 0, "disgustNum": 0, "fearNum": 0, "surpriseNum": 0, "angerNum": 0, "loveRate": 0.0, "anxietyRate": 0.0, "sorrowRate": 0.0, "joyRate": 0.0, "disgustRate": 0.0, "fearRate": 0.0, "surpriseRate": 0.0, "angerRate": 0.0, "slangBeGeneralNum": 0, "slangBeCigaretteNum": 0, "slangBeHumanNum": 0, "slangBeVehicleNum": 0, "slangBeDrugNum": 0, "slangBvNum": 0, "slangBeGeneralRate": 0.0, "slangBeCigaretteRate": 0.0, "slangBeHumanRate": 0.0, "slangBeVehicleRate": 0.0, "slangBeDrugRate": 0.0, "slangBvRate": 0.0, "speechactNum": 0, "quoteNum": 1, "dashNum": 0, "publicNum": 0, "privateNum": 0, "suasiveNum": 0, "discMarkerNum": 0, "smileyNum": 0, "dateNum": 0, "hesitationNum": 0, "restartNum": 0, "repeatNum": 0, "conjBeforeDiscNum": 0, "conjAfterDiscNum": 0, "wordBeforeHesitationNum": 0, "wordAfterHesitationNum": 0, "otherCollocationNum": 0, "speechactRate": 0.0, "quoteRate": 0.001697792869269949, "dashRate": 0.0, "publicRate": 0.0, "privateRate": 0.0, "suasiveRate": 0.0, "discMarkerRate": 0.0, "smileyRate": 0.0, "dateRate": 0.0, "hesitationRate": 0.0, "restartRate": 0.0, "repeatRate": 0.0, "conjBeforeDiscRate": 0.0, "conjAfterDiscRate": 0.0, "wordBeforeHesitationRate": 0.0, "wordAfterHesitationRate": 0.0, "otherCollocationRate": 0.0, "easyWordNum": 566, "hardWordNum": 23, "easyWordRate": 0.9609507640067911, "hardWordRate": 0.03904923599320883, "fleschReadingEaseScore": 60.77131748726657, "gunningFogIndex": 6.747048265825855, "fleschKincaidGradeLevel": 8.963635217074945, "colemanLiauIndex": 11.489821731748727, "smogIndex": 7.760100539840176, "automatedReadabilityIndex": 8.80701916080524, "linsearWriteIndex": 0.5280135823429539, "author": "", "locationNameNum": 0, "locationNameRate": 0.0, "personNameNum": 1, "personNameRate": 0.001697792869269949, "organizationNameNum": 0, "organizationNameRate": 0.0, "misspelledNum": 1, "misspelledRate": 0.001697792869269949, "missingAccentNum": 1, "missingAccentRate": 0.001697792869269949, "foreignAccentNum": 0, "foreignAccentRate": 0.0, "wordConcatNum": 0, "wordConcatRate": 0.0, "jLyMistakeNum": 0, "jLyMistakeRate": 0.0, "publicVNum": 0, "freqSuffixNum": 0, "partsNum": 212, "clauseWordNum": 85, "privateVNum": 0}