{"tokenNum": 407, "sentenceNum": 21, "lemmaNum": 205, "lemmaRate": 0.5036855036855037, "sentenceLength": 19.38095238095238, "allUpperNum": 0, "firstUpperNum": 21, "allUpperRate": 0.0, "firstUpperRate": 0.051597051597051594, "declarSentNum": 21, "imperSentNum": 0, "questionNum": 0, "declarSentRate": 1.0, "imperSentRate": 0.0, "questionRate": 0.0, "accent": true, "saturation": 3.727272727272727, "paragraphNum": 5, "nounNum": 80, "verbNum": 52, "adjNum": 36, "infNum": 5, "partPastNum": 2, "partPresNum": 4, "partFutNum": 0, "transNum": 1, "xNum": 7, "advNum": 39, "properNounNum": 1, "numNum": 0, "conjNum": 42, "punctNum": 70, "pronNum": 21, "relPronNum": 9, "demPronNum": 6, "adposNum": 4, "multiplePunctNum": 0, "phraseNum": 0, "nounRate": 0.19656019656019655, "verbRate": 0.12776412776412777, "adjRate": 0.08845208845208845, "infRate": 0.012285012285012284, "partPastRate": 0.004914004914004914, "partPresRate": 0.009828009828009828, "partFutRate": 0.0, "transRate": 0.002457002457002457, "xRate": 0.0171990171990172, "advRate": 0.09582309582309582, "properNounRate": 0.002457002457002457, "numRate": 0.0, "conjRate": 0.10319410319410319, "punctRate": 0.171990171990172, "pronRate": 0.051597051597051594, "relPronRate": 0.022113022113022112, "demPronRate": 0.014742014742014743, "adposRate": 0.009828009828009828, "multiplePunctRate": 0.0, "partsDensityRate": 3.7636363636363637, "contentfulness": 9.857142857142858, "phraseRate": 0.0, "pastTenseNum": 11, "presentTenseNum": 36, "condNum": 3, "impNum": 5, "freqNum": 0, "causNum": 0, "modalNum": 6, "sg1VerbNum": 52, "sg2VerbNum": 52, "sg3VerbNum": 52, "pl1VerbNum": 52, "pl2VerbNum": 52, "pl3VerbNum": 52, "superlatNum": 1, "comparatNum": 0, "specDerivSuffixNum": 0, "pluralNounNum": 12, "pastTenseRate": 0.21153846153846154, "presentTenseRate": 0.6923076923076923, "condRate": 0.057692307692307696, "impRate": 0.09615384615384616, "freqRate": 0.0, "causRate": 0.0, "modalRate": 0.11538461538461539, "sg1VerbRate": 1.0, "sg2VerbRate": 1.0, "sg3VerbRate": 1.0, "pl1VerbRate": 1.0, "pl2VerbRate": 1.0, "pl3VerbRate": 1.0, "superlatRate": 0.027777777777777776, "comparatRate": 0.0, "specDerivSuffixRate": 0.0, "pluralNounRate": 0.15, "subjNum": 23, "objNum": 14, "attNum": 21, "subordNum": 24, "adverbNum": 56, "coordNum": 20, "clauseNum": 55, "simpleNum": 4, "complexNum": 17, "complexity1Num": 7, "complexity2Num": 6, "complexity3Num": 2, "compoundNum": 0, "subjRate": 0.056511056511056514, "objRate": 0.0343980343980344, "attRate": 0.051597051597051594, "subordRate": 0.05896805896805897, "adverbRate": 0.1375921375921376, "coordRate": 0.04914004914004914, "partsRate": 2.4363636363636365, "clauseRate": 2.619047619047619, "simpleRate": 0.19047619047619047, "complexRate": 0.8095238095238095, "complexity1Rate": 0.3333333333333333, "complexity2Rate": 0.2857142857142857, "complexity3Rate": 0.09523809523809523, "complexClauseRate": 3.0, "sentencesPerParagraph": 4.2, "wordsLengthRate": 5.721068249258161, "compoundRate": 0.0, "positiveNum": 0, "negativeNum": 0, "precoPositiveNum": 0, "precoNegativeNum": 0, "negemoNum": 0, "negationNum": 4, "functionNum": 200, "contentNum": 207, "vulgarNum": 0, "racistNum": 0, "specStyleNum": 0, "addressingNum": 0, "closingNum": 0, "postscriptNum": 0, "brutalNum": 0, "positiveRate": 0.0, "negativeRate": 0.0, "precoPositiveRate": 0.0, "precoNegativeRate": 0.0, "negemoRate": 0.0, "negationRate": 0.009828009828009828, "functionRate": 0.4914004914004914, "contentRate": 0.5085995085995086, "vulgarRate": 0.0, "racistRate": 0.0, "specStyleRate": 0.0, "addressingRate": 0.0, "closingRate": 0.0, "postscriptRate": 0.0, "brutalRate": 0.0, "epistemicNum": 0, "investNum": 0, "conditionNum": 0, "weaselNum": 0, "peacockNum": 0, "hedgeNum": 0, "doxasticNum": 0, "epistemicRate": 0.0, "investRate": 0.0, "conditionRate": 0.0, "weaselRate": 0.0, "peacockRate": 0.0, "hedgeRate": 0.0, "doxasticRate": 0.0, "loveNum": 0, "anxietyNum": 0, "sorrowNum": 0, "joyNum": 0, "disgustNum": 0, "fearNum": 0, "surpriseNum": 0, "angerNum": 0, "loveRate": 0.0, "anxietyRate": 0.0, "sorrowRate": 0.0, "joyRate": 0.0, "disgustRate": 0.0, "fearRate": 0.0, "surpriseRate": 0.0, "angerRate": 0.0, "slangBeGeneralNum": 0, "slangBeCigaretteNum": 0, "slangBeHumanNum": 0, "slangBeVehicleNum": 0, "slangBeDrugNum": 0, "slangBvNum": 0, "slangBeGeneralRate": 0.0, "slangBeCigaretteRate": 0.0, "slangBeHumanRate": 0.0, "slangBeVehicleRate": 0.0, "slangBeDrugRate": 0.0, "slangBvRate": 0.0, "speechactNum": 0, "quoteNum": 0, "dashNum": 0, "publicNum": 0, "privateNum": 0, "suasiveNum": 0, "discMarkerNum": 0, "smileyNum": 0, "dateNum": 0, "hesitationNum": 0, "restartNum": 0, "repeatNum": 0, "conjBeforeDiscNum": 0, "conjAfterDiscNum": 0, "wordBeforeHesitationNum": 0, "wordAfterHesitationNum": 0, "otherCollocationNum": 0, "speechactRate": 0.0, "quoteRate": 0.0, "dashRate": 0.0, "publicRate": 0.0, "privateRate": 0.0, "suasiveRate": 0.0, "discMarkerRate": 0.0, "smileyRate": 0.0, "dateRate": 0.0, "hesitationRate": 0.0, "restartRate": 0.0, "repeatRate": 0.0, "conjBeforeDiscRate": 0.0, "conjAfterDiscRate": 0.0, "wordBeforeHesitationRate": 0.0, "wordAfterHesitationRate": 0.0, "otherCollocationRate": 0.0, "easyWordNum": 374, "hardWordNum": 33, "easyWordRate": 0.918918918918919, "hardWordRate": 0.08108108108108109, "fleschReadingEaseScore": 55.586429156429176, "gunningFogIndex": 7.7848133848133845, "fleschKincaidGradeLevel": 10.320905580905585, "colemanLiauIndex": 12.926257985257983, "smogIndex": 9.120678840339163, "automatedReadabilityIndex": 11.231852111852113, "linsearWriteIndex": 1.726102726102726, "author": "", "locationNameNum": 0, "locationNameRate": 0.0, "personNameNum": 0, "personNameRate": 0.0, "organizationNameNum": 0, "organizationNameRate": 0.0, "misspelledNum": 0, "misspelledRate": 0.0, "missingAccentNum": 0, "missingAccentRate": 0.0, "foreignAccentNum": 0, "foreignAccentRate": 0.0, "wordConcatNum": 0, "wordConcatRate": 0.0, "jLyMistakeNum": 0, "jLyMistakeRate": 0.0, "publicVNum": 0, "freqSuffixNum": 0, "partsNum": 134, "clauseWordNum": 55, "privateVNum": 0}