{"tokenNum": 388, "sentenceNum": 21, "lemmaNum": 190, "lemmaRate": 0.4896907216494845, "sentenceLength": 18.476190476190474, "allUpperNum": 0, "firstUpperNum": 21, "allUpperRate": 0.0, "firstUpperRate": 0.05412371134020619, "declarSentNum": 19, "imperSentNum": 1, "questionNum": 1, "declarSentRate": 0.9047619047619048, "imperSentRate": 0.047619047619047616, "questionRate": 0.047619047619047616, "accent": true, "saturation": 3.064516129032258, "paragraphNum": 6, "nounNum": 60, "verbNum": 58, "adjNum": 40, "infNum": 7, "partPastNum": 2, "partPresNum": 1, "partFutNum": 0, "transNum": 1, "xNum": 7, "advNum": 35, "properNounNum": 0, "numNum": 2, "conjNum": 43, "punctNum": 67, "pronNum": 36, "relPronNum": 5, "demPronNum": 20, "adposNum": 3, "multiplePunctNum": 0, "phraseNum": 0, "nounRate": 0.15463917525773196, "verbRate": 0.14948453608247422, "adjRate": 0.10309278350515463, "infRate": 0.01804123711340206, "partPastRate": 0.005154639175257732, "partPresRate": 0.002577319587628866, "partFutRate": 0.0, "transRate": 0.002577319587628866, "xRate": 0.01804123711340206, "advRate": 0.09020618556701031, "properNounRate": 0.0, "numRate": 0.005154639175257732, "conjRate": 0.11082474226804123, "punctRate": 0.17268041237113402, "pronRate": 0.09278350515463918, "relPronRate": 0.01288659793814433, "demPronRate": 0.05154639175257732, "adposRate": 0.007731958762886598, "multiplePunctRate": 0.0, "partsDensityRate": 3.1129032258064515, "contentfulness": 9.19047619047619, "phraseRate": 0.0, "pastTenseNum": 2, "presentTenseNum": 49, "condNum": 3, "impNum": 7, "freqNum": 0, "causNum": 0, "modalNum": 0, "sg1VerbNum": 58, "sg2VerbNum": 58, "sg3VerbNum": 58, "pl1VerbNum": 58, "pl2VerbNum": 58, "pl3VerbNum": 58, "superlatNum": 1, "comparatNum": 3, "specDerivSuffixNum": 0, "pluralNounNum": 21, "pastTenseRate": 0.034482758620689655, "presentTenseRate": 0.8448275862068966, "condRate": 0.05172413793103448, "impRate": 0.1206896551724138, "freqRate": 0.0, "causRate": 0.0, "modalRate": 0.0, "sg1VerbRate": 1.0, "sg2VerbRate": 1.0, "sg3VerbRate": 1.0, "pl1VerbRate": 1.0, "pl2VerbRate": 1.0, "pl3VerbRate": 1.0, "superlatRate": 0.025, "comparatRate": 0.075, "specDerivSuffixRate": 0.0, "pluralNounRate": 0.35, "subjNum": 20, "objNum": 26, "attNum": 20, "subordNum": 27, "adverbNum": 46, "coordNum": 19, "clauseNum": 62, "simpleNum": 3, "complexNum": 18, "complexity1Num": 4, "complexity2Num": 8, "complexity3Num": 4, "compoundNum": 0, "subjRate": 0.05154639175257732, "objRate": 0.06701030927835051, "attRate": 0.05154639175257732, "subordRate": 0.06958762886597938, "adverbRate": 0.11855670103092783, "coordRate": 0.04896907216494845, "partsRate": 2.1129032258064515, "clauseRate": 2.9523809523809526, "simpleRate": 0.14285714285714285, "complexRate": 0.8571428571428571, "complexity1Rate": 0.19047619047619047, "complexity2Rate": 0.38095238095238093, "complexity3Rate": 0.19047619047619047, "complexClauseRate": 3.2777777777777777, "sentencesPerParagraph": 3.5, "wordsLengthRate": 5.716510903426792, "compoundRate": 0.0, "positiveNum": 0, "negativeNum": 0, "precoPositiveNum": 0, "precoNegativeNum": 0, "negemoNum": 0, "negationNum": 5, "functionNum": 195, "contentNum": 193, "vulgarNum": 0, "racistNum": 0, "specStyleNum": 0, "addressingNum": 0, "closingNum": 0, "postscriptNum": 0, "brutalNum": 0, "positiveRate": 0.0, "negativeRate": 0.0, "precoPositiveRate": 0.0, "precoNegativeRate": 0.0, "negemoRate": 0.0, "negationRate": 0.01288659793814433, "functionRate": 0.5025773195876289, "contentRate": 0.49742268041237114, "vulgarRate": 0.0, "racistRate": 0.0, "specStyleRate": 0.0, "addressingRate": 0.0, "closingRate": 0.0, "postscriptRate": 0.0, "brutalRate": 0.0, "epistemicNum": 0, "investNum": 0, "conditionNum": 0, "weaselNum": 0, "peacockNum": 0, "hedgeNum": 0, "doxasticNum": 0, "epistemicRate": 0.0, "investRate": 0.0, "conditionRate": 0.0, "weaselRate": 0.0, "peacockRate": 0.0, "hedgeRate": 0.0, "doxasticRate": 0.0, "loveNum": 0, "anxietyNum": 0, "sorrowNum": 0, "joyNum": 0, "disgustNum": 0, "fearNum": 0, "surpriseNum": 0, "angerNum": 0, "loveRate": 0.0, "anxietyRate": 0.0, "sorrowRate": 0.0, "joyRate": 0.0, "disgustRate": 0.0, "fearRate": 0.0, "surpriseRate": 0.0, "angerRate": 0.0, "slangBeGeneralNum": 0, "slangBeCigaretteNum": 0, "slangBeHumanNum": 0, "slangBeVehicleNum": 0, "slangBeDrugNum": 0, "slangBvNum": 0, "slangBeGeneralRate": 0.0, "slangBeCigaretteRate": 0.0, "slangBeHumanRate": 0.0, "slangBeVehicleRate": 0.0, "slangBeDrugRate": 0.0, "slangBvRate": 0.0, "speechactNum": 0, "quoteNum": 0, "dashNum": 0, "publicNum": 0, "privateNum": 0, "suasiveNum": 0, "discMarkerNum": 0, "smileyNum": 0, "dateNum": 0, "hesitationNum": 0, "restartNum": 1, "repeatNum": 0, "conjBeforeDiscNum": 0, "conjAfterDiscNum": 0, "wordBeforeHesitationNum": 0, "wordAfterHesitationNum": 0, "otherCollocationNum": 0, "speechactRate": 0.0, "quoteRate": 0.0, "dashRate": 0.0, "publicRate": 0.0, "privateRate": 0.0, "suasiveRate": 0.0, "discMarkerRate": 0.0, "smileyRate": 0.0, "dateRate": 0.0, "hesitationRate": 0.0, "restartRate": 0.002577319587628866, "repeatRate": 0.0, "conjBeforeDiscRate": 0.0, "conjAfterDiscRate": 0.0, "wordBeforeHesitationRate": 0.0, "wordAfterHesitationRate": 0.0, "otherCollocationRate": 0.0, "easyWordNum": 360, "hardWordNum": 28, "easyWordRate": 0.9278350515463918, "hardWordRate": 0.07216494845360824, "fleschReadingEaseScore": 60.52754295532648, "gunningFogIndex": 7.419342169857633, "fleschKincaidGradeLevel": 9.406951399116348, "colemanLiauIndex": 12.87563659793814, "smogIndex": 8.648137234880735, "automatedReadabilityIndex": 10.738997299950903, "linsearWriteIndex": 1.6816396661757484, "author": "", "locationNameNum": 0, "locationNameRate": 0.0, "personNameNum": 0, "personNameRate": 0.0, "organizationNameNum": 0, "organizationNameRate": 0.0, "misspelledNum": 0, "misspelledRate": 0.0, "missingAccentNum": 0, "missingAccentRate": 0.0, "foreignAccentNum": 0, "foreignAccentRate": 0.0, "wordConcatNum": 0, "wordConcatRate": 0.0, "jLyMistakeNum": 0, "jLyMistakeRate": 0.0, "publicVNum": 0, "freqSuffixNum": 0, "partsNum": 131, "clauseWordNum": 62, "privateVNum": 0}