{"tokenNum": 473, "sentenceNum": 17, "lemmaNum": 237, "lemmaRate": 0.5010570824524313, "sentenceLength": 27.823529411764707, "allUpperNum": 0, "firstUpperNum": 17, "allUpperRate": 0.0, "firstUpperRate": 0.035940803382663845, "declarSentNum": 16, "imperSentNum": 0, "questionNum": 1, "declarSentRate": 0.9411764705882353, "imperSentRate": 0.0, "questionRate": 0.058823529411764705, "accent": true, "saturation": 3.8225806451612905, "paragraphNum": 4, "nounNum": 86, "verbNum": 67, "adjNum": 52, "infNum": 14, "partPastNum": 3, "partPresNum": 5, "partFutNum": 0, "transNum": 1, "xNum": 4, "advNum": 48, "properNounNum": 0, "numNum": 0, "conjNum": 44, "punctNum": 64, "pronNum": 33, "relPronNum": 12, "demPronNum": 20, "adposNum": 7, "multiplePunctNum": 0, "phraseNum": 0, "nounRate": 0.18181818181818182, "verbRate": 0.1416490486257928, "adjRate": 0.10993657505285412, "infRate": 0.02959830866807611, "partPastRate": 0.006342494714587738, "partPresRate": 0.010570824524312896, "partFutRate": 0.0, "transRate": 0.0021141649048625794, "xRate": 0.008456659619450317, "advRate": 0.1014799154334038, "properNounRate": 0.0, "numRate": 0.0, "conjRate": 0.09302325581395349, "punctRate": 0.13530655391120508, "pronRate": 0.06976744186046512, "relPronRate": 0.02536997885835095, "demPronRate": 0.042283298097251586, "adposRate": 0.014799154334038054, "multiplePunctRate": 0.0, "partsDensityRate": 4.080645161290323, "contentfulness": 14.882352941176471, "phraseRate": 0.0, "pastTenseNum": 0, "presentTenseNum": 54, "condNum": 1, "impNum": 6, "freqNum": 0, "causNum": 0, "modalNum": 4, "sg1VerbNum": 67, "sg2VerbNum": 67, "sg3VerbNum": 67, "pl1VerbNum": 67, "pl2VerbNum": 67, "pl3VerbNum": 67, "superlatNum": 1, "comparatNum": 2, "specDerivSuffixNum": 0, "pluralNounNum": 19, "pastTenseRate": 0.0, "presentTenseRate": 0.8059701492537313, "condRate": 0.014925373134328358, "impRate": 0.08955223880597014, "freqRate": 0.0, "causRate": 0.0, "modalRate": 0.05970149253731343, "sg1VerbRate": 1.0, "sg2VerbRate": 1.0, "sg3VerbRate": 1.0, "pl1VerbRate": 1.0, "pl2VerbRate": 1.0, "pl3VerbRate": 1.0, "superlatRate": 0.019230769230769232, "comparatRate": 0.038461538461538464, "specDerivSuffixRate": 0.0, "pluralNounRate": 0.22093023255813954, "subjNum": 28, "objNum": 19, "attNum": 24, "subordNum": 26, "adverbNum": 64, "coordNum": 33, "clauseNum": 62, "simpleNum": 0, "complexNum": 17, "complexity1Num": 1, "complexity2Num": 7, "complexity3Num": 6, "compoundNum": 0, "subjRate": 0.05919661733615222, "objRate": 0.040169133192389, "attRate": 0.0507399577167019, "subordRate": 0.05496828752642706, "adverbRate": 0.13530655391120508, "coordRate": 0.06976744186046512, "partsRate": 2.7096774193548385, "clauseRate": 3.6470588235294117, "simpleRate": 0.0, "complexRate": 1.0, "complexity1Rate": 0.058823529411764705, "complexity2Rate": 0.4117647058823529, "complexity3Rate": 0.35294117647058826, "complexClauseRate": 3.6470588235294117, "sentencesPerParagraph": 4.25, "wordsLengthRate": 5.960880195599022, "compoundRate": 0.0, "positiveNum": 0, "negativeNum": 0, "precoPositiveNum": 0, "precoNegativeNum": 0, "negemoNum": 0, "negationNum": 14, "functionNum": 220, "contentNum": 253, "vulgarNum": 0, "racistNum": 0, "specStyleNum": 0, "addressingNum": 0, "closingNum": 0, "postscriptNum": 0, "brutalNum": 0, "positiveRate": 0.0, "negativeRate": 0.0, "precoPositiveRate": 0.0, "precoNegativeRate": 0.0, "negemoRate": 0.0, "negationRate": 0.02959830866807611, "functionRate": 0.46511627906976744, "contentRate": 0.5348837209302325, "vulgarRate": 0.0, "racistRate": 0.0, "specStyleRate": 0.0, "addressingRate": 0.0, "closingRate": 0.0, "postscriptRate": 0.0, "brutalRate": 0.0, "epistemicNum": 0, "investNum": 0, "conditionNum": 0, "weaselNum": 0, "peacockNum": 0, "hedgeNum": 0, "doxasticNum": 0, "epistemicRate": 0.0, "investRate": 0.0, "conditionRate": 0.0, "weaselRate": 0.0, "peacockRate": 0.0, "hedgeRate": 0.0, "doxasticRate": 0.0, "loveNum": 0, "anxietyNum": 0, "sorrowNum": 0, "joyNum": 0, "disgustNum": 0, "fearNum": 0, "surpriseNum": 0, "angerNum": 0, "loveRate": 0.0, "anxietyRate": 0.0, "sorrowRate": 0.0, "joyRate": 0.0, "disgustRate": 0.0, "fearRate": 0.0, "surpriseRate": 0.0, "angerRate": 0.0, "slangBeGeneralNum": 0, "slangBeCigaretteNum": 0, "slangBeHumanNum": 0, "slangBeVehicleNum": 0, "slangBeDrugNum": 0, "slangBvNum": 0, "slangBeGeneralRate": 0.0, "slangBeCigaretteRate": 0.0, "slangBeHumanRate": 0.0, "slangBeVehicleRate": 0.0, "slangBeDrugRate": 0.0, "slangBvRate": 0.0, "speechactNum": 0, "quoteNum": 0, "dashNum": 0, "publicNum": 0, "privateNum": 0, "suasiveNum": 0, "discMarkerNum": 0, "smileyNum": 0, "dateNum": 0, "hesitationNum": 0, "restartNum": 0, "repeatNum": 0, "conjBeforeDiscNum": 0, "conjAfterDiscNum": 0, "wordBeforeHesitationNum": 0, "wordAfterHesitationNum": 0, "otherCollocationNum": 0, "speechactRate": 0.0, "quoteRate": 0.0, "dashRate": 0.0, "publicRate": 0.0, "privateRate": 0.0, "suasiveRate": 0.0, "discMarkerRate": 0.0, "smileyRate": 0.0, "dateRate": 0.0, "hesitationRate": 0.0, "restartRate": 0.0, "repeatRate": 0.0, "conjBeforeDiscRate": 0.0, "conjAfterDiscRate": 0.0, "wordBeforeHesitationRate": 0.0, "wordAfterHesitationRate": 0.0, "otherCollocationRate": 0.0, "easyWordNum": 424, "hardWordNum": 49, "easyWordRate": 0.8964059196617337, "hardWordRate": 0.10359408033826638, "fleschReadingEaseScore": 36.40172864071636, "gunningFogIndex": 11.17084939684119, "fleschKincaidGradeLevel": 15.094157443104091, "colemanLiauIndex": 15.256255813953487, "smogIndex": 10.4301, "automatedReadabilityIndex": 17.316310160427804, "linsearWriteIndex": 2.525680885462007, "author": "", "locationNameNum": 0, "locationNameRate": 0.0, "personNameNum": 0, "personNameRate": 0.0, "organizationNameNum": 0, "organizationNameRate": 0.0, "misspelledNum": 2, "misspelledRate": 0.004228329809725159, "missingAccentNum": 1, "missingAccentRate": 0.0021141649048625794, "foreignAccentNum": 0, "foreignAccentRate": 0.0, "wordConcatNum": 0, "wordConcatRate": 0.0, "jLyMistakeNum": 0, "jLyMistakeRate": 0.0, "publicVNum": 0, "freqSuffixNum": 0, "partsNum": 168, "clauseWordNum": 62, "privateVNum": 0}