{"tokenNum": 439, "sentenceNum": 21, "lemmaNum": 196, "lemmaRate": 0.44646924829157175, "sentenceLength": 20.904761904761905, "allUpperNum": 0, "firstUpperNum": 25, "allUpperRate": 0.0, "firstUpperRate": 0.05694760820045558, "declarSentNum": 21, "imperSentNum": 0, "questionNum": 0, "declarSentRate": 1.0, "imperSentRate": 0.0, "questionRate": 0.0, "accent": true, "saturation": 2.9696969696969697, "paragraphNum": 5, "nounNum": 71, "verbNum": 61, "adjNum": 37, "infNum": 9, "partPastNum": 0, "partPresNum": 0, "partFutNum": 0, "transNum": 0, "xNum": 5, "advNum": 55, "properNounNum": 3, "numNum": 2, "conjNum": 49, "punctNum": 69, "pronNum": 36, "relPronNum": 5, "demPronNum": 19, "adposNum": 6, "multiplePunctNum": 0, "phraseNum": 0, "nounRate": 0.16173120728929385, "verbRate": 0.13895216400911162, "adjRate": 0.08428246013667426, "infRate": 0.02050113895216401, "partPastRate": 0.0, "partPresRate": 0.0, "partFutRate": 0.0, "transRate": 0.0, "xRate": 0.011389521640091117, "advRate": 0.1252847380410023, "properNounRate": 0.00683371298405467, "numRate": 0.004555808656036446, "conjRate": 0.11161731207289294, "punctRate": 0.1571753986332574, "pronRate": 0.08200455580865604, "relPronRate": 0.011389521640091117, "demPronRate": 0.04328018223234624, "adposRate": 0.01366742596810934, "multiplePunctRate": 0.0, "partsDensityRate": 3.393939393939394, "contentfulness": 10.666666666666666, "phraseRate": 0.0, "pastTenseNum": 0, "presentTenseNum": 53, "condNum": 4, "impNum": 15, "freqNum": 0, "causNum": 0, "modalNum": 5, "sg1VerbNum": 61, "sg2VerbNum": 61, "sg3VerbNum": 61, "pl1VerbNum": 61, "pl2VerbNum": 61, "pl3VerbNum": 61, "superlatNum": 4, "comparatNum": 3, "specDerivSuffixNum": 0, "pluralNounNum": 15, "pastTenseRate": 0.0, "presentTenseRate": 0.8688524590163934, "condRate": 0.06557377049180328, "impRate": 0.2459016393442623, "freqRate": 0.0, "causRate": 0.0, "modalRate": 0.08196721311475409, "sg1VerbRate": 1.0, "sg2VerbRate": 1.0, "sg3VerbRate": 1.0, "pl1VerbRate": 1.0, "pl2VerbRate": 1.0, "pl3VerbRate": 1.0, "superlatRate": 0.10810810810810811, "comparatRate": 0.08108108108108109, "specDerivSuffixRate": 0.0, "pluralNounRate": 0.2112676056338028, "subjNum": 28, "objNum": 25, "attNum": 18, "subordNum": 24, "adverbNum": 65, "coordNum": 23, "clauseNum": 66, "simpleNum": 1, "complexNum": 20, "complexity1Num": 8, "complexity2Num": 3, "complexity3Num": 6, "compoundNum": 0, "subjRate": 0.06378132118451026, "objRate": 0.05694760820045558, "attRate": 0.04100227790432802, "subordRate": 0.05466970387243736, "adverbRate": 0.1480637813211845, "coordRate": 0.05239179954441914, "partsRate": 2.409090909090909, "clauseRate": 3.142857142857143, "simpleRate": 0.047619047619047616, "complexRate": 0.9523809523809523, "complexity1Rate": 0.38095238095238093, "complexity2Rate": 0.14285714285714285, "complexity3Rate": 0.2857142857142857, "complexClauseRate": 3.25, "sentencesPerParagraph": 4.2, "wordsLengthRate": 5.608108108108108, "compoundRate": 0.0, "positiveNum": 0, "negativeNum": 0, "precoPositiveNum": 0, "precoNegativeNum": 0, "negemoNum": 0, "negationNum": 11, "functionNum": 215, "contentNum": 224, "vulgarNum": 0, "racistNum": 0, "specStyleNum": 0, "addressingNum": 0, "closingNum": 0, "postscriptNum": 0, "brutalNum": 0, "positiveRate": 0.0, "negativeRate": 0.0, "precoPositiveRate": 0.0, "precoNegativeRate": 0.0, "negemoRate": 0.0, "negationRate": 0.025056947608200455, "functionRate": 0.489749430523918, "contentRate": 0.510250569476082, "vulgarRate": 0.0, "racistRate": 0.0, "specStyleRate": 0.0, "addressingRate": 0.0, "closingRate": 0.0, "postscriptRate": 0.0, "brutalRate": 0.0, "epistemicNum": 0, "investNum": 0, "conditionNum": 0, "weaselNum": 0, "peacockNum": 0, "hedgeNum": 0, "doxasticNum": 0, "epistemicRate": 0.0, "investRate": 0.0, "conditionRate": 0.0, "weaselRate": 0.0, "peacockRate": 0.0, "hedgeRate": 0.0, "doxasticRate": 0.0, "loveNum": 0, "anxietyNum": 0, "sorrowNum": 0, "joyNum": 0, "disgustNum": 0, "fearNum": 0, "surpriseNum": 0, "angerNum": 0, "loveRate": 0.0, "anxietyRate": 0.0, "sorrowRate": 0.0, "joyRate": 0.0, "disgustRate": 0.0, "fearRate": 0.0, "surpriseRate": 0.0, "angerRate": 0.0, "slangBeGeneralNum": 0, "slangBeCigaretteNum": 0, "slangBeHumanNum": 0, "slangBeVehicleNum": 0, "slangBeDrugNum": 0, "slangBvNum": 0, "slangBeGeneralRate": 0.0, "slangBeCigaretteRate": 0.0, "slangBeHumanRate": 0.0, "slangBeVehicleRate": 0.0, "slangBeDrugRate": 0.0, "slangBvRate": 0.0, "speechactNum": 0, "quoteNum": 2, "dashNum": 0, "publicNum": 0, "privateNum": 0, "suasiveNum": 0, "discMarkerNum": 0, "smileyNum": 0, "dateNum": 0, "hesitationNum": 0, "restartNum": 0, "repeatNum": 0, "conjBeforeDiscNum": 0, "conjAfterDiscNum": 0, "wordBeforeHesitationNum": 0, "wordAfterHesitationNum": 0, "otherCollocationNum": 0, "speechactRate": 0.0, "quoteRate": 0.004555808656036446, "dashRate": 0.0, "publicRate": 0.0, "privateRate": 0.0, "suasiveRate": 0.0, "discMarkerRate": 0.0, "smileyRate": 0.0, "dateRate": 0.0, "hesitationRate": 0.0, "restartRate": 0.0, "repeatRate": 0.0, "conjBeforeDiscRate": 0.0, "conjAfterDiscRate": 0.0, "wordBeforeHesitationRate": 0.0, "wordAfterHesitationRate": 0.0, "otherCollocationRate": 0.0, "easyWordNum": 407, "hardWordNum": 32, "easyWordRate": 0.9271070615034168, "hardWordRate": 0.07289293849658314, "fleschReadingEaseScore": 55.34422930903571, "gunningFogIndex": 8.391061937303396, "fleschKincaidGradeLevel": 10.733244386592908, "colemanLiauIndex": 12.831428246013662, "smogIndex": 9.029198982220553, "automatedReadabilityIndex": 11.917916259898035, "linsearWriteIndex": 1.7009437032216077, "author": "", "locationNameNum": 0, "locationNameRate": 0.0, "personNameNum": 1, "personNameRate": 0.002277904328018223, "organizationNameNum": 0, "organizationNameRate": 0.0, "misspelledNum": 0, "misspelledRate": 0.0, "missingAccentNum": 0, "missingAccentRate": 0.0, "foreignAccentNum": 0, "foreignAccentRate": 0.0, "wordConcatNum": 0, "wordConcatRate": 0.0, "jLyMistakeNum": 0, "jLyMistakeRate": 0.0, "publicVNum": 0, "freqSuffixNum": 0, "partsNum": 159, "clauseWordNum": 66, "privateVNum": 0}