{"tokenNum": 463, "sentenceNum": 27, "lemmaNum": 232, "lemmaRate": 0.5010799136069114, "sentenceLength": 17.14814814814815, "allUpperNum": 0, "firstUpperNum": 27, "allUpperRate": 0.0, "firstUpperRate": 0.058315334773218146, "declarSentNum": 27, "imperSentNum": 0, "questionNum": 0, "declarSentRate": 1.0, "imperSentRate": 0.0, "questionRate": 0.0, "accent": true, "saturation": 3.8666666666666667, "paragraphNum": 4, "nounNum": 97, "verbNum": 56, "adjNum": 60, "infNum": 8, "partPastNum": 1, "partPresNum": 4, "partFutNum": 0, "transNum": 0, "xNum": 5, "advNum": 37, "properNounNum": 0, "numNum": 0, "conjNum": 38, "punctNum": 67, "pronNum": 25, "relPronNum": 9, "demPronNum": 21, "adposNum": 5, "multiplePunctNum": 0, "phraseNum": 0, "nounRate": 0.20950323974082075, "verbRate": 0.12095032397408208, "adjRate": 0.12958963282937366, "infRate": 0.017278617710583154, "partPastRate": 0.0021598272138228943, "partPresRate": 0.008639308855291577, "partFutRate": 0.0, "transRate": 0.0, "xRate": 0.01079913606911447, "advRate": 0.07991360691144708, "properNounRate": 0.0, "numRate": 0.0, "conjRate": 0.08207343412526998, "punctRate": 0.1447084233261339, "pronRate": 0.05399568034557235, "relPronRate": 0.019438444924406047, "demPronRate": 0.04535637149028078, "adposRate": 0.01079913606911447, "multiplePunctRate": 0.0, "partsDensityRate": 4.166666666666667, "contentfulness": 9.25925925925926, "phraseRate": 0.0, "pastTenseNum": 4, "presentTenseNum": 44, "condNum": 3, "impNum": 3, "freqNum": 0, "causNum": 0, "modalNum": 3, "sg1VerbNum": 56, "sg2VerbNum": 56, "sg3VerbNum": 56, "pl1VerbNum": 56, "pl2VerbNum": 56, "pl3VerbNum": 56, "superlatNum": 4, "comparatNum": 1, "specDerivSuffixNum": 0, "pluralNounNum": 31, "pastTenseRate": 0.07142857142857142, "presentTenseRate": 0.7857142857142857, "condRate": 0.05357142857142857, "impRate": 0.05357142857142857, "freqRate": 0.0, "causRate": 0.0, "modalRate": 0.05357142857142857, "sg1VerbRate": 1.0, "sg2VerbRate": 1.0, "sg3VerbRate": 1.0, "pl1VerbRate": 1.0, "pl2VerbRate": 1.0, "pl3VerbRate": 1.0, "superlatRate": 0.06666666666666667, "comparatRate": 0.016666666666666666, "specDerivSuffixRate": 0.0, "pluralNounRate": 0.31958762886597936, "subjNum": 20, "objNum": 30, "attNum": 42, "subordNum": 21, "adverbNum": 45, "coordNum": 26, "clauseNum": 60, "simpleNum": 5, "complexNum": 22, "complexity1Num": 14, "complexity2Num": 6, "complexity3Num": 1, "compoundNum": 0, "subjRate": 0.04319654427645788, "objRate": 0.06479481641468683, "attRate": 0.09071274298056156, "subordRate": 0.04535637149028078, "adverbRate": 0.09719222462203024, "coordRate": 0.056155507559395246, "partsRate": 2.716666666666667, "clauseRate": 2.2222222222222223, "simpleRate": 0.18518518518518517, "complexRate": 0.8148148148148148, "complexity1Rate": 0.5185185185185185, "complexity2Rate": 0.2222222222222222, "complexity3Rate": 0.037037037037037035, "complexClauseRate": 2.5, "sentencesPerParagraph": 6.75, "wordsLengthRate": 6.106060606060606, "compoundRate": 0.0, "positiveNum": 0, "negativeNum": 0, "precoPositiveNum": 0, "precoNegativeNum": 0, "negemoNum": 0, "negationNum": 6, "functionNum": 213, "contentNum": 250, "vulgarNum": 0, "racistNum": 0, "specStyleNum": 0, "addressingNum": 0, "closingNum": 0, "postscriptNum": 0, "brutalNum": 0, "positiveRate": 0.0, "negativeRate": 0.0, "precoPositiveRate": 0.0, "precoNegativeRate": 0.0, "negemoRate": 0.0, "negationRate": 0.012958963282937365, "functionRate": 0.46004319654427644, "contentRate": 0.5399568034557235, "vulgarRate": 0.0, "racistRate": 0.0, "specStyleRate": 0.0, "addressingRate": 0.0, "closingRate": 0.0, "postscriptRate": 0.0, "brutalRate": 0.0, "epistemicNum": 0, "investNum": 0, "conditionNum": 0, "weaselNum": 0, "peacockNum": 0, "hedgeNum": 0, "doxasticNum": 0, "epistemicRate": 0.0, "investRate": 0.0, "conditionRate": 0.0, "weaselRate": 0.0, "peacockRate": 0.0, "hedgeRate": 0.0, "doxasticRate": 0.0, "loveNum": 0, "anxietyNum": 0, "sorrowNum": 0, "joyNum": 0, "disgustNum": 0, "fearNum": 0, "surpriseNum": 0, "angerNum": 0, "loveRate": 0.0, "anxietyRate": 0.0, "sorrowRate": 0.0, "joyRate": 0.0, "disgustRate": 0.0, "fearRate": 0.0, "surpriseRate": 0.0, "angerRate": 0.0, "slangBeGeneralNum": 0, "slangBeCigaretteNum": 0, "slangBeHumanNum": 0, "slangBeVehicleNum": 0, "slangBeDrugNum": 0, "slangBvNum": 0, "slangBeGeneralRate": 0.0, "slangBeCigaretteRate": 0.0, "slangBeHumanRate": 0.0, "slangBeVehicleRate": 0.0, "slangBeDrugRate": 0.0, "slangBvRate": 0.0, "speechactNum": 0, "quoteNum": 0, "dashNum": 0, "publicNum": 0, "privateNum": 0, "suasiveNum": 0, "discMarkerNum": 0, "smileyNum": 0, "dateNum": 0, "hesitationNum": 0, "restartNum": 0, "repeatNum": 0, "conjBeforeDiscNum": 0, "conjAfterDiscNum": 0, "wordBeforeHesitationNum": 0, "wordAfterHesitationNum": 0, "otherCollocationNum": 0, "speechactRate": 0.0, "quoteRate": 0.0, "dashRate": 0.0, "publicRate": 0.0, "privateRate": 0.0, "suasiveRate": 0.0, "discMarkerRate": 0.0, "smileyRate": 0.0, "dateRate": 0.0, "hesitationRate": 0.0, "restartRate": 0.0, "repeatRate": 0.0, "conjBeforeDiscRate": 0.0, "conjAfterDiscRate": 0.0, "wordBeforeHesitationRate": 0.0, "wordAfterHesitationRate": 0.0, "otherCollocationRate": 0.0, "easyWordNum": 409, "hardWordNum": 54, "easyWordRate": 0.8833693304535637, "hardWordRate": 0.11663066954643629, "fleschReadingEaseScore": 45.07973762099033, "gunningFogIndex": 6.9059115270778335, "fleschKincaidGradeLevel": 11.231687065034802, "colemanLiauIndex": 15.697967602591792, "smogIndex": 10.793553405168563, "automatedReadabilityIndex": 12.331892648588116, "linsearWriteIndex": 1.2638188944884408, "author": "", "locationNameNum": 0, "locationNameRate": 0.0, "personNameNum": 0, "personNameRate": 0.0, "organizationNameNum": 0, "organizationNameRate": 0.0, "misspelledNum": 3, "misspelledRate": 0.0064794816414686825, "missingAccentNum": 1, "missingAccentRate": 0.0021598272138228943, "foreignAccentNum": 0, "foreignAccentRate": 0.0, "wordConcatNum": 1, "wordConcatRate": 0.0021598272138228943, "jLyMistakeNum": 0, "jLyMistakeRate": 0.0, "publicVNum": 0, "freqSuffixNum": 0, "partsNum": 163, "clauseWordNum": 60, "privateVNum": 0}