{"tokenNum": 507, "sentenceNum": 23, "lemmaNum": 227, "lemmaRate": 0.4477317554240631, "sentenceLength": 22.043478260869566, "allUpperNum": 0, "firstUpperNum": 23, "allUpperRate": 0.0, "firstUpperRate": 0.045364891518737675, "declarSentNum": 23, "imperSentNum": 0, "questionNum": 0, "declarSentRate": 1.0, "imperSentRate": 0.0, "questionRate": 0.0, "accent": true, "saturation": 3.847457627118644, "paragraphNum": 5, "nounNum": 112, "verbNum": 44, "adjNum": 65, "infNum": 4, "partPastNum": 0, "partPresNum": 6, "partFutNum": 0, "transNum": 1, "xNum": 6, "advNum": 36, "properNounNum": 0, "numNum": 0, "conjNum": 46, "punctNum": 91, "pronNum": 29, "relPronNum": 10, "demPronNum": 14, "adposNum": 3, "multiplePunctNum": 0, "phraseNum": 0, "nounRate": 0.22090729783037474, "verbRate": 0.08678500986193294, "adjRate": 0.1282051282051282, "infRate": 0.007889546351084813, "partPastRate": 0.0, "partPresRate": 0.011834319526627219, "partFutRate": 0.0, "transRate": 0.0019723865877712033, "xRate": 0.011834319526627219, "advRate": 0.07100591715976332, "properNounRate": 0.0, "numRate": 0.0, "conjRate": 0.09072978303747535, "punctRate": 0.1794871794871795, "pronRate": 0.05719921104536489, "relPronRate": 0.01972386587771203, "demPronRate": 0.027613412228796843, "adposRate": 0.005917159763313609, "multiplePunctRate": 0.0, "partsDensityRate": 4.3559322033898304, "contentfulness": 11.173913043478262, "phraseRate": 0.0, "pastTenseNum": 3, "presentTenseNum": 37, "condNum": 2, "impNum": 10, "freqNum": 0, "causNum": 0, "modalNum": 1, "sg1VerbNum": 44, "sg2VerbNum": 44, "sg3VerbNum": 44, "pl1VerbNum": 44, "pl2VerbNum": 44, "pl3VerbNum": 44, "superlatNum": 3, "comparatNum": 1, "specDerivSuffixNum": 0, "pluralNounNum": 23, "pastTenseRate": 0.06818181818181818, "presentTenseRate": 0.8409090909090909, "condRate": 0.045454545454545456, "impRate": 0.22727272727272727, "freqRate": 0.0, "causRate": 0.0, "modalRate": 0.022727272727272728, "sg1VerbRate": 1.0, "sg2VerbRate": 1.0, "sg3VerbRate": 1.0, "pl1VerbRate": 1.0, "pl2VerbRate": 1.0, "pl3VerbRate": 1.0, "superlatRate": 0.046153846153846156, "comparatRate": 0.015384615384615385, "specDerivSuffixRate": 0.0, "pluralNounRate": 0.20535714285714285, "subjNum": 34, "objNum": 23, "attNum": 38, "subordNum": 17, "adverbNum": 42, "coordNum": 43, "clauseNum": 59, "simpleNum": 6, "complexNum": 17, "complexity1Num": 8, "complexity2Num": 3, "complexity3Num": 2, "compoundNum": 0, "subjRate": 0.0670611439842209, "objRate": 0.045364891518737675, "attRate": 0.07495069033530571, "subordRate": 0.03353057199211045, "adverbRate": 0.08284023668639054, "coordRate": 0.08481262327416174, "partsRate": 3.0508474576271185, "clauseRate": 2.5652173913043477, "simpleRate": 0.2608695652173913, "complexRate": 0.7391304347826086, "complexity1Rate": 0.34782608695652173, "complexity2Rate": 0.13043478260869565, "complexity3Rate": 0.08695652173913043, "complexClauseRate": 3.1176470588235294, "sentencesPerParagraph": 4.6, "wordsLengthRate": 5.90625, "compoundRate": 0.0, "positiveNum": 0, "negativeNum": 0, "precoPositiveNum": 0, "precoNegativeNum": 0, "negemoNum": 0, "negationNum": 3, "functionNum": 250, "contentNum": 257, "vulgarNum": 0, "racistNum": 0, "specStyleNum": 0, "addressingNum": 0, "closingNum": 0, "postscriptNum": 0, "brutalNum": 0, "positiveRate": 0.0, "negativeRate": 0.0, "precoPositiveRate": 0.0, "precoNegativeRate": 0.0, "negemoRate": 0.0, "negationRate": 0.005917159763313609, "functionRate": 0.4930966469428008, "contentRate": 0.5069033530571992, "vulgarRate": 0.0, "racistRate": 0.0, "specStyleRate": 0.0, "addressingRate": 0.0, "closingRate": 0.0, "postscriptRate": 0.0, "brutalRate": 0.0, "epistemicNum": 0, "investNum": 0, "conditionNum": 0, "weaselNum": 0, "peacockNum": 0, "hedgeNum": 0, "doxasticNum": 0, "epistemicRate": 0.0, "investRate": 0.0, "conditionRate": 0.0, "weaselRate": 0.0, "peacockRate": 0.0, "hedgeRate": 0.0, "doxasticRate": 0.0, "loveNum": 0, "anxietyNum": 0, "sorrowNum": 0, "joyNum": 0, "disgustNum": 0, "fearNum": 0, "surpriseNum": 0, "angerNum": 0, "loveRate": 0.0, "anxietyRate": 0.0, "sorrowRate": 0.0, "joyRate": 0.0, "disgustRate": 0.0, "fearRate": 0.0, "surpriseRate": 0.0, "angerRate": 0.0, "slangBeGeneralNum": 0, "slangBeCigaretteNum": 0, "slangBeHumanNum": 0, "slangBeVehicleNum": 0, "slangBeDrugNum": 0, "slangBvNum": 0, "slangBeGeneralRate": 0.0, "slangBeCigaretteRate": 0.0, "slangBeHumanRate": 0.0, "slangBeVehicleRate": 0.0, "slangBeDrugRate": 0.0, "slangBvRate": 0.0, "speechactNum": 0, "quoteNum": 0, "dashNum": 0, "publicNum": 0, "privateNum": 0, "suasiveNum": 0, "discMarkerNum": 0, "smileyNum": 0, "dateNum": 0, "hesitationNum": 0, "restartNum": 1, "repeatNum": 0, "conjBeforeDiscNum": 0, "conjAfterDiscNum": 0, "wordBeforeHesitationNum": 0, "wordAfterHesitationNum": 0, "otherCollocationNum": 0, "speechactRate": 0.0, "quoteRate": 0.0, "dashRate": 0.0, "publicRate": 0.0, "privateRate": 0.0, "suasiveRate": 0.0, "discMarkerRate": 0.0, "smileyRate": 0.0, "dateRate": 0.0, "hesitationRate": 0.0, "restartRate": 0.0019723865877712033, "repeatRate": 0.0, "conjBeforeDiscRate": 0.0, "conjAfterDiscRate": 0.0, "wordBeforeHesitationRate": 0.0, "wordAfterHesitationRate": 0.0, "otherCollocationRate": 0.0, "easyWordNum": 455, "hardWordNum": 52, "easyWordRate": 0.8974358974358975, "hardWordRate": 0.10256410256410256, "fleschReadingEaseScore": 42.45968613326474, "gunningFogIndex": 8.858416945373468, "fleschKincaidGradeLevel": 12.813268158819998, "colemanLiauIndex": 13.673098619329384, "smogIndex": 10.65027996061788, "automatedReadabilityIndex": 13.160319012091584, "linsearWriteIndex": 1.594117142612126, "author": "", "locationNameNum": 0, "locationNameRate": 0.0, "personNameNum": 0, "personNameRate": 0.0, "organizationNameNum": 0, "organizationNameRate": 0.0, "misspelledNum": 2, "misspelledRate": 0.0039447731755424065, "missingAccentNum": 1, "missingAccentRate": 0.0019723865877712033, "foreignAccentNum": 0, "foreignAccentRate": 0.0, "wordConcatNum": 0, "wordConcatRate": 0.0, "jLyMistakeNum": 0, "jLyMistakeRate": 0.0, "publicVNum": 0, "freqSuffixNum": 0, "partsNum": 180, "clauseWordNum": 59, "privateVNum": 0}