{"tokenNum": 471, "sentenceNum": 25, "lemmaNum": 218, "lemmaRate": 0.46284501061571126, "sentenceLength": 18.84, "allUpperNum": 0, "firstUpperNum": 25, "allUpperRate": 0.0, "firstUpperRate": 0.05307855626326964, "declarSentNum": 25, "imperSentNum": 0, "questionNum": 0, "declarSentRate": 1.0, "imperSentRate": 0.0, "questionRate": 0.0, "accent": true, "saturation": 2.9863013698630136, "paragraphNum": 5, "nounNum": 71, "verbNum": 68, "adjNum": 31, "infNum": 10, "partPastNum": 0, "partPresNum": 1, "partFutNum": 0, "transNum": 1, "xNum": 5, "advNum": 67, "properNounNum": 0, "numNum": 2, "conjNum": 41, "punctNum": 79, "pronNum": 46, "relPronNum": 8, "demPronNum": 35, "adposNum": 5, "multiplePunctNum": 0, "phraseNum": 0, "nounRate": 0.15074309978768577, "verbRate": 0.14437367303609341, "adjRate": 0.06581740976645435, "infRate": 0.021231422505307854, "partPastRate": 0.0, "partPresRate": 0.0021231422505307855, "partFutRate": 0.0, "transRate": 0.0021231422505307855, "xRate": 0.010615711252653927, "advRate": 0.14225053078556263, "properNounRate": 0.0, "numRate": 0.004246284501061571, "conjRate": 0.0870488322717622, "punctRate": 0.16772823779193205, "pronRate": 0.09766454352441614, "relPronRate": 0.016985138004246284, "demPronRate": 0.07430997876857749, "adposRate": 0.010615711252653927, "multiplePunctRate": 0.0, "partsDensityRate": 3.2465753424657535, "contentfulness": 9.48, "phraseRate": 0.0, "pastTenseNum": 2, "presentTenseNum": 56, "condNum": 1, "impNum": 4, "freqNum": 0, "causNum": 0, "modalNum": 2, "sg1VerbNum": 68, "sg2VerbNum": 68, "sg3VerbNum": 68, "pl1VerbNum": 68, "pl2VerbNum": 68, "pl3VerbNum": 68, "superlatNum": 0, "comparatNum": 1, "specDerivSuffixNum": 0, "pluralNounNum": 13, "pastTenseRate": 0.029411764705882353, "presentTenseRate": 0.8235294117647058, "condRate": 0.014705882352941176, "impRate": 0.058823529411764705, "freqRate": 0.0, "causRate": 0.0, "modalRate": 0.029411764705882353, "sg1VerbRate": 1.0, "sg2VerbRate": 1.0, "sg3VerbRate": 1.0, "pl1VerbRate": 1.0, "pl2VerbRate": 1.0, "pl3VerbRate": 1.0, "superlatRate": 0.0, "comparatRate": 0.03225806451612903, "specDerivSuffixRate": 0.0, "pluralNounRate": 0.18309859154929578, "subjNum": 41, "objNum": 19, "attNum": 15, "subordNum": 28, "adverbNum": 77, "coordNum": 27, "clauseNum": 73, "simpleNum": 4, "complexNum": 21, "complexity1Num": 6, "complexity2Num": 6, "complexity3Num": 7, "compoundNum": 0, "subjRate": 0.0870488322717622, "objRate": 0.040339702760084924, "attRate": 0.03184713375796178, "subordRate": 0.059447983014861996, "adverbRate": 0.16348195329087048, "coordRate": 0.05732484076433121, "partsRate": 2.452054794520548, "clauseRate": 2.92, "simpleRate": 0.16, "complexRate": 0.84, "complexity1Rate": 0.24, "complexity2Rate": 0.24, "complexity3Rate": 0.28, "complexClauseRate": 3.2857142857142856, "sentencesPerParagraph": 5.0, "wordsLengthRate": 5.426020408163265, "compoundRate": 0.0, "positiveNum": 0, "negativeNum": 0, "precoPositiveNum": 0, "precoNegativeNum": 0, "negemoNum": 0, "negationNum": 11, "functionNum": 234, "contentNum": 237, "vulgarNum": 0, "racistNum": 0, "specStyleNum": 0, "addressingNum": 0, "closingNum": 0, "postscriptNum": 0, "brutalNum": 0, "positiveRate": 0.0, "negativeRate": 0.0, "precoPositiveRate": 0.0, "precoNegativeRate": 0.0, "negemoRate": 0.0, "negationRate": 0.02335456475583864, "functionRate": 0.4968152866242038, "contentRate": 0.5031847133757962, "vulgarRate": 0.0, "racistRate": 0.0, "specStyleRate": 0.0, "addressingRate": 0.0, "closingRate": 0.0, "postscriptRate": 0.0, "brutalRate": 0.0, "epistemicNum": 0, "investNum": 0, "conditionNum": 0, "weaselNum": 0, "peacockNum": 0, "hedgeNum": 0, "doxasticNum": 0, "epistemicRate": 0.0, "investRate": 0.0, "conditionRate": 0.0, "weaselRate": 0.0, "peacockRate": 0.0, "hedgeRate": 0.0, "doxasticRate": 0.0, "loveNum": 0, "anxietyNum": 0, "sorrowNum": 0, "joyNum": 0, "disgustNum": 0, "fearNum": 0, "surpriseNum": 0, "angerNum": 0, "loveRate": 0.0, "anxietyRate": 0.0, "sorrowRate": 0.0, "joyRate": 0.0, "disgustRate": 0.0, "fearRate": 0.0, "surpriseRate": 0.0, "angerRate": 0.0, "slangBeGeneralNum": 0, "slangBeCigaretteNum": 0, "slangBeHumanNum": 0, "slangBeVehicleNum": 0, "slangBeDrugNum": 0, "slangBvNum": 0, "slangBeGeneralRate": 0.0, "slangBeCigaretteRate": 0.0, "slangBeHumanRate": 0.0, "slangBeVehicleRate": 0.0, "slangBeDrugRate": 0.0, "slangBvRate": 0.0, "speechactNum": 0, "quoteNum": 0, "dashNum": 1, "publicNum": 0, "privateNum": 0, "suasiveNum": 0, "discMarkerNum": 0, "smileyNum": 0, "dateNum": 0, "hesitationNum": 0, "restartNum": 0, "repeatNum": 0, "conjBeforeDiscNum": 0, "conjAfterDiscNum": 0, "wordBeforeHesitationNum": 0, "wordAfterHesitationNum": 0, "otherCollocationNum": 0, "speechactRate": 0.0, "quoteRate": 0.0, "dashRate": 0.0021231422505307855, "publicRate": 0.0, "privateRate": 0.0, "suasiveRate": 0.0, "discMarkerRate": 0.0, "smileyRate": 0.0, "dateRate": 0.0, "hesitationRate": 0.0, "restartRate": 0.0, "repeatRate": 0.0, "conjBeforeDiscRate": 0.0, "conjAfterDiscRate": 0.0, "wordBeforeHesitationRate": 0.0, "wordAfterHesitationRate": 0.0, "otherCollocationRate": 0.0, "easyWordNum": 437, "hardWordNum": 34, "easyWordRate": 0.9278131634819533, "hardWordRate": 0.07218683651804671, "fleschReadingEaseScore": 58.02832356687898, "gunningFogIndex": 7.564874734607219, "fleschKincaidGradeLevel": 9.845922717622084, "colemanLiauIndex": 11.661496815286622, "smogIndex": 9.210782826323648, "automatedReadabilityIndex": 9.950000000000003, "linsearWriteIndex": 1.267515923566879, "author": "", "locationNameNum": 0, "locationNameRate": 0.0, "personNameNum": 0, "personNameRate": 0.0, "organizationNameNum": 0, "organizationNameRate": 0.0, "misspelledNum": 2, "misspelledRate": 0.004246284501061571, "missingAccentNum": 2, "missingAccentRate": 0.004246284501061571, "foreignAccentNum": 0, "foreignAccentRate": 0.0, "wordConcatNum": 0, "wordConcatRate": 0.0, "jLyMistakeNum": 0, "jLyMistakeRate": 0.0, "publicVNum": 0, "freqSuffixNum": 0, "partsNum": 179, "clauseWordNum": 73, "privateVNum": 0}