{"tokenNum": 459, "sentenceNum": 25, "lemmaNum": 220, "lemmaRate": 0.4793028322440087, "sentenceLength": 18.36, "allUpperNum": 0, "firstUpperNum": 25, "allUpperRate": 0.0, "firstUpperRate": 0.054466230936819175, "declarSentNum": 25, "imperSentNum": 0, "questionNum": 0, "declarSentRate": 1.0, "imperSentRate": 0.0, "questionRate": 0.0, "accent": true, "saturation": 3.5483870967741935, "paragraphNum": 5, "nounNum": 82, "verbNum": 55, "adjNum": 52, "infNum": 7, "partPastNum": 4, "partPresNum": 7, "partFutNum": 0, "transNum": 1, "xNum": 5, "advNum": 51, "properNounNum": 1, "numNum": 0, "conjNum": 51, "punctNum": 75, "pronNum": 41, "relPronNum": 5, "demPronNum": 23, "adposNum": 2, "multiplePunctNum": 0, "phraseNum": 0, "nounRate": 0.1786492374727669, "verbRate": 0.11982570806100218, "adjRate": 0.11328976034858387, "infRate": 0.015250544662309368, "partPastRate": 0.008714596949891068, "partPresRate": 0.015250544662309368, "partFutRate": 0.0, "transRate": 0.002178649237472767, "xRate": 0.010893246187363835, "advRate": 0.1111111111111111, "properNounRate": 0.002178649237472767, "numRate": 0.0, "conjRate": 0.1111111111111111, "punctRate": 0.16339869281045752, "pronRate": 0.08932461873638345, "relPronRate": 0.010893246187363835, "demPronRate": 0.05010893246187364, "adposRate": 0.004357298474945534, "multiplePunctRate": 0.0, "partsDensityRate": 3.870967741935484, "contentfulness": 9.6, "phraseRate": 0.0, "pastTenseNum": 0, "presentTenseNum": 48, "condNum": 5, "impNum": 11, "freqNum": 0, "causNum": 0, "modalNum": 2, "sg1VerbNum": 55, "sg2VerbNum": 55, "sg3VerbNum": 55, "pl1VerbNum": 55, "pl2VerbNum": 55, "pl3VerbNum": 55, "superlatNum": 1, "comparatNum": 2, "specDerivSuffixNum": 0, "pluralNounNum": 14, "pastTenseRate": 0.0, "presentTenseRate": 0.8727272727272727, "condRate": 0.09090909090909091, "impRate": 0.2, "freqRate": 0.0, "causRate": 0.0, "modalRate": 0.03636363636363636, "sg1VerbRate": 1.0, "sg2VerbRate": 1.0, "sg3VerbRate": 1.0, "pl1VerbRate": 1.0, "pl2VerbRate": 1.0, "pl3VerbRate": 1.0, "superlatRate": 0.019230769230769232, "comparatRate": 0.038461538461538464, "specDerivSuffixRate": 0.0, "pluralNounRate": 0.17073170731707318, "subjNum": 26, "objNum": 25, "attNum": 24, "subordNum": 26, "adverbNum": 68, "coordNum": 22, "clauseNum": 62, "simpleNum": 6, "complexNum": 19, "complexity1Num": 7, "complexity2Num": 7, "complexity3Num": 4, "compoundNum": 0, "subjRate": 0.05664488017429194, "objRate": 0.054466230936819175, "attRate": 0.05228758169934641, "subordRate": 0.05664488017429194, "adverbRate": 0.14814814814814814, "coordRate": 0.04793028322440087, "partsRate": 2.661290322580645, "clauseRate": 2.48, "simpleRate": 0.24, "complexRate": 0.76, "complexity1Rate": 0.28, "complexity2Rate": 0.28, "complexity3Rate": 0.16, "complexClauseRate": 2.9473684210526314, "sentencesPerParagraph": 5.0, "wordsLengthRate": 5.971354166666667, "compoundRate": 0.0, "positiveNum": 0, "negativeNum": 0, "precoPositiveNum": 0, "precoNegativeNum": 0, "negemoNum": 0, "negationNum": 6, "functionNum": 219, "contentNum": 240, "vulgarNum": 0, "racistNum": 0, "specStyleNum": 0, "addressingNum": 0, "closingNum": 0, "postscriptNum": 0, "brutalNum": 0, "positiveRate": 0.0, "negativeRate": 0.0, "precoPositiveRate": 0.0, "precoNegativeRate": 0.0, "negemoRate": 0.0, "negationRate": 0.013071895424836602, "functionRate": 0.477124183006536, "contentRate": 0.5228758169934641, "vulgarRate": 0.0, "racistRate": 0.0, "specStyleRate": 0.0, "addressingRate": 0.0, "closingRate": 0.0, "postscriptRate": 0.0, "brutalRate": 0.0, "epistemicNum": 0, "investNum": 0, "conditionNum": 0, "weaselNum": 0, "peacockNum": 0, "hedgeNum": 0, "doxasticNum": 0, "epistemicRate": 0.0, "investRate": 0.0, "conditionRate": 0.0, "weaselRate": 0.0, "peacockRate": 0.0, "hedgeRate": 0.0, "doxasticRate": 0.0, "loveNum": 0, "anxietyNum": 0, "sorrowNum": 0, "joyNum": 0, "disgustNum": 0, "fearNum": 0, "surpriseNum": 0, "angerNum": 0, "loveRate": 0.0, "anxietyRate": 0.0, "sorrowRate": 0.0, "joyRate": 0.0, "disgustRate": 0.0, "fearRate": 0.0, "surpriseRate": 0.0, "angerRate": 0.0, "slangBeGeneralNum": 0, "slangBeCigaretteNum": 0, "slangBeHumanNum": 0, "slangBeVehicleNum": 0, "slangBeDrugNum": 0, "slangBvNum": 0, "slangBeGeneralRate": 0.0, "slangBeCigaretteRate": 0.0, "slangBeHumanRate": 0.0, "slangBeVehicleRate": 0.0, "slangBeDrugRate": 0.0, "slangBvRate": 0.0, "speechactNum": 0, "quoteNum": 0, "dashNum": 0, "publicNum": 0, "privateNum": 0, "suasiveNum": 0, "discMarkerNum": 0, "smileyNum": 0, "dateNum": 0, "hesitationNum": 0, "restartNum": 0, "repeatNum": 0, "conjBeforeDiscNum": 0, "conjAfterDiscNum": 0, "wordBeforeHesitationNum": 0, "wordAfterHesitationNum": 0, "otherCollocationNum": 0, "speechactRate": 0.0, "quoteRate": 0.0, "dashRate": 0.0, "publicRate": 0.0, "privateRate": 0.0, "suasiveRate": 0.0, "discMarkerRate": 0.0, "smileyRate": 0.0, "dateRate": 0.0, "hesitationRate": 0.0, "restartRate": 0.0, "repeatRate": 0.0, "conjBeforeDiscRate": 0.0, "conjAfterDiscRate": 0.0, "wordBeforeHesitationRate": 0.0, "wordAfterHesitationRate": 0.0, "otherCollocationRate": 0.0, "easyWordNum": 417, "hardWordNum": 42, "easyWordRate": 0.9084967320261438, "hardWordRate": 0.0915032679738562, "fleschReadingEaseScore": 48.121168627451, "gunningFogIndex": 7.380601307189543, "fleschKincaidGradeLevel": 11.108526361655773, "colemanLiauIndex": 14.45826797385621, "smogIndex": 9.888512548439397, "automatedReadabilityIndex": 11.946470588235293, "linsearWriteIndex": 1.3442265795206971, "author": "", "locationNameNum": 0, "locationNameRate": 0.0, "personNameNum": 0, "personNameRate": 0.0, "organizationNameNum": 0, "organizationNameRate": 0.0, "misspelledNum": 1, "misspelledRate": 0.002178649237472767, "missingAccentNum": 0, "missingAccentRate": 0.0, "foreignAccentNum": 0, "foreignAccentRate": 0.0, "wordConcatNum": 0, "wordConcatRate": 0.0, "jLyMistakeNum": 0, "jLyMistakeRate": 0.0, "publicVNum": 0, "freqSuffixNum": 0, "partsNum": 165, "clauseWordNum": 62, "privateVNum": 0}