{"tokenNum": 463, "sentenceNum": 20, "lemmaNum": 245, "lemmaRate": 0.5291576673866091, "sentenceLength": 23.15, "allUpperNum": 0, "firstUpperNum": 21, "allUpperRate": 0.0, "firstUpperRate": 0.04535637149028078, "declarSentNum": 19, "imperSentNum": 1, "questionNum": 0, "declarSentRate": 0.95, "imperSentRate": 0.05, "questionRate": 0.0, "accent": true, "saturation": 6.282051282051282, "paragraphNum": 7, "nounNum": 139, "verbNum": 35, "adjNum": 61, "infNum": 8, "partPastNum": 3, "partPresNum": 11, "partFutNum": 0, "transNum": 1, "xNum": 7, "advNum": 31, "properNounNum": 0, "numNum": 0, "conjNum": 43, "punctNum": 61, "pronNum": 14, "relPronNum": 3, "demPronNum": 10, "adposNum": 6, "multiplePunctNum": 0, "phraseNum": 0, "nounRate": 0.3002159827213823, "verbRate": 0.0755939524838013, "adjRate": 0.13174946004319654, "infRate": 0.017278617710583154, "partPastRate": 0.0064794816414686825, "partPresRate": 0.023758099352051837, "partFutRate": 0.0, "transRate": 0.0021598272138228943, "xRate": 0.01511879049676026, "advRate": 0.06695464362850972, "properNounRate": 0.0, "numRate": 0.0, "conjRate": 0.09287257019438445, "punctRate": 0.13174946004319654, "pronRate": 0.03023758099352052, "relPronRate": 0.0064794816414686825, "demPronRate": 0.02159827213822894, "adposRate": 0.012958963282937365, "multiplePunctRate": 0.0, "partsDensityRate": 6.82051282051282, "contentfulness": 13.3, "phraseRate": 0.0, "pastTenseNum": 0, "presentTenseNum": 27, "condNum": 1, "impNum": 2, "freqNum": 0, "causNum": 0, "modalNum": 5, "sg1VerbNum": 35, "sg2VerbNum": 35, "sg3VerbNum": 35, "pl1VerbNum": 35, "pl2VerbNum": 35, "pl3VerbNum": 35, "superlatNum": 0, "comparatNum": 3, "specDerivSuffixNum": 0, "pluralNounNum": 35, "pastTenseRate": 0.0, "presentTenseRate": 0.7714285714285715, "condRate": 0.02857142857142857, "impRate": 0.05714285714285714, "freqRate": 0.0, "causRate": 0.0, "modalRate": 0.14285714285714285, "sg1VerbRate": 1.0, "sg2VerbRate": 1.0, "sg3VerbRate": 1.0, "pl1VerbRate": 1.0, "pl2VerbRate": 1.0, "pl3VerbRate": 1.0, "superlatRate": 0.0, "comparatRate": 0.04918032786885246, "specDerivSuffixRate": 0.0, "pluralNounRate": 0.2517985611510791, "subjNum": 18, "objNum": 22, "attNum": 50, "subordNum": 7, "adverbNum": 38, "coordNum": 43, "clauseNum": 39, "simpleNum": 7, "complexNum": 13, "complexity1Num": 8, "complexity2Num": 4, "complexity3Num": 1, "compoundNum": 0, "subjRate": 0.038876889848812095, "objRate": 0.047516198704103674, "attRate": 0.1079913606911447, "subordRate": 0.01511879049676026, "adverbRate": 0.08207343412526998, "coordRate": 0.09287257019438445, "partsRate": 4.384615384615385, "clauseRate": 1.95, "simpleRate": 0.35, "complexRate": 0.65, "complexity1Rate": 0.4, "complexity2Rate": 0.2, "complexity3Rate": 0.05, "complexClauseRate": 2.4615384615384617, "sentencesPerParagraph": 2.857142857142857, "wordsLengthRate": 6.731343283582089, "compoundRate": 0.0, "positiveNum": 0, "negativeNum": 0, "precoPositiveNum": 0, "precoNegativeNum": 0, "negemoNum": 0, "negationNum": 6, "functionNum": 197, "contentNum": 266, "vulgarNum": 0, "racistNum": 0, "specStyleNum": 0, "addressingNum": 0, "closingNum": 0, "postscriptNum": 0, "brutalNum": 0, "positiveRate": 0.0, "negativeRate": 0.0, "precoPositiveRate": 0.0, "precoNegativeRate": 0.0, "negemoRate": 0.0, "negationRate": 0.012958963282937365, "functionRate": 0.42548596112311016, "contentRate": 0.5745140388768899, "vulgarRate": 0.0, "racistRate": 0.0, "specStyleRate": 0.0, "addressingRate": 0.0, "closingRate": 0.0, "postscriptRate": 0.0, "brutalRate": 0.0, "epistemicNum": 0, "investNum": 0, "conditionNum": 0, "weaselNum": 0, "peacockNum": 0, "hedgeNum": 0, "doxasticNum": 0, "epistemicRate": 0.0, "investRate": 0.0, "conditionRate": 0.0, "weaselRate": 0.0, "peacockRate": 0.0, "hedgeRate": 0.0, "doxasticRate": 0.0, "loveNum": 0, "anxietyNum": 0, "sorrowNum": 0, "joyNum": 0, "disgustNum": 0, "fearNum": 0, "surpriseNum": 0, "angerNum": 0, "loveRate": 0.0, "anxietyRate": 0.0, "sorrowRate": 0.0, "joyRate": 0.0, "disgustRate": 0.0, "fearRate": 0.0, "surpriseRate": 0.0, "angerRate": 0.0, "slangBeGeneralNum": 0, "slangBeCigaretteNum": 0, "slangBeHumanNum": 0, "slangBeVehicleNum": 0, "slangBeDrugNum": 0, "slangBvNum": 0, "slangBeGeneralRate": 0.0, "slangBeCigaretteRate": 0.0, "slangBeHumanRate": 0.0, "slangBeVehicleRate": 0.0, "slangBeDrugRate": 0.0, "slangBvRate": 0.0, "speechactNum": 0, "quoteNum": 2, "dashNum": 2, "publicNum": 0, "privateNum": 0, "suasiveNum": 0, "discMarkerNum": 0, "smileyNum": 0, "dateNum": 0, "hesitationNum": 0, "restartNum": 0, "repeatNum": 0, "conjBeforeDiscNum": 0, "conjAfterDiscNum": 0, "wordBeforeHesitationNum": 0, "wordAfterHesitationNum": 0, "otherCollocationNum": 0, "speechactRate": 0.0, "quoteRate": 0.004319654427645789, "dashRate": 0.004319654427645789, "publicRate": 0.0, "privateRate": 0.0, "suasiveRate": 0.0, "discMarkerRate": 0.0, "smileyRate": 0.0, "dateRate": 0.0, "hesitationRate": 0.0, "restartRate": 0.0, "repeatRate": 0.0, "conjBeforeDiscRate": 0.0, "conjAfterDiscRate": 0.0, "wordBeforeHesitationRate": 0.0, "wordAfterHesitationRate": 0.0, "otherCollocationRate": 0.0, "easyWordNum": 382, "hardWordNum": 81, "easyWordRate": 0.8250539956803455, "hardWordRate": 0.17494600431965443, "fleschReadingEaseScore": 11.7623720302376, "gunningFogIndex": 9.329114470842333, "fleschKincaidGradeLevel": 17.36981749460043, "colemanLiauIndex": 19.221835853131747, "smogIndex": 12.516099999999998, "automatedReadabilityIndex": 18.150680345572354, "linsearWriteIndex": 2.3369330453563713, "author": "", "locationNameNum": 0, "locationNameRate": 0.0, "personNameNum": 0, "personNameRate": 0.0, "organizationNameNum": 0, "organizationNameRate": 0.0, "misspelledNum": 1, "misspelledRate": 0.0021598272138228943, "missingAccentNum": 0, "missingAccentRate": 0.0, "foreignAccentNum": 0, "foreignAccentRate": 0.0, "wordConcatNum": 1, "wordConcatRate": 0.0021598272138228943, "jLyMistakeNum": 0, "jLyMistakeRate": 0.0, "publicVNum": 0, "freqSuffixNum": 0, "partsNum": 171, "clauseWordNum": 39, "privateVNum": 0}