{"tokenNum": 387, "sentenceNum": 18, "lemmaNum": 193, "lemmaRate": 0.49870801033591733, "sentenceLength": 21.5, "allUpperNum": 1, "firstUpperNum": 19, "allUpperRate": 0.002583979328165375, "firstUpperRate": 0.04909560723514212, "declarSentNum": 16, "imperSentNum": 1, "questionNum": 1, "declarSentRate": 0.8888888888888888, "imperSentRate": 0.05555555555555555, "questionRate": 0.05555555555555555, "accent": true, "saturation": 3.574074074074074, "paragraphNum": 4, "nounNum": 64, "verbNum": 53, "adjNum": 46, "infNum": 10, "partPastNum": 1, "partPresNum": 4, "partFutNum": 0, "transNum": 0, "xNum": 5, "advNum": 42, "properNounNum": 0, "numNum": 2, "conjNum": 41, "punctNum": 64, "pronNum": 26, "relPronNum": 9, "demPronNum": 20, "adposNum": 5, "multiplePunctNum": 0, "phraseNum": 0, "nounRate": 0.165374677002584, "verbRate": 0.13695090439276486, "adjRate": 0.11886304909560723, "infRate": 0.025839793281653745, "partPastRate": 0.002583979328165375, "partPresRate": 0.0103359173126615, "partFutRate": 0.0, "transRate": 0.0, "xRate": 0.012919896640826873, "advRate": 0.10852713178294573, "properNounRate": 0.0, "numRate": 0.00516795865633075, "conjRate": 0.10594315245478036, "punctRate": 0.165374677002584, "pronRate": 0.06718346253229975, "relPronRate": 0.023255813953488372, "demPronRate": 0.05167958656330749, "adposRate": 0.012919896640826873, "multiplePunctRate": 0.0, "partsDensityRate": 3.7962962962962963, "contentfulness": 11.38888888888889, "phraseRate": 0.0, "pastTenseNum": 11, "presentTenseNum": 34, "condNum": 0, "impNum": 4, "freqNum": 0, "causNum": 0, "modalNum": 0, "sg1VerbNum": 53, "sg2VerbNum": 53, "sg3VerbNum": 53, "pl1VerbNum": 53, "pl2VerbNum": 53, "pl3VerbNum": 53, "superlatNum": 0, "comparatNum": 1, "specDerivSuffixNum": 0, "pluralNounNum": 17, "pastTenseRate": 0.20754716981132076, "presentTenseRate": 0.6415094339622641, "condRate": 0.0, "impRate": 0.07547169811320754, "freqRate": 0.0, "causRate": 0.0, "modalRate": 0.0, "sg1VerbRate": 1.0, "sg2VerbRate": 1.0, "sg3VerbRate": 1.0, "pl1VerbRate": 1.0, "pl2VerbRate": 1.0, "pl3VerbRate": 1.0, "superlatRate": 0.0, "comparatRate": 0.021739130434782608, "specDerivSuffixRate": 0.0, "pluralNounRate": 0.265625, "subjNum": 18, "objNum": 20, "attNum": 22, "subordNum": 25, "adverbNum": 54, "coordNum": 20, "clauseNum": 54, "simpleNum": 1, "complexNum": 17, "complexity1Num": 6, "complexity2Num": 7, "complexity3Num": 1, "compoundNum": 0, "subjRate": 0.046511627906976744, "objRate": 0.05167958656330749, "attRate": 0.056847545219638244, "subordRate": 0.06459948320413436, "adverbRate": 0.13953488372093023, "coordRate": 0.05167958656330749, "partsRate": 2.4814814814814814, "clauseRate": 3.0, "simpleRate": 0.05555555555555555, "complexRate": 0.9444444444444444, "complexity1Rate": 0.3333333333333333, "complexity2Rate": 0.3888888888888889, "complexity3Rate": 0.05555555555555555, "complexClauseRate": 3.1176470588235294, "sentencesPerParagraph": 4.5, "wordsLengthRate": 6.306501547987616, "compoundRate": 0.0, "positiveNum": 0, "negativeNum": 0, "precoPositiveNum": 0, "precoNegativeNum": 0, "negemoNum": 0, "negationNum": 4, "functionNum": 182, "contentNum": 205, "vulgarNum": 0, "racistNum": 0, "specStyleNum": 0, "addressingNum": 0, "closingNum": 0, "postscriptNum": 0, "brutalNum": 0, "positiveRate": 0.0, "negativeRate": 0.0, "precoPositiveRate": 0.0, "precoNegativeRate": 0.0, "negemoRate": 0.0, "negationRate": 0.0103359173126615, "functionRate": 0.4702842377260982, "contentRate": 0.5297157622739018, "vulgarRate": 0.0, "racistRate": 0.0, "specStyleRate": 0.0, "addressingRate": 0.0, "closingRate": 0.0, "postscriptRate": 0.0, "brutalRate": 0.0, "epistemicNum": 0, "investNum": 0, "conditionNum": 0, "weaselNum": 0, "peacockNum": 0, "hedgeNum": 0, "doxasticNum": 0, "epistemicRate": 0.0, "investRate": 0.0, "conditionRate": 0.0, "weaselRate": 0.0, "peacockRate": 0.0, "hedgeRate": 0.0, "doxasticRate": 0.0, "loveNum": 0, "anxietyNum": 0, "sorrowNum": 0, "joyNum": 0, "disgustNum": 0, "fearNum": 0, "surpriseNum": 0, "angerNum": 0, "loveRate": 0.0, "anxietyRate": 0.0, "sorrowRate": 0.0, "joyRate": 0.0, "disgustRate": 0.0, "fearRate": 0.0, "surpriseRate": 0.0, "angerRate": 0.0, "slangBeGeneralNum": 0, "slangBeCigaretteNum": 0, "slangBeHumanNum": 0, "slangBeVehicleNum": 0, "slangBeDrugNum": 0, "slangBvNum": 0, "slangBeGeneralRate": 0.0, "slangBeCigaretteRate": 0.0, "slangBeHumanRate": 0.0, "slangBeVehicleRate": 0.0, "slangBeDrugRate": 0.0, "slangBvRate": 0.0, "speechactNum": 0, "quoteNum": 0, "dashNum": 0, "publicNum": 0, "privateNum": 0, "suasiveNum": 0, "discMarkerNum": 0, "smileyNum": 0, "dateNum": 0, "hesitationNum": 0, "restartNum": 1, "repeatNum": 1, "conjBeforeDiscNum": 0, "conjAfterDiscNum": 0, "wordBeforeHesitationNum": 0, "wordAfterHesitationNum": 0, "otherCollocationNum": 0, "speechactRate": 0.0, "quoteRate": 0.0, "dashRate": 0.0, "publicRate": 0.0, "privateRate": 0.0, "suasiveRate": 0.0, "discMarkerRate": 0.0, "smileyRate": 0.0, "dateRate": 0.0, "hesitationRate": 0.0, "restartRate": 0.002583979328165375, "repeatRate": 0.002583979328165375, "conjBeforeDiscRate": 0.0, "conjAfterDiscRate": 0.0, "wordBeforeHesitationRate": 0.0, "wordAfterHesitationRate": 0.0, "otherCollocationRate": 0.0, "easyWordNum": 338, "hardWordNum": 49, "easyWordRate": 0.8733850129198967, "hardWordRate": 0.12661498708010335, "fleschReadingEaseScore": 37.891569767441894, "gunningFogIndex": 8.650645994832042, "fleschKincaidGradeLevel": 13.315413436692506, "colemanLiauIndex": 16.054563307493538, "smogIndex": 10.4301, "automatedReadabilityIndex": 14.792945736434113, "linsearWriteIndex": 2.4524834912431808, "author": "", "locationNameNum": 0, "locationNameRate": 0.0, "personNameNum": 0, "personNameRate": 0.0, "organizationNameNum": 0, "organizationNameRate": 0.0, "misspelledNum": 1, "misspelledRate": 0.002583979328165375, "missingAccentNum": 1, "missingAccentRate": 0.002583979328165375, "foreignAccentNum": 0, "foreignAccentRate": 0.0, "wordConcatNum": 0, "wordConcatRate": 0.0, "jLyMistakeNum": 0, "jLyMistakeRate": 0.0, "publicVNum": 0, "freqSuffixNum": 0, "partsNum": 134, "clauseWordNum": 54, "privateVNum": 0}