{"tokenNum": 481, "sentenceNum": 29, "lemmaNum": 230, "lemmaRate": 0.4781704781704782, "sentenceLength": 16.586206896551722, "allUpperNum": 0, "firstUpperNum": 29, "allUpperRate": 0.0, "firstUpperRate": 0.060291060291060294, "declarSentNum": 29, "imperSentNum": 0, "questionNum": 0, "declarSentRate": 1.0, "imperSentRate": 0.0, "questionRate": 0.0, "accent": true, "saturation": 3.4328358208955225, "paragraphNum": 7, "nounNum": 91, "verbNum": 67, "adjNum": 49, "infNum": 8, "partPastNum": 3, "partPresNum": 3, "partFutNum": 0, "transNum": 2, "xNum": 7, "advNum": 48, "properNounNum": 0, "numNum": 0, "conjNum": 28, "punctNum": 85, "pronNum": 28, "relPronNum": 7, "demPronNum": 28, "adposNum": 0, "multiplePunctNum": 0, "phraseNum": 0, "nounRate": 0.1891891891891892, "verbRate": 0.1392931392931393, "adjRate": 0.10187110187110188, "infRate": 0.016632016632016633, "partPastRate": 0.006237006237006237, "partPresRate": 0.006237006237006237, "partFutRate": 0.0, "transRate": 0.004158004158004158, "xRate": 0.014553014553014554, "advRate": 0.0997920997920998, "properNounRate": 0.0, "numRate": 0.0, "conjRate": 0.058212058212058215, "punctRate": 0.17671517671517672, "pronRate": 0.058212058212058215, "relPronRate": 0.014553014553014554, "demPronRate": 0.058212058212058215, "adposRate": 0.0, "multiplePunctRate": 0.0, "partsDensityRate": 3.8059701492537314, "contentfulness": 8.793103448275861, "phraseRate": 0.0, "pastTenseNum": 18, "presentTenseNum": 41, "condNum": 3, "impNum": 5, "freqNum": 0, "causNum": 0, "modalNum": 0, "sg1VerbNum": 67, "sg2VerbNum": 67, "sg3VerbNum": 67, "pl1VerbNum": 67, "pl2VerbNum": 67, "pl3VerbNum": 67, "superlatNum": 4, "comparatNum": 2, "specDerivSuffixNum": 0, "pluralNounNum": 12, "pastTenseRate": 0.26865671641791045, "presentTenseRate": 0.6119402985074627, "condRate": 0.04477611940298507, "impRate": 0.07462686567164178, "freqRate": 0.0, "causRate": 0.0, "modalRate": 0.0, "sg1VerbRate": 1.0, "sg2VerbRate": 1.0, "sg3VerbRate": 1.0, "pl1VerbRate": 1.0, "pl2VerbRate": 1.0, "pl3VerbRate": 1.0, "superlatRate": 0.08163265306122448, "comparatRate": 0.04081632653061224, "specDerivSuffixRate": 0.0, "pluralNounRate": 0.13186813186813187, "subjNum": 32, "objNum": 23, "attNum": 34, "subordNum": 27, "adverbNum": 63, "coordNum": 29, "clauseNum": 67, "simpleNum": 8, "complexNum": 21, "complexity1Num": 9, "complexity2Num": 7, "complexity3Num": 5, "compoundNum": 0, "subjRate": 0.06652806652806653, "objRate": 0.04781704781704782, "attRate": 0.07068607068607069, "subordRate": 0.056133056133056136, "adverbRate": 0.13097713097713098, "coordRate": 0.060291060291060294, "partsRate": 2.701492537313433, "clauseRate": 2.310344827586207, "simpleRate": 0.27586206896551724, "complexRate": 0.7241379310344828, "complexity1Rate": 0.3103448275862069, "complexity2Rate": 0.2413793103448276, "complexity3Rate": 0.1724137931034483, "complexClauseRate": 2.8095238095238093, "sentencesPerParagraph": 4.142857142857143, "wordsLengthRate": 5.674242424242424, "compoundRate": 0.0, "positiveNum": 0, "negativeNum": 0, "precoPositiveNum": 0, "precoNegativeNum": 0, "negemoNum": 0, "negationNum": 10, "functionNum": 226, "contentNum": 255, "vulgarNum": 0, "racistNum": 0, "specStyleNum": 0, "addressingNum": 0, "closingNum": 0, "postscriptNum": 0, "brutalNum": 0, "positiveRate": 0.0, "negativeRate": 0.0, "precoPositiveRate": 0.0, "precoNegativeRate": 0.0, "negemoRate": 0.0, "negationRate": 0.02079002079002079, "functionRate": 0.4698544698544699, "contentRate": 0.5301455301455301, "vulgarRate": 0.0, "racistRate": 0.0, "specStyleRate": 0.0, "addressingRate": 0.0, "closingRate": 0.0, "postscriptRate": 0.0, "brutalRate": 0.0, "epistemicNum": 0, "investNum": 0, "conditionNum": 0, "weaselNum": 0, "peacockNum": 0, "hedgeNum": 0, "doxasticNum": 0, "epistemicRate": 0.0, "investRate": 0.0, "conditionRate": 0.0, "weaselRate": 0.0, "peacockRate": 0.0, "hedgeRate": 0.0, "doxasticRate": 0.0, "loveNum": 0, "anxietyNum": 0, "sorrowNum": 0, "joyNum": 0, "disgustNum": 0, "fearNum": 0, "surpriseNum": 0, "angerNum": 0, "loveRate": 0.0, "anxietyRate": 0.0, "sorrowRate": 0.0, "joyRate": 0.0, "disgustRate": 0.0, "fearRate": 0.0, "surpriseRate": 0.0, "angerRate": 0.0, "slangBeGeneralNum": 0, "slangBeCigaretteNum": 0, "slangBeHumanNum": 0, "slangBeVehicleNum": 0, "slangBeDrugNum": 0, "slangBvNum": 0, "slangBeGeneralRate": 0.0, "slangBeCigaretteRate": 0.0, "slangBeHumanRate": 0.0, "slangBeVehicleRate": 0.0, "slangBeDrugRate": 0.0, "slangBvRate": 0.0, "speechactNum": 0, "quoteNum": 0, "dashNum": 0, "publicNum": 0, "privateNum": 0, "suasiveNum": 0, "discMarkerNum": 0, "smileyNum": 0, "dateNum": 0, "hesitationNum": 0, "restartNum": 0, "repeatNum": 0, "conjBeforeDiscNum": 0, "conjAfterDiscNum": 0, "wordBeforeHesitationNum": 0, "wordAfterHesitationNum": 0, "otherCollocationNum": 0, "speechactRate": 0.0, "quoteRate": 0.0, "dashRate": 0.0, "publicRate": 0.0, "privateRate": 0.0, "suasiveRate": 0.0, "discMarkerRate": 0.0, "smileyRate": 0.0, "dateRate": 0.0, "hesitationRate": 0.0, "restartRate": 0.0, "repeatRate": 0.0, "conjBeforeDiscRate": 0.0, "conjAfterDiscRate": 0.0, "wordBeforeHesitationRate": 0.0, "wordAfterHesitationRate": 0.0, "otherCollocationRate": 0.0, "easyWordNum": 445, "hardWordNum": 36, "easyWordRate": 0.9251559251559252, "hardWordRate": 0.07484407484407485, "fleschReadingEaseScore": 60.37380457380459, "gunningFogIndex": 6.6644203885583195, "fleschKincaidGradeLevel": 8.958870169904653, "colemanLiauIndex": 12.584476091476091, "smogIndex": 9.3871, "automatedReadabilityIndex": 9.561190766363183, "linsearWriteIndex": 0.95712954333644, "author": "", "locationNameNum": 0, "locationNameRate": 0.0, "personNameNum": 0, "personNameRate": 0.0, "organizationNameNum": 0, "organizationNameRate": 0.0, "misspelledNum": 2, "misspelledRate": 0.004158004158004158, "missingAccentNum": 0, "missingAccentRate": 0.0, "foreignAccentNum": 0, "foreignAccentRate": 0.0, "wordConcatNum": 1, "wordConcatRate": 0.002079002079002079, "jLyMistakeNum": 0, "jLyMistakeRate": 0.0, "publicVNum": 0, "freqSuffixNum": 0, "partsNum": 181, "clauseWordNum": 67, "privateVNum": 0}