{"tokenNum": 512, "sentenceNum": 26, "lemmaNum": 232, "lemmaRate": 0.453125, "sentenceLength": 19.692307692307693, "allUpperNum": 0, "firstUpperNum": 26, "allUpperRate": 0.0, "firstUpperRate": 0.05078125, "declarSentNum": 23, "imperSentNum": 0, "questionNum": 3, "declarSentRate": 0.8846153846153846, "imperSentRate": 0.0, "questionRate": 0.11538461538461539, "accent": true, "saturation": 3.012987012987013, "paragraphNum": 6, "nounNum": 77, "verbNum": 67, "adjNum": 49, "infNum": 8, "partPastNum": 1, "partPresNum": 6, "partFutNum": 0, "transNum": 2, "xNum": 6, "advNum": 58, "properNounNum": 0, "numNum": 1, "conjNum": 54, "punctNum": 88, "pronNum": 46, "relPronNum": 9, "demPronNum": 38, "adposNum": 3, "multiplePunctNum": 1, "phraseNum": 0, "nounRate": 0.150390625, "verbRate": 0.130859375, "adjRate": 0.095703125, "infRate": 0.015625, "partPastRate": 0.001953125, "partPresRate": 0.01171875, "partFutRate": 0.0, "transRate": 0.00390625, "xRate": 0.01171875, "advRate": 0.11328125, "properNounRate": 0.0, "numRate": 0.001953125, "conjRate": 0.10546875, "punctRate": 0.171875, "pronRate": 0.08984375, "relPronRate": 0.017578125, "demPronRate": 0.07421875, "adposRate": 0.005859375, "multiplePunctRate": 0.011363636363636364, "partsDensityRate": 3.25974025974026, "contentfulness": 9.653846153846153, "phraseRate": 0.0, "pastTenseNum": 1, "presentTenseNum": 58, "condNum": 8, "impNum": 7, "freqNum": 0, "causNum": 0, "modalNum": 4, "sg1VerbNum": 67, "sg2VerbNum": 67, "sg3VerbNum": 67, "pl1VerbNum": 67, "pl2VerbNum": 67, "pl3VerbNum": 67, "superlatNum": 1, "comparatNum": 2, "specDerivSuffixNum": 0, "pluralNounNum": 14, "pastTenseRate": 0.014925373134328358, "presentTenseRate": 0.8656716417910447, "condRate": 0.11940298507462686, "impRate": 0.1044776119402985, "freqRate": 0.0, "causRate": 0.0, "modalRate": 0.05970149253731343, "sg1VerbRate": 1.0, "sg2VerbRate": 1.0, "sg3VerbRate": 1.0, "pl1VerbRate": 1.0, "pl2VerbRate": 1.0, "pl3VerbRate": 1.0, "superlatRate": 0.02040816326530612, "comparatRate": 0.04081632653061224, "specDerivSuffixRate": 0.0, "pluralNounRate": 0.18181818181818182, "subjNum": 26, "objNum": 24, "attNum": 32, "subordNum": 34, "adverbNum": 77, "coordNum": 31, "clauseNum": 77, "simpleNum": 3, "complexNum": 23, "complexity1Num": 10, "complexity2Num": 4, "complexity3Num": 6, "compoundNum": 0, "subjRate": 0.05078125, "objRate": 0.046875, "attRate": 0.0625, "subordRate": 0.06640625, "adverbRate": 0.150390625, "coordRate": 0.060546875, "partsRate": 2.4675324675324677, "clauseRate": 2.9615384615384617, "simpleRate": 0.11538461538461539, "complexRate": 0.8846153846153846, "complexity1Rate": 0.38461538461538464, "complexity2Rate": 0.15384615384615385, "complexity3Rate": 0.23076923076923078, "complexClauseRate": 3.217391304347826, "sentencesPerParagraph": 4.333333333333333, "wordsLengthRate": 5.77122641509434, "compoundRate": 0.0, "positiveNum": 0, "negativeNum": 0, "precoPositiveNum": 0, "precoNegativeNum": 0, "negemoNum": 0, "negationNum": 9, "functionNum": 261, "contentNum": 251, "vulgarNum": 0, "racistNum": 0, "specStyleNum": 0, "addressingNum": 0, "closingNum": 0, "postscriptNum": 0, "brutalNum": 0, "positiveRate": 0.0, "negativeRate": 0.0, "precoPositiveRate": 0.0, "precoNegativeRate": 0.0, "negemoRate": 0.0, "negationRate": 0.017578125, "functionRate": 0.509765625, "contentRate": 0.490234375, "vulgarRate": 0.0, "racistRate": 0.0, "specStyleRate": 0.0, "addressingRate": 0.0, "closingRate": 0.0, "postscriptRate": 0.0, "brutalRate": 0.0, "epistemicNum": 0, "investNum": 0, "conditionNum": 0, "weaselNum": 0, "peacockNum": 0, "hedgeNum": 0, "doxasticNum": 0, "epistemicRate": 0.0, "investRate": 0.0, "conditionRate": 0.0, "weaselRate": 0.0, "peacockRate": 0.0, "hedgeRate": 0.0, "doxasticRate": 0.0, "loveNum": 0, "anxietyNum": 0, "sorrowNum": 0, "joyNum": 0, "disgustNum": 0, "fearNum": 0, "surpriseNum": 0, "angerNum": 0, "loveRate": 0.0, "anxietyRate": 0.0, "sorrowRate": 0.0, "joyRate": 0.0, "disgustRate": 0.0, "fearRate": 0.0, "surpriseRate": 0.0, "angerRate": 0.0, "slangBeGeneralNum": 0, "slangBeCigaretteNum": 0, "slangBeHumanNum": 0, "slangBeVehicleNum": 0, "slangBeDrugNum": 0, "slangBvNum": 0, "slangBeGeneralRate": 0.0, "slangBeCigaretteRate": 0.0, "slangBeHumanRate": 0.0, "slangBeVehicleRate": 0.0, "slangBeDrugRate": 0.0, "slangBvRate": 0.0, "speechactNum": 0, "quoteNum": 0, "dashNum": 0, "publicNum": 0, "privateNum": 0, "suasiveNum": 0, "discMarkerNum": 0, "smileyNum": 0, "dateNum": 0, "hesitationNum": 0, "restartNum": 0, "repeatNum": 1, "conjBeforeDiscNum": 0, "conjAfterDiscNum": 0, "wordBeforeHesitationNum": 0, "wordAfterHesitationNum": 0, "otherCollocationNum": 0, "speechactRate": 0.0, "quoteRate": 0.0, "dashRate": 0.0, "publicRate": 0.0, "privateRate": 0.0, "suasiveRate": 0.0, "discMarkerRate": 0.0, "smileyRate": 0.0, "dateRate": 0.0, "hesitationRate": 0.0, "restartRate": 0.0, "repeatRate": 0.001953125, "conjBeforeDiscRate": 0.0, "conjAfterDiscRate": 0.0, "wordBeforeHesitationRate": 0.0, "wordAfterHesitationRate": 0.0, "otherCollocationRate": 0.0, "easyWordNum": 466, "hardWordNum": 46, "easyWordRate": 0.91015625, "hardWordRate": 0.08984375, "fleschReadingEaseScore": 52.676995192307714, "gunningFogIndex": 7.9128605769230775, "fleschKincaidGradeLevel": 10.8040625, "colemanLiauIndex": 13.2472109375, "smogIndex": 10.203070172399654, "automatedReadabilityIndex": 11.644181189903847, "linsearWriteIndex": 1.24609375, "author": "", "locationNameNum": 0, "locationNameRate": 0.0, "personNameNum": 0, "personNameRate": 0.0, "organizationNameNum": 0, "organizationNameRate": 0.0, "misspelledNum": 1, "misspelledRate": 0.001953125, "missingAccentNum": 1, "missingAccentRate": 0.001953125, "foreignAccentNum": 0, "foreignAccentRate": 0.0, "wordConcatNum": 0, "wordConcatRate": 0.0, "jLyMistakeNum": 0, "jLyMistakeRate": 0.0, "publicVNum": 0, "freqSuffixNum": 0, "partsNum": 190, "clauseWordNum": 77, "privateVNum": 0}