{"tokenNum": 531, "sentenceNum": 26, "lemmaNum": 259, "lemmaRate": 0.487758945386064, "sentenceLength": 20.423076923076923, "allUpperNum": 0, "firstUpperNum": 26, "allUpperRate": 0.0, "firstUpperRate": 0.04896421845574388, "declarSentNum": 26, "imperSentNum": 0, "questionNum": 0, "declarSentRate": 1.0, "imperSentRate": 0.0, "questionRate": 0.0, "accent": true, "saturation": 3.9242424242424243, "paragraphNum": 7, "nounNum": 124, "verbNum": 53, "adjNum": 53, "infNum": 7, "partPastNum": 0, "partPresNum": 3, "partFutNum": 0, "transNum": 3, "xNum": 8, "advNum": 38, "properNounNum": 0, "numNum": 1, "conjNum": 55, "punctNum": 77, "pronNum": 34, "relPronNum": 8, "demPronNum": 24, "adposNum": 4, "multiplePunctNum": 0, "phraseNum": 0, "nounRate": 0.2335216572504708, "verbRate": 0.09981167608286252, "adjRate": 0.09981167608286252, "infRate": 0.013182674199623353, "partPastRate": 0.0, "partPresRate": 0.005649717514124294, "partFutRate": 0.0, "transRate": 0.005649717514124294, "xRate": 0.015065913370998116, "advRate": 0.07156308851224105, "properNounRate": 0.0, "numRate": 0.0018832391713747645, "conjRate": 0.10357815442561205, "punctRate": 0.14500941619585686, "pronRate": 0.064030131826742, "relPronRate": 0.015065913370998116, "demPronRate": 0.04519774011299435, "adposRate": 0.007532956685499058, "multiplePunctRate": 0.0, "partsDensityRate": 4.0606060606060606, "contentfulness": 10.307692307692308, "phraseRate": 0.0, "pastTenseNum": 0, "presentTenseNum": 46, "condNum": 2, "impNum": 7, "freqNum": 0, "causNum": 0, "modalNum": 0, "sg1VerbNum": 53, "sg2VerbNum": 53, "sg3VerbNum": 53, "pl1VerbNum": 53, "pl2VerbNum": 53, "pl3VerbNum": 53, "superlatNum": 1, "comparatNum": 0, "specDerivSuffixNum": 0, "pluralNounNum": 23, "pastTenseRate": 0.0, "presentTenseRate": 0.8679245283018868, "condRate": 0.03773584905660377, "impRate": 0.1320754716981132, "freqRate": 0.0, "causRate": 0.0, "modalRate": 0.0, "sg1VerbRate": 1.0, "sg2VerbRate": 1.0, "sg3VerbRate": 1.0, "pl1VerbRate": 1.0, "pl2VerbRate": 1.0, "pl3VerbRate": 1.0, "superlatRate": 0.018867924528301886, "comparatRate": 0.0, "specDerivSuffixRate": 0.0, "pluralNounRate": 0.18548387096774194, "subjNum": 38, "objNum": 30, "attNum": 36, "subordNum": 24, "adverbNum": 47, "coordNum": 35, "clauseNum": 66, "simpleNum": 4, "complexNum": 22, "complexity1Num": 8, "complexity2Num": 11, "complexity3Num": 2, "compoundNum": 0, "subjRate": 0.07156308851224105, "objRate": 0.05649717514124294, "attRate": 0.06779661016949153, "subordRate": 0.04519774011299435, "adverbRate": 0.08851224105461393, "coordRate": 0.06591337099811675, "partsRate": 2.8181818181818183, "clauseRate": 2.5384615384615383, "simpleRate": 0.15384615384615385, "complexRate": 0.8461538461538461, "complexity1Rate": 0.3076923076923077, "complexity2Rate": 0.4230769230769231, "complexity3Rate": 0.07692307692307693, "complexClauseRate": 2.8181818181818183, "sentencesPerParagraph": 3.7142857142857144, "wordsLengthRate": 5.920704845814978, "compoundRate": 0.0, "positiveNum": 0, "negativeNum": 0, "precoPositiveNum": 0, "precoNegativeNum": 0, "negemoNum": 0, "negationNum": 7, "functionNum": 263, "contentNum": 268, "vulgarNum": 0, "racistNum": 0, "specStyleNum": 0, "addressingNum": 0, "closingNum": 0, "postscriptNum": 0, "brutalNum": 0, "positiveRate": 0.0, "negativeRate": 0.0, "precoPositiveRate": 0.0, "precoNegativeRate": 0.0, "negemoRate": 0.0, "negationRate": 0.013182674199623353, "functionRate": 0.4952919020715631, "contentRate": 0.504708097928437, "vulgarRate": 0.0, "racistRate": 0.0, "specStyleRate": 0.0, "addressingRate": 0.0, "closingRate": 0.0, "postscriptRate": 0.0, "brutalRate": 0.0, "epistemicNum": 0, "investNum": 0, "conditionNum": 0, "weaselNum": 0, "peacockNum": 0, "hedgeNum": 0, "doxasticNum": 0, "epistemicRate": 0.0, "investRate": 0.0, "conditionRate": 0.0, "weaselRate": 0.0, "peacockRate": 0.0, "hedgeRate": 0.0, "doxasticRate": 0.0, "loveNum": 0, "anxietyNum": 0, "sorrowNum": 0, "joyNum": 0, "disgustNum": 0, "fearNum": 0, "surpriseNum": 0, "angerNum": 0, "loveRate": 0.0, "anxietyRate": 0.0, "sorrowRate": 0.0, "joyRate": 0.0, "disgustRate": 0.0, "fearRate": 0.0, "surpriseRate": 0.0, "angerRate": 0.0, "slangBeGeneralNum": 0, "slangBeCigaretteNum": 0, "slangBeHumanNum": 0, "slangBeVehicleNum": 0, "slangBeDrugNum": 0, "slangBvNum": 0, "slangBeGeneralRate": 0.0, "slangBeCigaretteRate": 0.0, "slangBeHumanRate": 0.0, "slangBeVehicleRate": 0.0, "slangBeDrugRate": 0.0, "slangBvRate": 0.0, "speechactNum": 0, "quoteNum": 2, "dashNum": 0, "publicNum": 0, "privateNum": 0, "suasiveNum": 0, "discMarkerNum": 0, "smileyNum": 0, "dateNum": 0, "hesitationNum": 0, "restartNum": 0, "repeatNum": 0, "conjBeforeDiscNum": 0, "conjAfterDiscNum": 0, "wordBeforeHesitationNum": 0, "wordAfterHesitationNum": 0, "otherCollocationNum": 0, "speechactRate": 0.0, "quoteRate": 0.003766478342749529, "dashRate": 0.0, "publicRate": 0.0, "privateRate": 0.0, "suasiveRate": 0.0, "discMarkerRate": 0.0, "smileyRate": 0.0, "dateRate": 0.0, "hesitationRate": 0.0, "restartRate": 0.0, "repeatRate": 0.0, "conjBeforeDiscRate": 0.0, "conjAfterDiscRate": 0.0, "wordBeforeHesitationRate": 0.0, "wordAfterHesitationRate": 0.0, "otherCollocationRate": 0.0, "easyWordNum": 482, "hardWordNum": 49, "easyWordRate": 0.9077212806026366, "hardWordRate": 0.09227871939736347, "fleschReadingEaseScore": 41.122526075619334, "gunningFogIndex": 8.206142256989715, "fleschKincaidGradeLevel": 12.597222222222221, "colemanLiauIndex": 14.703619585687385, "smogIndex": 10.4301, "automatedReadabilityIndex": 13.1741938287701, "linsearWriteIndex": 1.2490221642764014, "author": "", "locationNameNum": 0, "locationNameRate": 0.0, "personNameNum": 0, "personNameRate": 0.0, "organizationNameNum": 0, "organizationNameRate": 0.0, "misspelledNum": 4, "misspelledRate": 0.007532956685499058, "missingAccentNum": 2, "missingAccentRate": 0.003766478342749529, "foreignAccentNum": 0, "foreignAccentRate": 0.0, "wordConcatNum": 0, "wordConcatRate": 0.0, "jLyMistakeNum": 0, "jLyMistakeRate": 0.0, "publicVNum": 0, "freqSuffixNum": 0, "partsNum": 186, "clauseWordNum": 66, "privateVNum": 0}