{"tokenNum": 469, "sentenceNum": 28, "lemmaNum": 205, "lemmaRate": 0.43710021321961623, "sentenceLength": 16.75, "allUpperNum": 0, "firstUpperNum": 28, "allUpperRate": 0.0, "firstUpperRate": 0.05970149253731343, "declarSentNum": 26, "imperSentNum": 0, "questionNum": 2, "declarSentRate": 0.9285714285714286, "imperSentRate": 0.0, "questionRate": 0.07142857142857142, "accent": true, "saturation": 3.203125, "paragraphNum": 6, "nounNum": 108, "verbNum": 48, "adjNum": 60, "infNum": 7, "partPastNum": 1, "partPresNum": 1, "partFutNum": 0, "transNum": 2, "xNum": 6, "advNum": 31, "properNounNum": 0, "numNum": 4, "conjNum": 48, "punctNum": 75, "pronNum": 29, "relPronNum": 9, "demPronNum": 16, "adposNum": 0, "multiplePunctNum": 0, "phraseNum": 0, "nounRate": 0.2302771855010661, "verbRate": 0.1023454157782516, "adjRate": 0.1279317697228145, "infRate": 0.014925373134328358, "partPastRate": 0.0021321961620469083, "partPresRate": 0.0021321961620469083, "partFutRate": 0.0, "transRate": 0.0042643923240938165, "xRate": 0.01279317697228145, "advRate": 0.06609808102345416, "properNounRate": 0.0, "numRate": 0.008528784648187633, "conjRate": 0.1023454157782516, "punctRate": 0.15991471215351813, "pronRate": 0.06183368869936034, "relPronRate": 0.019189765458422176, "demPronRate": 0.03411513859275053, "adposRate": 0.0, "multiplePunctRate": 0.0, "partsDensityRate": 3.859375, "contentfulness": 8.821428571428571, "phraseRate": 0.0, "pastTenseNum": 0, "presentTenseNum": 41, "condNum": 1, "impNum": 6, "freqNum": 0, "causNum": 0, "modalNum": 4, "sg1VerbNum": 48, "sg2VerbNum": 48, "sg3VerbNum": 48, "pl1VerbNum": 48, "pl2VerbNum": 48, "pl3VerbNum": 48, "superlatNum": 0, "comparatNum": 4, "specDerivSuffixNum": 0, "pluralNounNum": 15, "pastTenseRate": 0.0, "presentTenseRate": 0.8541666666666666, "condRate": 0.020833333333333332, "impRate": 0.125, "freqRate": 0.0, "causRate": 0.0, "modalRate": 0.08333333333333333, "sg1VerbRate": 1.0, "sg2VerbRate": 1.0, "sg3VerbRate": 1.0, "pl1VerbRate": 1.0, "pl2VerbRate": 1.0, "pl3VerbRate": 1.0, "superlatRate": 0.0, "comparatRate": 0.06666666666666667, "specDerivSuffixRate": 0.0, "pluralNounRate": 0.1388888888888889, "subjNum": 42, "objNum": 16, "attNum": 36, "subordNum": 22, "adverbNum": 49, "coordNum": 28, "clauseNum": 64, "simpleNum": 11, "complexNum": 17, "complexity1Num": 9, "complexity2Num": 1, "complexity3Num": 5, "compoundNum": 0, "subjRate": 0.08955223880597014, "objRate": 0.03411513859275053, "attRate": 0.0767590618336887, "subordRate": 0.046908315565031986, "adverbRate": 0.1044776119402985, "coordRate": 0.05970149253731343, "partsRate": 2.671875, "clauseRate": 2.2857142857142856, "simpleRate": 0.39285714285714285, "complexRate": 0.6071428571428571, "complexity1Rate": 0.32142857142857145, "complexity2Rate": 0.03571428571428571, "complexity3Rate": 0.17857142857142858, "complexClauseRate": 3.1176470588235294, "sentencesPerParagraph": 4.666666666666667, "wordsLengthRate": 5.723350253807107, "compoundRate": 0.0, "positiveNum": 0, "negativeNum": 0, "precoPositiveNum": 0, "precoNegativeNum": 0, "negemoNum": 0, "negationNum": 4, "functionNum": 222, "contentNum": 247, "vulgarNum": 0, "racistNum": 0, "specStyleNum": 0, "addressingNum": 0, "closingNum": 0, "postscriptNum": 0, "brutalNum": 0, "positiveRate": 0.0, "negativeRate": 0.0, "precoPositiveRate": 0.0, "precoNegativeRate": 0.0, "negemoRate": 0.0, "negationRate": 0.008528784648187633, "functionRate": 0.47334754797441364, "contentRate": 0.5266524520255863, "vulgarRate": 0.0, "racistRate": 0.0, "specStyleRate": 0.0, "addressingRate": 0.0, "closingRate": 0.0, "postscriptRate": 0.0, "brutalRate": 0.0, "epistemicNum": 0, "investNum": 0, "conditionNum": 0, "weaselNum": 0, "peacockNum": 0, "hedgeNum": 0, "doxasticNum": 0, "epistemicRate": 0.0, "investRate": 0.0, "conditionRate": 0.0, "weaselRate": 0.0, "peacockRate": 0.0, "hedgeRate": 0.0, "doxasticRate": 0.0, "loveNum": 0, "anxietyNum": 0, "sorrowNum": 0, "joyNum": 0, "disgustNum": 0, "fearNum": 0, "surpriseNum": 0, "angerNum": 0, "loveRate": 0.0, "anxietyRate": 0.0, "sorrowRate": 0.0, "joyRate": 0.0, "disgustRate": 0.0, "fearRate": 0.0, "surpriseRate": 0.0, "angerRate": 0.0, "slangBeGeneralNum": 0, "slangBeCigaretteNum": 0, "slangBeHumanNum": 0, "slangBeVehicleNum": 0, "slangBeDrugNum": 0, "slangBvNum": 0, "slangBeGeneralRate": 0.0, "slangBeCigaretteRate": 0.0, "slangBeHumanRate": 0.0, "slangBeVehicleRate": 0.0, "slangBeDrugRate": 0.0, "slangBvRate": 0.0, "speechactNum": 0, "quoteNum": 0, "dashNum": 0, "publicNum": 0, "privateNum": 0, "suasiveNum": 0, "discMarkerNum": 0, "smileyNum": 0, "dateNum": 0, "hesitationNum": 0, "restartNum": 0, "repeatNum": 1, "conjBeforeDiscNum": 0, "conjAfterDiscNum": 0, "wordBeforeHesitationNum": 0, "wordAfterHesitationNum": 0, "otherCollocationNum": 0, "speechactRate": 0.0, "quoteRate": 0.0, "dashRate": 0.0, "publicRate": 0.0, "privateRate": 0.0, "suasiveRate": 0.0, "discMarkerRate": 0.0, "smileyRate": 0.0, "dateRate": 0.0, "hesitationRate": 0.0, "restartRate": 0.0, "repeatRate": 0.0021321961620469083, "conjBeforeDiscRate": 0.0, "conjAfterDiscRate": 0.0, "wordBeforeHesitationRate": 0.0, "wordAfterHesitationRate": 0.0, "otherCollocationRate": 0.0, "easyWordNum": 437, "hardWordNum": 32, "easyWordRate": 0.9317697228144989, "hardWordRate": 0.06823027718550106, "fleschReadingEaseScore": 50.938227611940306, "gunningFogIndex": 6.727292110874202, "fleschKincaidGradeLevel": 10.315634328358211, "colemanLiauIndex": 13.310737739872064, "smogIndex": 9.029198982220553, "automatedReadabilityIndex": 10.223848614072494, "linsearWriteIndex": 1.0065488882120013, "author": "", "locationNameNum": 0, "locationNameRate": 0.0, "personNameNum": 0, "personNameRate": 0.0, "organizationNameNum": 0, "organizationNameRate": 0.0, "misspelledNum": 1, "misspelledRate": 0.0021321961620469083, "missingAccentNum": 0, "missingAccentRate": 0.0, "foreignAccentNum": 0, "foreignAccentRate": 0.0, "wordConcatNum": 0, "wordConcatRate": 0.0, "jLyMistakeNum": 0, "jLyMistakeRate": 0.0, "publicVNum": 0, "freqSuffixNum": 0, "partsNum": 171, "clauseWordNum": 64, "privateVNum": 0}