{"tokenNum": 390, "sentenceNum": 21, "lemmaNum": 200, "lemmaRate": 0.5128205128205128, "sentenceLength": 18.571428571428573, "allUpperNum": 0, "firstUpperNum": 21, "allUpperRate": 0.0, "firstUpperRate": 0.05384615384615385, "declarSentNum": 19, "imperSentNum": 1, "questionNum": 1, "declarSentRate": 0.9047619047619048, "imperSentRate": 0.047619047619047616, "questionRate": 0.047619047619047616, "accent": true, "saturation": 4.0, "paragraphNum": 5, "nounNum": 75, "verbNum": 46, "adjNum": 53, "infNum": 4, "partPastNum": 1, "partPresNum": 8, "partFutNum": 0, "transNum": 1, "xNum": 5, "advNum": 37, "properNounNum": 0, "numNum": 0, "conjNum": 34, "punctNum": 60, "pronNum": 28, "relPronNum": 8, "demPronNum": 21, "adposNum": 2, "multiplePunctNum": 0, "phraseNum": 0, "nounRate": 0.19230769230769232, "verbRate": 0.11794871794871795, "adjRate": 0.1358974358974359, "infRate": 0.010256410256410256, "partPastRate": 0.002564102564102564, "partPresRate": 0.020512820512820513, "partFutRate": 0.0, "transRate": 0.002564102564102564, "xRate": 0.01282051282051282, "advRate": 0.09487179487179487, "properNounRate": 0.0, "numRate": 0.0, "conjRate": 0.08717948717948718, "punctRate": 0.15384615384615385, "pronRate": 0.07179487179487179, "relPronRate": 0.020512820512820513, "demPronRate": 0.05384615384615385, "adposRate": 0.005128205128205128, "multiplePunctRate": 0.0, "partsDensityRate": 4.22, "contentfulness": 10.047619047619047, "phraseRate": 0.0, "pastTenseNum": 5, "presentTenseNum": 37, "condNum": 5, "impNum": 3, "freqNum": 0, "causNum": 0, "modalNum": 2, "sg1VerbNum": 46, "sg2VerbNum": 46, "sg3VerbNum": 46, "pl1VerbNum": 46, "pl2VerbNum": 46, "pl3VerbNum": 46, "superlatNum": 3, "comparatNum": 4, "specDerivSuffixNum": 0, "pluralNounNum": 19, "pastTenseRate": 0.10869565217391304, "presentTenseRate": 0.8043478260869565, "condRate": 0.10869565217391304, "impRate": 0.06521739130434782, "freqRate": 0.0, "causRate": 0.0, "modalRate": 0.043478260869565216, "sg1VerbRate": 1.0, "sg2VerbRate": 1.0, "sg3VerbRate": 1.0, "pl1VerbRate": 1.0, "pl2VerbRate": 1.0, "pl3VerbRate": 1.0, "superlatRate": 0.05660377358490566, "comparatRate": 0.07547169811320754, "specDerivSuffixRate": 0.0, "pluralNounRate": 0.25333333333333335, "subjNum": 25, "objNum": 20, "attNum": 27, "subordNum": 22, "adverbNum": 51, "coordNum": 23, "clauseNum": 50, "simpleNum": 5, "complexNum": 16, "complexity1Num": 8, "complexity2Num": 3, "complexity3Num": 5, "compoundNum": 0, "subjRate": 0.0641025641025641, "objRate": 0.05128205128205128, "attRate": 0.06923076923076923, "subordRate": 0.05641025641025641, "adverbRate": 0.13076923076923078, "coordRate": 0.05897435897435897, "partsRate": 2.92, "clauseRate": 2.380952380952381, "simpleRate": 0.23809523809523808, "complexRate": 0.7619047619047619, "complexity1Rate": 0.38095238095238093, "complexity2Rate": 0.14285714285714285, "complexity3Rate": 0.23809523809523808, "complexClauseRate": 2.8125, "sentencesPerParagraph": 4.2, "wordsLengthRate": 6.306060606060606, "compoundRate": 0.0, "positiveNum": 0, "negativeNum": 0, "precoPositiveNum": 0, "precoNegativeNum": 0, "negemoNum": 0, "negationNum": 4, "functionNum": 179, "contentNum": 211, "vulgarNum": 0, "racistNum": 0, "specStyleNum": 0, "addressingNum": 0, "closingNum": 0, "postscriptNum": 0, "brutalNum": 0, "positiveRate": 0.0, "negativeRate": 0.0, "precoPositiveRate": 0.0, "precoNegativeRate": 0.0, "negemoRate": 0.0, "negationRate": 0.010256410256410256, "functionRate": 0.45897435897435895, "contentRate": 0.541025641025641, "vulgarRate": 0.0, "racistRate": 0.0, "specStyleRate": 0.0, "addressingRate": 0.0, "closingRate": 0.0, "postscriptRate": 0.0, "brutalRate": 0.0, "epistemicNum": 0, "investNum": 0, "conditionNum": 0, "weaselNum": 0, "peacockNum": 0, "hedgeNum": 0, "doxasticNum": 0, "epistemicRate": 0.0, "investRate": 0.0, "conditionRate": 0.0, "weaselRate": 0.0, "peacockRate": 0.0, "hedgeRate": 0.0, "doxasticRate": 0.0, "loveNum": 0, "anxietyNum": 0, "sorrowNum": 0, "joyNum": 0, "disgustNum": 0, "fearNum": 0, "surpriseNum": 0, "angerNum": 0, "loveRate": 0.0, "anxietyRate": 0.0, "sorrowRate": 0.0, "joyRate": 0.0, "disgustRate": 0.0, "fearRate": 0.0, "surpriseRate": 0.0, "angerRate": 0.0, "slangBeGeneralNum": 0, "slangBeCigaretteNum": 0, "slangBeHumanNum": 0, "slangBeVehicleNum": 0, "slangBeDrugNum": 0, "slangBvNum": 0, "slangBeGeneralRate": 0.0, "slangBeCigaretteRate": 0.0, "slangBeHumanRate": 0.0, "slangBeVehicleRate": 0.0, "slangBeDrugRate": 0.0, "slangBvRate": 0.0, "speechactNum": 0, "quoteNum": 0, "dashNum": 0, "publicNum": 0, "privateNum": 0, "suasiveNum": 0, "discMarkerNum": 0, "smileyNum": 0, "dateNum": 0, "hesitationNum": 0, "restartNum": 0, "repeatNum": 0, "conjBeforeDiscNum": 0, "conjAfterDiscNum": 0, "wordBeforeHesitationNum": 0, "wordAfterHesitationNum": 0, "otherCollocationNum": 0, "speechactRate": 0.0, "quoteRate": 0.0, "dashRate": 0.0, "publicRate": 0.0, "privateRate": 0.0, "suasiveRate": 0.0, "discMarkerRate": 0.0, "smileyRate": 0.0, "dateRate": 0.0, "hesitationRate": 0.0, "restartRate": 0.0, "repeatRate": 0.0, "conjBeforeDiscRate": 0.0, "conjAfterDiscRate": 0.0, "wordBeforeHesitationRate": 0.0, "wordAfterHesitationRate": 0.0, "otherCollocationRate": 0.0, "easyWordNum": 344, "hardWordNum": 46, "easyWordRate": 0.882051282051282, "hardWordRate": 0.11794871794871795, "fleschReadingEaseScore": 40.26038461538465, "gunningFogIndex": 7.4757509157509165, "fleschKincaidGradeLevel": 12.25747252747253, "colemanLiauIndex": 16.383402564102557, "smogIndex": 10.203070172399654, "automatedReadabilityIndex": 13.591637362637364, "linsearWriteIndex": 1.9120879120879115, "author": "", "locationNameNum": 0, "locationNameRate": 0.0, "personNameNum": 0, "personNameRate": 0.0, "organizationNameNum": 0, "organizationNameRate": 0.0, "misspelledNum": 1, "misspelledRate": 0.002564102564102564, "missingAccentNum": 0, "missingAccentRate": 0.0, "foreignAccentNum": 0, "foreignAccentRate": 0.0, "wordConcatNum": 0, "wordConcatRate": 0.0, "jLyMistakeNum": 0, "jLyMistakeRate": 0.0, "publicVNum": 0, "freqSuffixNum": 0, "partsNum": 146, "clauseWordNum": 50, "privateVNum": 0}