{"tokenNum": 392, "sentenceNum": 20, "lemmaNum": 197, "lemmaRate": 0.5025510204081632, "sentenceLength": 19.6, "allUpperNum": 0, "firstUpperNum": 20, "allUpperRate": 0.0, "firstUpperRate": 0.05102040816326531, "declarSentNum": 19, "imperSentNum": 0, "questionNum": 1, "declarSentRate": 0.95, "imperSentRate": 0.0, "questionRate": 0.05, "accent": true, "saturation": 3.6481481481481484, "paragraphNum": 4, "nounNum": 70, "verbNum": 53, "adjNum": 62, "infNum": 10, "partPastNum": 2, "partPresNum": 5, "partFutNum": 0, "transNum": 0, "xNum": 4, "advNum": 30, "properNounNum": 0, "numNum": 0, "conjNum": 34, "punctNum": 58, "pronNum": 25, "relPronNum": 7, "demPronNum": 19, "adposNum": 6, "multiplePunctNum": 0, "phraseNum": 0, "nounRate": 0.17857142857142858, "verbRate": 0.13520408163265307, "adjRate": 0.15816326530612246, "infRate": 0.025510204081632654, "partPastRate": 0.00510204081632653, "partPresRate": 0.012755102040816327, "partFutRate": 0.0, "transRate": 0.0, "xRate": 0.01020408163265306, "advRate": 0.07653061224489796, "properNounRate": 0.0, "numRate": 0.0, "conjRate": 0.08673469387755102, "punctRate": 0.14795918367346939, "pronRate": 0.06377551020408163, "relPronRate": 0.017857142857142856, "demPronRate": 0.04846938775510204, "adposRate": 0.015306122448979591, "multiplePunctRate": 0.0, "partsDensityRate": 3.9814814814814814, "contentfulness": 10.75, "phraseRate": 0.0, "pastTenseNum": 2, "presentTenseNum": 41, "condNum": 2, "impNum": 3, "freqNum": 0, "causNum": 0, "modalNum": 5, "sg1VerbNum": 53, "sg2VerbNum": 53, "sg3VerbNum": 53, "pl1VerbNum": 53, "pl2VerbNum": 53, "pl3VerbNum": 53, "superlatNum": 0, "comparatNum": 1, "specDerivSuffixNum": 0, "pluralNounNum": 16, "pastTenseRate": 0.03773584905660377, "presentTenseRate": 0.7735849056603774, "condRate": 0.03773584905660377, "impRate": 0.05660377358490566, "freqRate": 0.0, "causRate": 0.0, "modalRate": 0.09433962264150944, "sg1VerbRate": 1.0, "sg2VerbRate": 1.0, "sg3VerbRate": 1.0, "pl1VerbRate": 1.0, "pl2VerbRate": 1.0, "pl3VerbRate": 1.0, "superlatRate": 0.0, "comparatRate": 0.016129032258064516, "specDerivSuffixRate": 0.0, "pluralNounRate": 0.22857142857142856, "subjNum": 27, "objNum": 22, "attNum": 41, "subordNum": 16, "adverbNum": 36, "coordNum": 20, "clauseNum": 54, "simpleNum": 3, "complexNum": 17, "complexity1Num": 8, "complexity2Num": 3, "complexity3Num": 4, "compoundNum": 0, "subjRate": 0.06887755102040816, "objRate": 0.05612244897959184, "attRate": 0.10459183673469388, "subordRate": 0.04081632653061224, "adverbRate": 0.09183673469387756, "coordRate": 0.05102040816326531, "partsRate": 2.7037037037037037, "clauseRate": 2.7, "simpleRate": 0.15, "complexRate": 0.85, "complexity1Rate": 0.4, "complexity2Rate": 0.15, "complexity3Rate": 0.2, "complexClauseRate": 3.0, "sentencesPerParagraph": 5.0, "wordsLengthRate": 6.296407185628743, "compoundRate": 0.0, "positiveNum": 0, "negativeNum": 0, "precoPositiveNum": 0, "precoNegativeNum": 0, "negemoNum": 0, "negationNum": 4, "functionNum": 177, "contentNum": 215, "vulgarNum": 0, "racistNum": 0, "specStyleNum": 0, "addressingNum": 0, "closingNum": 0, "postscriptNum": 0, "brutalNum": 0, "positiveRate": 0.0, "negativeRate": 0.0, "precoPositiveRate": 0.0, "precoNegativeRate": 0.0, "negemoRate": 0.0, "negationRate": 0.01020408163265306, "functionRate": 0.45153061224489793, "contentRate": 0.548469387755102, "vulgarRate": 0.0, "racistRate": 0.0, "specStyleRate": 0.0, "addressingRate": 0.0, "closingRate": 0.0, "postscriptRate": 0.0, "brutalRate": 0.0, "epistemicNum": 0, "investNum": 0, "conditionNum": 0, "weaselNum": 0, "peacockNum": 0, "hedgeNum": 0, "doxasticNum": 0, "epistemicRate": 0.0, "investRate": 0.0, "conditionRate": 0.0, "weaselRate": 0.0, "peacockRate": 0.0, "hedgeRate": 0.0, "doxasticRate": 0.0, "loveNum": 0, "anxietyNum": 0, "sorrowNum": 0, "joyNum": 0, "disgustNum": 0, "fearNum": 0, "surpriseNum": 0, "angerNum": 0, "loveRate": 0.0, "anxietyRate": 0.0, "sorrowRate": 0.0, "joyRate": 0.0, "disgustRate": 0.0, "fearRate": 0.0, "surpriseRate": 0.0, "angerRate": 0.0, "slangBeGeneralNum": 0, "slangBeCigaretteNum": 0, "slangBeHumanNum": 0, "slangBeVehicleNum": 0, "slangBeDrugNum": 0, "slangBvNum": 0, "slangBeGeneralRate": 0.0, "slangBeCigaretteRate": 0.0, "slangBeHumanRate": 0.0, "slangBeVehicleRate": 0.0, "slangBeDrugRate": 0.0, "slangBvRate": 0.0, "speechactNum": 0, "quoteNum": 0, "dashNum": 0, "publicNum": 0, "privateNum": 0, "suasiveNum": 0, "discMarkerNum": 0, "smileyNum": 0, "dateNum": 0, "hesitationNum": 0, "restartNum": 0, "repeatNum": 1, "conjBeforeDiscNum": 0, "conjAfterDiscNum": 0, "wordBeforeHesitationNum": 0, "wordAfterHesitationNum": 0, "otherCollocationNum": 0, "speechactRate": 0.0, "quoteRate": 0.0, "dashRate": 0.0, "publicRate": 0.0, "privateRate": 0.0, "suasiveRate": 0.0, "discMarkerRate": 0.0, "smileyRate": 0.0, "dateRate": 0.0, "hesitationRate": 0.0, "restartRate": 0.0, "repeatRate": 0.002551020408163265, "conjBeforeDiscRate": 0.0, "conjAfterDiscRate": 0.0, "wordBeforeHesitationRate": 0.0, "wordAfterHesitationRate": 0.0, "otherCollocationRate": 0.0, "easyWordNum": 339, "hardWordNum": 53, "easyWordRate": 0.8647959183673469, "hardWordRate": 0.13520408163265307, "fleschReadingEaseScore": 31.12161224489796, "gunningFogIndex": 7.894081632653062, "fleschKincaidGradeLevel": 13.787673469387759, "colemanLiauIndex": 16.549770408163266, "smogIndex": 10.72225461451958, "automatedReadabilityIndex": 14.238954081632649, "linsearWriteIndex": 2.150510204081633, "author": "", "locationNameNum": 0, "locationNameRate": 0.0, "personNameNum": 0, "personNameRate": 0.0, "organizationNameNum": 0, "organizationNameRate": 0.0, "misspelledNum": 5, "misspelledRate": 0.012755102040816327, "missingAccentNum": 0, "missingAccentRate": 0.0, "foreignAccentNum": 4, "foreignAccentRate": 0.01020408163265306, "wordConcatNum": 0, "wordConcatRate": 0.0, "jLyMistakeNum": 0, "jLyMistakeRate": 0.0, "publicVNum": 0, "freqSuffixNum": 0, "partsNum": 146, "clauseWordNum": 54, "privateVNum": 0}