{"tokenNum": 465, "sentenceNum": 31, "lemmaNum": 181, "lemmaRate": 0.38924731182795697, "sentenceLength": 15.0, "allUpperNum": 0, "firstUpperNum": 31, "allUpperRate": 0.0, "firstUpperRate": 0.06666666666666667, "declarSentNum": 31, "imperSentNum": 0, "questionNum": 0, "declarSentRate": 1.0, "imperSentRate": 0.0, "questionRate": 0.0, "accent": true, "saturation": 2.585714285714286, "paragraphNum": 6, "nounNum": 79, "verbNum": 58, "adjNum": 44, "infNum": 7, "partPastNum": 0, "partPresNum": 4, "partFutNum": 0, "transNum": 3, "xNum": 6, "advNum": 48, "properNounNum": 0, "numNum": 3, "conjNum": 35, "punctNum": 96, "pronNum": 36, "relPronNum": 12, "demPronNum": 21, "adposNum": 4, "multiplePunctNum": 0, "phraseNum": 0, "nounRate": 0.16989247311827957, "verbRate": 0.12473118279569892, "adjRate": 0.09462365591397849, "infRate": 0.015053763440860216, "partPastRate": 0.0, "partPresRate": 0.008602150537634409, "partFutRate": 0.0, "transRate": 0.0064516129032258064, "xRate": 0.012903225806451613, "advRate": 0.1032258064516129, "properNounRate": 0.0, "numRate": 0.0064516129032258064, "conjRate": 0.07526881720430108, "punctRate": 0.2064516129032258, "pronRate": 0.07741935483870968, "relPronRate": 0.025806451612903226, "demPronRate": 0.04516129032258064, "adposRate": 0.008602150537634409, "multiplePunctRate": 0.0, "partsDensityRate": 3.2714285714285714, "contentfulness": 7.387096774193548, "phraseRate": 0.0, "pastTenseNum": 13, "presentTenseNum": 38, "condNum": 0, "impNum": 5, "freqNum": 0, "causNum": 0, "modalNum": 4, "sg1VerbNum": 58, "sg2VerbNum": 58, "sg3VerbNum": 58, "pl1VerbNum": 58, "pl2VerbNum": 58, "pl3VerbNum": 58, "superlatNum": 1, "comparatNum": 0, "specDerivSuffixNum": 0, "pluralNounNum": 14, "pastTenseRate": 0.22413793103448276, "presentTenseRate": 0.6551724137931034, "condRate": 0.0, "impRate": 0.08620689655172414, "freqRate": 0.0, "causRate": 0.0, "modalRate": 0.06896551724137931, "sg1VerbRate": 1.0, "sg2VerbRate": 1.0, "sg3VerbRate": 1.0, "pl1VerbRate": 1.0, "pl2VerbRate": 1.0, "pl3VerbRate": 1.0, "superlatRate": 0.022727272727272728, "comparatRate": 0.0, "specDerivSuffixRate": 0.0, "pluralNounRate": 0.17721518987341772, "subjNum": 33, "objNum": 30, "attNum": 14, "subordNum": 21, "adverbNum": 58, "coordNum": 38, "clauseNum": 70, "simpleNum": 8, "complexNum": 23, "complexity1Num": 15, "complexity2Num": 4, "complexity3Num": 2, "compoundNum": 0, "subjRate": 0.07096774193548387, "objRate": 0.06451612903225806, "attRate": 0.030107526881720432, "subordRate": 0.04516129032258064, "adverbRate": 0.12473118279569892, "coordRate": 0.08172043010752689, "partsRate": 2.4714285714285715, "clauseRate": 2.2580645161290325, "simpleRate": 0.25806451612903225, "complexRate": 0.7419354838709677, "complexity1Rate": 0.4838709677419355, "complexity2Rate": 0.12903225806451613, "complexity3Rate": 0.06451612903225806, "complexClauseRate": 2.6956521739130435, "sentencesPerParagraph": 5.166666666666667, "wordsLengthRate": 5.7289972899729, "compoundRate": 0.0, "positiveNum": 0, "negativeNum": 0, "precoPositiveNum": 0, "precoNegativeNum": 0, "negemoNum": 0, "negationNum": 10, "functionNum": 236, "contentNum": 229, "vulgarNum": 0, "racistNum": 0, "specStyleNum": 0, "addressingNum": 0, "closingNum": 0, "postscriptNum": 0, "brutalNum": 0, "positiveRate": 0.0, "negativeRate": 0.0, "precoPositiveRate": 0.0, "precoNegativeRate": 0.0, "negemoRate": 0.0, "negationRate": 0.021505376344086023, "functionRate": 0.5075268817204301, "contentRate": 0.4924731182795699, "vulgarRate": 0.0, "racistRate": 0.0, "specStyleRate": 0.0, "addressingRate": 0.0, "closingRate": 0.0, "postscriptRate": 0.0, "brutalRate": 0.0, "epistemicNum": 0, "investNum": 0, "conditionNum": 0, "weaselNum": 0, "peacockNum": 0, "hedgeNum": 0, "doxasticNum": 0, "epistemicRate": 0.0, "investRate": 0.0, "conditionRate": 0.0, "weaselRate": 0.0, "peacockRate": 0.0, "hedgeRate": 0.0, "doxasticRate": 0.0, "loveNum": 0, "anxietyNum": 0, "sorrowNum": 0, "joyNum": 0, "disgustNum": 0, "fearNum": 0, "surpriseNum": 0, "angerNum": 0, "loveRate": 0.0, "anxietyRate": 0.0, "sorrowRate": 0.0, "joyRate": 0.0, "disgustRate": 0.0, "fearRate": 0.0, "surpriseRate": 0.0, "angerRate": 0.0, "slangBeGeneralNum": 0, "slangBeCigaretteNum": 0, "slangBeHumanNum": 0, "slangBeVehicleNum": 0, "slangBeDrugNum": 0, "slangBvNum": 0, "slangBeGeneralRate": 0.0, "slangBeCigaretteRate": 0.0, "slangBeHumanRate": 0.0, "slangBeVehicleRate": 0.0, "slangBeDrugRate": 0.0, "slangBvRate": 0.0, "speechactNum": 0, "quoteNum": 2, "dashNum": 1, "publicNum": 0, "privateNum": 0, "suasiveNum": 0, "discMarkerNum": 0, "smileyNum": 0, "dateNum": 0, "hesitationNum": 0, "restartNum": 0, "repeatNum": 0, "conjBeforeDiscNum": 0, "conjAfterDiscNum": 0, "wordBeforeHesitationNum": 0, "wordAfterHesitationNum": 0, "otherCollocationNum": 0, "speechactRate": 0.0, "quoteRate": 0.004301075268817204, "dashRate": 0.002150537634408602, "publicRate": 0.0, "privateRate": 0.0, "suasiveRate": 0.0, "discMarkerRate": 0.0, "smileyRate": 0.0, "dateRate": 0.0, "hesitationRate": 0.0, "restartRate": 0.0, "repeatRate": 0.0, "conjBeforeDiscRate": 0.0, "conjAfterDiscRate": 0.0, "wordBeforeHesitationRate": 0.0, "wordAfterHesitationRate": 0.0, "otherCollocationRate": 0.0, "easyWordNum": 432, "hardWordNum": 33, "easyWordRate": 0.9290322580645162, "hardWordRate": 0.07096774193548387, "fleschReadingEaseScore": 60.61645161290326, "gunningFogIndex": 6.0283870967741935, "fleschKincaidGradeLevel": 8.530967741935488, "colemanLiauIndex": 12.041133333333331, "smogIndex": 9.02324830094632, "automatedReadabilityIndex": 8.333612903225806, "linsearWriteIndex": 0.8210197710718004, "author": "", "locationNameNum": 0, "locationNameRate": 0.0, "personNameNum": 0, "personNameRate": 0.0, "organizationNameNum": 0, "organizationNameRate": 0.0, "misspelledNum": 1, "misspelledRate": 0.002150537634408602, "missingAccentNum": 1, "missingAccentRate": 0.002150537634408602, "foreignAccentNum": 0, "foreignAccentRate": 0.0, "wordConcatNum": 0, "wordConcatRate": 0.0, "jLyMistakeNum": 0, "jLyMistakeRate": 0.0, "publicVNum": 0, "freqSuffixNum": 0, "partsNum": 173, "clauseWordNum": 70, "privateVNum": 0}