{"tokenNum": 451, "sentenceNum": 26, "lemmaNum": 180, "lemmaRate": 0.3991130820399113, "sentenceLength": 17.346153846153847, "allUpperNum": 0, "firstUpperNum": 26, "allUpperRate": 0.0, "firstUpperRate": 0.057649667405764965, "declarSentNum": 25, "imperSentNum": 0, "questionNum": 1, "declarSentRate": 0.9615384615384616, "imperSentRate": 0.0, "questionRate": 0.038461538461538464, "accent": true, "saturation": 2.8125, "paragraphNum": 5, "nounNum": 99, "verbNum": 45, "adjNum": 46, "infNum": 4, "partPastNum": 0, "partPresNum": 4, "partFutNum": 0, "transNum": 1, "xNum": 6, "advNum": 33, "properNounNum": 0, "numNum": 2, "conjNum": 47, "punctNum": 73, "pronNum": 27, "relPronNum": 7, "demPronNum": 19, "adposNum": 2, "multiplePunctNum": 0, "phraseNum": 0, "nounRate": 0.21951219512195122, "verbRate": 0.09977827050997783, "adjRate": 0.10199556541019955, "infRate": 0.008869179600886918, "partPastRate": 0.0, "partPresRate": 0.008869179600886918, "partFutRate": 0.0, "transRate": 0.0022172949002217295, "xRate": 0.013303769401330377, "advRate": 0.07317073170731707, "properNounRate": 0.0, "numRate": 0.004434589800443459, "conjRate": 0.10421286031042129, "punctRate": 0.16186252771618626, "pronRate": 0.0598669623059867, "relPronRate": 0.015521064301552107, "demPronRate": 0.04212860310421286, "adposRate": 0.004434589800443459, "multiplePunctRate": 0.0, "partsDensityRate": 3.484375, "contentfulness": 8.576923076923077, "phraseRate": 0.0, "pastTenseNum": 1, "presentTenseNum": 40, "condNum": 0, "impNum": 6, "freqNum": 0, "causNum": 0, "modalNum": 1, "sg1VerbNum": 45, "sg2VerbNum": 45, "sg3VerbNum": 45, "pl1VerbNum": 45, "pl2VerbNum": 45, "pl3VerbNum": 45, "superlatNum": 1, "comparatNum": 6, "specDerivSuffixNum": 0, "pluralNounNum": 25, "pastTenseRate": 0.022222222222222223, "presentTenseRate": 0.8888888888888888, "condRate": 0.0, "impRate": 0.13333333333333333, "freqRate": 0.0, "causRate": 0.0, "modalRate": 0.022222222222222223, "sg1VerbRate": 1.0, "sg2VerbRate": 1.0, "sg3VerbRate": 1.0, "pl1VerbRate": 1.0, "pl2VerbRate": 1.0, "pl3VerbRate": 1.0, "superlatRate": 0.021739130434782608, "comparatRate": 0.13043478260869565, "specDerivSuffixRate": 0.0, "pluralNounRate": 0.25252525252525254, "subjNum": 39, "objNum": 18, "attNum": 29, "subordNum": 27, "adverbNum": 43, "coordNum": 16, "clauseNum": 64, "simpleNum": 5, "complexNum": 21, "complexity1Num": 10, "complexity2Num": 7, "complexity3Num": 2, "compoundNum": 0, "subjRate": 0.08647450110864745, "objRate": 0.03991130820399113, "attRate": 0.06430155210643015, "subordRate": 0.0598669623059867, "adverbRate": 0.09534368070953436, "coordRate": 0.03547671840354767, "partsRate": 2.265625, "clauseRate": 2.4615384615384617, "simpleRate": 0.19230769230769232, "complexRate": 0.8076923076923077, "complexity1Rate": 0.38461538461538464, "complexity2Rate": 0.2692307692307692, "complexity3Rate": 0.07692307692307693, "complexClauseRate": 2.8095238095238093, "sentencesPerParagraph": 5.2, "wordsLengthRate": 5.87037037037037, "compoundRate": 0.0, "positiveNum": 0, "negativeNum": 0, "precoPositiveNum": 0, "precoNegativeNum": 0, "negemoNum": 0, "negationNum": 5, "functionNum": 228, "contentNum": 223, "vulgarNum": 0, "racistNum": 0, "specStyleNum": 0, "addressingNum": 0, "closingNum": 0, "postscriptNum": 0, "brutalNum": 0, "positiveRate": 0.0, "negativeRate": 0.0, "precoPositiveRate": 0.0, "precoNegativeRate": 0.0, "negemoRate": 0.0, "negationRate": 0.011086474501108648, "functionRate": 0.5055432372505543, "contentRate": 0.49445676274944567, "vulgarRate": 0.0, "racistRate": 0.0, "specStyleRate": 0.0, "addressingRate": 0.0, "closingRate": 0.0, "postscriptRate": 0.0, "brutalRate": 0.0, "epistemicNum": 0, "investNum": 0, "conditionNum": 0, "weaselNum": 0, "peacockNum": 0, "hedgeNum": 0, "doxasticNum": 0, "epistemicRate": 0.0, "investRate": 0.0, "conditionRate": 0.0, "weaselRate": 0.0, "peacockRate": 0.0, "hedgeRate": 0.0, "doxasticRate": 0.0, "loveNum": 0, "anxietyNum": 0, "sorrowNum": 0, "joyNum": 0, "disgustNum": 0, "fearNum": 0, "surpriseNum": 0, "angerNum": 0, "loveRate": 0.0, "anxietyRate": 0.0, "sorrowRate": 0.0, "joyRate": 0.0, "disgustRate": 0.0, "fearRate": 0.0, "surpriseRate": 0.0, "angerRate": 0.0, "slangBeGeneralNum": 0, "slangBeCigaretteNum": 0, "slangBeHumanNum": 0, "slangBeVehicleNum": 0, "slangBeDrugNum": 0, "slangBvNum": 0, "slangBeGeneralRate": 0.0, "slangBeCigaretteRate": 0.0, "slangBeHumanRate": 0.0, "slangBeVehicleRate": 0.0, "slangBeDrugRate": 0.0, "slangBvRate": 0.0, "speechactNum": 0, "quoteNum": 0, "dashNum": 0, "publicNum": 0, "privateNum": 0, "suasiveNum": 0, "discMarkerNum": 0, "smileyNum": 0, "dateNum": 0, "hesitationNum": 0, "restartNum": 0, "repeatNum": 0, "conjBeforeDiscNum": 0, "conjAfterDiscNum": 0, "wordBeforeHesitationNum": 0, "wordAfterHesitationNum": 0, "otherCollocationNum": 0, "speechactRate": 0.0, "quoteRate": 0.0, "dashRate": 0.0, "publicRate": 0.0, "privateRate": 0.0, "suasiveRate": 0.0, "discMarkerRate": 0.0, "smileyRate": 0.0, "dateRate": 0.0, "hesitationRate": 0.0, "restartRate": 0.0, "repeatRate": 0.0, "conjBeforeDiscRate": 0.0, "conjAfterDiscRate": 0.0, "wordBeforeHesitationRate": 0.0, "wordAfterHesitationRate": 0.0, "otherCollocationRate": 0.0, "easyWordNum": 408, "hardWordNum": 43, "easyWordRate": 0.9046563192904656, "hardWordRate": 0.09534368070953436, "fleschReadingEaseScore": 52.668121695377806, "gunningFogIndex": 6.976599010745352, "fleschKincaidGradeLevel": 10.222450110864749, "colemanLiauIndex": 13.989383592017738, "smogIndex": 9.968508380846986, "automatedReadabilityIndex": 11.064606856558079, "linsearWriteIndex": 1.2641992154187278, "author": "", "locationNameNum": 0, "locationNameRate": 0.0, "personNameNum": 0, "personNameRate": 0.0, "organizationNameNum": 0, "organizationNameRate": 0.0, "misspelledNum": 0, "misspelledRate": 0.0, "missingAccentNum": 0, "missingAccentRate": 0.0, "foreignAccentNum": 0, "foreignAccentRate": 0.0, "wordConcatNum": 0, "wordConcatRate": 0.0, "jLyMistakeNum": 0, "jLyMistakeRate": 0.0, "publicVNum": 0, "freqSuffixNum": 0, "partsNum": 145, "clauseWordNum": 64, "privateVNum": 0}