{"tokenNum": 487, "sentenceNum": 29, "lemmaNum": 216, "lemmaRate": 0.44353182751540043, "sentenceLength": 16.79310344827586, "allUpperNum": 0, "firstUpperNum": 29, "allUpperRate": 0.0, "firstUpperRate": 0.059548254620123205, "declarSentNum": 29, "imperSentNum": 0, "questionNum": 0, "declarSentRate": 1.0, "imperSentRate": 0.0, "questionRate": 0.0, "accent": true, "saturation": 3.0422535211267605, "paragraphNum": 6, "nounNum": 92, "verbNum": 59, "adjNum": 37, "infNum": 6, "partPastNum": 1, "partPresNum": 2, "partFutNum": 0, "transNum": 0, "xNum": 6, "advNum": 52, "properNounNum": 0, "numNum": 0, "conjNum": 53, "punctNum": 84, "pronNum": 35, "relPronNum": 12, "demPronNum": 21, "adposNum": 6, "multiplePunctNum": 0, "phraseNum": 0, "nounRate": 0.188911704312115, "verbRate": 0.12114989733059549, "adjRate": 0.07597535934291581, "infRate": 0.012320328542094456, "partPastRate": 0.002053388090349076, "partPresRate": 0.004106776180698152, "partFutRate": 0.0, "transRate": 0.0, "xRate": 0.012320328542094456, "advRate": 0.10677618069815195, "properNounRate": 0.0, "numRate": 0.0, "conjRate": 0.10882956878850103, "punctRate": 0.17248459958932238, "pronRate": 0.07186858316221766, "relPronRate": 0.024640657084188913, "demPronRate": 0.043121149897330596, "adposRate": 0.012320328542094456, "multiplePunctRate": 0.0, "partsDensityRate": 3.380281690140845, "contentfulness": 8.275862068965518, "phraseRate": 0.0, "pastTenseNum": 2, "presentTenseNum": 51, "condNum": 0, "impNum": 3, "freqNum": 0, "causNum": 0, "modalNum": 1, "sg1VerbNum": 59, "sg2VerbNum": 59, "sg3VerbNum": 59, "pl1VerbNum": 59, "pl2VerbNum": 59, "pl3VerbNum": 59, "superlatNum": 2, "comparatNum": 1, "specDerivSuffixNum": 0, "pluralNounNum": 18, "pastTenseRate": 0.03389830508474576, "presentTenseRate": 0.864406779661017, "condRate": 0.0, "impRate": 0.05084745762711865, "freqRate": 0.0, "causRate": 0.0, "modalRate": 0.01694915254237288, "sg1VerbRate": 1.0, "sg2VerbRate": 1.0, "sg3VerbRate": 1.0, "pl1VerbRate": 1.0, "pl2VerbRate": 1.0, "pl3VerbRate": 1.0, "superlatRate": 0.05405405405405406, "comparatRate": 0.02702702702702703, "specDerivSuffixRate": 0.0, "pluralNounRate": 0.1956521739130435, "subjNum": 26, "objNum": 23, "attNum": 27, "subordNum": 25, "adverbNum": 60, "coordNum": 34, "clauseNum": 71, "simpleNum": 6, "complexNum": 23, "complexity1Num": 9, "complexity2Num": 12, "complexity3Num": 0, "compoundNum": 0, "subjRate": 0.053388090349075976, "objRate": 0.04722792607802875, "attRate": 0.055441478439425054, "subordRate": 0.0513347022587269, "adverbRate": 0.12320328542094455, "coordRate": 0.06981519507186858, "partsRate": 2.3943661971830985, "clauseRate": 2.4482758620689653, "simpleRate": 0.20689655172413793, "complexRate": 0.7931034482758621, "complexity1Rate": 0.3103448275862069, "complexity2Rate": 0.41379310344827586, "complexity3Rate": 0.0, "complexClauseRate": 2.8260869565217392, "sentencesPerParagraph": 4.833333333333333, "wordsLengthRate": 5.816377171215881, "compoundRate": 0.0, "positiveNum": 0, "negativeNum": 0, "precoPositiveNum": 0, "precoNegativeNum": 0, "negemoNum": 0, "negationNum": 10, "functionNum": 247, "contentNum": 240, "vulgarNum": 0, "racistNum": 0, "specStyleNum": 0, "addressingNum": 0, "closingNum": 0, "postscriptNum": 0, "brutalNum": 0, "positiveRate": 0.0, "negativeRate": 0.0, "precoPositiveRate": 0.0, "precoNegativeRate": 0.0, "negemoRate": 0.0, "negationRate": 0.02053388090349076, "functionRate": 0.5071868583162218, "contentRate": 0.4928131416837782, "vulgarRate": 0.0, "racistRate": 0.0, "specStyleRate": 0.0, "addressingRate": 0.0, "closingRate": 0.0, "postscriptRate": 0.0, "brutalRate": 0.0, "epistemicNum": 0, "investNum": 0, "conditionNum": 0, "weaselNum": 0, "peacockNum": 0, "hedgeNum": 0, "doxasticNum": 0, "epistemicRate": 0.0, "investRate": 0.0, "conditionRate": 0.0, "weaselRate": 0.0, "peacockRate": 0.0, "hedgeRate": 0.0, "doxasticRate": 0.0, "loveNum": 0, "anxietyNum": 0, "sorrowNum": 0, "joyNum": 0, "disgustNum": 0, "fearNum": 0, "surpriseNum": 0, "angerNum": 0, "loveRate": 0.0, "anxietyRate": 0.0, "sorrowRate": 0.0, "joyRate": 0.0, "disgustRate": 0.0, "fearRate": 0.0, "surpriseRate": 0.0, "angerRate": 0.0, "slangBeGeneralNum": 0, "slangBeCigaretteNum": 0, "slangBeHumanNum": 0, "slangBeVehicleNum": 0, "slangBeDrugNum": 0, "slangBvNum": 0, "slangBeGeneralRate": 0.0, "slangBeCigaretteRate": 0.0, "slangBeHumanRate": 0.0, "slangBeVehicleRate": 0.0, "slangBeDrugRate": 0.0, "slangBvRate": 0.0, "speechactNum": 0, "quoteNum": 0, "dashNum": 0, "publicNum": 0, "privateNum": 0, "suasiveNum": 0, "discMarkerNum": 0, "smileyNum": 0, "dateNum": 0, "hesitationNum": 0, "restartNum": 0, "repeatNum": 0, "conjBeforeDiscNum": 0, "conjAfterDiscNum": 0, "wordBeforeHesitationNum": 0, "wordAfterHesitationNum": 0, "otherCollocationNum": 0, "speechactRate": 0.0, "quoteRate": 0.0, "dashRate": 0.0, "publicRate": 0.0, "privateRate": 0.0, "suasiveRate": 0.0, "discMarkerRate": 0.0, "smileyRate": 0.0, "dateRate": 0.0, "hesitationRate": 0.0, "restartRate": 0.0, "repeatRate": 0.0, "conjBeforeDiscRate": 0.0, "conjAfterDiscRate": 0.0, "wordBeforeHesitationRate": 0.0, "wordAfterHesitationRate": 0.0, "otherCollocationRate": 0.0, "easyWordNum": 447, "hardWordNum": 40, "easyWordRate": 0.917864476386037, "hardWordRate": 0.08213552361396304, "fleschReadingEaseScore": 52.90129363449694, "gunningFogIndex": 6.75009558875593, "fleschKincaidGradeLevel": 10.052534164129433, "colemanLiauIndex": 13.42002669404517, "smogIndex": 9.725611199111238, "automatedReadabilityIndex": 10.332794023932593, "linsearWriteIndex": 0.9861219287686751, "author": "", "locationNameNum": 0, "locationNameRate": 0.0, "personNameNum": 0, "personNameRate": 0.0, "organizationNameNum": 0, "organizationNameRate": 0.0, "misspelledNum": 1, "misspelledRate": 0.002053388090349076, "missingAccentNum": 0, "missingAccentRate": 0.0, "foreignAccentNum": 0, "foreignAccentRate": 0.0, "wordConcatNum": 1, "wordConcatRate": 0.002053388090349076, "jLyMistakeNum": 0, "jLyMistakeRate": 0.0, "publicVNum": 0, "freqSuffixNum": 0, "partsNum": 170, "clauseWordNum": 71, "privateVNum": 0}