{"tokenNum": 371, "sentenceNum": 15, "lemmaNum": 200, "lemmaRate": 0.5390835579514824, "sentenceLength": 24.733333333333334, "allUpperNum": 0, "firstUpperNum": 17, "allUpperRate": 0.0, "firstUpperRate": 0.04582210242587601, "declarSentNum": 15, "imperSentNum": 0, "questionNum": 0, "declarSentRate": 1.0, "imperSentRate": 0.0, "questionRate": 0.0, "accent": true, "saturation": 4.081632653061225, "paragraphNum": 5, "nounNum": 74, "verbNum": 53, "adjNum": 52, "infNum": 15, "partPastNum": 4, "partPresNum": 2, "partFutNum": 0, "transNum": 1, "xNum": 5, "advNum": 25, "properNounNum": 1, "numNum": 1, "conjNum": 42, "punctNum": 59, "pronNum": 15, "relPronNum": 7, "demPronNum": 11, "adposNum": 5, "multiplePunctNum": 0, "phraseNum": 0, "nounRate": 0.19946091644204852, "verbRate": 0.14285714285714285, "adjRate": 0.14016172506738545, "infRate": 0.04043126684636118, "partPastRate": 0.01078167115902965, "partPresRate": 0.005390835579514825, "partFutRate": 0.0, "transRate": 0.0026954177897574125, "xRate": 0.013477088948787063, "advRate": 0.0673854447439353, "properNounRate": 0.0026954177897574125, "numRate": 0.0026954177897574125, "conjRate": 0.11320754716981132, "punctRate": 0.15902964959568733, "pronRate": 0.04043126684636118, "relPronRate": 0.018867924528301886, "demPronRate": 0.029649595687331536, "adposRate": 0.013477088948787063, "multiplePunctRate": 0.0, "partsDensityRate": 4.163265306122449, "contentfulness": 13.6, "phraseRate": 0.0, "pastTenseNum": 3, "presentTenseNum": 35, "condNum": 3, "impNum": 9, "freqNum": 0, "causNum": 0, "modalNum": 2, "sg1VerbNum": 53, "sg2VerbNum": 53, "sg3VerbNum": 53, "pl1VerbNum": 53, "pl2VerbNum": 53, "pl3VerbNum": 53, "superlatNum": 0, "comparatNum": 0, "specDerivSuffixNum": 0, "pluralNounNum": 28, "pastTenseRate": 0.05660377358490566, "presentTenseRate": 0.660377358490566, "condRate": 0.05660377358490566, "impRate": 0.16981132075471697, "freqRate": 0.0, "causRate": 0.0, "modalRate": 0.03773584905660377, "sg1VerbRate": 1.0, "sg2VerbRate": 1.0, "sg3VerbRate": 1.0, "pl1VerbRate": 1.0, "pl2VerbRate": 1.0, "pl3VerbRate": 1.0, "superlatRate": 0.0, "comparatRate": 0.0, "specDerivSuffixRate": 0.0, "pluralNounRate": 0.3783783783783784, "subjNum": 17, "objNum": 27, "attNum": 36, "subordNum": 18, "adverbNum": 34, "coordNum": 33, "clauseNum": 49, "simpleNum": 0, "complexNum": 15, "complexity1Num": 4, "complexity2Num": 6, "complexity3Num": 3, "compoundNum": 0, "subjRate": 0.04582210242587601, "objRate": 0.07277628032345014, "attRate": 0.09703504043126684, "subordRate": 0.04851752021563342, "adverbRate": 0.09164420485175202, "coordRate": 0.0889487870619946, "partsRate": 3.0, "clauseRate": 3.2666666666666666, "simpleRate": 0.0, "complexRate": 1.0, "complexity1Rate": 0.26666666666666666, "complexity2Rate": 0.4, "complexity3Rate": 0.2, "complexClauseRate": 3.2666666666666666, "sentencesPerParagraph": 3.0, "wordsLengthRate": 6.756410256410256, "compoundRate": 0.0, "positiveNum": 0, "negativeNum": 0, "precoPositiveNum": 0, "precoNegativeNum": 0, "negemoNum": 0, "negationNum": 4, "functionNum": 167, "contentNum": 204, "vulgarNum": 0, "racistNum": 0, "specStyleNum": 0, "addressingNum": 0, "closingNum": 0, "postscriptNum": 0, "brutalNum": 0, "positiveRate": 0.0, "negativeRate": 0.0, "precoPositiveRate": 0.0, "precoNegativeRate": 0.0, "negemoRate": 0.0, "negationRate": 0.01078167115902965, "functionRate": 0.4501347708894879, "contentRate": 0.5498652291105122, "vulgarRate": 0.0, "racistRate": 0.0, "specStyleRate": 0.0, "addressingRate": 0.0, "closingRate": 0.0, "postscriptRate": 0.0, "brutalRate": 0.0, "epistemicNum": 0, "investNum": 0, "conditionNum": 0, "weaselNum": 0, "peacockNum": 0, "hedgeNum": 0, "doxasticNum": 0, "epistemicRate": 0.0, "investRate": 0.0, "conditionRate": 0.0, "weaselRate": 0.0, "peacockRate": 0.0, "hedgeRate": 0.0, "doxasticRate": 0.0, "loveNum": 0, "anxietyNum": 0, "sorrowNum": 0, "joyNum": 0, "disgustNum": 0, "fearNum": 0, "surpriseNum": 0, "angerNum": 0, "loveRate": 0.0, "anxietyRate": 0.0, "sorrowRate": 0.0, "joyRate": 0.0, "disgustRate": 0.0, "fearRate": 0.0, "surpriseRate": 0.0, "angerRate": 0.0, "slangBeGeneralNum": 0, "slangBeCigaretteNum": 0, "slangBeHumanNum": 0, "slangBeVehicleNum": 0, "slangBeDrugNum": 0, "slangBvNum": 0, "slangBeGeneralRate": 0.0, "slangBeCigaretteRate": 0.0, "slangBeHumanRate": 0.0, "slangBeVehicleRate": 0.0, "slangBeDrugRate": 0.0, "slangBvRate": 0.0, "speechactNum": 0, "quoteNum": 1, "dashNum": 0, "publicNum": 0, "privateNum": 0, "suasiveNum": 0, "discMarkerNum": 0, "smileyNum": 0, "dateNum": 0, "hesitationNum": 0, "restartNum": 0, "repeatNum": 0, "conjBeforeDiscNum": 0, "conjAfterDiscNum": 0, "wordBeforeHesitationNum": 0, "wordAfterHesitationNum": 0, "otherCollocationNum": 0, "speechactRate": 0.0, "quoteRate": 0.0026954177897574125, "dashRate": 0.0, "publicRate": 0.0, "privateRate": 0.0, "suasiveRate": 0.0, "discMarkerRate": 0.0, "smileyRate": 0.0, "dateRate": 0.0, "hesitationRate": 0.0, "restartRate": 0.0, "repeatRate": 0.0, "conjBeforeDiscRate": 0.0, "conjAfterDiscRate": 0.0, "wordBeforeHesitationRate": 0.0, "wordAfterHesitationRate": 0.0, "otherCollocationRate": 0.0, "easyWordNum": 319, "hardWordNum": 52, "easyWordRate": 0.8598382749326146, "hardWordRate": 0.14016172506738545, "fleschReadingEaseScore": 22.336057502246206, "gunningFogIndex": 9.949398023360288, "fleschKincaidGradeLevel": 16.28834501347709, "colemanLiauIndex": 18.444433962264146, "smogIndex": 10.65027996061788, "automatedReadabilityIndex": 18.320682839173408, "linsearWriteIndex": 3.222821203953279, "author": "", "locationNameNum": 0, "locationNameRate": 0.0, "personNameNum": 0, "personNameRate": 0.0, "organizationNameNum": 0, "organizationNameRate": 0.0, "misspelledNum": 3, "misspelledRate": 0.008086253369272238, "missingAccentNum": 1, "missingAccentRate": 0.0026954177897574125, "foreignAccentNum": 0, "foreignAccentRate": 0.0, "wordConcatNum": 1, "wordConcatRate": 0.0026954177897574125, "jLyMistakeNum": 0, "jLyMistakeRate": 0.0, "publicVNum": 0, "freqSuffixNum": 0, "partsNum": 147, "clauseWordNum": 49, "privateVNum": 0}