{"tokenNum": 512, "sentenceNum": 21, "lemmaNum": 236, "lemmaRate": 0.4609375, "sentenceLength": 24.38095238095238, "allUpperNum": 1, "firstUpperNum": 21, "allUpperRate": 0.001953125, "firstUpperRate": 0.041015625, "declarSentNum": 21, "imperSentNum": 0, "questionNum": 0, "declarSentRate": 1.0, "imperSentRate": 0.0, "questionRate": 0.0, "accent": true, "saturation": 3.0256410256410255, "paragraphNum": 5, "nounNum": 90, "verbNum": 72, "adjNum": 49, "infNum": 7, "partPastNum": 0, "partPresNum": 4, "partFutNum": 0, "transNum": 0, "xNum": 6, "advNum": 52, "properNounNum": 0, "numNum": 1, "conjNum": 56, "punctNum": 87, "pronNum": 43, "relPronNum": 15, "demPronNum": 28, "adposNum": 3, "multiplePunctNum": 1, "phraseNum": 0, "nounRate": 0.17578125, "verbRate": 0.140625, "adjRate": 0.095703125, "infRate": 0.013671875, "partPastRate": 0.0, "partPresRate": 0.0078125, "partFutRate": 0.0, "transRate": 0.0, "xRate": 0.01171875, "advRate": 0.1015625, "properNounRate": 0.0, "numRate": 0.001953125, "conjRate": 0.109375, "punctRate": 0.169921875, "pronRate": 0.083984375, "relPronRate": 0.029296875, "demPronRate": 0.0546875, "adposRate": 0.005859375, "multiplePunctRate": 0.011494252873563218, "partsDensityRate": 3.371794871794872, "contentfulness": 12.523809523809524, "phraseRate": 0.0, "pastTenseNum": 7, "presentTenseNum": 58, "condNum": 3, "impNum": 12, "freqNum": 0, "causNum": 0, "modalNum": 3, "sg1VerbNum": 72, "sg2VerbNum": 72, "sg3VerbNum": 72, "pl1VerbNum": 72, "pl2VerbNum": 72, "pl3VerbNum": 72, "superlatNum": 1, "comparatNum": 0, "specDerivSuffixNum": 0, "pluralNounNum": 16, "pastTenseRate": 0.09722222222222222, "presentTenseRate": 0.8055555555555556, "condRate": 0.041666666666666664, "impRate": 0.16666666666666666, "freqRate": 0.0, "causRate": 0.0, "modalRate": 0.041666666666666664, "sg1VerbRate": 1.0, "sg2VerbRate": 1.0, "sg3VerbRate": 1.0, "pl1VerbRate": 1.0, "pl2VerbRate": 1.0, "pl3VerbRate": 1.0, "superlatRate": 0.02040816326530612, "comparatRate": 0.0, "specDerivSuffixRate": 0.0, "pluralNounRate": 0.17777777777777778, "subjNum": 26, "objNum": 37, "attNum": 32, "subordNum": 33, "adverbNum": 70, "coordNum": 34, "clauseNum": 78, "simpleNum": 2, "complexNum": 19, "complexity1Num": 3, "complexity2Num": 7, "complexity3Num": 4, "compoundNum": 0, "subjRate": 0.05078125, "objRate": 0.072265625, "attRate": 0.0625, "subordRate": 0.064453125, "adverbRate": 0.13671875, "coordRate": 0.06640625, "partsRate": 2.551282051282051, "clauseRate": 3.7142857142857144, "simpleRate": 0.09523809523809523, "complexRate": 0.9047619047619048, "complexity1Rate": 0.14285714285714285, "complexity2Rate": 0.3333333333333333, "complexity3Rate": 0.19047619047619047, "complexClauseRate": 4.0, "sentencesPerParagraph": 4.2, "wordsLengthRate": 5.710588235294118, "compoundRate": 0.0, "positiveNum": 0, "negativeNum": 0, "precoPositiveNum": 0, "precoNegativeNum": 0, "negemoNum": 0, "negationNum": 8, "functionNum": 249, "contentNum": 263, "vulgarNum": 0, "racistNum": 0, "specStyleNum": 0, "addressingNum": 0, "closingNum": 0, "postscriptNum": 0, "brutalNum": 0, "positiveRate": 0.0, "negativeRate": 0.0, "precoPositiveRate": 0.0, "precoNegativeRate": 0.0, "negemoRate": 0.0, "negationRate": 0.015625, "functionRate": 0.486328125, "contentRate": 0.513671875, "vulgarRate": 0.0, "racistRate": 0.0, "specStyleRate": 0.0, "addressingRate": 0.0, "closingRate": 0.0, "postscriptRate": 0.0, "brutalRate": 0.0, "epistemicNum": 0, "investNum": 0, "conditionNum": 0, "weaselNum": 0, "peacockNum": 0, "hedgeNum": 0, "doxasticNum": 0, "epistemicRate": 0.0, "investRate": 0.0, "conditionRate": 0.0, "weaselRate": 0.0, "peacockRate": 0.0, "hedgeRate": 0.0, "doxasticRate": 0.0, "loveNum": 0, "anxietyNum": 0, "sorrowNum": 0, "joyNum": 0, "disgustNum": 0, "fearNum": 0, "surpriseNum": 0, "angerNum": 0, "loveRate": 0.0, "anxietyRate": 0.0, "sorrowRate": 0.0, "joyRate": 0.0, "disgustRate": 0.0, "fearRate": 0.0, "surpriseRate": 0.0, "angerRate": 0.0, "slangBeGeneralNum": 0, "slangBeCigaretteNum": 0, "slangBeHumanNum": 0, "slangBeVehicleNum": 0, "slangBeDrugNum": 0, "slangBvNum": 0, "slangBeGeneralRate": 0.0, "slangBeCigaretteRate": 0.0, "slangBeHumanRate": 0.0, "slangBeVehicleRate": 0.0, "slangBeDrugRate": 0.0, "slangBvRate": 0.0, "speechactNum": 0, "quoteNum": 1, "dashNum": 0, "publicNum": 0, "privateNum": 0, "suasiveNum": 0, "discMarkerNum": 0, "smileyNum": 0, "dateNum": 0, "hesitationNum": 0, "restartNum": 0, "repeatNum": 1, "conjBeforeDiscNum": 0, "conjAfterDiscNum": 0, "wordBeforeHesitationNum": 0, "wordAfterHesitationNum": 0, "otherCollocationNum": 0, "speechactRate": 0.0, "quoteRate": 0.001953125, "dashRate": 0.0, "publicRate": 0.0, "privateRate": 0.0, "suasiveRate": 0.0, "discMarkerRate": 0.0, "smileyRate": 0.0, "dateRate": 0.0, "hesitationRate": 0.0, "restartRate": 0.0, "repeatRate": 0.001953125, "conjBeforeDiscRate": 0.0, "conjAfterDiscRate": 0.0, "wordBeforeHesitationRate": 0.0, "wordAfterHesitationRate": 0.0, "otherCollocationRate": 0.0, "easyWordNum": 477, "hardWordNum": 35, "easyWordRate": 0.931640625, "hardWordRate": 0.068359375, "fleschReadingEaseScore": 47.918020833333344, "gunningFogIndex": 9.779724702380953, "fleschKincaidGradeLevel": 12.63263392857143, "colemanLiauIndex": 13.017162109374997, "smogIndex": 9.2995712137729, "automatedReadabilityIndex": 13.804519159226189, "linsearWriteIndex": 1.6785714285714284, "author": "", "locationNameNum": 0, "locationNameRate": 0.0, "personNameNum": 0, "personNameRate": 0.0, "organizationNameNum": 0, "organizationNameRate": 0.0, "misspelledNum": 3, "misspelledRate": 0.005859375, "missingAccentNum": 1, "missingAccentRate": 0.001953125, "foreignAccentNum": 0, "foreignAccentRate": 0.0, "wordConcatNum": 1, "wordConcatRate": 0.001953125, "jLyMistakeNum": 0, "jLyMistakeRate": 0.0, "publicVNum": 0, "freqSuffixNum": 0, "partsNum": 199, "clauseWordNum": 78, "privateVNum": 0}