{"tokenNum": 542, "sentenceNum": 26, "lemmaNum": 259, "lemmaRate": 0.477859778597786, "sentenceLength": 20.846153846153847, "allUpperNum": 0, "firstUpperNum": 27, "allUpperRate": 0.0, "firstUpperRate": 0.04981549815498155, "declarSentNum": 26, "imperSentNum": 0, "questionNum": 0, "declarSentRate": 1.0, "imperSentRate": 0.0, "questionRate": 0.0, "accent": true, "saturation": 3.4078947368421053, "paragraphNum": 8, "nounNum": 105, "verbNum": 68, "adjNum": 61, "infNum": 7, "partPastNum": 2, "partPresNum": 4, "partFutNum": 0, "transNum": 3, "xNum": 9, "advNum": 34, "properNounNum": 1, "numNum": 0, "conjNum": 53, "punctNum": 90, "pronNum": 45, "relPronNum": 12, "demPronNum": 25, "adposNum": 9, "multiplePunctNum": 0, "phraseNum": 0, "nounRate": 0.1937269372693727, "verbRate": 0.12546125461254612, "adjRate": 0.11254612546125461, "infRate": 0.012915129151291513, "partPastRate": 0.0036900369003690036, "partPresRate": 0.007380073800738007, "partFutRate": 0.0, "transRate": 0.005535055350553505, "xRate": 0.016605166051660517, "advRate": 0.06273062730627306, "properNounRate": 0.0018450184501845018, "numRate": 0.0, "conjRate": 0.09778597785977859, "punctRate": 0.16605166051660517, "pronRate": 0.08302583025830258, "relPronRate": 0.02214022140221402, "demPronRate": 0.046125461254612546, "adposRate": 0.016605166051660517, "multiplePunctRate": 0.0, "partsDensityRate": 3.526315789473684, "contentfulness": 10.307692307692308, "phraseRate": 0.0, "pastTenseNum": 10, "presentTenseNum": 52, "condNum": 1, "impNum": 10, "freqNum": 0, "causNum": 1, "modalNum": 4, "sg1VerbNum": 68, "sg2VerbNum": 68, "sg3VerbNum": 68, "pl1VerbNum": 68, "pl2VerbNum": 68, "pl3VerbNum": 68, "superlatNum": 3, "comparatNum": 4, "specDerivSuffixNum": 0, "pluralNounNum": 25, "pastTenseRate": 0.14705882352941177, "presentTenseRate": 0.7647058823529411, "condRate": 0.014705882352941176, "impRate": 0.14705882352941177, "freqRate": 0.0, "causRate": 0.014705882352941176, "modalRate": 0.058823529411764705, "sg1VerbRate": 1.0, "sg2VerbRate": 1.0, "sg3VerbRate": 1.0, "pl1VerbRate": 1.0, "pl2VerbRate": 1.0, "pl3VerbRate": 1.0, "superlatRate": 0.04918032786885246, "comparatRate": 0.06557377049180328, "specDerivSuffixRate": 0.0, "pluralNounRate": 0.23809523809523808, "subjNum": 37, "objNum": 24, "attNum": 33, "subordNum": 23, "adverbNum": 50, "coordNum": 43, "clauseNum": 76, "simpleNum": 4, "complexNum": 22, "complexity1Num": 7, "complexity2Num": 8, "complexity3Num": 3, "compoundNum": 0, "subjRate": 0.06826568265682657, "objRate": 0.04428044280442804, "attRate": 0.06088560885608856, "subordRate": 0.042435424354243544, "adverbRate": 0.09225092250922509, "coordRate": 0.07933579335793357, "partsRate": 2.460526315789474, "clauseRate": 2.923076923076923, "simpleRate": 0.15384615384615385, "complexRate": 0.8461538461538461, "complexity1Rate": 0.2692307692307692, "complexity2Rate": 0.3076923076923077, "complexity3Rate": 0.11538461538461539, "complexClauseRate": 3.272727272727273, "sentencesPerParagraph": 3.25, "wordsLengthRate": 5.964601769911504, "compoundRate": 0.0, "positiveNum": 0, "negativeNum": 0, "precoPositiveNum": 0, "precoNegativeNum": 0, "negemoNum": 0, "negationNum": 4, "functionNum": 274, "contentNum": 268, "vulgarNum": 0, "racistNum": 0, "specStyleNum": 0, "addressingNum": 0, "closingNum": 0, "postscriptNum": 0, "brutalNum": 0, "positiveRate": 0.0, "negativeRate": 0.0, "precoPositiveRate": 0.0, "precoNegativeRate": 0.0, "negemoRate": 0.0, "negationRate": 0.007380073800738007, "functionRate": 0.5055350553505535, "contentRate": 0.4944649446494465, "vulgarRate": 0.0, "racistRate": 0.0, "specStyleRate": 0.0, "addressingRate": 0.0, "closingRate": 0.0, "postscriptRate": 0.0, "brutalRate": 0.0, "epistemicNum": 0, "investNum": 0, "conditionNum": 0, "weaselNum": 0, "peacockNum": 0, "hedgeNum": 0, "doxasticNum": 0, "epistemicRate": 0.0, "investRate": 0.0, "conditionRate": 0.0, "weaselRate": 0.0, "peacockRate": 0.0, "hedgeRate": 0.0, "doxasticRate": 0.0, "loveNum": 0, "anxietyNum": 0, "sorrowNum": 0, "joyNum": 0, "disgustNum": 0, "fearNum": 0, "surpriseNum": 0, "angerNum": 0, "loveRate": 0.0, "anxietyRate": 0.0, "sorrowRate": 0.0, "joyRate": 0.0, "disgustRate": 0.0, "fearRate": 0.0, "surpriseRate": 0.0, "angerRate": 0.0, "slangBeGeneralNum": 0, "slangBeCigaretteNum": 0, "slangBeHumanNum": 0, "slangBeVehicleNum": 0, "slangBeDrugNum": 0, "slangBvNum": 0, "slangBeGeneralRate": 0.0, "slangBeCigaretteRate": 0.0, "slangBeHumanRate": 0.0, "slangBeVehicleRate": 0.0, "slangBeDrugRate": 0.0, "slangBvRate": 0.0, "speechactNum": 0, "quoteNum": 1, "dashNum": 0, "publicNum": 0, "privateNum": 0, "suasiveNum": 0, "discMarkerNum": 0, "smileyNum": 0, "dateNum": 0, "hesitationNum": 0, "restartNum": 0, "repeatNum": 0, "conjBeforeDiscNum": 0, "conjAfterDiscNum": 0, "wordBeforeHesitationNum": 0, "wordAfterHesitationNum": 0, "otherCollocationNum": 0, "speechactRate": 0.0, "quoteRate": 0.0018450184501845018, "dashRate": 0.0, "publicRate": 0.0, "privateRate": 0.0, "suasiveRate": 0.0, "discMarkerRate": 0.0, "smileyRate": 0.0, "dateRate": 0.0, "hesitationRate": 0.0, "restartRate": 0.0, "repeatRate": 0.0, "conjBeforeDiscRate": 0.0, "conjAfterDiscRate": 0.0, "wordBeforeHesitationRate": 0.0, "wordAfterHesitationRate": 0.0, "otherCollocationRate": 0.0, "easyWordNum": 499, "hardWordNum": 43, "easyWordRate": 0.9206642066420664, "hardWordRate": 0.07933579335793357, "fleschReadingEaseScore": 48.63039738858927, "gunningFogIndex": 8.370195855804713, "fleschKincaidGradeLevel": 11.655129151291515, "colemanLiauIndex": 14.291018450184502, "smogIndex": 9.968508380846986, "automatedReadabilityIndex": 13.055789100198702, "linsearWriteIndex": 1.1962815782003977, "author": "", "locationNameNum": 0, "locationNameRate": 0.0, "personNameNum": 0, "personNameRate": 0.0, "organizationNameNum": 0, "organizationNameRate": 0.0, "misspelledNum": 0, "misspelledRate": 0.0, "missingAccentNum": 0, "missingAccentRate": 0.0, "foreignAccentNum": 0, "foreignAccentRate": 0.0, "wordConcatNum": 0, "wordConcatRate": 0.0, "jLyMistakeNum": 0, "jLyMistakeRate": 0.0, "publicVNum": 0, "freqSuffixNum": 0, "partsNum": 187, "clauseWordNum": 76, "privateVNum": 0}