{"tokenNum": 388, "sentenceNum": 19, "lemmaNum": 195, "lemmaRate": 0.5025773195876289, "sentenceLength": 20.42105263157895, "allUpperNum": 0, "firstUpperNum": 19, "allUpperRate": 0.0, "firstUpperRate": 0.04896907216494845, "declarSentNum": 19, "imperSentNum": 0, "questionNum": 0, "declarSentRate": 1.0, "imperSentRate": 0.0, "questionRate": 0.0, "accent": true, "saturation": 3.482142857142857, "paragraphNum": 5, "nounNum": 66, "verbNum": 49, "adjNum": 51, "infNum": 5, "partPastNum": 0, "partPresNum": 5, "partFutNum": 0, "transNum": 0, "xNum": 5, "advNum": 39, "properNounNum": 0, "numNum": 1, "conjNum": 32, "punctNum": 61, "pronNum": 38, "relPronNum": 10, "demPronNum": 25, "adposNum": 4, "multiplePunctNum": 0, "phraseNum": 0, "nounRate": 0.17010309278350516, "verbRate": 0.12628865979381443, "adjRate": 0.13144329896907217, "infRate": 0.01288659793814433, "partPastRate": 0.0, "partPresRate": 0.01288659793814433, "partFutRate": 0.0, "transRate": 0.0, "xRate": 0.01288659793814433, "advRate": 0.10051546391752578, "properNounRate": 0.0, "numRate": 0.002577319587628866, "conjRate": 0.08247422680412371, "punctRate": 0.15721649484536082, "pronRate": 0.0979381443298969, "relPronRate": 0.02577319587628866, "demPronRate": 0.06443298969072164, "adposRate": 0.010309278350515464, "multiplePunctRate": 0.0, "partsDensityRate": 3.6607142857142856, "contentfulness": 10.789473684210526, "phraseRate": 0.0, "pastTenseNum": 0, "presentTenseNum": 44, "condNum": 2, "impNum": 7, "freqNum": 0, "causNum": 0, "modalNum": 2, "sg1VerbNum": 49, "sg2VerbNum": 49, "sg3VerbNum": 49, "pl1VerbNum": 49, "pl2VerbNum": 49, "pl3VerbNum": 49, "superlatNum": 2, "comparatNum": 3, "specDerivSuffixNum": 0, "pluralNounNum": 12, "pastTenseRate": 0.0, "presentTenseRate": 0.8979591836734694, "condRate": 0.04081632653061224, "impRate": 0.14285714285714285, "freqRate": 0.0, "causRate": 0.0, "modalRate": 0.04081632653061224, "sg1VerbRate": 1.0, "sg2VerbRate": 1.0, "sg3VerbRate": 1.0, "pl1VerbRate": 1.0, "pl2VerbRate": 1.0, "pl3VerbRate": 1.0, "superlatRate": 0.0392156862745098, "comparatRate": 0.058823529411764705, "specDerivSuffixRate": 0.0, "pluralNounRate": 0.18181818181818182, "subjNum": 28, "objNum": 17, "attNum": 31, "subordNum": 28, "adverbNum": 51, "coordNum": 9, "clauseNum": 56, "simpleNum": 3, "complexNum": 16, "complexity1Num": 6, "complexity2Num": 5, "complexity3Num": 2, "compoundNum": 0, "subjRate": 0.07216494845360824, "objRate": 0.04381443298969072, "attRate": 0.07989690721649484, "subordRate": 0.07216494845360824, "adverbRate": 0.13144329896907217, "coordRate": 0.023195876288659795, "partsRate": 2.4285714285714284, "clauseRate": 2.9473684210526314, "simpleRate": 0.15789473684210525, "complexRate": 0.8421052631578947, "complexity1Rate": 0.3157894736842105, "complexity2Rate": 0.2631578947368421, "complexity3Rate": 0.10526315789473684, "complexClauseRate": 3.3125, "sentencesPerParagraph": 3.8, "wordsLengthRate": 6.293577981651376, "compoundRate": 0.0, "positiveNum": 0, "negativeNum": 0, "precoPositiveNum": 0, "precoNegativeNum": 0, "negemoNum": 0, "negationNum": 9, "functionNum": 183, "contentNum": 205, "vulgarNum": 0, "racistNum": 0, "specStyleNum": 0, "addressingNum": 0, "closingNum": 0, "postscriptNum": 0, "brutalNum": 0, "positiveRate": 0.0, "negativeRate": 0.0, "precoPositiveRate": 0.0, "precoNegativeRate": 0.0, "negemoRate": 0.0, "negationRate": 0.023195876288659795, "functionRate": 0.47164948453608246, "contentRate": 0.5283505154639175, "vulgarRate": 0.0, "racistRate": 0.0, "specStyleRate": 0.0, "addressingRate": 0.0, "closingRate": 0.0, "postscriptRate": 0.0, "brutalRate": 0.0, "epistemicNum": 0, "investNum": 0, "conditionNum": 0, "weaselNum": 0, "peacockNum": 0, "hedgeNum": 0, "doxasticNum": 0, "epistemicRate": 0.0, "investRate": 0.0, "conditionRate": 0.0, "weaselRate": 0.0, "peacockRate": 0.0, "hedgeRate": 0.0, "doxasticRate": 0.0, "loveNum": 0, "anxietyNum": 0, "sorrowNum": 0, "joyNum": 0, "disgustNum": 0, "fearNum": 0, "surpriseNum": 0, "angerNum": 0, "loveRate": 0.0, "anxietyRate": 0.0, "sorrowRate": 0.0, "joyRate": 0.0, "disgustRate": 0.0, "fearRate": 0.0, "surpriseRate": 0.0, "angerRate": 0.0, "slangBeGeneralNum": 0, "slangBeCigaretteNum": 0, "slangBeHumanNum": 0, "slangBeVehicleNum": 0, "slangBeDrugNum": 0, "slangBvNum": 0, "slangBeGeneralRate": 0.0, "slangBeCigaretteRate": 0.0, "slangBeHumanRate": 0.0, "slangBeVehicleRate": 0.0, "slangBeDrugRate": 0.0, "slangBvRate": 0.0, "speechactNum": 0, "quoteNum": 0, "dashNum": 0, "publicNum": 0, "privateNum": 0, "suasiveNum": 0, "discMarkerNum": 0, "smileyNum": 0, "dateNum": 0, "hesitationNum": 0, "restartNum": 0, "repeatNum": 1, "conjBeforeDiscNum": 0, "conjAfterDiscNum": 0, "wordBeforeHesitationNum": 0, "wordAfterHesitationNum": 0, "otherCollocationNum": 0, "speechactRate": 0.0, "quoteRate": 0.0, "dashRate": 0.0, "publicRate": 0.0, "privateRate": 0.0, "suasiveRate": 0.0, "discMarkerRate": 0.0, "smileyRate": 0.0, "dateRate": 0.0, "hesitationRate": 0.0, "restartRate": 0.0, "repeatRate": 0.002577319587628866, "conjBeforeDiscRate": 0.0, "conjAfterDiscRate": 0.0, "wordBeforeHesitationRate": 0.0, "wordAfterHesitationRate": 0.0, "otherCollocationRate": 0.0, "easyWordNum": 339, "hardWordNum": 49, "easyWordRate": 0.8737113402061856, "hardWordRate": 0.12628865979381443, "fleschReadingEaseScore": 36.31330168204019, "gunningFogIndex": 8.218936516549105, "fleschKincaidGradeLevel": 13.267509495387959, "colemanLiauIndex": 16.215342783505154, "smogIndex": 10.4301, "automatedReadabilityIndex": 14.382046934346178, "linsearWriteIndex": 2.2623440043407483, "author": "", "locationNameNum": 0, "locationNameRate": 0.0, "personNameNum": 0, "personNameRate": 0.0, "organizationNameNum": 0, "organizationNameRate": 0.0, "misspelledNum": 1, "misspelledRate": 0.002577319587628866, "missingAccentNum": 0, "missingAccentRate": 0.0, "foreignAccentNum": 0, "foreignAccentRate": 0.0, "wordConcatNum": 1, "wordConcatRate": 0.002577319587628866, "jLyMistakeNum": 0, "jLyMistakeRate": 0.0, "publicVNum": 0, "freqSuffixNum": 0, "partsNum": 136, "clauseWordNum": 56, "privateVNum": 0}