{"tokenNum": 458, "sentenceNum": 28, "lemmaNum": 257, "lemmaRate": 0.5611353711790393, "sentenceLength": 16.357142857142858, "allUpperNum": 0, "firstUpperNum": 28, "allUpperRate": 0.0, "firstUpperRate": 0.0611353711790393, "declarSentNum": 28, "imperSentNum": 0, "questionNum": 0, "declarSentRate": 1.0, "imperSentRate": 0.0, "questionRate": 0.0, "accent": true, "saturation": 4.213114754098361, "paragraphNum": 7, "nounNum": 109, "verbNum": 55, "adjNum": 58, "infNum": 8, "partPastNum": 4, "partPresNum": 8, "partFutNum": 0, "transNum": 1, "xNum": 7, "advNum": 32, "properNounNum": 0, "numNum": 1, "conjNum": 40, "punctNum": 67, "pronNum": 26, "relPronNum": 4, "demPronNum": 20, "adposNum": 7, "multiplePunctNum": 1, "phraseNum": 0, "nounRate": 0.23799126637554585, "verbRate": 0.12008733624454149, "adjRate": 0.12663755458515283, "infRate": 0.017467248908296942, "partPastRate": 0.008733624454148471, "partPresRate": 0.017467248908296942, "partFutRate": 0.0, "transRate": 0.002183406113537118, "xRate": 0.015283842794759825, "advRate": 0.06986899563318777, "properNounRate": 0.0, "numRate": 0.002183406113537118, "conjRate": 0.08733624454148471, "punctRate": 0.1462882096069869, "pronRate": 0.056768558951965066, "relPronRate": 0.008733624454148471, "demPronRate": 0.043668122270742356, "adposRate": 0.015283842794759825, "multiplePunctRate": 0.014925373134328358, "partsDensityRate": 4.163934426229508, "contentfulness": 9.071428571428571, "phraseRate": 0.0, "pastTenseNum": 2, "presentTenseNum": 45, "condNum": 1, "impNum": 7, "freqNum": 0, "causNum": 2, "modalNum": 3, "sg1VerbNum": 55, "sg2VerbNum": 55, "sg3VerbNum": 55, "pl1VerbNum": 55, "pl2VerbNum": 55, "pl3VerbNum": 55, "superlatNum": 0, "comparatNum": 1, "specDerivSuffixNum": 0, "pluralNounNum": 24, "pastTenseRate": 0.03636363636363636, "presentTenseRate": 0.8181818181818182, "condRate": 0.01818181818181818, "impRate": 0.12727272727272726, "freqRate": 0.0, "causRate": 0.03636363636363636, "modalRate": 0.05454545454545454, "sg1VerbRate": 1.0, "sg2VerbRate": 1.0, "sg3VerbRate": 1.0, "pl1VerbRate": 1.0, "pl2VerbRate": 1.0, "pl3VerbRate": 1.0, "superlatRate": 0.0, "comparatRate": 0.017241379310344827, "specDerivSuffixRate": 0.0, "pluralNounRate": 0.22018348623853212, "subjNum": 25, "objNum": 16, "attNum": 38, "subordNum": 26, "adverbNum": 47, "coordNum": 10, "clauseNum": 61, "simpleNum": 5, "complexNum": 23, "complexity1Num": 14, "complexity2Num": 8, "complexity3Num": 1, "compoundNum": 0, "subjRate": 0.05458515283842795, "objRate": 0.034934497816593885, "attRate": 0.08296943231441048, "subordRate": 0.056768558951965066, "adverbRate": 0.10262008733624454, "coordRate": 0.021834061135371178, "partsRate": 2.2295081967213113, "clauseRate": 2.1785714285714284, "simpleRate": 0.17857142857142858, "complexRate": 0.8214285714285714, "complexity1Rate": 0.5, "complexity2Rate": 0.2857142857142857, "complexity3Rate": 0.03571428571428571, "complexClauseRate": 2.4347826086956523, "sentencesPerParagraph": 4.0, "wordsLengthRate": 6.611253196930947, "compoundRate": 0.0, "positiveNum": 0, "negativeNum": 0, "precoPositiveNum": 0, "precoNegativeNum": 0, "negemoNum": 0, "negationNum": 9, "functionNum": 204, "contentNum": 254, "vulgarNum": 0, "racistNum": 0, "specStyleNum": 0, "addressingNum": 0, "closingNum": 0, "postscriptNum": 0, "brutalNum": 0, "positiveRate": 0.0, "negativeRate": 0.0, "precoPositiveRate": 0.0, "precoNegativeRate": 0.0, "negemoRate": 0.0, "negationRate": 0.019650655021834062, "functionRate": 0.44541484716157204, "contentRate": 0.5545851528384279, "vulgarRate": 0.0, "racistRate": 0.0, "specStyleRate": 0.0, "addressingRate": 0.0, "closingRate": 0.0, "postscriptRate": 0.0, "brutalRate": 0.0, "epistemicNum": 0, "investNum": 0, "conditionNum": 0, "weaselNum": 0, "peacockNum": 0, "hedgeNum": 0, "doxasticNum": 0, "epistemicRate": 0.0, "investRate": 0.0, "conditionRate": 0.0, "weaselRate": 0.0, "peacockRate": 0.0, "hedgeRate": 0.0, "doxasticRate": 0.0, "loveNum": 0, "anxietyNum": 0, "sorrowNum": 0, "joyNum": 0, "disgustNum": 0, "fearNum": 0, "surpriseNum": 0, "angerNum": 0, "loveRate": 0.0, "anxietyRate": 0.0, "sorrowRate": 0.0, "joyRate": 0.0, "disgustRate": 0.0, "fearRate": 0.0, "surpriseRate": 0.0, "angerRate": 0.0, "slangBeGeneralNum": 0, "slangBeCigaretteNum": 0, "slangBeHumanNum": 0, "slangBeVehicleNum": 0, "slangBeDrugNum": 0, "slangBvNum": 0, "slangBeGeneralRate": 0.0, "slangBeCigaretteRate": 0.0, "slangBeHumanRate": 0.0, "slangBeVehicleRate": 0.0, "slangBeDrugRate": 0.0, "slangBvRate": 0.0, "speechactNum": 0, "quoteNum": 0, "dashNum": 0, "publicNum": 0, "privateNum": 0, "suasiveNum": 0, "discMarkerNum": 0, "smileyNum": 0, "dateNum": 0, "hesitationNum": 0, "restartNum": 0, "repeatNum": 1, "conjBeforeDiscNum": 0, "conjAfterDiscNum": 0, "wordBeforeHesitationNum": 0, "wordAfterHesitationNum": 0, "otherCollocationNum": 0, "speechactRate": 0.0, "quoteRate": 0.0, "dashRate": 0.0, "publicRate": 0.0, "privateRate": 0.0, "suasiveRate": 0.0, "discMarkerRate": 0.0, "smileyRate": 0.0, "dateRate": 0.0, "hesitationRate": 0.0, "restartRate": 0.0, "repeatRate": 0.002183406113537118, "conjBeforeDiscRate": 0.0, "conjAfterDiscRate": 0.0, "wordBeforeHesitationRate": 0.0, "wordAfterHesitationRate": 0.0, "otherCollocationRate": 0.0, "easyWordNum": 390, "hardWordNum": 68, "easyWordRate": 0.851528384279476, "hardWordRate": 0.14847161572052403, "fleschReadingEaseScore": 31.930753275109197, "gunningFogIndex": 6.602245789145353, "fleschKincaidGradeLevel": 12.869198378041176, "colemanLiauIndex": 18.176628820960698, "smogIndex": 11.729898335038438, "automatedReadabilityIndex": 13.918484092326885, "linsearWriteIndex": 1.2886774797255147, "author": "", "locationNameNum": 0, "locationNameRate": 0.0, "personNameNum": 0, "personNameRate": 0.0, "organizationNameNum": 0, "organizationNameRate": 0.0, "misspelledNum": 6, "misspelledRate": 0.013100436681222707, "missingAccentNum": 1, "missingAccentRate": 0.002183406113537118, "foreignAccentNum": 0, "foreignAccentRate": 0.0, "wordConcatNum": 0, "wordConcatRate": 0.0, "jLyMistakeNum": 0, "jLyMistakeRate": 0.0, "publicVNum": 0, "freqSuffixNum": 0, "partsNum": 136, "clauseWordNum": 61, "privateVNum": 0}