{"tokenNum": 473, "sentenceNum": 21, "lemmaNum": 208, "lemmaRate": 0.4397463002114165, "sentenceLength": 22.523809523809526, "allUpperNum": 0, "firstUpperNum": 22, "allUpperRate": 0.0, "firstUpperRate": 0.046511627906976744, "declarSentNum": 20, "imperSentNum": 0, "questionNum": 1, "declarSentRate": 0.9523809523809523, "imperSentRate": 0.0, "questionRate": 0.047619047619047616, "accent": true, "saturation": 3.1515151515151514, "paragraphNum": 5, "nounNum": 88, "verbNum": 66, "adjNum": 53, "infNum": 13, "partPastNum": 1, "partPresNum": 4, "partFutNum": 0, "transNum": 2, "xNum": 5, "advNum": 38, "properNounNum": 0, "numNum": 0, "conjNum": 58, "punctNum": 78, "pronNum": 31, "relPronNum": 6, "demPronNum": 25, "adposNum": 6, "multiplePunctNum": 0, "phraseNum": 0, "nounRate": 0.18604651162790697, "verbRate": 0.13953488372093023, "adjRate": 0.11205073995771671, "infRate": 0.02748414376321353, "partPastRate": 0.0021141649048625794, "partPresRate": 0.008456659619450317, "partFutRate": 0.0, "transRate": 0.004228329809725159, "xRate": 0.010570824524312896, "advRate": 0.080338266384778, "properNounRate": 0.0, "numRate": 0.0, "conjRate": 0.1226215644820296, "punctRate": 0.1649048625792812, "pronRate": 0.06553911205073996, "relPronRate": 0.012684989429175475, "demPronRate": 0.052854122621564484, "adposRate": 0.012684989429175475, "multiplePunctRate": 0.0, "partsDensityRate": 3.712121212121212, "contentfulness": 11.666666666666666, "phraseRate": 0.0, "pastTenseNum": 1, "presentTenseNum": 52, "condNum": 2, "impNum": 11, "freqNum": 0, "causNum": 0, "modalNum": 8, "sg1VerbNum": 66, "sg2VerbNum": 66, "sg3VerbNum": 66, "pl1VerbNum": 66, "pl2VerbNum": 66, "pl3VerbNum": 66, "superlatNum": 2, "comparatNum": 5, "specDerivSuffixNum": 0, "pluralNounNum": 14, "pastTenseRate": 0.015151515151515152, "presentTenseRate": 0.7878787878787878, "condRate": 0.030303030303030304, "impRate": 0.16666666666666666, "freqRate": 0.0, "causRate": 0.0, "modalRate": 0.12121212121212122, "sg1VerbRate": 1.0, "sg2VerbRate": 1.0, "sg3VerbRate": 1.0, "pl1VerbRate": 1.0, "pl2VerbRate": 1.0, "pl3VerbRate": 1.0, "superlatRate": 0.03773584905660377, "comparatRate": 0.09433962264150944, "specDerivSuffixRate": 0.0, "pluralNounRate": 0.1590909090909091, "subjNum": 22, "objNum": 23, "attNum": 30, "subordNum": 29, "adverbNum": 54, "coordNum": 27, "clauseNum": 66, "simpleNum": 4, "complexNum": 17, "complexity1Num": 2, "complexity2Num": 9, "complexity3Num": 2, "compoundNum": 0, "subjRate": 0.046511627906976744, "objRate": 0.048625792811839326, "attRate": 0.06342494714587738, "subordRate": 0.0613107822410148, "adverbRate": 0.11416490486257928, "coordRate": 0.05708245243128964, "partsRate": 2.3636363636363638, "clauseRate": 3.142857142857143, "simpleRate": 0.19047619047619047, "complexRate": 0.8095238095238095, "complexity1Rate": 0.09523809523809523, "complexity2Rate": 0.42857142857142855, "complexity3Rate": 0.09523809523809523, "complexClauseRate": 3.6470588235294117, "sentencesPerParagraph": 4.2, "wordsLengthRate": 5.875949367088608, "compoundRate": 0.0, "positiveNum": 0, "negativeNum": 0, "precoPositiveNum": 0, "precoNegativeNum": 0, "negemoNum": 0, "negationNum": 5, "functionNum": 228, "contentNum": 245, "vulgarNum": 0, "racistNum": 0, "specStyleNum": 0, "addressingNum": 0, "closingNum": 0, "postscriptNum": 0, "brutalNum": 0, "positiveRate": 0.0, "negativeRate": 0.0, "precoPositiveRate": 0.0, "precoNegativeRate": 0.0, "negemoRate": 0.0, "negationRate": 0.010570824524312896, "functionRate": 0.4820295983086681, "contentRate": 0.5179704016913319, "vulgarRate": 0.0, "racistRate": 0.0, "specStyleRate": 0.0, "addressingRate": 0.0, "closingRate": 0.0, "postscriptRate": 0.0, "brutalRate": 0.0, "epistemicNum": 0, "investNum": 0, "conditionNum": 0, "weaselNum": 0, "peacockNum": 0, "hedgeNum": 0, "doxasticNum": 0, "epistemicRate": 0.0, "investRate": 0.0, "conditionRate": 0.0, "weaselRate": 0.0, "peacockRate": 0.0, "hedgeRate": 0.0, "doxasticRate": 0.0, "loveNum": 0, "anxietyNum": 0, "sorrowNum": 0, "joyNum": 0, "disgustNum": 0, "fearNum": 0, "surpriseNum": 0, "angerNum": 0, "loveRate": 0.0, "anxietyRate": 0.0, "sorrowRate": 0.0, "joyRate": 0.0, "disgustRate": 0.0, "fearRate": 0.0, "surpriseRate": 0.0, "angerRate": 0.0, "slangBeGeneralNum": 0, "slangBeCigaretteNum": 0, "slangBeHumanNum": 0, "slangBeVehicleNum": 0, "slangBeDrugNum": 0, "slangBvNum": 0, "slangBeGeneralRate": 0.0, "slangBeCigaretteRate": 0.0, "slangBeHumanRate": 0.0, "slangBeVehicleRate": 0.0, "slangBeDrugRate": 0.0, "slangBvRate": 0.0, "speechactNum": 0, "quoteNum": 1, "dashNum": 0, "publicNum": 0, "privateNum": 0, "suasiveNum": 0, "discMarkerNum": 0, "smileyNum": 0, "dateNum": 0, "hesitationNum": 0, "restartNum": 0, "repeatNum": 0, "conjBeforeDiscNum": 0, "conjAfterDiscNum": 0, "wordBeforeHesitationNum": 0, "wordAfterHesitationNum": 0, "otherCollocationNum": 0, "speechactRate": 0.0, "quoteRate": 0.0021141649048625794, "dashRate": 0.0, "publicRate": 0.0, "privateRate": 0.0, "suasiveRate": 0.0, "discMarkerRate": 0.0, "smileyRate": 0.0, "dateRate": 0.0, "hesitationRate": 0.0, "restartRate": 0.0, "repeatRate": 0.0, "conjBeforeDiscRate": 0.0, "conjAfterDiscRate": 0.0, "wordBeforeHesitationRate": 0.0, "wordAfterHesitationRate": 0.0, "otherCollocationRate": 0.0, "easyWordNum": 424, "hardWordNum": 49, "easyWordRate": 0.8964059196617337, "hardWordRate": 0.10359408033826638, "fleschReadingEaseScore": 47.50441155743485, "gunningFogIndex": 9.050961441659117, "fleschKincaidGradeLevel": 12.228958018725464, "colemanLiauIndex": 13.948725158562361, "smogIndex": 10.4301, "automatedReadabilityIndex": 13.620889962750432, "linsearWriteIndex": 1.8490888956005236, "author": "", "locationNameNum": 0, "locationNameRate": 0.0, "personNameNum": 0, "personNameRate": 0.0, "organizationNameNum": 0, "organizationNameRate": 0.0, "misspelledNum": 2, "misspelledRate": 0.004228329809725159, "missingAccentNum": 1, "missingAccentRate": 0.0021141649048625794, "foreignAccentNum": 0, "foreignAccentRate": 0.0, "wordConcatNum": 0, "wordConcatRate": 0.0, "jLyMistakeNum": 0, "jLyMistakeRate": 0.0, "publicVNum": 0, "freqSuffixNum": 0, "partsNum": 156, "clauseWordNum": 66, "privateVNum": 0}