{"tokenNum": 535, "sentenceNum": 25, "lemmaNum": 249, "lemmaRate": 0.4654205607476635, "sentenceLength": 21.4, "allUpperNum": 0, "firstUpperNum": 29, "allUpperRate": 0.0, "firstUpperRate": 0.05420560747663551, "declarSentNum": 24, "imperSentNum": 1, "questionNum": 0, "declarSentRate": 0.96, "imperSentRate": 0.04, "questionRate": 0.0, "accent": true, "saturation": 4.016129032258065, "paragraphNum": 7, "nounNum": 105, "verbNum": 62, "adjNum": 63, "infNum": 15, "partPastNum": 5, "partPresNum": 2, "partFutNum": 0, "transNum": 1, "xNum": 8, "advNum": 49, "properNounNum": 5, "numNum": 0, "conjNum": 58, "punctNum": 88, "pronNum": 30, "relPronNum": 8, "demPronNum": 21, "adposNum": 5, "multiplePunctNum": 0, "phraseNum": 0, "nounRate": 0.19626168224299065, "verbRate": 0.11588785046728972, "adjRate": 0.11775700934579439, "infRate": 0.028037383177570093, "partPastRate": 0.009345794392523364, "partPresRate": 0.003738317757009346, "partFutRate": 0.0, "transRate": 0.001869158878504673, "xRate": 0.014953271028037384, "advRate": 0.09158878504672897, "properNounRate": 0.009345794392523364, "numRate": 0.0, "conjRate": 0.10841121495327102, "punctRate": 0.16448598130841122, "pronRate": 0.056074766355140186, "relPronRate": 0.014953271028037384, "demPronRate": 0.03925233644859813, "adposRate": 0.009345794392523364, "multiplePunctRate": 0.0, "partsDensityRate": 4.5, "contentfulness": 11.16, "phraseRate": 0.0, "pastTenseNum": 5, "presentTenseNum": 42, "condNum": 1, "impNum": 5, "freqNum": 0, "causNum": 0, "modalNum": 2, "sg1VerbNum": 62, "sg2VerbNum": 62, "sg3VerbNum": 62, "pl1VerbNum": 62, "pl2VerbNum": 62, "pl3VerbNum": 62, "superlatNum": 3, "comparatNum": 2, "specDerivSuffixNum": 0, "pluralNounNum": 20, "pastTenseRate": 0.08064516129032258, "presentTenseRate": 0.6774193548387096, "condRate": 0.016129032258064516, "impRate": 0.08064516129032258, "freqRate": 0.0, "causRate": 0.0, "modalRate": 0.03225806451612903, "sg1VerbRate": 1.0, "sg2VerbRate": 1.0, "sg3VerbRate": 1.0, "pl1VerbRate": 1.0, "pl2VerbRate": 1.0, "pl3VerbRate": 1.0, "superlatRate": 0.047619047619047616, "comparatRate": 0.031746031746031744, "specDerivSuffixRate": 0.0, "pluralNounRate": 0.19047619047619047, "subjNum": 26, "objNum": 32, "attNum": 33, "subordNum": 24, "adverbNum": 71, "coordNum": 38, "clauseNum": 62, "simpleNum": 3, "complexNum": 22, "complexity1Num": 11, "complexity2Num": 9, "complexity3Num": 1, "compoundNum": 0, "subjRate": 0.048598130841121495, "objRate": 0.059813084112149535, "attRate": 0.0616822429906542, "subordRate": 0.044859813084112146, "adverbRate": 0.13271028037383178, "coordRate": 0.07102803738317758, "partsRate": 3.225806451612903, "clauseRate": 2.48, "simpleRate": 0.12, "complexRate": 0.88, "complexity1Rate": 0.44, "complexity2Rate": 0.36, "complexity3Rate": 0.04, "complexClauseRate": 2.6818181818181817, "sentencesPerParagraph": 3.5714285714285716, "wordsLengthRate": 5.874720357941834, "compoundRate": 0.0, "positiveNum": 0, "negativeNum": 0, "precoPositiveNum": 0, "precoNegativeNum": 0, "negemoNum": 0, "negationNum": 4, "functionNum": 256, "contentNum": 279, "vulgarNum": 0, "racistNum": 0, "specStyleNum": 0, "addressingNum": 0, "closingNum": 0, "postscriptNum": 0, "brutalNum": 0, "positiveRate": 0.0, "negativeRate": 0.0, "precoPositiveRate": 0.0, "precoNegativeRate": 0.0, "negemoRate": 0.0, "negationRate": 0.007476635514018692, "functionRate": 0.4785046728971963, "contentRate": 0.5214953271028038, "vulgarRate": 0.0, "racistRate": 0.0, "specStyleRate": 0.0, "addressingRate": 0.0, "closingRate": 0.0, "postscriptRate": 0.0, "brutalRate": 0.0, "epistemicNum": 0, "investNum": 0, "conditionNum": 0, "weaselNum": 0, "peacockNum": 0, "hedgeNum": 0, "doxasticNum": 0, "epistemicRate": 0.0, "investRate": 0.0, "conditionRate": 0.0, "weaselRate": 0.0, "peacockRate": 0.0, "hedgeRate": 0.0, "doxasticRate": 0.0, "loveNum": 0, "anxietyNum": 0, "sorrowNum": 0, "joyNum": 0, "disgustNum": 0, "fearNum": 0, "surpriseNum": 0, "angerNum": 0, "loveRate": 0.0, "anxietyRate": 0.0, "sorrowRate": 0.0, "joyRate": 0.0, "disgustRate": 0.0, "fearRate": 0.0, "surpriseRate": 0.0, "angerRate": 0.0, "slangBeGeneralNum": 0, "slangBeCigaretteNum": 0, "slangBeHumanNum": 0, "slangBeVehicleNum": 0, "slangBeDrugNum": 0, "slangBvNum": 0, "slangBeGeneralRate": 0.0, "slangBeCigaretteRate": 0.0, "slangBeHumanRate": 0.0, "slangBeVehicleRate": 0.0, "slangBeDrugRate": 0.0, "slangBvRate": 0.0, "speechactNum": 0, "quoteNum": 1, "dashNum": 1, "publicNum": 0, "privateNum": 0, "suasiveNum": 0, "discMarkerNum": 0, "smileyNum": 0, "dateNum": 0, "hesitationNum": 0, "restartNum": 0, "repeatNum": 0, "conjBeforeDiscNum": 0, "conjAfterDiscNum": 0, "wordBeforeHesitationNum": 0, "wordAfterHesitationNum": 0, "otherCollocationNum": 0, "speechactRate": 0.0, "quoteRate": 0.001869158878504673, "dashRate": 0.001869158878504673, "publicRate": 0.0, "privateRate": 0.0, "suasiveRate": 0.0, "discMarkerRate": 0.0, "smileyRate": 0.0, "dateRate": 0.0, "hesitationRate": 0.0, "restartRate": 0.0, "repeatRate": 0.0, "conjBeforeDiscRate": 0.0, "conjAfterDiscRate": 0.0, "wordBeforeHesitationRate": 0.0, "wordAfterHesitationRate": 0.0, "otherCollocationRate": 0.0, "easyWordNum": 496, "hardWordNum": 39, "easyWordRate": 0.9271028037383178, "hardWordRate": 0.07289719626168224, "fleschReadingEaseScore": 48.96334579439255, "gunningFogIndex": 8.589158878504673, "fleschKincaidGradeLevel": 11.746280373831777, "colemanLiauIndex": 13.925093457943923, "smogIndex": 9.642632912329528, "automatedReadabilityIndex": 13.040093457943925, "linsearWriteIndex": 1.2654205607476636, "author": "", "locationNameNum": 1, "locationNameRate": 0.001869158878504673, "personNameNum": 0, "personNameRate": 0.0, "organizationNameNum": 0, "organizationNameRate": 0.0, "misspelledNum": 3, "misspelledRate": 0.005607476635514018, "missingAccentNum": 1, "missingAccentRate": 0.001869158878504673, "foreignAccentNum": 0, "foreignAccentRate": 0.0, "wordConcatNum": 0, "wordConcatRate": 0.0, "jLyMistakeNum": 0, "jLyMistakeRate": 0.0, "publicVNum": 0, "freqSuffixNum": 0, "partsNum": 200, "clauseWordNum": 62, "privateVNum": 0}