{"tokenNum": 407, "sentenceNum": 17, "lemmaNum": 224, "lemmaRate": 0.5503685503685504, "sentenceLength": 23.941176470588236, "allUpperNum": 0, "firstUpperNum": 17, "allUpperRate": 0.0, "firstUpperRate": 0.04176904176904177, "declarSentNum": 15, "imperSentNum": 0, "questionNum": 2, "declarSentRate": 0.8823529411764706, "imperSentRate": 0.0, "questionRate": 0.11764705882352941, "accent": true, "saturation": 4.666666666666667, "paragraphNum": 4, "nounNum": 96, "verbNum": 50, "adjNum": 53, "infNum": 5, "partPastNum": 5, "partPresNum": 2, "partFutNum": 0, "transNum": 0, "xNum": 4, "advNum": 34, "properNounNum": 0, "numNum": 1, "conjNum": 30, "punctNum": 58, "pronNum": 24, "relPronNum": 16, "demPronNum": 11, "adposNum": 4, "multiplePunctNum": 1, "phraseNum": 0, "nounRate": 0.23587223587223588, "verbRate": 0.12285012285012285, "adjRate": 0.13022113022113022, "infRate": 0.012285012285012284, "partPastRate": 0.012285012285012284, "partPresRate": 0.004914004914004914, "partFutRate": 0.0, "transRate": 0.0, "xRate": 0.009828009828009828, "advRate": 0.08353808353808354, "properNounRate": 0.0, "numRate": 0.002457002457002457, "conjRate": 0.07371007371007371, "punctRate": 0.14250614250614252, "pronRate": 0.05896805896805897, "relPronRate": 0.03931203931203931, "demPronRate": 0.02702702702702703, "adposRate": 0.009828009828009828, "multiplePunctRate": 0.017241379310344827, "partsDensityRate": 4.854166666666667, "contentfulness": 13.705882352941176, "phraseRate": 0.0, "pastTenseNum": 6, "presentTenseNum": 39, "condNum": 0, "impNum": 1, "freqNum": 0, "causNum": 0, "modalNum": 3, "sg1VerbNum": 50, "sg2VerbNum": 50, "sg3VerbNum": 50, "pl1VerbNum": 50, "pl2VerbNum": 50, "pl3VerbNum": 50, "superlatNum": 2, "comparatNum": 2, "specDerivSuffixNum": 0, "pluralNounNum": 22, "pastTenseRate": 0.12, "presentTenseRate": 0.78, "condRate": 0.0, "impRate": 0.02, "freqRate": 0.0, "causRate": 0.0, "modalRate": 0.06, "sg1VerbRate": 1.0, "sg2VerbRate": 1.0, "sg3VerbRate": 1.0, "pl1VerbRate": 1.0, "pl2VerbRate": 1.0, "pl3VerbRate": 1.0, "superlatRate": 0.03773584905660377, "comparatRate": 0.03773584905660377, "specDerivSuffixRate": 0.0, "pluralNounRate": 0.22916666666666666, "subjNum": 26, "objNum": 18, "attNum": 42, "subordNum": 18, "adverbNum": 43, "coordNum": 24, "clauseNum": 48, "simpleNum": 6, "complexNum": 11, "complexity1Num": 3, "complexity2Num": 3, "complexity3Num": 1, "compoundNum": 0, "subjRate": 0.06388206388206388, "objRate": 0.044226044226044224, "attRate": 0.10319410319410319, "subordRate": 0.044226044226044224, "adverbRate": 0.10565110565110565, "coordRate": 0.05896805896805897, "partsRate": 3.1875, "clauseRate": 2.823529411764706, "simpleRate": 0.35294117647058826, "complexRate": 0.6470588235294118, "complexity1Rate": 0.17647058823529413, "complexity2Rate": 0.17647058823529413, "complexity3Rate": 0.058823529411764705, "complexClauseRate": 3.8181818181818183, "sentencesPerParagraph": 4.25, "wordsLengthRate": 6.011461318051576, "compoundRate": 0.0, "positiveNum": 0, "negativeNum": 0, "precoPositiveNum": 0, "precoNegativeNum": 0, "negemoNum": 0, "negationNum": 3, "functionNum": 174, "contentNum": 233, "vulgarNum": 0, "racistNum": 0, "specStyleNum": 0, "addressingNum": 0, "closingNum": 0, "postscriptNum": 0, "brutalNum": 0, "positiveRate": 0.0, "negativeRate": 0.0, "precoPositiveRate": 0.0, "precoNegativeRate": 0.0, "negemoRate": 0.0, "negationRate": 0.007371007371007371, "functionRate": 0.4275184275184275, "contentRate": 0.5724815724815725, "vulgarRate": 0.0, "racistRate": 0.0, "specStyleRate": 0.0, "addressingRate": 0.0, "closingRate": 0.0, "postscriptRate": 0.0, "brutalRate": 0.0, "epistemicNum": 0, "investNum": 0, "conditionNum": 0, "weaselNum": 0, "peacockNum": 0, "hedgeNum": 0, "doxasticNum": 0, "epistemicRate": 0.0, "investRate": 0.0, "conditionRate": 0.0, "weaselRate": 0.0, "peacockRate": 0.0, "hedgeRate": 0.0, "doxasticRate": 0.0, "loveNum": 0, "anxietyNum": 0, "sorrowNum": 0, "joyNum": 0, "disgustNum": 0, "fearNum": 0, "surpriseNum": 0, "angerNum": 0, "loveRate": 0.0, "anxietyRate": 0.0, "sorrowRate": 0.0, "joyRate": 0.0, "disgustRate": 0.0, "fearRate": 0.0, "surpriseRate": 0.0, "angerRate": 0.0, "slangBeGeneralNum": 0, "slangBeCigaretteNum": 0, "slangBeHumanNum": 0, "slangBeVehicleNum": 0, "slangBeDrugNum": 0, "slangBvNum": 0, "slangBeGeneralRate": 0.0, "slangBeCigaretteRate": 0.0, "slangBeHumanRate": 0.0, "slangBeVehicleRate": 0.0, "slangBeDrugRate": 0.0, "slangBvRate": 0.0, "speechactNum": 0, "quoteNum": 1, "dashNum": 0, "publicNum": 0, "privateNum": 0, "suasiveNum": 0, "discMarkerNum": 0, "smileyNum": 0, "dateNum": 0, "hesitationNum": 0, "restartNum": 0, "repeatNum": 0, "conjBeforeDiscNum": 0, "conjAfterDiscNum": 0, "wordBeforeHesitationNum": 0, "wordAfterHesitationNum": 0, "otherCollocationNum": 0, "speechactRate": 0.0, "quoteRate": 0.002457002457002457, "dashRate": 0.0, "publicRate": 0.0, "privateRate": 0.0, "suasiveRate": 0.0, "discMarkerRate": 0.0, "smileyRate": 0.0, "dateRate": 0.0, "hesitationRate": 0.0, "restartRate": 0.0, "repeatRate": 0.0, "conjBeforeDiscRate": 0.0, "conjAfterDiscRate": 0.0, "wordBeforeHesitationRate": 0.0, "wordAfterHesitationRate": 0.0, "otherCollocationRate": 0.0, "easyWordNum": 367, "hardWordNum": 40, "easyWordRate": 0.9017199017199017, "hardWordRate": 0.09828009828009827, "fleschReadingEaseScore": 34.120946668593774, "gunningFogIndex": 9.615782627547334, "fleschKincaidGradeLevel": 14.447795924266511, "colemanLiauIndex": 15.314125307125302, "smogIndex": 9.725611199111238, "automatedReadabilityIndex": 15.421423616129502, "linsearWriteIndex": 2.4903887845064316, "author": "", "locationNameNum": 0, "locationNameRate": 0.0, "personNameNum": 0, "personNameRate": 0.0, "organizationNameNum": 0, "organizationNameRate": 0.0, "misspelledNum": 2, "misspelledRate": 0.004914004914004914, "missingAccentNum": 1, "missingAccentRate": 0.002457002457002457, "foreignAccentNum": 0, "foreignAccentRate": 0.0, "wordConcatNum": 0, "wordConcatRate": 0.0, "jLyMistakeNum": 0, "jLyMistakeRate": 0.0, "publicVNum": 0, "freqSuffixNum": 0, "partsNum": 153, "clauseWordNum": 48, "privateVNum": 0}