{"tokenNum": 448, "sentenceNum": 26, "lemmaNum": 245, "lemmaRate": 0.546875, "sentenceLength": 17.23076923076923, "allUpperNum": 1, "firstUpperNum": 27, "allUpperRate": 0.002232142857142857, "firstUpperRate": 0.060267857142857144, "declarSentNum": 23, "imperSentNum": 1, "questionNum": 2, "declarSentRate": 0.8846153846153846, "imperSentRate": 0.038461538461538464, "questionRate": 0.07692307692307693, "accent": true, "saturation": 4.711538461538462, "paragraphNum": 6, "nounNum": 107, "verbNum": 49, "adjNum": 63, "infNum": 5, "partPastNum": 3, "partPresNum": 4, "partFutNum": 0, "transNum": 2, "xNum": 6, "advNum": 35, "properNounNum": 1, "numNum": 1, "conjNum": 46, "punctNum": 64, "pronNum": 15, "relPronNum": 4, "demPronNum": 16, "adposNum": 3, "multiplePunctNum": 1, "phraseNum": 0, "nounRate": 0.23883928571428573, "verbRate": 0.109375, "adjRate": 0.140625, "infRate": 0.011160714285714286, "partPastRate": 0.006696428571428571, "partPresRate": 0.008928571428571428, "partFutRate": 0.0, "transRate": 0.004464285714285714, "xRate": 0.013392857142857142, "advRate": 0.078125, "properNounRate": 0.002232142857142857, "numRate": 0.002232142857142857, "conjRate": 0.10267857142857142, "punctRate": 0.14285714285714285, "pronRate": 0.033482142857142856, "relPronRate": 0.008928571428571428, "demPronRate": 0.03571428571428571, "adposRate": 0.006696428571428571, "multiplePunctRate": 0.015625, "partsDensityRate": 4.884615384615385, "contentfulness": 9.76923076923077, "phraseRate": 0.0, "pastTenseNum": 8, "presentTenseNum": 36, "condNum": 0, "impNum": 5, "freqNum": 0, "causNum": 0, "modalNum": 6, "sg1VerbNum": 49, "sg2VerbNum": 49, "sg3VerbNum": 49, "pl1VerbNum": 49, "pl2VerbNum": 49, "pl3VerbNum": 49, "superlatNum": 0, "comparatNum": 2, "specDerivSuffixNum": 0, "pluralNounNum": 31, "pastTenseRate": 0.16326530612244897, "presentTenseRate": 0.7346938775510204, "condRate": 0.0, "impRate": 0.10204081632653061, "freqRate": 0.0, "causRate": 0.0, "modalRate": 0.12244897959183673, "sg1VerbRate": 1.0, "sg2VerbRate": 1.0, "sg3VerbRate": 1.0, "pl1VerbRate": 1.0, "pl2VerbRate": 1.0, "pl3VerbRate": 1.0, "superlatRate": 0.0, "comparatRate": 0.031746031746031744, "specDerivSuffixRate": 0.0, "pluralNounRate": 0.2897196261682243, "subjNum": 26, "objNum": 20, "attNum": 45, "subordNum": 16, "adverbNum": 45, "coordNum": 32, "clauseNum": 52, "simpleNum": 11, "complexNum": 15, "complexity1Num": 8, "complexity2Num": 3, "complexity3Num": 4, "compoundNum": 0, "subjRate": 0.05803571428571429, "objRate": 0.044642857142857144, "attRate": 0.10044642857142858, "subordRate": 0.03571428571428571, "adverbRate": 0.10044642857142858, "coordRate": 0.07142857142857142, "partsRate": 3.230769230769231, "clauseRate": 2.0, "simpleRate": 0.4230769230769231, "complexRate": 0.5769230769230769, "complexity1Rate": 0.3076923076923077, "complexity2Rate": 0.11538461538461539, "complexity3Rate": 0.15384615384615385, "complexClauseRate": 2.7333333333333334, "sentencesPerParagraph": 4.333333333333333, "wordsLengthRate": 6.239583333333333, "compoundRate": 0.0, "positiveNum": 0, "negativeNum": 0, "precoPositiveNum": 0, "precoNegativeNum": 0, "negemoNum": 0, "negationNum": 2, "functionNum": 194, "contentNum": 254, "vulgarNum": 0, "racistNum": 0, "specStyleNum": 0, "addressingNum": 0, "closingNum": 0, "postscriptNum": 0, "brutalNum": 0, "positiveRate": 0.0, "negativeRate": 0.0, "precoPositiveRate": 0.0, "precoNegativeRate": 0.0, "negemoRate": 0.0, "negationRate": 0.004464285714285714, "functionRate": 0.4330357142857143, "contentRate": 0.5669642857142857, "vulgarRate": 0.0, "racistRate": 0.0, "specStyleRate": 0.0, "addressingRate": 0.0, "closingRate": 0.0, "postscriptRate": 0.0, "brutalRate": 0.0, "epistemicNum": 0, "investNum": 0, "conditionNum": 0, "weaselNum": 0, "peacockNum": 0, "hedgeNum": 0, "doxasticNum": 0, "epistemicRate": 0.0, "investRate": 0.0, "conditionRate": 0.0, "weaselRate": 0.0, "peacockRate": 0.0, "hedgeRate": 0.0, "doxasticRate": 0.0, "loveNum": 0, "anxietyNum": 0, "sorrowNum": 0, "joyNum": 0, "disgustNum": 0, "fearNum": 0, "surpriseNum": 0, "angerNum": 0, "loveRate": 0.0, "anxietyRate": 0.0, "sorrowRate": 0.0, "joyRate": 0.0, "disgustRate": 0.0, "fearRate": 0.0, "surpriseRate": 0.0, "angerRate": 0.0, "slangBeGeneralNum": 0, "slangBeCigaretteNum": 0, "slangBeHumanNum": 0, "slangBeVehicleNum": 0, "slangBeDrugNum": 0, "slangBvNum": 0, "slangBeGeneralRate": 0.0, "slangBeCigaretteRate": 0.0, "slangBeHumanRate": 0.0, "slangBeVehicleRate": 0.0, "slangBeDrugRate": 0.0, "slangBvRate": 0.0, "speechactNum": 0, "quoteNum": 0, "dashNum": 0, "publicNum": 0, "privateNum": 0, "suasiveNum": 0, "discMarkerNum": 0, "smileyNum": 0, "dateNum": 0, "hesitationNum": 0, "restartNum": 0, "repeatNum": 0, "conjBeforeDiscNum": 0, "conjAfterDiscNum": 0, "wordBeforeHesitationNum": 0, "wordAfterHesitationNum": 0, "otherCollocationNum": 0, "speechactRate": 0.0, "quoteRate": 0.0, "dashRate": 0.0, "publicRate": 0.0, "privateRate": 0.0, "suasiveRate": 0.0, "discMarkerRate": 0.0, "smileyRate": 0.0, "dateRate": 0.0, "hesitationRate": 0.0, "restartRate": 0.0, "repeatRate": 0.0, "conjBeforeDiscRate": 0.0, "conjAfterDiscRate": 0.0, "wordBeforeHesitationRate": 0.0, "wordAfterHesitationRate": 0.0, "otherCollocationRate": 0.0, "easyWordNum": 398, "hardWordNum": 50, "easyWordRate": 0.8883928571428571, "hardWordRate": 0.11160714285714286, "fleschReadingEaseScore": 38.65201923076924, "gunningFogIndex": 6.9369505494505495, "fleschKincaidGradeLevel": 12.14875, "colemanLiauIndex": 16.410763392857145, "smogIndex": 10.504223727775692, "automatedReadabilityIndex": 12.943197115384613, "linsearWriteIndex": 1.3265796703296706, "author": "", "locationNameNum": 0, "locationNameRate": 0.0, "personNameNum": 0, "personNameRate": 0.0, "organizationNameNum": 0, "organizationNameRate": 0.0, "misspelledNum": 1, "misspelledRate": 0.002232142857142857, "missingAccentNum": 0, "missingAccentRate": 0.0, "foreignAccentNum": 0, "foreignAccentRate": 0.0, "wordConcatNum": 0, "wordConcatRate": 0.0, "jLyMistakeNum": 0, "jLyMistakeRate": 0.0, "publicVNum": 0, "freqSuffixNum": 0, "partsNum": 168, "clauseWordNum": 52, "privateVNum": 0}