{"tokenNum": 466, "sentenceNum": 26, "lemmaNum": 217, "lemmaRate": 0.4656652360515021, "sentenceLength": 17.923076923076923, "allUpperNum": 0, "firstUpperNum": 26, "allUpperRate": 0.0, "firstUpperRate": 0.055793991416309016, "declarSentNum": 26, "imperSentNum": 0, "questionNum": 0, "declarSentRate": 1.0, "imperSentRate": 0.0, "questionRate": 0.0, "accent": true, "saturation": 3.2388059701492535, "paragraphNum": 3, "nounNum": 84, "verbNum": 64, "adjNum": 52, "infNum": 7, "partPastNum": 2, "partPresNum": 5, "partFutNum": 0, "transNum": 1, "xNum": 3, "advNum": 53, "properNounNum": 2, "numNum": 0, "conjNum": 37, "punctNum": 87, "pronNum": 32, "relPronNum": 8, "demPronNum": 15, "adposNum": 5, "multiplePunctNum": 0, "phraseNum": 0, "nounRate": 0.18025751072961374, "verbRate": 0.13733905579399142, "adjRate": 0.11158798283261803, "infRate": 0.015021459227467811, "partPastRate": 0.004291845493562232, "partPresRate": 0.01072961373390558, "partFutRate": 0.0, "transRate": 0.002145922746781116, "xRate": 0.006437768240343348, "advRate": 0.11373390557939914, "properNounRate": 0.004291845493562232, "numRate": 0.0, "conjRate": 0.07939914163090128, "punctRate": 0.18669527896995708, "pronRate": 0.06866952789699571, "relPronRate": 0.017167381974248927, "demPronRate": 0.032188841201716736, "adposRate": 0.01072961373390558, "multiplePunctRate": 0.0, "partsDensityRate": 3.7761194029850746, "contentfulness": 9.73076923076923, "phraseRate": 0.0, "pastTenseNum": 2, "presentTenseNum": 55, "condNum": 2, "impNum": 0, "freqNum": 0, "causNum": 0, "modalNum": 2, "sg1VerbNum": 64, "sg2VerbNum": 64, "sg3VerbNum": 64, "pl1VerbNum": 64, "pl2VerbNum": 64, "pl3VerbNum": 64, "superlatNum": 2, "comparatNum": 1, "specDerivSuffixNum": 0, "pluralNounNum": 19, "pastTenseRate": 0.03125, "presentTenseRate": 0.859375, "condRate": 0.03125, "impRate": 0.0, "freqRate": 0.0, "causRate": 0.0, "modalRate": 0.03125, "sg1VerbRate": 1.0, "sg2VerbRate": 1.0, "sg3VerbRate": 1.0, "pl1VerbRate": 1.0, "pl2VerbRate": 1.0, "pl3VerbRate": 1.0, "superlatRate": 0.038461538461538464, "comparatRate": 0.019230769230769232, "specDerivSuffixRate": 0.0, "pluralNounRate": 0.2261904761904762, "subjNum": 22, "objNum": 20, "attNum": 34, "subordNum": 27, "adverbNum": 71, "coordNum": 17, "clauseNum": 67, "simpleNum": 6, "complexNum": 20, "complexity1Num": 8, "complexity2Num": 6, "complexity3Num": 4, "compoundNum": 0, "subjRate": 0.04721030042918455, "objRate": 0.04291845493562232, "attRate": 0.07296137339055794, "subordRate": 0.05793991416309013, "adverbRate": 0.15236051502145923, "coordRate": 0.03648068669527897, "partsRate": 2.4477611940298507, "clauseRate": 2.576923076923077, "simpleRate": 0.23076923076923078, "complexRate": 0.7692307692307693, "complexity1Rate": 0.3076923076923077, "complexity2Rate": 0.23076923076923078, "complexity3Rate": 0.15384615384615385, "complexClauseRate": 3.05, "sentencesPerParagraph": 8.666666666666666, "wordsLengthRate": 6.0, "compoundRate": 0.0, "positiveNum": 0, "negativeNum": 0, "precoPositiveNum": 0, "precoNegativeNum": 0, "negemoNum": 0, "negationNum": 17, "functionNum": 213, "contentNum": 253, "vulgarNum": 0, "racistNum": 0, "specStyleNum": 0, "addressingNum": 0, "closingNum": 0, "postscriptNum": 0, "brutalNum": 0, "positiveRate": 0.0, "negativeRate": 0.0, "precoPositiveRate": 0.0, "precoNegativeRate": 0.0, "negemoRate": 0.0, "negationRate": 0.03648068669527897, "functionRate": 0.4570815450643777, "contentRate": 0.5429184549356223, "vulgarRate": 0.0, "racistRate": 0.0, "specStyleRate": 0.0, "addressingRate": 0.0, "closingRate": 0.0, "postscriptRate": 0.0, "brutalRate": 0.0, "epistemicNum": 0, "investNum": 0, "conditionNum": 0, "weaselNum": 0, "peacockNum": 0, "hedgeNum": 0, "doxasticNum": 0, "epistemicRate": 0.0, "investRate": 0.0, "conditionRate": 0.0, "weaselRate": 0.0, "peacockRate": 0.0, "hedgeRate": 0.0, "doxasticRate": 0.0, "loveNum": 0, "anxietyNum": 0, "sorrowNum": 0, "joyNum": 0, "disgustNum": 0, "fearNum": 0, "surpriseNum": 0, "angerNum": 0, "loveRate": 0.0, "anxietyRate": 0.0, "sorrowRate": 0.0, "joyRate": 0.0, "disgustRate": 0.0, "fearRate": 0.0, "surpriseRate": 0.0, "angerRate": 0.0, "slangBeGeneralNum": 0, "slangBeCigaretteNum": 0, "slangBeHumanNum": 0, "slangBeVehicleNum": 0, "slangBeDrugNum": 0, "slangBvNum": 0, "slangBeGeneralRate": 0.0, "slangBeCigaretteRate": 0.0, "slangBeHumanRate": 0.0, "slangBeVehicleRate": 0.0, "slangBeDrugRate": 0.0, "slangBvRate": 0.0, "speechactNum": 0, "quoteNum": 1, "dashNum": 0, "publicNum": 0, "privateNum": 0, "suasiveNum": 0, "discMarkerNum": 0, "smileyNum": 0, "dateNum": 0, "hesitationNum": 0, "restartNum": 0, "repeatNum": 0, "conjBeforeDiscNum": 0, "conjAfterDiscNum": 0, "wordBeforeHesitationNum": 0, "wordAfterHesitationNum": 0, "otherCollocationNum": 0, "speechactRate": 0.0, "quoteRate": 0.002145922746781116, "dashRate": 0.0, "publicRate": 0.0, "privateRate": 0.0, "suasiveRate": 0.0, "discMarkerRate": 0.0, "smileyRate": 0.0, "dateRate": 0.0, "hesitationRate": 0.0, "restartRate": 0.0, "repeatRate": 0.0, "conjBeforeDiscRate": 0.0, "conjAfterDiscRate": 0.0, "wordBeforeHesitationRate": 0.0, "wordAfterHesitationRate": 0.0, "otherCollocationRate": 0.0, "easyWordNum": 422, "hardWordNum": 44, "easyWordRate": 0.9055793991416309, "hardWordRate": 0.0944206008583691, "fleschReadingEaseScore": 55.57054473423574, "gunningFogIndex": 7.206999009574118, "fleschKincaidGradeLevel": 9.960944206008588, "colemanLiauIndex": 13.965819742489266, "smogIndex": 10.047579312681364, "automatedReadabilityIndex": 11.33422086497194, "linsearWriteIndex": 1.273852756685375, "author": "", "locationNameNum": 0, "locationNameRate": 0.0, "personNameNum": 0, "personNameRate": 0.0, "organizationNameNum": 0, "organizationNameRate": 0.0, "misspelledNum": 4, "misspelledRate": 0.008583690987124463, "missingAccentNum": 0, "missingAccentRate": 0.0, "foreignAccentNum": 0, "foreignAccentRate": 0.0, "wordConcatNum": 0, "wordConcatRate": 0.0, "jLyMistakeNum": 0, "jLyMistakeRate": 0.0, "publicVNum": 0, "freqSuffixNum": 0, "partsNum": 164, "clauseWordNum": 67, "privateVNum": 0}