{"tokenNum": 401, "sentenceNum": 21, "lemmaNum": 201, "lemmaRate": 0.5012468827930174, "sentenceLength": 19.095238095238095, "allUpperNum": 0, "firstUpperNum": 21, "allUpperRate": 0.0, "firstUpperRate": 0.05236907730673317, "declarSentNum": 19, "imperSentNum": 1, "questionNum": 1, "declarSentRate": 0.9047619047619048, "imperSentRate": 0.047619047619047616, "questionRate": 0.047619047619047616, "accent": true, "saturation": 3.2419354838709675, "paragraphNum": 4, "nounNum": 72, "verbNum": 62, "adjNum": 35, "infNum": 14, "partPastNum": 1, "partPresNum": 0, "partFutNum": 0, "transNum": 0, "xNum": 4, "advNum": 33, "properNounNum": 0, "numNum": 0, "conjNum": 43, "punctNum": 66, "pronNum": 32, "relPronNum": 9, "demPronNum": 16, "adposNum": 3, "multiplePunctNum": 0, "phraseNum": 0, "nounRate": 0.17955112219451372, "verbRate": 0.1546134663341646, "adjRate": 0.08728179551122195, "infRate": 0.034912718204488775, "partPastRate": 0.0024937655860349127, "partPresRate": 0.0, "partFutRate": 0.0, "transRate": 0.0, "xRate": 0.00997506234413965, "advRate": 0.08229426433915212, "properNounRate": 0.0, "numRate": 0.0, "conjRate": 0.10723192019950124, "punctRate": 0.16458852867830423, "pronRate": 0.0798004987531172, "relPronRate": 0.022443890274314215, "demPronRate": 0.0399002493765586, "adposRate": 0.007481296758104738, "multiplePunctRate": 0.0, "partsDensityRate": 3.2580645161290325, "contentfulness": 9.619047619047619, "phraseRate": 0.0, "pastTenseNum": 2, "presentTenseNum": 46, "condNum": 1, "impNum": 4, "freqNum": 0, "causNum": 0, "modalNum": 2, "sg1VerbNum": 62, "sg2VerbNum": 62, "sg3VerbNum": 62, "pl1VerbNum": 62, "pl2VerbNum": 62, "pl3VerbNum": 62, "superlatNum": 0, "comparatNum": 2, "specDerivSuffixNum": 0, "pluralNounNum": 14, "pastTenseRate": 0.03225806451612903, "presentTenseRate": 0.7419354838709677, "condRate": 0.016129032258064516, "impRate": 0.06451612903225806, "freqRate": 0.0, "causRate": 0.0, "modalRate": 0.03225806451612903, "sg1VerbRate": 1.0, "sg2VerbRate": 1.0, "sg3VerbRate": 1.0, "pl1VerbRate": 1.0, "pl2VerbRate": 1.0, "pl3VerbRate": 1.0, "superlatRate": 0.0, "comparatRate": 0.05714285714285714, "specDerivSuffixRate": 0.0, "pluralNounRate": 0.19444444444444445, "subjNum": 22, "objNum": 17, "attNum": 18, "subordNum": 24, "adverbNum": 41, "coordNum": 24, "clauseNum": 62, "simpleNum": 4, "complexNum": 17, "complexity1Num": 5, "complexity2Num": 6, "complexity3Num": 0, "compoundNum": 0, "subjRate": 0.05486284289276808, "objRate": 0.04239401496259352, "attRate": 0.04488778054862843, "subordRate": 0.059850374064837904, "adverbRate": 0.10224438902743142, "coordRate": 0.059850374064837904, "partsRate": 1.967741935483871, "clauseRate": 2.9523809523809526, "simpleRate": 0.19047619047619047, "complexRate": 0.8095238095238095, "complexity1Rate": 0.23809523809523808, "complexity2Rate": 0.2857142857142857, "complexity3Rate": 0.0, "complexClauseRate": 3.411764705882353, "sentencesPerParagraph": 5.25, "wordsLengthRate": 5.832835820895522, "compoundRate": 0.0, "positiveNum": 0, "negativeNum": 0, "precoPositiveNum": 0, "precoNegativeNum": 0, "negemoNum": 0, "negationNum": 4, "functionNum": 199, "contentNum": 202, "vulgarNum": 0, "racistNum": 0, "specStyleNum": 0, "addressingNum": 0, "closingNum": 0, "postscriptNum": 0, "brutalNum": 0, "positiveRate": 0.0, "negativeRate": 0.0, "precoPositiveRate": 0.0, "precoNegativeRate": 0.0, "negemoRate": 0.0, "negationRate": 0.00997506234413965, "functionRate": 0.49625935162094764, "contentRate": 0.5037406483790524, "vulgarRate": 0.0, "racistRate": 0.0, "specStyleRate": 0.0, "addressingRate": 0.0, "closingRate": 0.0, "postscriptRate": 0.0, "brutalRate": 0.0, "epistemicNum": 0, "investNum": 0, "conditionNum": 0, "weaselNum": 0, "peacockNum": 0, "hedgeNum": 0, "doxasticNum": 0, "epistemicRate": 0.0, "investRate": 0.0, "conditionRate": 0.0, "weaselRate": 0.0, "peacockRate": 0.0, "hedgeRate": 0.0, "doxasticRate": 0.0, "loveNum": 0, "anxietyNum": 0, "sorrowNum": 0, "joyNum": 0, "disgustNum": 0, "fearNum": 0, "surpriseNum": 0, "angerNum": 0, "loveRate": 0.0, "anxietyRate": 0.0, "sorrowRate": 0.0, "joyRate": 0.0, "disgustRate": 0.0, "fearRate": 0.0, "surpriseRate": 0.0, "angerRate": 0.0, "slangBeGeneralNum": 0, "slangBeCigaretteNum": 0, "slangBeHumanNum": 0, "slangBeVehicleNum": 0, "slangBeDrugNum": 0, "slangBvNum": 0, "slangBeGeneralRate": 0.0, "slangBeCigaretteRate": 0.0, "slangBeHumanRate": 0.0, "slangBeVehicleRate": 0.0, "slangBeDrugRate": 0.0, "slangBvRate": 0.0, "speechactNum": 0, "quoteNum": 0, "dashNum": 0, "publicNum": 0, "privateNum": 0, "suasiveNum": 0, "discMarkerNum": 0, "smileyNum": 0, "dateNum": 0, "hesitationNum": 0, "restartNum": 0, "repeatNum": 0, "conjBeforeDiscNum": 0, "conjAfterDiscNum": 0, "wordBeforeHesitationNum": 0, "wordAfterHesitationNum": 0, "otherCollocationNum": 0, "speechactRate": 0.0, "quoteRate": 0.0, "dashRate": 0.0, "publicRate": 0.0, "privateRate": 0.0, "suasiveRate": 0.0, "discMarkerRate": 0.0, "smileyRate": 0.0, "dateRate": 0.0, "hesitationRate": 0.0, "restartRate": 0.0, "repeatRate": 0.0, "conjBeforeDiscRate": 0.0, "conjAfterDiscRate": 0.0, "wordBeforeHesitationRate": 0.0, "wordAfterHesitationRate": 0.0, "otherCollocationRate": 0.0, "easyWordNum": 367, "hardWordNum": 34, "easyWordRate": 0.9152119700748129, "hardWordRate": 0.08478802992518704, "fleschReadingEaseScore": 52.430889443059044, "gunningFogIndex": 7.672010450065312, "fleschKincaidGradeLevel": 10.690060562878521, "colemanLiauIndex": 13.752660847880293, "smogIndex": 9.210782826323648, "automatedReadabilityIndex": 11.74983849899062, "linsearWriteIndex": 1.7609547559672247, "author": "", "locationNameNum": 0, "locationNameRate": 0.0, "personNameNum": 0, "personNameRate": 0.0, "organizationNameNum": 0, "organizationNameRate": 0.0, "misspelledNum": 0, "misspelledRate": 0.0, "missingAccentNum": 0, "missingAccentRate": 0.0, "foreignAccentNum": 0, "foreignAccentRate": 0.0, "wordConcatNum": 0, "wordConcatRate": 0.0, "jLyMistakeNum": 0, "jLyMistakeRate": 0.0, "publicVNum": 0, "freqSuffixNum": 0, "partsNum": 122, "clauseWordNum": 62, "privateVNum": 0}