{"tokenNum": 403, "sentenceNum": 20, "lemmaNum": 192, "lemmaRate": 0.47642679900744417, "sentenceLength": 20.15, "allUpperNum": 0, "firstUpperNum": 20, "allUpperRate": 0.0, "firstUpperRate": 0.04962779156327544, "declarSentNum": 18, "imperSentNum": 1, "questionNum": 1, "declarSentRate": 0.9, "imperSentRate": 0.05, "questionRate": 0.05, "accent": true, "saturation": 3.4285714285714284, "paragraphNum": 5, "nounNum": 73, "verbNum": 49, "adjNum": 35, "infNum": 6, "partPastNum": 0, "partPresNum": 5, "partFutNum": 0, "transNum": 0, "xNum": 5, "advNum": 36, "properNounNum": 0, "numNum": 2, "conjNum": 41, "punctNum": 70, "pronNum": 29, "relPronNum": 7, "demPronNum": 19, "adposNum": 1, "multiplePunctNum": 0, "phraseNum": 0, "nounRate": 0.18114143920595532, "verbRate": 0.12158808933002481, "adjRate": 0.08684863523573201, "infRate": 0.01488833746898263, "partPastRate": 0.0, "partPresRate": 0.01240694789081886, "partFutRate": 0.0, "transRate": 0.0, "xRate": 0.01240694789081886, "advRate": 0.08933002481389578, "properNounRate": 0.0, "numRate": 0.004962779156327543, "conjRate": 0.10173697270471464, "punctRate": 0.17369727047146402, "pronRate": 0.07196029776674938, "relPronRate": 0.017369727047146403, "demPronRate": 0.04714640198511166, "adposRate": 0.0024813895781637717, "multiplePunctRate": 0.0, "partsDensityRate": 3.4464285714285716, "contentfulness": 9.65, "phraseRate": 0.0, "pastTenseNum": 7, "presentTenseNum": 36, "condNum": 2, "impNum": 5, "freqNum": 0, "causNum": 0, "modalNum": 0, "sg1VerbNum": 49, "sg2VerbNum": 49, "sg3VerbNum": 49, "pl1VerbNum": 49, "pl2VerbNum": 49, "pl3VerbNum": 49, "superlatNum": 1, "comparatNum": 0, "specDerivSuffixNum": 0, "pluralNounNum": 11, "pastTenseRate": 0.14285714285714285, "presentTenseRate": 0.7346938775510204, "condRate": 0.04081632653061224, "impRate": 0.10204081632653061, "freqRate": 0.0, "causRate": 0.0, "modalRate": 0.0, "sg1VerbRate": 1.0, "sg2VerbRate": 1.0, "sg3VerbRate": 1.0, "pl1VerbRate": 1.0, "pl2VerbRate": 1.0, "pl3VerbRate": 1.0, "superlatRate": 0.02857142857142857, "comparatRate": 0.0, "specDerivSuffixRate": 0.0, "pluralNounRate": 0.1506849315068493, "subjNum": 26, "objNum": 23, "attNum": 16, "subordNum": 23, "adverbNum": 55, "coordNum": 22, "clauseNum": 56, "simpleNum": 3, "complexNum": 17, "complexity1Num": 6, "complexity2Num": 5, "complexity3Num": 5, "compoundNum": 0, "subjRate": 0.06451612903225806, "objRate": 0.05707196029776675, "attRate": 0.03970223325062035, "subordRate": 0.05707196029776675, "adverbRate": 0.13647642679900746, "coordRate": 0.05459057071960298, "partsRate": 2.5357142857142856, "clauseRate": 2.8, "simpleRate": 0.15, "complexRate": 0.85, "complexity1Rate": 0.3, "complexity2Rate": 0.25, "complexity3Rate": 0.25, "complexClauseRate": 3.1176470588235294, "sentencesPerParagraph": 4.0, "wordsLengthRate": 5.681681681681682, "compoundRate": 0.0, "positiveNum": 0, "negativeNum": 0, "precoPositiveNum": 0, "precoNegativeNum": 0, "negemoNum": 0, "negationNum": 6, "functionNum": 210, "contentNum": 193, "vulgarNum": 0, "racistNum": 0, "specStyleNum": 0, "addressingNum": 0, "closingNum": 0, "postscriptNum": 0, "brutalNum": 0, "positiveRate": 0.0, "negativeRate": 0.0, "precoPositiveRate": 0.0, "precoNegativeRate": 0.0, "negemoRate": 0.0, "negationRate": 0.01488833746898263, "functionRate": 0.5210918114143921, "contentRate": 0.47890818858560796, "vulgarRate": 0.0, "racistRate": 0.0, "specStyleRate": 0.0, "addressingRate": 0.0, "closingRate": 0.0, "postscriptRate": 0.0, "brutalRate": 0.0, "epistemicNum": 0, "investNum": 0, "conditionNum": 0, "weaselNum": 0, "peacockNum": 0, "hedgeNum": 0, "doxasticNum": 0, "epistemicRate": 0.0, "investRate": 0.0, "conditionRate": 0.0, "weaselRate": 0.0, "peacockRate": 0.0, "hedgeRate": 0.0, "doxasticRate": 0.0, "loveNum": 0, "anxietyNum": 0, "sorrowNum": 0, "joyNum": 0, "disgustNum": 0, "fearNum": 0, "surpriseNum": 0, "angerNum": 0, "loveRate": 0.0, "anxietyRate": 0.0, "sorrowRate": 0.0, "joyRate": 0.0, "disgustRate": 0.0, "fearRate": 0.0, "surpriseRate": 0.0, "angerRate": 0.0, "slangBeGeneralNum": 0, "slangBeCigaretteNum": 0, "slangBeHumanNum": 0, "slangBeVehicleNum": 0, "slangBeDrugNum": 0, "slangBvNum": 0, "slangBeGeneralRate": 0.0, "slangBeCigaretteRate": 0.0, "slangBeHumanRate": 0.0, "slangBeVehicleRate": 0.0, "slangBeDrugRate": 0.0, "slangBvRate": 0.0, "speechactNum": 0, "quoteNum": 0, "dashNum": 0, "publicNum": 0, "privateNum": 0, "suasiveNum": 0, "discMarkerNum": 0, "smileyNum": 0, "dateNum": 0, "hesitationNum": 0, "restartNum": 0, "repeatNum": 0, "conjBeforeDiscNum": 0, "conjAfterDiscNum": 0, "wordBeforeHesitationNum": 0, "wordAfterHesitationNum": 0, "otherCollocationNum": 0, "speechactRate": 0.0, "quoteRate": 0.0, "dashRate": 0.0, "publicRate": 0.0, "privateRate": 0.0, "suasiveRate": 0.0, "discMarkerRate": 0.0, "smileyRate": 0.0, "dateRate": 0.0, "hesitationRate": 0.0, "restartRate": 0.0, "repeatRate": 0.0, "conjBeforeDiscRate": 0.0, "conjAfterDiscRate": 0.0, "wordBeforeHesitationRate": 0.0, "wordAfterHesitationRate": 0.0, "otherCollocationRate": 0.0, "easyWordNum": 371, "hardWordNum": 32, "easyWordRate": 0.9205955334987593, "hardWordRate": 0.0794044665012407, "fleschReadingEaseScore": 53.080020471464024, "gunningFogIndex": 8.091761786600497, "fleschKincaidGradeLevel": 10.861552109181144, "colemanLiauIndex": 12.729081885856083, "smogIndex": 9.029198982220553, "automatedReadabilityIndex": 11.458697270471468, "linsearWriteIndex": 1.8660049627791566, "author": "", "locationNameNum": 0, "locationNameRate": 0.0, "personNameNum": 0, "personNameRate": 0.0, "organizationNameNum": 0, "organizationNameRate": 0.0, "misspelledNum": 1, "misspelledRate": 0.0024813895781637717, "missingAccentNum": 0, "missingAccentRate": 0.0, "foreignAccentNum": 0, "foreignAccentRate": 0.0, "wordConcatNum": 0, "wordConcatRate": 0.0, "jLyMistakeNum": 0, "jLyMistakeRate": 0.0, "publicVNum": 0, "freqSuffixNum": 0, "partsNum": 142, "clauseWordNum": 56, "privateVNum": 0}