{"tokenNum": 597, "sentenceNum": 38, "lemmaNum": 229, "lemmaRate": 0.38358458961474035, "sentenceLength": 15.710526315789474, "allUpperNum": 1, "firstUpperNum": 39, "allUpperRate": 0.0016750418760469012, "firstUpperRate": 0.06532663316582915, "declarSentNum": 33, "imperSentNum": 2, "questionNum": 3, "declarSentRate": 0.868421052631579, "imperSentRate": 0.05263157894736842, "questionRate": 0.07894736842105263, "accent": true, "saturation": 2.1809523809523808, "paragraphNum": 6, "nounNum": 92, "verbNum": 104, "adjNum": 42, "infNum": 22, "partPastNum": 0, "partPresNum": 0, "partFutNum": 0, "transNum": 0, "xNum": 7, "advNum": 42, "properNounNum": 0, "numNum": 2, "conjNum": 60, "punctNum": 124, "pronNum": 56, "relPronNum": 12, "demPronNum": 29, "adposNum": 0, "multiplePunctNum": 0, "phraseNum": 0, "nounRate": 0.1541038525963149, "verbRate": 0.17420435510887772, "adjRate": 0.07035175879396985, "infRate": 0.03685092127303183, "partPastRate": 0.0, "partPresRate": 0.0, "partFutRate": 0.0, "transRate": 0.0, "xRate": 0.011725293132328308, "advRate": 0.07035175879396985, "properNounRate": 0.0, "numRate": 0.0033500837520938024, "conjRate": 0.10050251256281408, "punctRate": 0.20770519262981574, "pronRate": 0.09380234505862646, "relPronRate": 0.020100502512562814, "demPronRate": 0.048576214405360134, "adposRate": 0.0, "multiplePunctRate": 0.0, "partsDensityRate": 2.6666666666666665, "contentfulness": 7.368421052631579, "phraseRate": 0.0, "pastTenseNum": 5, "presentTenseNum": 77, "condNum": 1, "impNum": 20, "freqNum": 0, "causNum": 0, "modalNum": 0, "sg1VerbNum": 104, "sg2VerbNum": 104, "sg3VerbNum": 104, "pl1VerbNum": 104, "pl2VerbNum": 104, "pl3VerbNum": 104, "superlatNum": 1, "comparatNum": 4, "specDerivSuffixNum": 0, "pluralNounNum": 26, "pastTenseRate": 0.04807692307692308, "presentTenseRate": 0.7403846153846154, "condRate": 0.009615384615384616, "impRate": 0.19230769230769232, "freqRate": 0.0, "causRate": 0.0, "modalRate": 0.0, "sg1VerbRate": 1.0, "sg2VerbRate": 1.0, "sg3VerbRate": 1.0, "pl1VerbRate": 1.0, "pl2VerbRate": 1.0, "pl3VerbRate": 1.0, "superlatRate": 0.023809523809523808, "comparatRate": 0.09523809523809523, "specDerivSuffixRate": 0.0, "pluralNounRate": 0.2826086956521739, "subjNum": 25, "objNum": 42, "attNum": 20, "subordNum": 40, "adverbNum": 59, "coordNum": 40, "clauseNum": 105, "simpleNum": 8, "complexNum": 30, "complexity1Num": 8, "complexity2Num": 13, "complexity3Num": 5, "compoundNum": 0, "subjRate": 0.04187604690117253, "objRate": 0.07035175879396985, "attRate": 0.03350083752093802, "subordRate": 0.06700167504187604, "adverbRate": 0.09882747068676717, "coordRate": 0.06700167504187604, "partsRate": 1.7714285714285714, "clauseRate": 2.763157894736842, "simpleRate": 0.21052631578947367, "complexRate": 0.7894736842105263, "complexity1Rate": 0.21052631578947367, "complexity2Rate": 0.34210526315789475, "complexity3Rate": 0.13157894736842105, "complexClauseRate": 3.2333333333333334, "sentencesPerParagraph": 6.333333333333333, "wordsLengthRate": 5.909090909090909, "compoundRate": 0.0, "positiveNum": 0, "negativeNum": 0, "precoPositiveNum": 0, "precoNegativeNum": 0, "negemoNum": 0, "negationNum": 12, "functionNum": 317, "contentNum": 280, "vulgarNum": 0, "racistNum": 0, "specStyleNum": 0, "addressingNum": 0, "closingNum": 0, "postscriptNum": 0, "brutalNum": 0, "positiveRate": 0.0, "negativeRate": 0.0, "precoPositiveRate": 0.0, "precoNegativeRate": 0.0, "negemoRate": 0.0, "negationRate": 0.020100502512562814, "functionRate": 0.5309882747068677, "contentRate": 0.46901172529313234, "vulgarRate": 0.0, "racistRate": 0.0, "specStyleRate": 0.0, "addressingRate": 0.0, "closingRate": 0.0, "postscriptRate": 0.0, "brutalRate": 0.0, "epistemicNum": 0, "investNum": 0, "conditionNum": 0, "weaselNum": 0, "peacockNum": 0, "hedgeNum": 0, "doxasticNum": 0, "epistemicRate": 0.0, "investRate": 0.0, "conditionRate": 0.0, "weaselRate": 0.0, "peacockRate": 0.0, "hedgeRate": 0.0, "doxasticRate": 0.0, "loveNum": 0, "anxietyNum": 0, "sorrowNum": 0, "joyNum": 0, "disgustNum": 0, "fearNum": 0, "surpriseNum": 0, "angerNum": 0, "loveRate": 0.0, "anxietyRate": 0.0, "sorrowRate": 0.0, "joyRate": 0.0, "disgustRate": 0.0, "fearRate": 0.0, "surpriseRate": 0.0, "angerRate": 0.0, "slangBeGeneralNum": 0, "slangBeCigaretteNum": 0, "slangBeHumanNum": 0, "slangBeVehicleNum": 0, "slangBeDrugNum": 0, "slangBvNum": 0, "slangBeGeneralRate": 0.0, "slangBeCigaretteRate": 0.0, "slangBeHumanRate": 0.0, "slangBeVehicleRate": 0.0, "slangBeDrugRate": 0.0, "slangBvRate": 0.0, "speechactNum": 0, "quoteNum": 0, "dashNum": 0, "publicNum": 0, "privateNum": 0, "suasiveNum": 0, "discMarkerNum": 0, "smileyNum": 0, "dateNum": 0, "hesitationNum": 0, "restartNum": 0, "repeatNum": 0, "conjBeforeDiscNum": 0, "conjAfterDiscNum": 0, "wordBeforeHesitationNum": 0, "wordAfterHesitationNum": 0, "otherCollocationNum": 0, "speechactRate": 0.0, "quoteRate": 0.0, "dashRate": 0.0, "publicRate": 0.0, "privateRate": 0.0, "suasiveRate": 0.0, "discMarkerRate": 0.0, "smileyRate": 0.0, "dateRate": 0.0, "hesitationRate": 0.0, "restartRate": 0.0, "repeatRate": 0.0, "conjBeforeDiscRate": 0.0, "conjAfterDiscRate": 0.0, "wordBeforeHesitationRate": 0.0, "wordAfterHesitationRate": 0.0, "otherCollocationRate": 0.0, "easyWordNum": 559, "hardWordNum": 38, "easyWordRate": 0.9363484087102177, "hardWordRate": 0.06365159128978225, "fleschReadingEaseScore": 69.30288614123248, "gunningFogIndex": 6.309671162831703, "fleschKincaidGradeLevel": 7.49589923300714, "colemanLiauIndex": 12.870395309882745, "smogIndex": 8.841846274778883, "automatedReadabilityIndex": 9.351996826236448, "linsearWriteIndex": 0.46786564400952146, "author": "", "locationNameNum": 0, "locationNameRate": 0.0, "personNameNum": 0, "personNameRate": 0.0, "organizationNameNum": 0, "organizationNameRate": 0.0, "misspelledNum": 1, "misspelledRate": 0.0016750418760469012, "missingAccentNum": 0, "missingAccentRate": 0.0, "foreignAccentNum": 0, "foreignAccentRate": 0.0, "wordConcatNum": 1, "wordConcatRate": 0.0016750418760469012, "jLyMistakeNum": 0, "jLyMistakeRate": 0.0, "publicVNum": 0, "freqSuffixNum": 0, "partsNum": 186, "clauseWordNum": 105, "privateVNum": 0}