{"tokenNum": 563, "sentenceNum": 36, "lemmaNum": 246, "lemmaRate": 0.4369449378330373, "sentenceLength": 15.63888888888889, "allUpperNum": 0, "firstUpperNum": 38, "allUpperRate": 0.0, "firstUpperRate": 0.0674955595026643, "declarSentNum": 34, "imperSentNum": 0, "questionNum": 2, "declarSentRate": 0.9444444444444444, "imperSentRate": 0.0, "questionRate": 0.05555555555555555, "accent": true, "saturation": 3.28, "paragraphNum": 7, "nounNum": 129, "verbNum": 75, "adjNum": 58, "infNum": 14, "partPastNum": 5, "partPresNum": 3, "partFutNum": 0, "transNum": 1, "xNum": 8, "advNum": 44, "properNounNum": 3, "numNum": 0, "conjNum": 50, "punctNum": 86, "pronNum": 30, "relPronNum": 10, "demPronNum": 14, "adposNum": 7, "multiplePunctNum": 0, "phraseNum": 0, "nounRate": 0.2291296625222025, "verbRate": 0.13321492007104796, "adjRate": 0.10301953818827708, "infRate": 0.02486678507992895, "partPastRate": 0.008880994671403197, "partPresRate": 0.0053285968028419185, "partFutRate": 0.0, "transRate": 0.0017761989342806395, "xRate": 0.014209591474245116, "advRate": 0.07815275310834814, "properNounRate": 0.0053285968028419185, "numRate": 0.0, "conjRate": 0.08880994671403197, "punctRate": 0.152753108348135, "pronRate": 0.05328596802841918, "relPronRate": 0.017761989342806393, "demPronRate": 0.02486678507992895, "adposRate": 0.012433392539964476, "multiplePunctRate": 0.0, "partsDensityRate": 4.08, "contentfulness": 8.5, "phraseRate": 0.0, "pastTenseNum": 9, "presentTenseNum": 52, "condNum": 2, "impNum": 5, "freqNum": 0, "causNum": 0, "modalNum": 2, "sg1VerbNum": 75, "sg2VerbNum": 75, "sg3VerbNum": 75, "pl1VerbNum": 75, "pl2VerbNum": 75, "pl3VerbNum": 75, "superlatNum": 0, "comparatNum": 0, "specDerivSuffixNum": 0, "pluralNounNum": 31, "pastTenseRate": 0.12, "presentTenseRate": 0.6933333333333334, "condRate": 0.02666666666666667, "impRate": 0.06666666666666667, "freqRate": 0.0, "causRate": 0.0, "modalRate": 0.02666666666666667, "sg1VerbRate": 1.0, "sg2VerbRate": 1.0, "sg3VerbRate": 1.0, "pl1VerbRate": 1.0, "pl2VerbRate": 1.0, "pl3VerbRate": 1.0, "superlatRate": 0.0, "comparatRate": 0.0, "specDerivSuffixRate": 0.0, "pluralNounRate": 0.24031007751937986, "subjNum": 36, "objNum": 31, "attNum": 40, "subordNum": 26, "adverbNum": 60, "coordNum": 26, "clauseNum": 75, "simpleNum": 12, "complexNum": 24, "complexity1Num": 12, "complexity2Num": 9, "complexity3Num": 3, "compoundNum": 0, "subjRate": 0.06394316163410302, "objRate": 0.055062166962699825, "attRate": 0.07104795737122557, "subordRate": 0.046181172291296625, "adverbRate": 0.10657193605683836, "coordRate": 0.046181172291296625, "partsRate": 2.5733333333333333, "clauseRate": 2.0833333333333335, "simpleRate": 0.3333333333333333, "complexRate": 0.6666666666666666, "complexity1Rate": 0.3333333333333333, "complexity2Rate": 0.25, "complexity3Rate": 0.08333333333333333, "complexClauseRate": 2.625, "sentencesPerParagraph": 5.142857142857143, "wordsLengthRate": 5.716981132075472, "compoundRate": 0.0, "positiveNum": 0, "negativeNum": 0, "precoPositiveNum": 0, "precoNegativeNum": 0, "negemoNum": 0, "negationNum": 4, "functionNum": 257, "contentNum": 306, "vulgarNum": 0, "racistNum": 0, "specStyleNum": 0, "addressingNum": 0, "closingNum": 0, "postscriptNum": 0, "brutalNum": 0, "positiveRate": 0.0, "negativeRate": 0.0, "precoPositiveRate": 0.0, "precoNegativeRate": 0.0, "negemoRate": 0.0, "negationRate": 0.007104795737122558, "functionRate": 0.4564831261101243, "contentRate": 0.5435168738898757, "vulgarRate": 0.0, "racistRate": 0.0, "specStyleRate": 0.0, "addressingRate": 0.0, "closingRate": 0.0, "postscriptRate": 0.0, "brutalRate": 0.0, "epistemicNum": 0, "investNum": 0, "conditionNum": 0, "weaselNum": 0, "peacockNum": 0, "hedgeNum": 0, "doxasticNum": 0, "epistemicRate": 0.0, "investRate": 0.0, "conditionRate": 0.0, "weaselRate": 0.0, "peacockRate": 0.0, "hedgeRate": 0.0, "doxasticRate": 0.0, "loveNum": 0, "anxietyNum": 0, "sorrowNum": 0, "joyNum": 0, "disgustNum": 0, "fearNum": 0, "surpriseNum": 0, "angerNum": 0, "loveRate": 0.0, "anxietyRate": 0.0, "sorrowRate": 0.0, "joyRate": 0.0, "disgustRate": 0.0, "fearRate": 0.0, "surpriseRate": 0.0, "angerRate": 0.0, "slangBeGeneralNum": 0, "slangBeCigaretteNum": 0, "slangBeHumanNum": 0, "slangBeVehicleNum": 0, "slangBeDrugNum": 0, "slangBvNum": 0, "slangBeGeneralRate": 0.0, "slangBeCigaretteRate": 0.0, "slangBeHumanRate": 0.0, "slangBeVehicleRate": 0.0, "slangBeDrugRate": 0.0, "slangBvRate": 0.0, "speechactNum": 0, "quoteNum": 0, "dashNum": 0, "publicNum": 0, "privateNum": 0, "suasiveNum": 0, "discMarkerNum": 0, "smileyNum": 0, "dateNum": 0, "hesitationNum": 0, "restartNum": 0, "repeatNum": 0, "conjBeforeDiscNum": 0, "conjAfterDiscNum": 0, "wordBeforeHesitationNum": 0, "wordAfterHesitationNum": 0, "otherCollocationNum": 0, "speechactRate": 0.0, "quoteRate": 0.0, "dashRate": 0.0, "publicRate": 0.0, "privateRate": 0.0, "suasiveRate": 0.0, "discMarkerRate": 0.0, "smileyRate": 0.0, "dateRate": 0.0, "hesitationRate": 0.0, "restartRate": 0.0, "repeatRate": 0.0, "conjBeforeDiscRate": 0.0, "conjAfterDiscRate": 0.0, "wordBeforeHesitationRate": 0.0, "wordAfterHesitationRate": 0.0, "otherCollocationRate": 0.0, "easyWordNum": 521, "hardWordNum": 42, "easyWordRate": 0.9253996447602132, "hardWordRate": 0.07460035523978685, "fleschReadingEaseScore": 52.11534660548648, "gunningFogIndex": 6.28539569765147, "fleschKincaidGradeLevel": 9.875418886915337, "colemanLiauIndex": 13.471957371225578, "smogIndex": 9.2995712137729, "automatedReadabilityIndex": 9.797224195776593, "linsearWriteIndex": 0.5763765541740675, "author": "", "locationNameNum": 0, "locationNameRate": 0.0, "personNameNum": 0, "personNameRate": 0.0, "organizationNameNum": 0, "organizationNameRate": 0.0, "misspelledNum": 0, "misspelledRate": 0.0, "missingAccentNum": 0, "missingAccentRate": 0.0, "foreignAccentNum": 0, "foreignAccentRate": 0.0, "wordConcatNum": 0, "wordConcatRate": 0.0, "jLyMistakeNum": 0, "jLyMistakeRate": 0.0, "publicVNum": 0, "freqSuffixNum": 0, "partsNum": 193, "clauseWordNum": 75, "privateVNum": 0}