{"tokenNum": 483, "sentenceNum": 25, "lemmaNum": 218, "lemmaRate": 0.45134575569358176, "sentenceLength": 19.32, "allUpperNum": 0, "firstUpperNum": 26, "allUpperRate": 0.0, "firstUpperRate": 0.053830227743271224, "declarSentNum": 23, "imperSentNum": 1, "questionNum": 1, "declarSentRate": 0.92, "imperSentRate": 0.04, "questionRate": 0.04, "accent": true, "saturation": 3.4603174603174605, "paragraphNum": 5, "nounNum": 97, "verbNum": 56, "adjNum": 56, "infNum": 11, "partPastNum": 0, "partPresNum": 4, "partFutNum": 0, "transNum": 0, "xNum": 5, "advNum": 39, "properNounNum": 1, "numNum": 1, "conjNum": 48, "punctNum": 73, "pronNum": 30, "relPronNum": 13, "demPronNum": 18, "adposNum": 6, "multiplePunctNum": 1, "phraseNum": 0, "nounRate": 0.20082815734989648, "verbRate": 0.11594202898550725, "adjRate": 0.11594202898550725, "infRate": 0.022774327122153208, "partPastRate": 0.0, "partPresRate": 0.008281573498964804, "partFutRate": 0.0, "transRate": 0.0, "xRate": 0.010351966873706004, "advRate": 0.08074534161490683, "properNounRate": 0.002070393374741201, "numRate": 0.002070393374741201, "conjRate": 0.09937888198757763, "punctRate": 0.15113871635610765, "pronRate": 0.062111801242236024, "relPronRate": 0.026915113871635612, "demPronRate": 0.037267080745341616, "adposRate": 0.012422360248447204, "multiplePunctRate": 0.0136986301369863, "partsDensityRate": 3.9365079365079363, "contentfulness": 9.92, "phraseRate": 0.0, "pastTenseNum": 0, "presentTenseNum": 45, "condNum": 1, "impNum": 10, "freqNum": 0, "causNum": 0, "modalNum": 3, "sg1VerbNum": 56, "sg2VerbNum": 56, "sg3VerbNum": 56, "pl1VerbNum": 56, "pl2VerbNum": 56, "pl3VerbNum": 56, "superlatNum": 0, "comparatNum": 4, "specDerivSuffixNum": 0, "pluralNounNum": 15, "pastTenseRate": 0.0, "presentTenseRate": 0.8035714285714286, "condRate": 0.017857142857142856, "impRate": 0.17857142857142858, "freqRate": 0.0, "causRate": 0.0, "modalRate": 0.05357142857142857, "sg1VerbRate": 1.0, "sg2VerbRate": 1.0, "sg3VerbRate": 1.0, "pl1VerbRate": 1.0, "pl2VerbRate": 1.0, "pl3VerbRate": 1.0, "superlatRate": 0.0, "comparatRate": 0.07142857142857142, "specDerivSuffixRate": 0.0, "pluralNounRate": 0.15463917525773196, "subjNum": 34, "objNum": 25, "attNum": 37, "subordNum": 26, "adverbNum": 45, "coordNum": 31, "clauseNum": 63, "simpleNum": 5, "complexNum": 20, "complexity1Num": 7, "complexity2Num": 8, "complexity3Num": 5, "compoundNum": 0, "subjRate": 0.07039337474120083, "objRate": 0.051759834368530024, "attRate": 0.07660455486542443, "subordRate": 0.053830227743271224, "adverbRate": 0.09316770186335403, "coordRate": 0.06418219461697723, "partsRate": 2.7301587301587302, "clauseRate": 2.52, "simpleRate": 0.2, "complexRate": 0.8, "complexity1Rate": 0.28, "complexity2Rate": 0.32, "complexity3Rate": 0.2, "complexClauseRate": 2.9, "sentencesPerParagraph": 5.0, "wordsLengthRate": 5.714634146341464, "compoundRate": 0.0, "positiveNum": 0, "negativeNum": 0, "precoPositiveNum": 0, "precoNegativeNum": 0, "negemoNum": 0, "negationNum": 8, "functionNum": 235, "contentNum": 248, "vulgarNum": 0, "racistNum": 0, "specStyleNum": 0, "addressingNum": 0, "closingNum": 0, "postscriptNum": 0, "brutalNum": 0, "positiveRate": 0.0, "negativeRate": 0.0, "precoPositiveRate": 0.0, "precoNegativeRate": 0.0, "negemoRate": 0.0, "negationRate": 0.016563146997929608, "functionRate": 0.4865424430641822, "contentRate": 0.5134575569358178, "vulgarRate": 0.0, "racistRate": 0.0, "specStyleRate": 0.0, "addressingRate": 0.0, "closingRate": 0.0, "postscriptRate": 0.0, "brutalRate": 0.0, "epistemicNum": 0, "investNum": 0, "conditionNum": 0, "weaselNum": 0, "peacockNum": 0, "hedgeNum": 0, "doxasticNum": 0, "epistemicRate": 0.0, "investRate": 0.0, "conditionRate": 0.0, "weaselRate": 0.0, "peacockRate": 0.0, "hedgeRate": 0.0, "doxasticRate": 0.0, "loveNum": 0, "anxietyNum": 0, "sorrowNum": 0, "joyNum": 0, "disgustNum": 0, "fearNum": 0, "surpriseNum": 0, "angerNum": 0, "loveRate": 0.0, "anxietyRate": 0.0, "sorrowRate": 0.0, "joyRate": 0.0, "disgustRate": 0.0, "fearRate": 0.0, "surpriseRate": 0.0, "angerRate": 0.0, "slangBeGeneralNum": 0, "slangBeCigaretteNum": 0, "slangBeHumanNum": 0, "slangBeVehicleNum": 0, "slangBeDrugNum": 0, "slangBvNum": 0, "slangBeGeneralRate": 0.0, "slangBeCigaretteRate": 0.0, "slangBeHumanRate": 0.0, "slangBeVehicleRate": 0.0, "slangBeDrugRate": 0.0, "slangBvRate": 0.0, "speechactNum": 0, "quoteNum": 0, "dashNum": 0, "publicNum": 0, "privateNum": 0, "suasiveNum": 0, "discMarkerNum": 0, "smileyNum": 0, "dateNum": 0, "hesitationNum": 0, "restartNum": 0, "repeatNum": 0, "conjBeforeDiscNum": 0, "conjAfterDiscNum": 0, "wordBeforeHesitationNum": 0, "wordAfterHesitationNum": 0, "otherCollocationNum": 0, "speechactRate": 0.0, "quoteRate": 0.0, "dashRate": 0.0, "publicRate": 0.0, "privateRate": 0.0, "suasiveRate": 0.0, "discMarkerRate": 0.0, "smileyRate": 0.0, "dateRate": 0.0, "hesitationRate": 0.0, "restartRate": 0.0, "repeatRate": 0.0, "conjBeforeDiscRate": 0.0, "conjAfterDiscRate": 0.0, "wordBeforeHesitationRate": 0.0, "wordAfterHesitationRate": 0.0, "otherCollocationRate": 0.0, "easyWordNum": 435, "hardWordNum": 48, "easyWordRate": 0.9006211180124224, "hardWordRate": 0.09937888198757763, "fleschReadingEaseScore": 44.473647204968955, "gunningFogIndex": 7.767751552795031, "fleschKincaidGradeLevel": 11.855773084886131, "colemanLiauIndex": 13.588871635610762, "smogIndex": 10.355215969177355, "automatedReadabilityIndex": 11.731242236024848, "linsearWriteIndex": 1.376811594202899, "author": "", "locationNameNum": 0, "locationNameRate": 0.0, "personNameNum": 0, "personNameRate": 0.0, "organizationNameNum": 0, "organizationNameRate": 0.0, "misspelledNum": 1, "misspelledRate": 0.002070393374741201, "missingAccentNum": 0, "missingAccentRate": 0.0, "foreignAccentNum": 0, "foreignAccentRate": 0.0, "wordConcatNum": 0, "wordConcatRate": 0.0, "jLyMistakeNum": 0, "jLyMistakeRate": 0.0, "publicVNum": 0, "freqSuffixNum": 0, "partsNum": 172, "clauseWordNum": 63, "privateVNum": 0}