{"tokenNum": 440, "sentenceNum": 21, "lemmaNum": 215, "lemmaRate": 0.48863636363636365, "sentenceLength": 20.952380952380953, "allUpperNum": 0, "firstUpperNum": 21, "allUpperRate": 0.0, "firstUpperRate": 0.04772727272727273, "declarSentNum": 19, "imperSentNum": 0, "questionNum": 2, "declarSentRate": 0.9047619047619048, "imperSentRate": 0.0, "questionRate": 0.09523809523809523, "accent": true, "saturation": 3.5833333333333335, "paragraphNum": 5, "nounNum": 86, "verbNum": 54, "adjNum": 47, "infNum": 5, "partPastNum": 2, "partPresNum": 4, "partFutNum": 0, "transNum": 2, "xNum": 5, "advNum": 38, "properNounNum": 0, "numNum": 2, "conjNum": 45, "punctNum": 68, "pronNum": 25, "relPronNum": 6, "demPronNum": 19, "adposNum": 5, "multiplePunctNum": 0, "phraseNum": 0, "nounRate": 0.19545454545454546, "verbRate": 0.12272727272727273, "adjRate": 0.10681818181818181, "infRate": 0.011363636363636364, "partPastRate": 0.004545454545454545, "partPresRate": 0.00909090909090909, "partFutRate": 0.0, "transRate": 0.004545454545454545, "xRate": 0.011363636363636364, "advRate": 0.08636363636363636, "properNounRate": 0.0, "numRate": 0.004545454545454545, "conjRate": 0.10227272727272728, "punctRate": 0.15454545454545454, "pronRate": 0.056818181818181816, "relPronRate": 0.013636363636363636, "demPronRate": 0.04318181818181818, "adposRate": 0.011363636363636364, "multiplePunctRate": 0.0, "partsDensityRate": 3.75, "contentfulness": 10.714285714285714, "phraseRate": 0.0, "pastTenseNum": 2, "presentTenseNum": 48, "condNum": 1, "impNum": 2, "freqNum": 0, "causNum": 0, "modalNum": 2, "sg1VerbNum": 54, "sg2VerbNum": 54, "sg3VerbNum": 54, "pl1VerbNum": 54, "pl2VerbNum": 54, "pl3VerbNum": 54, "superlatNum": 0, "comparatNum": 7, "specDerivSuffixNum": 0, "pluralNounNum": 23, "pastTenseRate": 0.037037037037037035, "presentTenseRate": 0.8888888888888888, "condRate": 0.018518518518518517, "impRate": 0.037037037037037035, "freqRate": 0.0, "causRate": 0.0, "modalRate": 0.037037037037037035, "sg1VerbRate": 1.0, "sg2VerbRate": 1.0, "sg3VerbRate": 1.0, "pl1VerbRate": 1.0, "pl2VerbRate": 1.0, "pl3VerbRate": 1.0, "superlatRate": 0.0, "comparatRate": 0.14893617021276595, "specDerivSuffixRate": 0.0, "pluralNounRate": 0.26744186046511625, "subjNum": 27, "objNum": 23, "attNum": 23, "subordNum": 22, "adverbNum": 52, "coordNum": 26, "clauseNum": 60, "simpleNum": 2, "complexNum": 19, "complexity1Num": 6, "complexity2Num": 9, "complexity3Num": 2, "compoundNum": 0, "subjRate": 0.06136363636363636, "objRate": 0.05227272727272727, "attRate": 0.05227272727272727, "subordRate": 0.05, "adverbRate": 0.11818181818181818, "coordRate": 0.05909090909090909, "partsRate": 2.5166666666666666, "clauseRate": 2.857142857142857, "simpleRate": 0.09523809523809523, "complexRate": 0.9047619047619048, "complexity1Rate": 0.2857142857142857, "complexity2Rate": 0.42857142857142855, "complexity3Rate": 0.09523809523809523, "complexClauseRate": 3.0526315789473686, "sentencesPerParagraph": 4.2, "wordsLengthRate": 6.172043010752688, "compoundRate": 0.0, "positiveNum": 0, "negativeNum": 0, "precoPositiveNum": 0, "precoNegativeNum": 0, "negemoNum": 0, "negationNum": 3, "functionNum": 215, "contentNum": 225, "vulgarNum": 0, "racistNum": 0, "specStyleNum": 0, "addressingNum": 0, "closingNum": 0, "postscriptNum": 0, "brutalNum": 0, "positiveRate": 0.0, "negativeRate": 0.0, "precoPositiveRate": 0.0, "precoNegativeRate": 0.0, "negemoRate": 0.0, "negationRate": 0.006818181818181818, "functionRate": 0.48863636363636365, "contentRate": 0.5113636363636364, "vulgarRate": 0.0, "racistRate": 0.0, "specStyleRate": 0.0, "addressingRate": 0.0, "closingRate": 0.0, "postscriptRate": 0.0, "brutalRate": 0.0, "epistemicNum": 0, "investNum": 0, "conditionNum": 0, "weaselNum": 0, "peacockNum": 0, "hedgeNum": 0, "doxasticNum": 0, "epistemicRate": 0.0, "investRate": 0.0, "conditionRate": 0.0, "weaselRate": 0.0, "peacockRate": 0.0, "hedgeRate": 0.0, "doxasticRate": 0.0, "loveNum": 0, "anxietyNum": 0, "sorrowNum": 0, "joyNum": 0, "disgustNum": 0, "fearNum": 0, "surpriseNum": 0, "angerNum": 0, "loveRate": 0.0, "anxietyRate": 0.0, "sorrowRate": 0.0, "joyRate": 0.0, "disgustRate": 0.0, "fearRate": 0.0, "surpriseRate": 0.0, "angerRate": 0.0, "slangBeGeneralNum": 0, "slangBeCigaretteNum": 0, "slangBeHumanNum": 0, "slangBeVehicleNum": 0, "slangBeDrugNum": 0, "slangBvNum": 0, "slangBeGeneralRate": 0.0, "slangBeCigaretteRate": 0.0, "slangBeHumanRate": 0.0, "slangBeVehicleRate": 0.0, "slangBeDrugRate": 0.0, "slangBvRate": 0.0, "speechactNum": 0, "quoteNum": 0, "dashNum": 0, "publicNum": 0, "privateNum": 0, "suasiveNum": 0, "discMarkerNum": 0, "smileyNum": 0, "dateNum": 0, "hesitationNum": 0, "restartNum": 0, "repeatNum": 0, "conjBeforeDiscNum": 0, "conjAfterDiscNum": 0, "wordBeforeHesitationNum": 0, "wordAfterHesitationNum": 0, "otherCollocationNum": 0, "speechactRate": 0.0, "quoteRate": 0.0, "dashRate": 0.0, "publicRate": 0.0, "privateRate": 0.0, "suasiveRate": 0.0, "discMarkerRate": 0.0, "smileyRate": 0.0, "dateRate": 0.0, "hesitationRate": 0.0, "restartRate": 0.0, "repeatRate": 0.0, "conjBeforeDiscRate": 0.0, "conjAfterDiscRate": 0.0, "wordBeforeHesitationRate": 0.0, "wordAfterHesitationRate": 0.0, "otherCollocationRate": 0.0, "easyWordNum": 382, "hardWordNum": 58, "easyWordRate": 0.8681818181818182, "hardWordRate": 0.1318181818181818, "fleschReadingEaseScore": 39.4410606060606, "gunningFogIndex": 8.433679653679654, "fleschKincaidGradeLevel": 12.963246753246754, "colemanLiauIndex": 15.711356818181812, "smogIndex": 11.072351349416056, "automatedReadabilityIndex": 14.244690476190478, "linsearWriteIndex": 1.9816017316017316, "author": "", "locationNameNum": 0, "locationNameRate": 0.0, "personNameNum": 0, "personNameRate": 0.0, "organizationNameNum": 0, "organizationNameRate": 0.0, "misspelledNum": 1, "misspelledRate": 0.0022727272727272726, "missingAccentNum": 0, "missingAccentRate": 0.0, "foreignAccentNum": 0, "foreignAccentRate": 0.0, "wordConcatNum": 1, "wordConcatRate": 0.0022727272727272726, "jLyMistakeNum": 0, "jLyMistakeRate": 0.0, "publicVNum": 0, "freqSuffixNum": 0, "partsNum": 151, "clauseWordNum": 60, "privateVNum": 0}