{"tokenNum": 591, "sentenceNum": 30, "lemmaNum": 323, "lemmaRate": 0.5465313028764806, "sentenceLength": 19.7, "allUpperNum": 1, "firstUpperNum": 30, "allUpperRate": 0.001692047377326565, "firstUpperRate": 0.050761421319796954, "declarSentNum": 25, "imperSentNum": 0, "questionNum": 5, "declarSentRate": 0.8333333333333334, "imperSentRate": 0.0, "questionRate": 0.16666666666666666, "accent": true, "saturation": 4.25, "paragraphNum": 7, "nounNum": 115, "verbNum": 81, "adjNum": 62, "infNum": 19, "partPastNum": 4, "partPresNum": 4, "partFutNum": 0, "transNum": 2, "xNum": 9, "advNum": 61, "properNounNum": 0, "numNum": 1, "conjNum": 48, "punctNum": 105, "pronNum": 29, "relPronNum": 10, "demPronNum": 22, "adposNum": 12, "multiplePunctNum": 3, "phraseNum": 0, "nounRate": 0.19458544839255498, "verbRate": 0.13705583756345177, "adjRate": 0.10490693739424704, "infRate": 0.032148900169204735, "partPastRate": 0.00676818950930626, "partPresRate": 0.00676818950930626, "partFutRate": 0.0, "transRate": 0.00338409475465313, "xRate": 0.015228426395939087, "advRate": 0.10321489001692047, "properNounRate": 0.0, "numRate": 0.001692047377326565, "conjRate": 0.08121827411167512, "punctRate": 0.17766497461928935, "pronRate": 0.049069373942470386, "relPronRate": 0.01692047377326565, "demPronRate": 0.03722504230118443, "adposRate": 0.02030456852791878, "multiplePunctRate": 0.02857142857142857, "partsDensityRate": 4.197368421052632, "contentfulness": 10.633333333333333, "phraseRate": 0.0, "pastTenseNum": 6, "presentTenseNum": 57, "condNum": 2, "impNum": 5, "freqNum": 0, "causNum": 0, "modalNum": 4, "sg1VerbNum": 81, "sg2VerbNum": 81, "sg3VerbNum": 81, "pl1VerbNum": 81, "pl2VerbNum": 81, "pl3VerbNum": 81, "superlatNum": 0, "comparatNum": 1, "specDerivSuffixNum": 0, "pluralNounNum": 27, "pastTenseRate": 0.07407407407407407, "presentTenseRate": 0.7037037037037037, "condRate": 0.024691358024691357, "impRate": 0.06172839506172839, "freqRate": 0.0, "causRate": 0.0, "modalRate": 0.04938271604938271, "sg1VerbRate": 1.0, "sg2VerbRate": 1.0, "sg3VerbRate": 1.0, "pl1VerbRate": 1.0, "pl2VerbRate": 1.0, "pl3VerbRate": 1.0, "superlatRate": 0.0, "comparatRate": 0.016129032258064516, "specDerivSuffixRate": 0.0, "pluralNounRate": 0.23478260869565218, "subjNum": 32, "objNum": 26, "attNum": 40, "subordNum": 24, "adverbNum": 64, "coordNum": 37, "clauseNum": 76, "simpleNum": 9, "complexNum": 21, "complexity1Num": 7, "complexity2Num": 8, "complexity3Num": 2, "compoundNum": 0, "subjRate": 0.05414551607445008, "objRate": 0.043993231810490696, "attRate": 0.0676818950930626, "subordRate": 0.04060913705583756, "adverbRate": 0.10829103214890017, "coordRate": 0.06260575296108291, "partsRate": 2.6184210526315788, "clauseRate": 2.533333333333333, "simpleRate": 0.3, "complexRate": 0.7, "complexity1Rate": 0.23333333333333334, "complexity2Rate": 0.26666666666666666, "complexity3Rate": 0.06666666666666667, "complexClauseRate": 3.1904761904761907, "sentencesPerParagraph": 4.285714285714286, "wordsLengthRate": 5.890946502057613, "compoundRate": 0.0, "positiveNum": 0, "negativeNum": 0, "precoPositiveNum": 0, "precoNegativeNum": 0, "negemoNum": 0, "negationNum": 10, "functionNum": 272, "contentNum": 319, "vulgarNum": 0, "racistNum": 0, "specStyleNum": 0, "addressingNum": 0, "closingNum": 0, "postscriptNum": 0, "brutalNum": 0, "positiveRate": 0.0, "negativeRate": 0.0, "precoPositiveRate": 0.0, "precoNegativeRate": 0.0, "negemoRate": 0.0, "negationRate": 0.01692047377326565, "functionRate": 0.4602368866328257, "contentRate": 0.5397631133671743, "vulgarRate": 0.0, "racistRate": 0.0, "specStyleRate": 0.0, "addressingRate": 0.0, "closingRate": 0.0, "postscriptRate": 0.0, "brutalRate": 0.0, "epistemicNum": 0, "investNum": 0, "conditionNum": 0, "weaselNum": 0, "peacockNum": 0, "hedgeNum": 0, "doxasticNum": 0, "epistemicRate": 0.0, "investRate": 0.0, "conditionRate": 0.0, "weaselRate": 0.0, "peacockRate": 0.0, "hedgeRate": 0.0, "doxasticRate": 0.0, "loveNum": 0, "anxietyNum": 0, "sorrowNum": 0, "joyNum": 0, "disgustNum": 0, "fearNum": 0, "surpriseNum": 0, "angerNum": 0, "loveRate": 0.0, "anxietyRate": 0.0, "sorrowRate": 0.0, "joyRate": 0.0, "disgustRate": 0.0, "fearRate": 0.0, "surpriseRate": 0.0, "angerRate": 0.0, "slangBeGeneralNum": 0, "slangBeCigaretteNum": 0, "slangBeHumanNum": 0, "slangBeVehicleNum": 0, "slangBeDrugNum": 0, "slangBvNum": 0, "slangBeGeneralRate": 0.0, "slangBeCigaretteRate": 0.0, "slangBeHumanRate": 0.0, "slangBeVehicleRate": 0.0, "slangBeDrugRate": 0.0, "slangBvRate": 0.0, "speechactNum": 0, "quoteNum": 0, "dashNum": 0, "publicNum": 0, "privateNum": 0, "suasiveNum": 0, "discMarkerNum": 0, "smileyNum": 0, "dateNum": 0, "hesitationNum": 0, "restartNum": 0, "repeatNum": 0, "conjBeforeDiscNum": 0, "conjAfterDiscNum": 0, "wordBeforeHesitationNum": 0, "wordAfterHesitationNum": 0, "otherCollocationNum": 0, "speechactRate": 0.0, "quoteRate": 0.0, "dashRate": 0.0, "publicRate": 0.0, "privateRate": 0.0, "suasiveRate": 0.0, "discMarkerRate": 0.0, "smileyRate": 0.0, "dateRate": 0.0, "hesitationRate": 0.0, "restartRate": 0.0, "repeatRate": 0.0, "conjBeforeDiscRate": 0.0, "conjAfterDiscRate": 0.0, "wordBeforeHesitationRate": 0.0, "wordAfterHesitationRate": 0.0, "otherCollocationRate": 0.0, "easyWordNum": 531, "hardWordNum": 60, "easyWordRate": 0.8984771573604061, "hardWordRate": 0.10152284263959391, "fleschReadingEaseScore": 48.129855329949265, "gunningFogIndex": 7.920609137055838, "fleschKincaidGradeLevel": 11.44020812182741, "colemanLiauIndex": 13.6797461928934, "smogIndex": 11.20814326018867, "automatedReadabilityIndex": 11.993908629441627, "linsearWriteIndex": 0.9796954314720812, "author": "", "locationNameNum": 0, "locationNameRate": 0.0, "personNameNum": 0, "personNameRate": 0.0, "organizationNameNum": 0, "organizationNameRate": 0.0, "misspelledNum": 2, "misspelledRate": 0.00338409475465313, "missingAccentNum": 0, "missingAccentRate": 0.0, "foreignAccentNum": 0, "foreignAccentRate": 0.0, "wordConcatNum": 0, "wordConcatRate": 0.0, "jLyMistakeNum": 0, "jLyMistakeRate": 0.0, "publicVNum": 0, "freqSuffixNum": 0, "partsNum": 199, "clauseWordNum": 76, "privateVNum": 0}