{"tokenNum": 472, "sentenceNum": 19, "lemmaNum": 200, "lemmaRate": 0.423728813559322, "sentenceLength": 24.842105263157894, "allUpperNum": 0, "firstUpperNum": 19, "allUpperRate": 0.0, "firstUpperRate": 0.04025423728813559, "declarSentNum": 18, "imperSentNum": 0, "questionNum": 1, "declarSentRate": 0.9473684210526315, "imperSentRate": 0.0, "questionRate": 0.05263157894736842, "accent": true, "saturation": 2.898550724637681, "paragraphNum": 4, "nounNum": 77, "verbNum": 56, "adjNum": 60, "infNum": 11, "partPastNum": 1, "partPresNum": 3, "partFutNum": 0, "transNum": 1, "xNum": 4, "advNum": 48, "properNounNum": 0, "numNum": 1, "conjNum": 47, "punctNum": 81, "pronNum": 46, "relPronNum": 17, "demPronNum": 19, "adposNum": 1, "multiplePunctNum": 0, "phraseNum": 0, "nounRate": 0.163135593220339, "verbRate": 0.11864406779661017, "adjRate": 0.1271186440677966, "infRate": 0.023305084745762712, "partPastRate": 0.00211864406779661, "partPresRate": 0.006355932203389831, "partFutRate": 0.0, "transRate": 0.00211864406779661, "xRate": 0.00847457627118644, "advRate": 0.1016949152542373, "properNounRate": 0.0, "numRate": 0.00211864406779661, "conjRate": 0.09957627118644068, "punctRate": 0.1716101694915254, "pronRate": 0.09745762711864407, "relPronRate": 0.036016949152542374, "demPronRate": 0.04025423728813559, "adposRate": 0.00211864406779661, "multiplePunctRate": 0.0, "partsDensityRate": 3.4927536231884058, "contentfulness": 12.68421052631579, "phraseRate": 0.0, "pastTenseNum": 7, "presentTenseNum": 38, "condNum": 1, "impNum": 6, "freqNum": 0, "causNum": 0, "modalNum": 4, "sg1VerbNum": 56, "sg2VerbNum": 56, "sg3VerbNum": 56, "pl1VerbNum": 56, "pl2VerbNum": 56, "pl3VerbNum": 56, "superlatNum": 0, "comparatNum": 2, "specDerivSuffixNum": 0, "pluralNounNum": 18, "pastTenseRate": 0.125, "presentTenseRate": 0.6785714285714286, "condRate": 0.017857142857142856, "impRate": 0.10714285714285714, "freqRate": 0.0, "causRate": 0.0, "modalRate": 0.07142857142857142, "sg1VerbRate": 1.0, "sg2VerbRate": 1.0, "sg3VerbRate": 1.0, "pl1VerbRate": 1.0, "pl2VerbRate": 1.0, "pl3VerbRate": 1.0, "superlatRate": 0.0, "comparatRate": 0.03333333333333333, "specDerivSuffixRate": 0.0, "pluralNounRate": 0.23376623376623376, "subjNum": 32, "objNum": 24, "attNum": 32, "subordNum": 34, "adverbNum": 68, "coordNum": 29, "clauseNum": 69, "simpleNum": 0, "complexNum": 19, "complexity1Num": 4, "complexity2Num": 4, "complexity3Num": 7, "compoundNum": 0, "subjRate": 0.06779661016949153, "objRate": 0.05084745762711865, "attRate": 0.06779661016949153, "subordRate": 0.07203389830508475, "adverbRate": 0.1440677966101695, "coordRate": 0.0614406779661017, "partsRate": 2.681159420289855, "clauseRate": 3.6315789473684212, "simpleRate": 0.0, "complexRate": 1.0, "complexity1Rate": 0.21052631578947367, "complexity2Rate": 0.21052631578947367, "complexity3Rate": 0.3684210526315789, "complexClauseRate": 3.6315789473684212, "sentencesPerParagraph": 4.75, "wordsLengthRate": 5.744245524296675, "compoundRate": 0.0, "positiveNum": 0, "negativeNum": 0, "precoPositiveNum": 0, "precoNegativeNum": 0, "negemoNum": 0, "negationNum": 12, "functionNum": 231, "contentNum": 241, "vulgarNum": 0, "racistNum": 0, "specStyleNum": 0, "addressingNum": 0, "closingNum": 0, "postscriptNum": 0, "brutalNum": 0, "positiveRate": 0.0, "negativeRate": 0.0, "precoPositiveRate": 0.0, "precoNegativeRate": 0.0, "negemoRate": 0.0, "negationRate": 0.025423728813559324, "functionRate": 0.4894067796610169, "contentRate": 0.510593220338983, "vulgarRate": 0.0, "racistRate": 0.0, "specStyleRate": 0.0, "addressingRate": 0.0, "closingRate": 0.0, "postscriptRate": 0.0, "brutalRate": 0.0, "epistemicNum": 0, "investNum": 0, "conditionNum": 0, "weaselNum": 0, "peacockNum": 0, "hedgeNum": 0, "doxasticNum": 0, "epistemicRate": 0.0, "investRate": 0.0, "conditionRate": 0.0, "weaselRate": 0.0, "peacockRate": 0.0, "hedgeRate": 0.0, "doxasticRate": 0.0, "loveNum": 0, "anxietyNum": 0, "sorrowNum": 0, "joyNum": 0, "disgustNum": 0, "fearNum": 0, "surpriseNum": 0, "angerNum": 0, "loveRate": 0.0, "anxietyRate": 0.0, "sorrowRate": 0.0, "joyRate": 0.0, "disgustRate": 0.0, "fearRate": 0.0, "surpriseRate": 0.0, "angerRate": 0.0, "slangBeGeneralNum": 0, "slangBeCigaretteNum": 0, "slangBeHumanNum": 0, "slangBeVehicleNum": 0, "slangBeDrugNum": 0, "slangBvNum": 0, "slangBeGeneralRate": 0.0, "slangBeCigaretteRate": 0.0, "slangBeHumanRate": 0.0, "slangBeVehicleRate": 0.0, "slangBeDrugRate": 0.0, "slangBvRate": 0.0, "speechactNum": 0, "quoteNum": 1, "dashNum": 0, "publicNum": 0, "privateNum": 0, "suasiveNum": 0, "discMarkerNum": 0, "smileyNum": 0, "dateNum": 0, "hesitationNum": 0, "restartNum": 0, "repeatNum": 0, "conjBeforeDiscNum": 0, "conjAfterDiscNum": 0, "wordBeforeHesitationNum": 0, "wordAfterHesitationNum": 0, "otherCollocationNum": 0, "speechactRate": 0.0, "quoteRate": 0.00211864406779661, "dashRate": 0.0, "publicRate": 0.0, "privateRate": 0.0, "suasiveRate": 0.0, "discMarkerRate": 0.0, "smileyRate": 0.0, "dateRate": 0.0, "hesitationRate": 0.0, "restartRate": 0.0, "repeatRate": 0.0, "conjBeforeDiscRate": 0.0, "conjAfterDiscRate": 0.0, "wordBeforeHesitationRate": 0.0, "wordAfterHesitationRate": 0.0, "otherCollocationRate": 0.0, "easyWordNum": 437, "hardWordNum": 35, "easyWordRate": 0.9258474576271186, "hardWordRate": 0.07415254237288135, "fleschReadingEaseScore": 44.68297502230155, "gunningFogIndex": 9.96650312221231, "fleschKincaidGradeLevel": 13.19842105263158, "colemanLiauIndex": 13.13824788135593, "smogIndex": 9.2995712137729, "automatedReadabilityIndex": 14.131921275646746, "linsearWriteIndex": 1.9995539696699374, "author": "", "locationNameNum": 0, "locationNameRate": 0.0, "personNameNum": 0, "personNameRate": 0.0, "organizationNameNum": 0, "organizationNameRate": 0.0, "misspelledNum": 2, "misspelledRate": 0.00423728813559322, "missingAccentNum": 0, "missingAccentRate": 0.0, "foreignAccentNum": 0, "foreignAccentRate": 0.0, "wordConcatNum": 2, "wordConcatRate": 0.00423728813559322, "jLyMistakeNum": 0, "jLyMistakeRate": 0.0, "publicVNum": 0, "freqSuffixNum": 0, "partsNum": 185, "clauseWordNum": 69, "privateVNum": 0}