{"tokenNum": 508, "sentenceNum": 25, "lemmaNum": 216, "lemmaRate": 0.4251968503937008, "sentenceLength": 20.32, "allUpperNum": 0, "firstUpperNum": 28, "allUpperRate": 0.0, "firstUpperRate": 0.05511811023622047, "declarSentNum": 24, "imperSentNum": 0, "questionNum": 1, "declarSentRate": 0.96, "imperSentRate": 0.0, "questionRate": 0.04, "accent": true, "saturation": 2.958904109589041, "paragraphNum": 6, "nounNum": 98, "verbNum": 56, "adjNum": 39, "infNum": 6, "partPastNum": 0, "partPresNum": 3, "partFutNum": 0, "transNum": 1, "xNum": 6, "advNum": 55, "properNounNum": 2, "numNum": 4, "conjNum": 48, "punctNum": 89, "pronNum": 34, "relPronNum": 11, "demPronNum": 24, "adposNum": 3, "multiplePunctNum": 0, "phraseNum": 0, "nounRate": 0.19291338582677164, "verbRate": 0.11023622047244094, "adjRate": 0.07677165354330709, "infRate": 0.011811023622047244, "partPastRate": 0.0, "partPresRate": 0.005905511811023622, "partFutRate": 0.0, "transRate": 0.001968503937007874, "xRate": 0.011811023622047244, "advRate": 0.10826771653543307, "properNounRate": 0.003937007874015748, "numRate": 0.007874015748031496, "conjRate": 0.09448818897637795, "punctRate": 0.17519685039370078, "pronRate": 0.06692913385826772, "relPronRate": 0.021653543307086614, "demPronRate": 0.047244094488188976, "adposRate": 0.005905511811023622, "multiplePunctRate": 0.0, "partsDensityRate": 3.3972602739726026, "contentfulness": 9.92, "phraseRate": 0.0, "pastTenseNum": 3, "presentTenseNum": 47, "condNum": 0, "impNum": 2, "freqNum": 0, "causNum": 0, "modalNum": 2, "sg1VerbNum": 56, "sg2VerbNum": 56, "sg3VerbNum": 56, "pl1VerbNum": 56, "pl2VerbNum": 56, "pl3VerbNum": 56, "superlatNum": 0, "comparatNum": 0, "specDerivSuffixNum": 0, "pluralNounNum": 10, "pastTenseRate": 0.05357142857142857, "presentTenseRate": 0.8392857142857143, "condRate": 0.0, "impRate": 0.03571428571428571, "freqRate": 0.0, "causRate": 0.0, "modalRate": 0.03571428571428571, "sg1VerbRate": 1.0, "sg2VerbRate": 1.0, "sg3VerbRate": 1.0, "pl1VerbRate": 1.0, "pl2VerbRate": 1.0, "pl3VerbRate": 1.0, "superlatRate": 0.0, "comparatRate": 0.0, "specDerivSuffixRate": 0.0, "pluralNounRate": 0.10204081632653061, "subjNum": 42, "objNum": 18, "attNum": 21, "subordNum": 28, "adverbNum": 69, "coordNum": 35, "clauseNum": 73, "simpleNum": 4, "complexNum": 21, "complexity1Num": 5, "complexity2Num": 8, "complexity3Num": 7, "compoundNum": 0, "subjRate": 0.08267716535433071, "objRate": 0.03543307086614173, "attRate": 0.04133858267716536, "subordRate": 0.05511811023622047, "adverbRate": 0.13582677165354332, "coordRate": 0.0688976377952756, "partsRate": 2.5342465753424657, "clauseRate": 2.92, "simpleRate": 0.16, "complexRate": 0.84, "complexity1Rate": 0.2, "complexity2Rate": 0.32, "complexity3Rate": 0.28, "complexClauseRate": 3.2857142857142856, "sentencesPerParagraph": 4.166666666666667, "wordsLengthRate": 5.159904534606206, "compoundRate": 0.0, "positiveNum": 0, "negativeNum": 0, "precoPositiveNum": 0, "precoNegativeNum": 0, "negemoNum": 0, "negationNum": 10, "functionNum": 260, "contentNum": 248, "vulgarNum": 0, "racistNum": 0, "specStyleNum": 0, "addressingNum": 0, "closingNum": 0, "postscriptNum": 0, "brutalNum": 0, "positiveRate": 0.0, "negativeRate": 0.0, "precoPositiveRate": 0.0, "precoNegativeRate": 0.0, "negemoRate": 0.0, "negationRate": 0.01968503937007874, "functionRate": 0.5118110236220472, "contentRate": 0.4881889763779528, "vulgarRate": 0.0, "racistRate": 0.0, "specStyleRate": 0.0, "addressingRate": 0.0, "closingRate": 0.0, "postscriptRate": 0.0, "brutalRate": 0.0, "epistemicNum": 0, "investNum": 0, "conditionNum": 0, "weaselNum": 0, "peacockNum": 0, "hedgeNum": 0, "doxasticNum": 0, "epistemicRate": 0.0, "investRate": 0.0, "conditionRate": 0.0, "weaselRate": 0.0, "peacockRate": 0.0, "hedgeRate": 0.0, "doxasticRate": 0.0, "loveNum": 0, "anxietyNum": 0, "sorrowNum": 0, "joyNum": 0, "disgustNum": 0, "fearNum": 0, "surpriseNum": 0, "angerNum": 0, "loveRate": 0.0, "anxietyRate": 0.0, "sorrowRate": 0.0, "joyRate": 0.0, "disgustRate": 0.0, "fearRate": 0.0, "surpriseRate": 0.0, "angerRate": 0.0, "slangBeGeneralNum": 0, "slangBeCigaretteNum": 0, "slangBeHumanNum": 0, "slangBeVehicleNum": 0, "slangBeDrugNum": 0, "slangBvNum": 0, "slangBeGeneralRate": 0.0, "slangBeCigaretteRate": 0.0, "slangBeHumanRate": 0.0, "slangBeVehicleRate": 0.0, "slangBeDrugRate": 0.0, "slangBvRate": 0.0, "speechactNum": 0, "quoteNum": 2, "dashNum": 0, "publicNum": 0, "privateNum": 0, "suasiveNum": 0, "discMarkerNum": 0, "smileyNum": 0, "dateNum": 0, "hesitationNum": 0, "restartNum": 0, "repeatNum": 0, "conjBeforeDiscNum": 0, "conjAfterDiscNum": 0, "wordBeforeHesitationNum": 0, "wordAfterHesitationNum": 0, "otherCollocationNum": 0, "speechactRate": 0.0, "quoteRate": 0.003937007874015748, "dashRate": 0.0, "publicRate": 0.0, "privateRate": 0.0, "suasiveRate": 0.0, "discMarkerRate": 0.0, "smileyRate": 0.0, "dateRate": 0.0, "hesitationRate": 0.0, "restartRate": 0.0, "repeatRate": 0.0, "conjBeforeDiscRate": 0.0, "conjAfterDiscRate": 0.0, "wordBeforeHesitationRate": 0.0, "wordAfterHesitationRate": 0.0, "otherCollocationRate": 0.0, "easyWordNum": 487, "hardWordNum": 21, "easyWordRate": 0.9586614173228346, "hardWordRate": 0.04133858267716536, "fleschReadingEaseScore": 62.47437322834648, "gunningFogIndex": 8.144535433070867, "fleschKincaidGradeLevel": 9.593461417322839, "colemanLiauIndex": 10.159911417322832, "smogIndex": 7.908726449838941, "automatedReadabilityIndex": 9.489232283464567, "linsearWriteIndex": 1.1417322834645671, "author": "", "locationNameNum": 0, "locationNameRate": 0.0, "personNameNum": 1, "personNameRate": 0.001968503937007874, "organizationNameNum": 0, "organizationNameRate": 0.0, "misspelledNum": 5, "misspelledRate": 0.00984251968503937, "missingAccentNum": 3, "missingAccentRate": 0.005905511811023622, "foreignAccentNum": 0, "foreignAccentRate": 0.0, "wordConcatNum": 0, "wordConcatRate": 0.0, "jLyMistakeNum": 0, "jLyMistakeRate": 0.0, "publicVNum": 0, "freqSuffixNum": 0, "partsNum": 185, "clauseWordNum": 73, "privateVNum": 0}