{"tokenNum": 485, "sentenceNum": 25, "lemmaNum": 204, "lemmaRate": 0.42061855670103093, "sentenceLength": 19.4, "allUpperNum": 0, "firstUpperNum": 25, "allUpperRate": 0.0, "firstUpperRate": 0.05154639175257732, "declarSentNum": 25, "imperSentNum": 0, "questionNum": 0, "declarSentRate": 1.0, "imperSentRate": 0.0, "questionRate": 0.0, "accent": true, "saturation": 3.238095238095238, "paragraphNum": 5, "nounNum": 91, "verbNum": 56, "adjNum": 32, "infNum": 5, "partPastNum": 0, "partPresNum": 1, "partFutNum": 0, "transNum": 1, "xNum": 5, "advNum": 56, "properNounNum": 1, "numNum": 2, "conjNum": 44, "punctNum": 78, "pronNum": 42, "relPronNum": 6, "demPronNum": 27, "adposNum": 6, "multiplePunctNum": 0, "phraseNum": 0, "nounRate": 0.18762886597938144, "verbRate": 0.1154639175257732, "adjRate": 0.06597938144329897, "infRate": 0.010309278350515464, "partPastRate": 0.0, "partPresRate": 0.002061855670103093, "partFutRate": 0.0, "transRate": 0.002061855670103093, "xRate": 0.010309278350515464, "advRate": 0.1154639175257732, "properNounRate": 0.002061855670103093, "numRate": 0.004123711340206186, "conjRate": 0.09072164948453608, "punctRate": 0.16082474226804125, "pronRate": 0.0865979381443299, "relPronRate": 0.012371134020618556, "demPronRate": 0.05567010309278351, "adposRate": 0.012371134020618556, "multiplePunctRate": 0.0, "partsDensityRate": 3.7301587301587302, "contentfulness": 9.4, "phraseRate": 0.0, "pastTenseNum": 2, "presentTenseNum": 49, "condNum": 0, "impNum": 9, "freqNum": 0, "causNum": 0, "modalNum": 6, "sg1VerbNum": 56, "sg2VerbNum": 56, "sg3VerbNum": 56, "pl1VerbNum": 56, "pl2VerbNum": 56, "pl3VerbNum": 56, "superlatNum": 0, "comparatNum": 4, "specDerivSuffixNum": 0, "pluralNounNum": 9, "pastTenseRate": 0.03571428571428571, "presentTenseRate": 0.875, "condRate": 0.0, "impRate": 0.16071428571428573, "freqRate": 0.0, "causRate": 0.0, "modalRate": 0.10714285714285714, "sg1VerbRate": 1.0, "sg2VerbRate": 1.0, "sg3VerbRate": 1.0, "pl1VerbRate": 1.0, "pl2VerbRate": 1.0, "pl3VerbRate": 1.0, "superlatRate": 0.0, "comparatRate": 0.125, "specDerivSuffixRate": 0.0, "pluralNounRate": 0.0989010989010989, "subjNum": 40, "objNum": 24, "attNum": 17, "subordNum": 27, "adverbNum": 63, "coordNum": 20, "clauseNum": 63, "simpleNum": 6, "complexNum": 19, "complexity1Num": 6, "complexity2Num": 8, "complexity3Num": 4, "compoundNum": 0, "subjRate": 0.08247422680412371, "objRate": 0.049484536082474224, "attRate": 0.03505154639175258, "subordRate": 0.05567010309278351, "adverbRate": 0.12989690721649486, "coordRate": 0.041237113402061855, "partsRate": 2.6031746031746033, "clauseRate": 2.52, "simpleRate": 0.24, "complexRate": 0.76, "complexity1Rate": 0.24, "complexity2Rate": 0.32, "complexity3Rate": 0.16, "complexClauseRate": 3.0, "sentencesPerParagraph": 5.0, "wordsLengthRate": 5.764127764127764, "compoundRate": 0.0, "positiveNum": 0, "negativeNum": 0, "precoPositiveNum": 0, "precoNegativeNum": 0, "negemoNum": 0, "negationNum": 10, "functionNum": 250, "contentNum": 235, "vulgarNum": 0, "racistNum": 0, "specStyleNum": 0, "addressingNum": 0, "closingNum": 0, "postscriptNum": 0, "brutalNum": 0, "positiveRate": 0.0, "negativeRate": 0.0, "precoPositiveRate": 0.0, "precoNegativeRate": 0.0, "negemoRate": 0.0, "negationRate": 0.020618556701030927, "functionRate": 0.5154639175257731, "contentRate": 0.4845360824742268, "vulgarRate": 0.0, "racistRate": 0.0, "specStyleRate": 0.0, "addressingRate": 0.0, "closingRate": 0.0, "postscriptRate": 0.0, "brutalRate": 0.0, "epistemicNum": 0, "investNum": 0, "conditionNum": 0, "weaselNum": 0, "peacockNum": 0, "hedgeNum": 0, "doxasticNum": 0, "epistemicRate": 0.0, "investRate": 0.0, "conditionRate": 0.0, "weaselRate": 0.0, "peacockRate": 0.0, "hedgeRate": 0.0, "doxasticRate": 0.0, "loveNum": 0, "anxietyNum": 0, "sorrowNum": 0, "joyNum": 0, "disgustNum": 0, "fearNum": 0, "surpriseNum": 0, "angerNum": 0, "loveRate": 0.0, "anxietyRate": 0.0, "sorrowRate": 0.0, "joyRate": 0.0, "disgustRate": 0.0, "fearRate": 0.0, "surpriseRate": 0.0, "angerRate": 0.0, "slangBeGeneralNum": 0, "slangBeCigaretteNum": 0, "slangBeHumanNum": 0, "slangBeVehicleNum": 0, "slangBeDrugNum": 0, "slangBvNum": 0, "slangBeGeneralRate": 0.0, "slangBeCigaretteRate": 0.0, "slangBeHumanRate": 0.0, "slangBeVehicleRate": 0.0, "slangBeDrugRate": 0.0, "slangBvRate": 0.0, "speechactNum": 0, "quoteNum": 0, "dashNum": 0, "publicNum": 0, "privateNum": 0, "suasiveNum": 0, "discMarkerNum": 0, "smileyNum": 0, "dateNum": 0, "hesitationNum": 0, "restartNum": 0, "repeatNum": 2, "conjBeforeDiscNum": 0, "conjAfterDiscNum": 0, "wordBeforeHesitationNum": 0, "wordAfterHesitationNum": 0, "otherCollocationNum": 0, "speechactRate": 0.0, "quoteRate": 0.0, "dashRate": 0.0, "publicRate": 0.0, "privateRate": 0.0, "suasiveRate": 0.0, "discMarkerRate": 0.0, "smileyRate": 0.0, "dateRate": 0.0, "hesitationRate": 0.0, "restartRate": 0.0, "repeatRate": 0.004123711340206186, "conjBeforeDiscRate": 0.0, "conjAfterDiscRate": 0.0, "wordBeforeHesitationRate": 0.0, "wordAfterHesitationRate": 0.0, "otherCollocationRate": 0.0, "easyWordNum": 450, "hardWordNum": 35, "easyWordRate": 0.9278350515463918, "hardWordRate": 0.07216494845360824, "fleschReadingEaseScore": 54.57492783505157, "gunningFogIndex": 7.788865979381443, "fleschKincaidGradeLevel": 10.466721649484537, "colemanLiauIndex": 13.516257731958763, "smogIndex": 9.2995712137729, "automatedReadabilityIndex": 11.713175257731955, "linsearWriteIndex": 1.268041237113402, "author": "", "locationNameNum": 0, "locationNameRate": 0.0, "personNameNum": 0, "personNameRate": 0.0, "organizationNameNum": 0, "organizationNameRate": 0.0, "misspelledNum": 1, "misspelledRate": 0.002061855670103093, "missingAccentNum": 0, "missingAccentRate": 0.0, "foreignAccentNum": 0, "foreignAccentRate": 0.0, "wordConcatNum": 0, "wordConcatRate": 0.0, "jLyMistakeNum": 0, "jLyMistakeRate": 0.0, "publicVNum": 0, "freqSuffixNum": 0, "partsNum": 164, "clauseWordNum": 63, "privateVNum": 0}