{"tokenNum": 415, "sentenceNum": 18, "lemmaNum": 199, "lemmaRate": 0.4795180722891566, "sentenceLength": 23.055555555555557, "allUpperNum": 0, "firstUpperNum": 19, "allUpperRate": 0.0, "firstUpperRate": 0.04578313253012048, "declarSentNum": 18, "imperSentNum": 0, "questionNum": 0, "declarSentRate": 1.0, "imperSentRate": 0.0, "questionRate": 0.0, "accent": true, "saturation": 3.1587301587301586, "paragraphNum": 7, "nounNum": 69, "verbNum": 61, "adjNum": 46, "infNum": 6, "partPastNum": 3, "partPresNum": 0, "partFutNum": 0, "transNum": 1, "xNum": 7, "advNum": 34, "properNounNum": 0, "numNum": 4, "conjNum": 43, "punctNum": 69, "pronNum": 27, "relPronNum": 9, "demPronNum": 13, "adposNum": 2, "multiplePunctNum": 0, "phraseNum": 0, "nounRate": 0.16626506024096385, "verbRate": 0.14698795180722893, "adjRate": 0.1108433734939759, "infRate": 0.014457831325301205, "partPastRate": 0.007228915662650603, "partPresRate": 0.0, "partFutRate": 0.0, "transRate": 0.0024096385542168677, "xRate": 0.016867469879518072, "advRate": 0.0819277108433735, "properNounRate": 0.0, "numRate": 0.00963855421686747, "conjRate": 0.10361445783132531, "punctRate": 0.16626506024096385, "pronRate": 0.06506024096385542, "relPronRate": 0.021686746987951807, "demPronRate": 0.03132530120481928, "adposRate": 0.004819277108433735, "multiplePunctRate": 0.0, "partsDensityRate": 3.3333333333333335, "contentfulness": 11.666666666666666, "phraseRate": 0.0, "pastTenseNum": 3, "presentTenseNum": 52, "condNum": 0, "impNum": 10, "freqNum": 0, "causNum": 0, "modalNum": 0, "sg1VerbNum": 61, "sg2VerbNum": 61, "sg3VerbNum": 61, "pl1VerbNum": 61, "pl2VerbNum": 61, "pl3VerbNum": 61, "superlatNum": 0, "comparatNum": 5, "specDerivSuffixNum": 0, "pluralNounNum": 16, "pastTenseRate": 0.04918032786885246, "presentTenseRate": 0.8524590163934426, "condRate": 0.0, "impRate": 0.16393442622950818, "freqRate": 0.0, "causRate": 0.0, "modalRate": 0.0, "sg1VerbRate": 1.0, "sg2VerbRate": 1.0, "sg3VerbRate": 1.0, "pl1VerbRate": 1.0, "pl2VerbRate": 1.0, "pl3VerbRate": 1.0, "superlatRate": 0.0, "comparatRate": 0.10869565217391304, "specDerivSuffixRate": 0.0, "pluralNounRate": 0.2318840579710145, "subjNum": 21, "objNum": 16, "attNum": 29, "subordNum": 29, "adverbNum": 55, "coordNum": 20, "clauseNum": 63, "simpleNum": 1, "complexNum": 17, "complexity1Num": 3, "complexity2Num": 6, "complexity3Num": 3, "compoundNum": 0, "subjRate": 0.05060240963855422, "objRate": 0.03855421686746988, "attRate": 0.06987951807228916, "subordRate": 0.06987951807228916, "adverbRate": 0.13253012048192772, "coordRate": 0.04819277108433735, "partsRate": 2.238095238095238, "clauseRate": 3.5, "simpleRate": 0.05555555555555555, "complexRate": 0.9444444444444444, "complexity1Rate": 0.16666666666666666, "complexity2Rate": 0.3333333333333333, "complexity3Rate": 0.16666666666666666, "complexClauseRate": 3.6470588235294117, "sentencesPerParagraph": 2.5714285714285716, "wordsLengthRate": 5.91907514450867, "compoundRate": 0.0, "positiveNum": 0, "negativeNum": 0, "precoPositiveNum": 0, "precoNegativeNum": 0, "negemoNum": 0, "negationNum": 4, "functionNum": 205, "contentNum": 210, "vulgarNum": 0, "racistNum": 0, "specStyleNum": 0, "addressingNum": 0, "closingNum": 0, "postscriptNum": 0, "brutalNum": 0, "positiveRate": 0.0, "negativeRate": 0.0, "precoPositiveRate": 0.0, "precoNegativeRate": 0.0, "negemoRate": 0.0, "negationRate": 0.00963855421686747, "functionRate": 0.4939759036144578, "contentRate": 0.5060240963855421, "vulgarRate": 0.0, "racistRate": 0.0, "specStyleRate": 0.0, "addressingRate": 0.0, "closingRate": 0.0, "postscriptRate": 0.0, "brutalRate": 0.0, "epistemicNum": 0, "investNum": 0, "conditionNum": 0, "weaselNum": 0, "peacockNum": 0, "hedgeNum": 0, "doxasticNum": 0, "epistemicRate": 0.0, "investRate": 0.0, "conditionRate": 0.0, "weaselRate": 0.0, "peacockRate": 0.0, "hedgeRate": 0.0, "doxasticRate": 0.0, "loveNum": 0, "anxietyNum": 0, "sorrowNum": 0, "joyNum": 0, "disgustNum": 0, "fearNum": 0, "surpriseNum": 0, "angerNum": 0, "loveRate": 0.0, "anxietyRate": 0.0, "sorrowRate": 0.0, "joyRate": 0.0, "disgustRate": 0.0, "fearRate": 0.0, "surpriseRate": 0.0, "angerRate": 0.0, "slangBeGeneralNum": 0, "slangBeCigaretteNum": 0, "slangBeHumanNum": 0, "slangBeVehicleNum": 0, "slangBeDrugNum": 0, "slangBvNum": 0, "slangBeGeneralRate": 0.0, "slangBeCigaretteRate": 0.0, "slangBeHumanRate": 0.0, "slangBeVehicleRate": 0.0, "slangBeDrugRate": 0.0, "slangBvRate": 0.0, "speechactNum": 0, "quoteNum": 0, "dashNum": 0, "publicNum": 0, "privateNum": 0, "suasiveNum": 0, "discMarkerNum": 0, "smileyNum": 0, "dateNum": 0, "hesitationNum": 0, "restartNum": 0, "repeatNum": 0, "conjBeforeDiscNum": 0, "conjAfterDiscNum": 0, "wordBeforeHesitationNum": 0, "wordAfterHesitationNum": 0, "otherCollocationNum": 0, "speechactRate": 0.0, "quoteRate": 0.0, "dashRate": 0.0, "publicRate": 0.0, "privateRate": 0.0, "suasiveRate": 0.0, "discMarkerRate": 0.0, "smileyRate": 0.0, "dateRate": 0.0, "hesitationRate": 0.0, "restartRate": 0.0, "repeatRate": 0.0, "conjBeforeDiscRate": 0.0, "conjAfterDiscRate": 0.0, "wordBeforeHesitationRate": 0.0, "wordAfterHesitationRate": 0.0, "otherCollocationRate": 0.0, "easyWordNum": 384, "hardWordNum": 31, "easyWordRate": 0.9253012048192771, "hardWordRate": 0.0746987951807229, "fleschReadingEaseScore": 51.539153279785836, "gunningFogIndex": 9.252101740294512, "fleschKincaidGradeLevel": 11.798293172690762, "colemanLiauIndex": 14.047267469879518, "smogIndex": 8.936278230431713, "automatedReadabilityIndex": 13.9655609103079, "linsearWriteIndex": 2.145917001338688, "author": "", "locationNameNum": 0, "locationNameRate": 0.0, "personNameNum": 0, "personNameRate": 0.0, "organizationNameNum": 0, "organizationNameRate": 0.0, "misspelledNum": 5, "misspelledRate": 0.012048192771084338, "missingAccentNum": 1, "missingAccentRate": 0.0024096385542168677, "foreignAccentNum": 0, "foreignAccentRate": 0.0, "wordConcatNum": 1, "wordConcatRate": 0.0024096385542168677, "jLyMistakeNum": 0, "jLyMistakeRate": 0.0, "publicVNum": 0, "freqSuffixNum": 0, "partsNum": 141, "clauseWordNum": 63, "privateVNum": 0}