{"tokenNum": 568, "sentenceNum": 30, "lemmaNum": 252, "lemmaRate": 0.44366197183098594, "sentenceLength": 18.933333333333334, "allUpperNum": 0, "firstUpperNum": 30, "allUpperRate": 0.0, "firstUpperRate": 0.0528169014084507, "declarSentNum": 28, "imperSentNum": 0, "questionNum": 2, "declarSentRate": 0.9333333333333333, "imperSentRate": 0.0, "questionRate": 0.06666666666666667, "accent": true, "saturation": 3.189873417721519, "paragraphNum": 6, "nounNum": 120, "verbNum": 60, "adjNum": 60, "infNum": 7, "partPastNum": 1, "partPresNum": 8, "partFutNum": 0, "transNum": 3, "xNum": 6, "advNum": 49, "properNounNum": 0, "numNum": 0, "conjNum": 61, "punctNum": 94, "pronNum": 42, "relPronNum": 9, "demPronNum": 23, "adposNum": 4, "multiplePunctNum": 0, "phraseNum": 0, "nounRate": 0.2112676056338028, "verbRate": 0.1056338028169014, "adjRate": 0.1056338028169014, "infRate": 0.01232394366197183, "partPastRate": 0.0017605633802816902, "partPresRate": 0.014084507042253521, "partFutRate": 0.0, "transRate": 0.00528169014084507, "xRate": 0.01056338028169014, "advRate": 0.08626760563380281, "properNounRate": 0.0, "numRate": 0.0, "conjRate": 0.1073943661971831, "punctRate": 0.16549295774647887, "pronRate": 0.07394366197183098, "relPronRate": 0.01584507042253521, "demPronRate": 0.040492957746478875, "adposRate": 0.007042253521126761, "multiplePunctRate": 0.0, "partsDensityRate": 3.6582278481012658, "contentfulness": 9.633333333333333, "phraseRate": 0.0, "pastTenseNum": 3, "presentTenseNum": 50, "condNum": 2, "impNum": 4, "freqNum": 0, "causNum": 0, "modalNum": 3, "sg1VerbNum": 60, "sg2VerbNum": 60, "sg3VerbNum": 60, "pl1VerbNum": 60, "pl2VerbNum": 60, "pl3VerbNum": 60, "superlatNum": 5, "comparatNum": 4, "specDerivSuffixNum": 0, "pluralNounNum": 18, "pastTenseRate": 0.05, "presentTenseRate": 0.8333333333333334, "condRate": 0.03333333333333333, "impRate": 0.06666666666666667, "freqRate": 0.0, "causRate": 0.0, "modalRate": 0.05, "sg1VerbRate": 1.0, "sg2VerbRate": 1.0, "sg3VerbRate": 1.0, "pl1VerbRate": 1.0, "pl2VerbRate": 1.0, "pl3VerbRate": 1.0, "superlatRate": 0.08333333333333333, "comparatRate": 0.06666666666666667, "specDerivSuffixRate": 0.0, "pluralNounRate": 0.15, "subjNum": 32, "objNum": 24, "attNum": 37, "subordNum": 28, "adverbNum": 63, "coordNum": 40, "clauseNum": 79, "simpleNum": 7, "complexNum": 23, "complexity1Num": 13, "complexity2Num": 4, "complexity3Num": 4, "compoundNum": 0, "subjRate": 0.056338028169014086, "objRate": 0.04225352112676056, "attRate": 0.06514084507042253, "subordRate": 0.04929577464788732, "adverbRate": 0.11091549295774648, "coordRate": 0.07042253521126761, "partsRate": 2.481012658227848, "clauseRate": 2.6333333333333333, "simpleRate": 0.23333333333333334, "complexRate": 0.7666666666666667, "complexity1Rate": 0.43333333333333335, "complexity2Rate": 0.13333333333333333, "complexity3Rate": 0.13333333333333333, "complexClauseRate": 3.130434782608696, "sentencesPerParagraph": 5.0, "wordsLengthRate": 5.9789029535864975, "compoundRate": 0.0, "positiveNum": 0, "negativeNum": 0, "precoPositiveNum": 0, "precoNegativeNum": 0, "negemoNum": 0, "negationNum": 9, "functionNum": 279, "contentNum": 289, "vulgarNum": 0, "racistNum": 0, "specStyleNum": 0, "addressingNum": 0, "closingNum": 0, "postscriptNum": 0, "brutalNum": 0, "positiveRate": 0.0, "negativeRate": 0.0, "precoPositiveRate": 0.0, "precoNegativeRate": 0.0, "negemoRate": 0.0, "negationRate": 0.01584507042253521, "functionRate": 0.49119718309859156, "contentRate": 0.5088028169014085, "vulgarRate": 0.0, "racistRate": 0.0, "specStyleRate": 0.0, "addressingRate": 0.0, "closingRate": 0.0, "postscriptRate": 0.0, "brutalRate": 0.0, "epistemicNum": 0, "investNum": 0, "conditionNum": 0, "weaselNum": 0, "peacockNum": 0, "hedgeNum": 0, "doxasticNum": 0, "epistemicRate": 0.0, "investRate": 0.0, "conditionRate": 0.0, "weaselRate": 0.0, "peacockRate": 0.0, "hedgeRate": 0.0, "doxasticRate": 0.0, "loveNum": 0, "anxietyNum": 0, "sorrowNum": 0, "joyNum": 0, "disgustNum": 0, "fearNum": 0, "surpriseNum": 0, "angerNum": 0, "loveRate": 0.0, "anxietyRate": 0.0, "sorrowRate": 0.0, "joyRate": 0.0, "disgustRate": 0.0, "fearRate": 0.0, "surpriseRate": 0.0, "angerRate": 0.0, "slangBeGeneralNum": 0, "slangBeCigaretteNum": 0, "slangBeHumanNum": 0, "slangBeVehicleNum": 0, "slangBeDrugNum": 0, "slangBvNum": 0, "slangBeGeneralRate": 0.0, "slangBeCigaretteRate": 0.0, "slangBeHumanRate": 0.0, "slangBeVehicleRate": 0.0, "slangBeDrugRate": 0.0, "slangBvRate": 0.0, "speechactNum": 0, "quoteNum": 0, "dashNum": 0, "publicNum": 0, "privateNum": 0, "suasiveNum": 0, "discMarkerNum": 0, "smileyNum": 0, "dateNum": 0, "hesitationNum": 0, "restartNum": 0, "repeatNum": 0, "conjBeforeDiscNum": 0, "conjAfterDiscNum": 0, "wordBeforeHesitationNum": 0, "wordAfterHesitationNum": 0, "otherCollocationNum": 0, "speechactRate": 0.0, "quoteRate": 0.0, "dashRate": 0.0, "publicRate": 0.0, "privateRate": 0.0, "suasiveRate": 0.0, "discMarkerRate": 0.0, "smileyRate": 0.0, "dateRate": 0.0, "hesitationRate": 0.0, "restartRate": 0.0, "repeatRate": 0.0, "conjBeforeDiscRate": 0.0, "conjAfterDiscRate": 0.0, "wordBeforeHesitationRate": 0.0, "wordAfterHesitationRate": 0.0, "otherCollocationRate": 0.0, "easyWordNum": 524, "hardWordNum": 44, "easyWordRate": 0.9225352112676056, "hardWordRate": 0.07746478873239436, "fleschReadingEaseScore": 47.3127370892019, "gunningFogIndex": 7.604319248826292, "fleschKincaidGradeLevel": 11.363718309859156, "colemanLiauIndex": 14.437940140845065, "smogIndex": 10.047579312681364, "automatedReadabilityIndex": 12.216877934272297, "linsearWriteIndex": 0.9072769953051643, "author": "", "locationNameNum": 0, "locationNameRate": 0.0, "personNameNum": 0, "personNameRate": 0.0, "organizationNameNum": 0, "organizationNameRate": 0.0, "misspelledNum": 2, "misspelledRate": 0.0035211267605633804, "missingAccentNum": 1, "missingAccentRate": 0.0017605633802816902, "foreignAccentNum": 0, "foreignAccentRate": 0.0, "wordConcatNum": 1, "wordConcatRate": 0.0017605633802816902, "jLyMistakeNum": 0, "jLyMistakeRate": 0.0, "publicVNum": 0, "freqSuffixNum": 0, "partsNum": 196, "clauseWordNum": 79, "privateVNum": 0}