{"tokenNum": 414, "sentenceNum": 26, "lemmaNum": 189, "lemmaRate": 0.45652173913043476, "sentenceLength": 15.923076923076923, "allUpperNum": 0, "firstUpperNum": 26, "allUpperRate": 0.0, "firstUpperRate": 0.06280193236714976, "declarSentNum": 23, "imperSentNum": 2, "questionNum": 1, "declarSentRate": 0.8846153846153846, "imperSentRate": 0.07692307692307693, "questionRate": 0.038461538461538464, "accent": true, "saturation": 3.0, "paragraphNum": 5, "nounNum": 85, "verbNum": 58, "adjNum": 34, "infNum": 8, "partPastNum": 1, "partPresNum": 0, "partFutNum": 0, "transNum": 0, "xNum": 5, "advNum": 42, "properNounNum": 0, "numNum": 4, "conjNum": 41, "punctNum": 72, "pronNum": 26, "relPronNum": 7, "demPronNum": 15, "adposNum": 2, "multiplePunctNum": 0, "phraseNum": 0, "nounRate": 0.20531400966183574, "verbRate": 0.14009661835748793, "adjRate": 0.0821256038647343, "infRate": 0.01932367149758454, "partPastRate": 0.0024154589371980675, "partPresRate": 0.0, "partFutRate": 0.0, "transRate": 0.0, "xRate": 0.012077294685990338, "advRate": 0.10144927536231885, "properNounRate": 0.0, "numRate": 0.00966183574879227, "conjRate": 0.09903381642512077, "punctRate": 0.17391304347826086, "pronRate": 0.06280193236714976, "relPronRate": 0.016908212560386472, "demPronRate": 0.036231884057971016, "adposRate": 0.004830917874396135, "multiplePunctRate": 0.0, "partsDensityRate": 3.4761904761904763, "contentfulness": 8.423076923076923, "phraseRate": 0.0, "pastTenseNum": 3, "presentTenseNum": 47, "condNum": 0, "impNum": 12, "freqNum": 0, "causNum": 0, "modalNum": 3, "sg1VerbNum": 58, "sg2VerbNum": 58, "sg3VerbNum": 58, "pl1VerbNum": 58, "pl2VerbNum": 58, "pl3VerbNum": 58, "superlatNum": 0, "comparatNum": 1, "specDerivSuffixNum": 0, "pluralNounNum": 13, "pastTenseRate": 0.05172413793103448, "presentTenseRate": 0.8103448275862069, "condRate": 0.0, "impRate": 0.20689655172413793, "freqRate": 0.0, "causRate": 0.0, "modalRate": 0.05172413793103448, "sg1VerbRate": 1.0, "sg2VerbRate": 1.0, "sg3VerbRate": 1.0, "pl1VerbRate": 1.0, "pl2VerbRate": 1.0, "pl3VerbRate": 1.0, "superlatRate": 0.0, "comparatRate": 0.029411764705882353, "specDerivSuffixRate": 0.0, "pluralNounRate": 0.15294117647058825, "subjNum": 22, "objNum": 20, "attNum": 18, "subordNum": 23, "adverbNum": 44, "coordNum": 25, "clauseNum": 63, "simpleNum": 8, "complexNum": 18, "complexity1Num": 6, "complexity2Num": 9, "complexity3Num": 1, "compoundNum": 0, "subjRate": 0.05314009661835749, "objRate": 0.04830917874396135, "attRate": 0.043478260869565216, "subordRate": 0.05555555555555555, "adverbRate": 0.10628019323671498, "coordRate": 0.06038647342995169, "partsRate": 2.0476190476190474, "clauseRate": 2.423076923076923, "simpleRate": 0.3076923076923077, "complexRate": 0.6923076923076923, "complexity1Rate": 0.23076923076923078, "complexity2Rate": 0.34615384615384615, "complexity3Rate": 0.038461538461538464, "complexClauseRate": 3.0555555555555554, "sentencesPerParagraph": 5.2, "wordsLengthRate": 6.111111111111111, "compoundRate": 0.0, "positiveNum": 0, "negativeNum": 0, "precoPositiveNum": 0, "precoNegativeNum": 0, "negemoNum": 0, "negationNum": 7, "functionNum": 195, "contentNum": 219, "vulgarNum": 0, "racistNum": 0, "specStyleNum": 0, "addressingNum": 0, "closingNum": 0, "postscriptNum": 0, "brutalNum": 0, "positiveRate": 0.0, "negativeRate": 0.0, "precoPositiveRate": 0.0, "precoNegativeRate": 0.0, "negemoRate": 0.0, "negationRate": 0.016908212560386472, "functionRate": 0.47101449275362317, "contentRate": 0.5289855072463768, "vulgarRate": 0.0, "racistRate": 0.0, "specStyleRate": 0.0, "addressingRate": 0.0, "closingRate": 0.0, "postscriptRate": 0.0, "brutalRate": 0.0, "epistemicNum": 0, "investNum": 0, "conditionNum": 0, "weaselNum": 0, "peacockNum": 0, "hedgeNum": 0, "doxasticNum": 0, "epistemicRate": 0.0, "investRate": 0.0, "conditionRate": 0.0, "weaselRate": 0.0, "peacockRate": 0.0, "hedgeRate": 0.0, "doxasticRate": 0.0, "loveNum": 0, "anxietyNum": 0, "sorrowNum": 0, "joyNum": 0, "disgustNum": 0, "fearNum": 0, "surpriseNum": 0, "angerNum": 0, "loveRate": 0.0, "anxietyRate": 0.0, "sorrowRate": 0.0, "joyRate": 0.0, "disgustRate": 0.0, "fearRate": 0.0, "surpriseRate": 0.0, "angerRate": 0.0, "slangBeGeneralNum": 0, "slangBeCigaretteNum": 0, "slangBeHumanNum": 0, "slangBeVehicleNum": 0, "slangBeDrugNum": 0, "slangBvNum": 0, "slangBeGeneralRate": 0.0, "slangBeCigaretteRate": 0.0, "slangBeHumanRate": 0.0, "slangBeVehicleRate": 0.0, "slangBeDrugRate": 0.0, "slangBvRate": 0.0, "speechactNum": 0, "quoteNum": 0, "dashNum": 0, "publicNum": 0, "privateNum": 0, "suasiveNum": 0, "discMarkerNum": 0, "smileyNum": 0, "dateNum": 0, "hesitationNum": 0, "restartNum": 0, "repeatNum": 1, "conjBeforeDiscNum": 0, "conjAfterDiscNum": 0, "wordBeforeHesitationNum": 0, "wordAfterHesitationNum": 0, "otherCollocationNum": 0, "speechactRate": 0.0, "quoteRate": 0.0, "dashRate": 0.0, "publicRate": 0.0, "privateRate": 0.0, "suasiveRate": 0.0, "discMarkerRate": 0.0, "smileyRate": 0.0, "dateRate": 0.0, "hesitationRate": 0.0, "restartRate": 0.0, "repeatRate": 0.0024154589371980675, "conjBeforeDiscRate": 0.0, "conjAfterDiscRate": 0.0, "wordBeforeHesitationRate": 0.0, "wordAfterHesitationRate": 0.0, "otherCollocationRate": 0.0, "easyWordNum": 372, "hardWordNum": 42, "easyWordRate": 0.8985507246376812, "hardWordRate": 0.10144927536231885, "fleschReadingEaseScore": 54.78177257525084, "gunningFogIndex": 6.409810479375698, "fleschKincaidGradeLevel": 9.574106280193238, "colemanLiauIndex": 14.816429951690822, "smogIndex": 9.888512548439397, "automatedReadabilityIndex": 11.014437012263102, "linsearWriteIndex": 1.2900408769973986, "author": "", "locationNameNum": 0, "locationNameRate": 0.0, "personNameNum": 0, "personNameRate": 0.0, "organizationNameNum": 0, "organizationNameRate": 0.0, "misspelledNum": 2, "misspelledRate": 0.004830917874396135, "missingAccentNum": 1, "missingAccentRate": 0.0024154589371980675, "foreignAccentNum": 0, "foreignAccentRate": 0.0, "wordConcatNum": 0, "wordConcatRate": 0.0, "jLyMistakeNum": 0, "jLyMistakeRate": 0.0, "publicVNum": 0, "freqSuffixNum": 0, "partsNum": 129, "clauseWordNum": 63, "privateVNum": 0}