{"tokenNum": 584, "sentenceNum": 36, "lemmaNum": 265, "lemmaRate": 0.4537671232876712, "sentenceLength": 16.22222222222222, "allUpperNum": 1, "firstUpperNum": 38, "allUpperRate": 0.0017123287671232876, "firstUpperRate": 0.06506849315068493, "declarSentNum": 35, "imperSentNum": 1, "questionNum": 0, "declarSentRate": 0.9722222222222222, "imperSentRate": 0.027777777777777776, "questionRate": 0.0, "accent": true, "saturation": 2.849462365591398, "paragraphNum": 6, "nounNum": 89, "verbNum": 72, "adjNum": 58, "infNum": 15, "partPastNum": 0, "partPresNum": 1, "partFutNum": 0, "transNum": 2, "xNum": 7, "advNum": 58, "properNounNum": 4, "numNum": 0, "conjNum": 65, "punctNum": 112, "pronNum": 46, "relPronNum": 9, "demPronNum": 23, "adposNum": 5, "multiplePunctNum": 0, "phraseNum": 0, "nounRate": 0.1523972602739726, "verbRate": 0.1232876712328767, "adjRate": 0.09931506849315068, "infRate": 0.025684931506849314, "partPastRate": 0.0, "partPresRate": 0.0017123287671232876, "partFutRate": 0.0, "transRate": 0.003424657534246575, "xRate": 0.011986301369863013, "advRate": 0.09931506849315068, "properNounRate": 0.00684931506849315, "numRate": 0.0, "conjRate": 0.1113013698630137, "punctRate": 0.1917808219178082, "pronRate": 0.07876712328767123, "relPronRate": 0.015410958904109588, "demPronRate": 0.039383561643835614, "adposRate": 0.008561643835616438, "multiplePunctRate": 0.0, "partsDensityRate": 2.978494623655914, "contentfulness": 7.694444444444445, "phraseRate": 0.0, "pastTenseNum": 3, "presentTenseNum": 54, "condNum": 3, "impNum": 5, "freqNum": 0, "causNum": 0, "modalNum": 3, "sg1VerbNum": 72, "sg2VerbNum": 72, "sg3VerbNum": 72, "pl1VerbNum": 72, "pl2VerbNum": 72, "pl3VerbNum": 72, "superlatNum": 1, "comparatNum": 3, "specDerivSuffixNum": 0, "pluralNounNum": 21, "pastTenseRate": 0.041666666666666664, "presentTenseRate": 0.75, "condRate": 0.041666666666666664, "impRate": 0.06944444444444445, "freqRate": 0.0, "causRate": 0.0, "modalRate": 0.041666666666666664, "sg1VerbRate": 1.0, "sg2VerbRate": 1.0, "sg3VerbRate": 1.0, "pl1VerbRate": 1.0, "pl2VerbRate": 1.0, "pl3VerbRate": 1.0, "superlatRate": 0.017241379310344827, "comparatRate": 0.05172413793103448, "specDerivSuffixRate": 0.0, "pluralNounRate": 0.23595505617977527, "subjNum": 33, "objNum": 18, "attNum": 21, "subordNum": 23, "adverbNum": 82, "coordNum": 44, "clauseNum": 93, "simpleNum": 8, "complexNum": 28, "complexity1Num": 10, "complexity2Num": 9, "complexity3Num": 7, "compoundNum": 0, "subjRate": 0.05650684931506849, "objRate": 0.030821917808219176, "attRate": 0.03595890410958904, "subordRate": 0.039383561643835614, "adverbRate": 0.1404109589041096, "coordRate": 0.07534246575342465, "partsRate": 2.129032258064516, "clauseRate": 2.5833333333333335, "simpleRate": 0.2222222222222222, "complexRate": 0.7777777777777778, "complexity1Rate": 0.2777777777777778, "complexity2Rate": 0.25, "complexity3Rate": 0.19444444444444445, "complexClauseRate": 3.0357142857142856, "sentencesPerParagraph": 6.0, "wordsLengthRate": 5.5508474576271185, "compoundRate": 0.0, "positiveNum": 0, "negativeNum": 0, "precoPositiveNum": 0, "precoNegativeNum": 0, "negemoNum": 0, "negationNum": 9, "functionNum": 307, "contentNum": 277, "vulgarNum": 0, "racistNum": 0, "specStyleNum": 0, "addressingNum": 0, "closingNum": 0, "postscriptNum": 0, "brutalNum": 0, "positiveRate": 0.0, "negativeRate": 0.0, "precoPositiveRate": 0.0, "precoNegativeRate": 0.0, "negemoRate": 0.0, "negationRate": 0.015410958904109588, "functionRate": 0.5256849315068494, "contentRate": 0.4743150684931507, "vulgarRate": 0.0, "racistRate": 0.0, "specStyleRate": 0.0, "addressingRate": 0.0, "closingRate": 0.0, "postscriptRate": 0.0, "brutalRate": 0.0, "epistemicNum": 0, "investNum": 0, "conditionNum": 0, "weaselNum": 0, "peacockNum": 0, "hedgeNum": 0, "doxasticNum": 0, "epistemicRate": 0.0, "investRate": 0.0, "conditionRate": 0.0, "weaselRate": 0.0, "peacockRate": 0.0, "hedgeRate": 0.0, "doxasticRate": 0.0, "loveNum": 0, "anxietyNum": 0, "sorrowNum": 0, "joyNum": 0, "disgustNum": 0, "fearNum": 0, "surpriseNum": 0, "angerNum": 0, "loveRate": 0.0, "anxietyRate": 0.0, "sorrowRate": 0.0, "joyRate": 0.0, "disgustRate": 0.0, "fearRate": 0.0, "surpriseRate": 0.0, "angerRate": 0.0, "slangBeGeneralNum": 0, "slangBeCigaretteNum": 0, "slangBeHumanNum": 0, "slangBeVehicleNum": 0, "slangBeDrugNum": 0, "slangBvNum": 0, "slangBeGeneralRate": 0.0, "slangBeCigaretteRate": 0.0, "slangBeHumanRate": 0.0, "slangBeVehicleRate": 0.0, "slangBeDrugRate": 0.0, "slangBvRate": 0.0, "speechactNum": 0, "quoteNum": 0, "dashNum": 0, "publicNum": 0, "privateNum": 0, "suasiveNum": 0, "discMarkerNum": 0, "smileyNum": 0, "dateNum": 0, "hesitationNum": 0, "restartNum": 0, "repeatNum": 0, "conjBeforeDiscNum": 0, "conjAfterDiscNum": 0, "wordBeforeHesitationNum": 0, "wordAfterHesitationNum": 0, "otherCollocationNum": 0, "speechactRate": 0.0, "quoteRate": 0.0, "dashRate": 0.0, "publicRate": 0.0, "privateRate": 0.0, "suasiveRate": 0.0, "discMarkerRate": 0.0, "smileyRate": 0.0, "dateRate": 0.0, "hesitationRate": 0.0, "restartRate": 0.0, "repeatRate": 0.0, "conjBeforeDiscRate": 0.0, "conjAfterDiscRate": 0.0, "wordBeforeHesitationRate": 0.0, "wordAfterHesitationRate": 0.0, "otherCollocationRate": 0.0, "easyWordNum": 540, "hardWordNum": 44, "easyWordRate": 0.9246575342465754, "hardWordRate": 0.07534246575342465, "fleschReadingEaseScore": 65.93211567732119, "gunningFogIndex": 6.519025875190259, "fleschKincaidGradeLevel": 8.093173515981736, "colemanLiauIndex": 11.622606164383562, "smogIndex": 9.444778638647367, "automatedReadabilityIndex": 8.610032343987822, "linsearWriteIndex": 0.5815258751902586, "author": "", "locationNameNum": 0, "locationNameRate": 0.0, "personNameNum": 0, "personNameRate": 0.0, "organizationNameNum": 0, "organizationNameRate": 0.0, "misspelledNum": 1, "misspelledRate": 0.0017123287671232876, "missingAccentNum": 0, "missingAccentRate": 0.0, "foreignAccentNum": 0, "foreignAccentRate": 0.0, "wordConcatNum": 0, "wordConcatRate": 0.0, "jLyMistakeNum": 0, "jLyMistakeRate": 0.0, "publicVNum": 0, "freqSuffixNum": 0, "partsNum": 198, "clauseWordNum": 93, "privateVNum": 0}