{"tokenNum": 472, "sentenceNum": 23, "lemmaNum": 225, "lemmaRate": 0.4766949152542373, "sentenceLength": 20.52173913043478, "allUpperNum": 0, "firstUpperNum": 26, "allUpperRate": 0.0, "firstUpperRate": 0.05508474576271186, "declarSentNum": 23, "imperSentNum": 0, "questionNum": 0, "declarSentRate": 1.0, "imperSentRate": 0.0, "questionRate": 0.0, "accent": true, "saturation": 3.8135593220338984, "paragraphNum": 5, "nounNum": 93, "verbNum": 57, "adjNum": 74, "infNum": 10, "partPastNum": 3, "partPresNum": 4, "partFutNum": 0, "transNum": 2, "xNum": 5, "advNum": 32, "properNounNum": 1, "numNum": 1, "conjNum": 48, "punctNum": 68, "pronNum": 27, "relPronNum": 8, "demPronNum": 21, "adposNum": 6, "multiplePunctNum": 0, "phraseNum": 0, "nounRate": 0.19703389830508475, "verbRate": 0.12076271186440678, "adjRate": 0.15677966101694915, "infRate": 0.0211864406779661, "partPastRate": 0.006355932203389831, "partPresRate": 0.00847457627118644, "partFutRate": 0.0, "transRate": 0.00423728813559322, "xRate": 0.01059322033898305, "advRate": 0.06779661016949153, "properNounRate": 0.00211864406779661, "numRate": 0.00211864406779661, "conjRate": 0.1016949152542373, "punctRate": 0.1440677966101695, "pronRate": 0.057203389830508475, "relPronRate": 0.01694915254237288, "demPronRate": 0.04449152542372881, "adposRate": 0.012711864406779662, "multiplePunctRate": 0.0, "partsDensityRate": 4.338983050847458, "contentfulness": 11.130434782608695, "phraseRate": 0.0, "pastTenseNum": 0, "presentTenseNum": 47, "condNum": 0, "impNum": 10, "freqNum": 0, "causNum": 0, "modalNum": 0, "sg1VerbNum": 57, "sg2VerbNum": 57, "sg3VerbNum": 57, "pl1VerbNum": 57, "pl2VerbNum": 57, "pl3VerbNum": 57, "superlatNum": 2, "comparatNum": 2, "specDerivSuffixNum": 0, "pluralNounNum": 29, "pastTenseRate": 0.0, "presentTenseRate": 0.8245614035087719, "condRate": 0.0, "impRate": 0.17543859649122806, "freqRate": 0.0, "causRate": 0.0, "modalRate": 0.0, "sg1VerbRate": 1.0, "sg2VerbRate": 1.0, "sg3VerbRate": 1.0, "pl1VerbRate": 1.0, "pl2VerbRate": 1.0, "pl3VerbRate": 1.0, "superlatRate": 0.02702702702702703, "comparatRate": 0.02702702702702703, "specDerivSuffixRate": 0.0, "pluralNounRate": 0.3118279569892473, "subjNum": 29, "objNum": 23, "attNum": 53, "subordNum": 21, "adverbNum": 44, "coordNum": 27, "clauseNum": 59, "simpleNum": 4, "complexNum": 19, "complexity1Num": 10, "complexity2Num": 4, "complexity3Num": 3, "compoundNum": 0, "subjRate": 0.0614406779661017, "objRate": 0.048728813559322036, "attRate": 0.11228813559322035, "subordRate": 0.04449152542372881, "adverbRate": 0.09322033898305085, "coordRate": 0.057203389830508475, "partsRate": 2.983050847457627, "clauseRate": 2.5652173913043477, "simpleRate": 0.17391304347826086, "complexRate": 0.8260869565217391, "complexity1Rate": 0.43478260869565216, "complexity2Rate": 0.17391304347826086, "complexity3Rate": 0.13043478260869565, "complexClauseRate": 2.8947368421052633, "sentencesPerParagraph": 4.6, "wordsLengthRate": 6.376237623762377, "compoundRate": 0.0, "positiveNum": 0, "negativeNum": 0, "precoPositiveNum": 0, "precoNegativeNum": 0, "negemoNum": 0, "negationNum": 6, "functionNum": 216, "contentNum": 256, "vulgarNum": 0, "racistNum": 0, "specStyleNum": 0, "addressingNum": 0, "closingNum": 0, "postscriptNum": 0, "brutalNum": 0, "positiveRate": 0.0, "negativeRate": 0.0, "precoPositiveRate": 0.0, "precoNegativeRate": 0.0, "negemoRate": 0.0, "negationRate": 0.012711864406779662, "functionRate": 0.4576271186440678, "contentRate": 0.5423728813559322, "vulgarRate": 0.0, "racistRate": 0.0, "specStyleRate": 0.0, "addressingRate": 0.0, "closingRate": 0.0, "postscriptRate": 0.0, "brutalRate": 0.0, "epistemicNum": 0, "investNum": 0, "conditionNum": 0, "weaselNum": 0, "peacockNum": 0, "hedgeNum": 0, "doxasticNum": 0, "epistemicRate": 0.0, "investRate": 0.0, "conditionRate": 0.0, "weaselRate": 0.0, "peacockRate": 0.0, "hedgeRate": 0.0, "doxasticRate": 0.0, "loveNum": 0, "anxietyNum": 0, "sorrowNum": 0, "joyNum": 0, "disgustNum": 0, "fearNum": 0, "surpriseNum": 0, "angerNum": 0, "loveRate": 0.0, "anxietyRate": 0.0, "sorrowRate": 0.0, "joyRate": 0.0, "disgustRate": 0.0, "fearRate": 0.0, "surpriseRate": 0.0, "angerRate": 0.0, "slangBeGeneralNum": 0, "slangBeCigaretteNum": 0, "slangBeHumanNum": 0, "slangBeVehicleNum": 0, "slangBeDrugNum": 0, "slangBvNum": 0, "slangBeGeneralRate": 0.0, "slangBeCigaretteRate": 0.0, "slangBeHumanRate": 0.0, "slangBeVehicleRate": 0.0, "slangBeDrugRate": 0.0, "slangBvRate": 0.0, "speechactNum": 0, "quoteNum": 0, "dashNum": 1, "publicNum": 0, "privateNum": 0, "suasiveNum": 0, "discMarkerNum": 0, "smileyNum": 0, "dateNum": 0, "hesitationNum": 0, "restartNum": 0, "repeatNum": 0, "conjBeforeDiscNum": 0, "conjAfterDiscNum": 0, "wordBeforeHesitationNum": 0, "wordAfterHesitationNum": 0, "otherCollocationNum": 0, "speechactRate": 0.0, "quoteRate": 0.0, "dashRate": 0.00211864406779661, "publicRate": 0.0, "privateRate": 0.0, "suasiveRate": 0.0, "discMarkerRate": 0.0, "smileyRate": 0.0, "dateRate": 0.0, "hesitationRate": 0.0, "restartRate": 0.0, "repeatRate": 0.0, "conjBeforeDiscRate": 0.0, "conjAfterDiscRate": 0.0, "wordBeforeHesitationRate": 0.0, "wordAfterHesitationRate": 0.0, "otherCollocationRate": 0.0, "easyWordNum": 400, "hardWordNum": 72, "easyWordRate": 0.847457627118644, "hardWordRate": 0.15254237288135594, "fleschReadingEaseScore": 26.84272291820193, "gunningFogIndex": 8.269712601326455, "fleschKincaidGradeLevel": 14.613478260869567, "colemanLiauIndex": 17.069048728813552, "smogIndex": 11.979248473330827, "automatedReadabilityIndex": 15.115064480471624, "linsearWriteIndex": 1.8141120117907148, "author": "", "locationNameNum": 0, "locationNameRate": 0.0, "personNameNum": 0, "personNameRate": 0.0, "organizationNameNum": 0, "organizationNameRate": 0.0, "misspelledNum": 2, "misspelledRate": 0.00423728813559322, "missingAccentNum": 0, "missingAccentRate": 0.0, "foreignAccentNum": 0, "foreignAccentRate": 0.0, "wordConcatNum": 0, "wordConcatRate": 0.0, "jLyMistakeNum": 0, "jLyMistakeRate": 0.0, "publicVNum": 0, "freqSuffixNum": 0, "partsNum": 176, "clauseWordNum": 59, "privateVNum": 0}