{"tokenNum": 548, "sentenceNum": 31, "lemmaNum": 241, "lemmaRate": 0.4397810218978102, "sentenceLength": 17.677419354838708, "allUpperNum": 0, "firstUpperNum": 31, "allUpperRate": 0.0, "firstUpperRate": 0.05656934306569343, "declarSentNum": 31, "imperSentNum": 0, "questionNum": 0, "declarSentRate": 1.0, "imperSentRate": 0.0, "questionRate": 0.0, "accent": true, "saturation": 2.9390243902439024, "paragraphNum": 6, "nounNum": 99, "verbNum": 75, "adjNum": 53, "infNum": 10, "partPastNum": 2, "partPresNum": 3, "partFutNum": 0, "transNum": 2, "xNum": 6, "advNum": 54, "properNounNum": 0, "numNum": 2, "conjNum": 51, "punctNum": 92, "pronNum": 37, "relPronNum": 16, "demPronNum": 19, "adposNum": 2, "multiplePunctNum": 0, "phraseNum": 0, "nounRate": 0.18065693430656934, "verbRate": 0.13686131386861314, "adjRate": 0.09671532846715329, "infRate": 0.01824817518248175, "partPastRate": 0.0036496350364963502, "partPresRate": 0.005474452554744526, "partFutRate": 0.0, "transRate": 0.0036496350364963502, "xRate": 0.010948905109489052, "advRate": 0.09854014598540146, "properNounRate": 0.0, "numRate": 0.0036496350364963502, "conjRate": 0.09306569343065693, "punctRate": 0.1678832116788321, "pronRate": 0.06751824817518248, "relPronRate": 0.029197080291970802, "demPronRate": 0.03467153284671533, "adposRate": 0.0036496350364963502, "multiplePunctRate": 0.0, "partsDensityRate": 3.426829268292683, "contentfulness": 9.064516129032258, "phraseRate": 0.0, "pastTenseNum": 28, "presentTenseNum": 37, "condNum": 5, "impNum": 4, "freqNum": 0, "causNum": 0, "modalNum": 2, "sg1VerbNum": 75, "sg2VerbNum": 75, "sg3VerbNum": 75, "pl1VerbNum": 75, "pl2VerbNum": 75, "pl3VerbNum": 75, "superlatNum": 1, "comparatNum": 0, "specDerivSuffixNum": 0, "pluralNounNum": 18, "pastTenseRate": 0.37333333333333335, "presentTenseRate": 0.49333333333333335, "condRate": 0.06666666666666667, "impRate": 0.05333333333333334, "freqRate": 0.0, "causRate": 0.0, "modalRate": 0.02666666666666667, "sg1VerbRate": 1.0, "sg2VerbRate": 1.0, "sg3VerbRate": 1.0, "pl1VerbRate": 1.0, "pl2VerbRate": 1.0, "pl3VerbRate": 1.0, "superlatRate": 0.018867924528301886, "comparatRate": 0.0, "specDerivSuffixRate": 0.0, "pluralNounRate": 0.18181818181818182, "subjNum": 43, "objNum": 24, "attNum": 32, "subordNum": 30, "adverbNum": 73, "coordNum": 31, "clauseNum": 82, "simpleNum": 4, "complexNum": 27, "complexity1Num": 10, "complexity2Num": 10, "complexity3Num": 7, "compoundNum": 0, "subjRate": 0.07846715328467153, "objRate": 0.043795620437956206, "attRate": 0.058394160583941604, "subordRate": 0.05474452554744526, "adverbRate": 0.1332116788321168, "coordRate": 0.05656934306569343, "partsRate": 2.475609756097561, "clauseRate": 2.6451612903225805, "simpleRate": 0.12903225806451613, "complexRate": 0.8709677419354839, "complexity1Rate": 0.3225806451612903, "complexity2Rate": 0.3225806451612903, "complexity3Rate": 0.22580645161290322, "complexClauseRate": 2.888888888888889, "sentencesPerParagraph": 5.166666666666667, "wordsLengthRate": 5.620614035087719, "compoundRate": 0.0, "positiveNum": 0, "negativeNum": 0, "precoPositiveNum": 0, "precoNegativeNum": 0, "negemoNum": 0, "negationNum": 5, "functionNum": 267, "contentNum": 281, "vulgarNum": 0, "racistNum": 0, "specStyleNum": 0, "addressingNum": 0, "closingNum": 0, "postscriptNum": 0, "brutalNum": 0, "positiveRate": 0.0, "negativeRate": 0.0, "precoPositiveRate": 0.0, "precoNegativeRate": 0.0, "negemoRate": 0.0, "negationRate": 0.009124087591240875, "functionRate": 0.48722627737226276, "contentRate": 0.5127737226277372, "vulgarRate": 0.0, "racistRate": 0.0, "specStyleRate": 0.0, "addressingRate": 0.0, "closingRate": 0.0, "postscriptRate": 0.0, "brutalRate": 0.0, "epistemicNum": 0, "investNum": 0, "conditionNum": 0, "weaselNum": 0, "peacockNum": 0, "hedgeNum": 0, "doxasticNum": 0, "epistemicRate": 0.0, "investRate": 0.0, "conditionRate": 0.0, "weaselRate": 0.0, "peacockRate": 0.0, "hedgeRate": 0.0, "doxasticRate": 0.0, "loveNum": 0, "anxietyNum": 0, "sorrowNum": 0, "joyNum": 0, "disgustNum": 0, "fearNum": 0, "surpriseNum": 0, "angerNum": 0, "loveRate": 0.0, "anxietyRate": 0.0, "sorrowRate": 0.0, "joyRate": 0.0, "disgustRate": 0.0, "fearRate": 0.0, "surpriseRate": 0.0, "angerRate": 0.0, "slangBeGeneralNum": 0, "slangBeCigaretteNum": 0, "slangBeHumanNum": 0, "slangBeVehicleNum": 0, "slangBeDrugNum": 0, "slangBvNum": 0, "slangBeGeneralRate": 0.0, "slangBeCigaretteRate": 0.0, "slangBeHumanRate": 0.0, "slangBeVehicleRate": 0.0, "slangBeDrugRate": 0.0, "slangBvRate": 0.0, "speechactNum": 0, "quoteNum": 0, "dashNum": 0, "publicNum": 0, "privateNum": 0, "suasiveNum": 0, "discMarkerNum": 0, "smileyNum": 0, "dateNum": 0, "hesitationNum": 0, "restartNum": 1, "repeatNum": 0, "conjBeforeDiscNum": 0, "conjAfterDiscNum": 0, "wordBeforeHesitationNum": 0, "wordAfterHesitationNum": 0, "otherCollocationNum": 0, "speechactRate": 0.0, "quoteRate": 0.0, "dashRate": 0.0, "publicRate": 0.0, "privateRate": 0.0, "suasiveRate": 0.0, "discMarkerRate": 0.0, "smileyRate": 0.0, "dateRate": 0.0, "hesitationRate": 0.0, "restartRate": 0.0018248175182481751, "repeatRate": 0.0, "conjBeforeDiscRate": 0.0, "conjAfterDiscRate": 0.0, "wordBeforeHesitationRate": 0.0, "wordAfterHesitationRate": 0.0, "otherCollocationRate": 0.0, "easyWordNum": 503, "hardWordNum": 45, "easyWordRate": 0.9178832116788321, "hardWordRate": 0.08211678832116788, "fleschReadingEaseScore": 54.42782081469275, "gunningFogIndex": 7.103814457263951, "fleschKincaidGradeLevel": 10.059303037438195, "colemanLiauIndex": 12.607257299270067, "smogIndex": 10.011982343527215, "automatedReadabilityIndex": 10.125005297857307, "linsearWriteIndex": 0.8601365669884626, "author": "", "locationNameNum": 0, "locationNameRate": 0.0, "personNameNum": 0, "personNameRate": 0.0, "organizationNameNum": 0, "organizationNameRate": 0.0, "misspelledNum": 0, "misspelledRate": 0.0, "missingAccentNum": 0, "missingAccentRate": 0.0, "foreignAccentNum": 0, "foreignAccentRate": 0.0, "wordConcatNum": 0, "wordConcatRate": 0.0, "jLyMistakeNum": 0, "jLyMistakeRate": 0.0, "publicVNum": 0, "freqSuffixNum": 0, "partsNum": 203, "clauseWordNum": 82, "privateVNum": 0}