{"tokenNum": 422, "sentenceNum": 19, "lemmaNum": 206, "lemmaRate": 0.4881516587677725, "sentenceLength": 22.210526315789473, "allUpperNum": 1, "firstUpperNum": 24, "allUpperRate": 0.002369668246445498, "firstUpperRate": 0.05687203791469194, "declarSentNum": 19, "imperSentNum": 0, "questionNum": 0, "declarSentRate": 1.0, "imperSentRate": 0.0, "questionRate": 0.0, "accent": true, "saturation": 4.291666666666667, "paragraphNum": 7, "nounNum": 94, "verbNum": 48, "adjNum": 59, "infNum": 16, "partPastNum": 3, "partPresNum": 1, "partFutNum": 0, "transNum": 1, "xNum": 7, "advNum": 36, "properNounNum": 3, "numNum": 0, "conjNum": 40, "punctNum": 61, "pronNum": 11, "relPronNum": 9, "demPronNum": 9, "adposNum": 6, "multiplePunctNum": 0, "phraseNum": 0, "nounRate": 0.22274881516587677, "verbRate": 0.11374407582938388, "adjRate": 0.13981042654028436, "infRate": 0.037914691943127965, "partPastRate": 0.0071090047393364926, "partPresRate": 0.002369668246445498, "partFutRate": 0.0, "transRate": 0.002369668246445498, "xRate": 0.016587677725118485, "advRate": 0.08530805687203792, "properNounRate": 0.0071090047393364926, "numRate": 0.0, "conjRate": 0.0947867298578199, "punctRate": 0.14454976303317535, "pronRate": 0.026066350710900472, "relPronRate": 0.02132701421800948, "demPronRate": 0.02132701421800948, "adposRate": 0.014218009478672985, "multiplePunctRate": 0.0, "partsDensityRate": 4.9375, "contentfulness": 12.473684210526315, "phraseRate": 0.0, "pastTenseNum": 3, "presentTenseNum": 29, "condNum": 1, "impNum": 4, "freqNum": 0, "causNum": 0, "modalNum": 2, "sg1VerbNum": 48, "sg2VerbNum": 48, "sg3VerbNum": 48, "pl1VerbNum": 48, "pl2VerbNum": 48, "pl3VerbNum": 48, "superlatNum": 1, "comparatNum": 4, "specDerivSuffixNum": 0, "pluralNounNum": 26, "pastTenseRate": 0.0625, "presentTenseRate": 0.6041666666666666, "condRate": 0.020833333333333332, "impRate": 0.08333333333333333, "freqRate": 0.0, "causRate": 0.0, "modalRate": 0.041666666666666664, "sg1VerbRate": 1.0, "sg2VerbRate": 1.0, "sg3VerbRate": 1.0, "pl1VerbRate": 1.0, "pl2VerbRate": 1.0, "pl3VerbRate": 1.0, "superlatRate": 0.01694915254237288, "comparatRate": 0.06779661016949153, "specDerivSuffixRate": 0.0, "pluralNounRate": 0.2765957446808511, "subjNum": 24, "objNum": 19, "attNum": 39, "subordNum": 18, "adverbNum": 45, "coordNum": 22, "clauseNum": 48, "simpleNum": 4, "complexNum": 15, "complexity1Num": 7, "complexity2Num": 4, "complexity3Num": 2, "compoundNum": 0, "subjRate": 0.05687203791469194, "objRate": 0.045023696682464455, "attRate": 0.0924170616113744, "subordRate": 0.04265402843601896, "adverbRate": 0.1066350710900474, "coordRate": 0.052132701421800945, "partsRate": 3.1041666666666665, "clauseRate": 2.526315789473684, "simpleRate": 0.21052631578947367, "complexRate": 0.7894736842105263, "complexity1Rate": 0.3684210526315789, "complexity2Rate": 0.21052631578947367, "complexity3Rate": 0.10526315789473684, "complexClauseRate": 2.933333333333333, "sentencesPerParagraph": 2.7142857142857144, "wordsLengthRate": 6.2908587257617725, "compoundRate": 0.0, "positiveNum": 0, "negativeNum": 0, "precoPositiveNum": 0, "precoNegativeNum": 0, "negemoNum": 0, "negationNum": 2, "functionNum": 185, "contentNum": 237, "vulgarNum": 0, "racistNum": 0, "specStyleNum": 0, "addressingNum": 0, "closingNum": 0, "postscriptNum": 0, "brutalNum": 0, "positiveRate": 0.0, "negativeRate": 0.0, "precoPositiveRate": 0.0, "precoNegativeRate": 0.0, "negemoRate": 0.0, "negationRate": 0.004739336492890996, "functionRate": 0.43838862559241704, "contentRate": 0.5616113744075829, "vulgarRate": 0.0, "racistRate": 0.0, "specStyleRate": 0.0, "addressingRate": 0.0, "closingRate": 0.0, "postscriptRate": 0.0, "brutalRate": 0.0, "epistemicNum": 0, "investNum": 0, "conditionNum": 0, "weaselNum": 0, "peacockNum": 0, "hedgeNum": 0, "doxasticNum": 0, "epistemicRate": 0.0, "investRate": 0.0, "conditionRate": 0.0, "weaselRate": 0.0, "peacockRate": 0.0, "hedgeRate": 0.0, "doxasticRate": 0.0, "loveNum": 0, "anxietyNum": 0, "sorrowNum": 0, "joyNum": 0, "disgustNum": 0, "fearNum": 0, "surpriseNum": 0, "angerNum": 0, "loveRate": 0.0, "anxietyRate": 0.0, "sorrowRate": 0.0, "joyRate": 0.0, "disgustRate": 0.0, "fearRate": 0.0, "surpriseRate": 0.0, "angerRate": 0.0, "slangBeGeneralNum": 0, "slangBeCigaretteNum": 0, "slangBeHumanNum": 0, "slangBeVehicleNum": 0, "slangBeDrugNum": 0, "slangBvNum": 0, "slangBeGeneralRate": 0.0, "slangBeCigaretteRate": 0.0, "slangBeHumanRate": 0.0, "slangBeVehicleRate": 0.0, "slangBeDrugRate": 0.0, "slangBvRate": 0.0, "speechactNum": 0, "quoteNum": 0, "dashNum": 0, "publicNum": 0, "privateNum": 0, "suasiveNum": 0, "discMarkerNum": 0, "smileyNum": 0, "dateNum": 0, "hesitationNum": 0, "restartNum": 0, "repeatNum": 0, "conjBeforeDiscNum": 0, "conjAfterDiscNum": 0, "wordBeforeHesitationNum": 0, "wordAfterHesitationNum": 0, "otherCollocationNum": 0, "speechactRate": 0.0, "quoteRate": 0.0, "dashRate": 0.0, "publicRate": 0.0, "privateRate": 0.0, "suasiveRate": 0.0, "discMarkerRate": 0.0, "smileyRate": 0.0, "dateRate": 0.0, "hesitationRate": 0.0, "restartRate": 0.0, "repeatRate": 0.0, "conjBeforeDiscRate": 0.0, "conjAfterDiscRate": 0.0, "wordBeforeHesitationRate": 0.0, "wordAfterHesitationRate": 0.0, "otherCollocationRate": 0.0, "easyWordNum": 362, "hardWordNum": 60, "easyWordRate": 0.8578199052132701, "hardWordRate": 0.14218009478672985, "fleschReadingEaseScore": 28.924017211274645, "gunningFogIndex": 8.941082564230483, "fleschKincaidGradeLevel": 14.742721376901972, "colemanLiauIndex": 16.552992890995252, "smogIndex": 11.20814326018867, "automatedReadabilityIndex": 15.546779745572458, "linsearWriteIndex": 2.336243452232477, "author": "", "locationNameNum": 0, "locationNameRate": 0.0, "personNameNum": 0, "personNameRate": 0.0, "organizationNameNum": 0, "organizationNameRate": 0.0, "misspelledNum": 1, "misspelledRate": 0.002369668246445498, "missingAccentNum": 0, "missingAccentRate": 0.0, "foreignAccentNum": 0, "foreignAccentRate": 0.0, "wordConcatNum": 0, "wordConcatRate": 0.0, "jLyMistakeNum": 0, "jLyMistakeRate": 0.0, "publicVNum": 0, "freqSuffixNum": 0, "partsNum": 149, "clauseWordNum": 48, "privateVNum": 0}