{"tokenNum": 411, "sentenceNum": 18, "lemmaNum": 194, "lemmaRate": 0.4720194647201946, "sentenceLength": 22.833333333333332, "allUpperNum": 1, "firstUpperNum": 19, "allUpperRate": 0.0024330900243309003, "firstUpperRate": 0.046228710462287104, "declarSentNum": 18, "imperSentNum": 0, "questionNum": 0, "declarSentRate": 1.0, "imperSentRate": 0.0, "questionRate": 0.0, "accent": true, "saturation": 3.3448275862068964, "paragraphNum": 6, "nounNum": 73, "verbNum": 56, "adjNum": 44, "infNum": 12, "partPastNum": 1, "partPresNum": 0, "partFutNum": 0, "transNum": 1, "xNum": 6, "advNum": 37, "properNounNum": 1, "numNum": 0, "conjNum": 49, "punctNum": 61, "pronNum": 26, "relPronNum": 6, "demPronNum": 19, "adposNum": 6, "multiplePunctNum": 0, "phraseNum": 0, "nounRate": 0.17761557177615572, "verbRate": 0.1362530413625304, "adjRate": 0.1070559610705596, "infRate": 0.029197080291970802, "partPastRate": 0.0024330900243309003, "partPresRate": 0.0, "partFutRate": 0.0, "transRate": 0.0024330900243309003, "xRate": 0.014598540145985401, "advRate": 0.09002433090024331, "properNounRate": 0.0024330900243309003, "numRate": 0.0, "conjRate": 0.1192214111922141, "punctRate": 0.14841849148418493, "pronRate": 0.06326034063260341, "relPronRate": 0.014598540145985401, "demPronRate": 0.046228710462287104, "adposRate": 0.014598540145985401, "multiplePunctRate": 0.0, "partsDensityRate": 3.6206896551724137, "contentfulness": 11.666666666666666, "phraseRate": 0.0, "pastTenseNum": 0, "presentTenseNum": 44, "condNum": 3, "impNum": 7, "freqNum": 0, "causNum": 0, "modalNum": 3, "sg1VerbNum": 56, "sg2VerbNum": 56, "sg3VerbNum": 56, "pl1VerbNum": 56, "pl2VerbNum": 56, "pl3VerbNum": 56, "superlatNum": 2, "comparatNum": 3, "specDerivSuffixNum": 0, "pluralNounNum": 19, "pastTenseRate": 0.0, "presentTenseRate": 0.7857142857142857, "condRate": 0.05357142857142857, "impRate": 0.125, "freqRate": 0.0, "causRate": 0.0, "modalRate": 0.05357142857142857, "sg1VerbRate": 1.0, "sg2VerbRate": 1.0, "sg3VerbRate": 1.0, "pl1VerbRate": 1.0, "pl2VerbRate": 1.0, "pl3VerbRate": 1.0, "superlatRate": 0.045454545454545456, "comparatRate": 0.06818181818181818, "specDerivSuffixRate": 0.0, "pluralNounRate": 0.2602739726027397, "subjNum": 23, "objNum": 20, "attNum": 24, "subordNum": 26, "adverbNum": 56, "coordNum": 21, "clauseNum": 58, "simpleNum": 3, "complexNum": 15, "complexity1Num": 4, "complexity2Num": 2, "complexity3Num": 6, "compoundNum": 0, "subjRate": 0.05596107055961071, "objRate": 0.04866180048661801, "attRate": 0.058394160583941604, "subordRate": 0.06326034063260341, "adverbRate": 0.1362530413625304, "coordRate": 0.051094890510948905, "partsRate": 2.4827586206896552, "clauseRate": 3.2222222222222223, "simpleRate": 0.16666666666666666, "complexRate": 0.8333333333333334, "complexity1Rate": 0.2222222222222222, "complexity2Rate": 0.1111111111111111, "complexity3Rate": 0.3333333333333333, "complexClauseRate": 3.6666666666666665, "sentencesPerParagraph": 3.0, "wordsLengthRate": 6.308571428571429, "compoundRate": 0.0, "positiveNum": 0, "negativeNum": 0, "precoPositiveNum": 0, "precoNegativeNum": 0, "negemoNum": 0, "negationNum": 4, "functionNum": 201, "contentNum": 210, "vulgarNum": 0, "racistNum": 0, "specStyleNum": 0, "addressingNum": 0, "closingNum": 0, "postscriptNum": 0, "brutalNum": 0, "positiveRate": 0.0, "negativeRate": 0.0, "precoPositiveRate": 0.0, "precoNegativeRate": 0.0, "negemoRate": 0.0, "negationRate": 0.009732360097323601, "functionRate": 0.48905109489051096, "contentRate": 0.5109489051094891, "vulgarRate": 0.0, "racistRate": 0.0, "specStyleRate": 0.0, "addressingRate": 0.0, "closingRate": 0.0, "postscriptRate": 0.0, "brutalRate": 0.0, "epistemicNum": 0, "investNum": 0, "conditionNum": 0, "weaselNum": 0, "peacockNum": 0, "hedgeNum": 0, "doxasticNum": 0, "epistemicRate": 0.0, "investRate": 0.0, "conditionRate": 0.0, "weaselRate": 0.0, "peacockRate": 0.0, "hedgeRate": 0.0, "doxasticRate": 0.0, "loveNum": 0, "anxietyNum": 0, "sorrowNum": 0, "joyNum": 0, "disgustNum": 0, "fearNum": 0, "surpriseNum": 0, "angerNum": 0, "loveRate": 0.0, "anxietyRate": 0.0, "sorrowRate": 0.0, "joyRate": 0.0, "disgustRate": 0.0, "fearRate": 0.0, "surpriseRate": 0.0, "angerRate": 0.0, "slangBeGeneralNum": 0, "slangBeCigaretteNum": 0, "slangBeHumanNum": 0, "slangBeVehicleNum": 0, "slangBeDrugNum": 0, "slangBvNum": 0, "slangBeGeneralRate": 0.0, "slangBeCigaretteRate": 0.0, "slangBeHumanRate": 0.0, "slangBeVehicleRate": 0.0, "slangBeDrugRate": 0.0, "slangBvRate": 0.0, "speechactNum": 0, "quoteNum": 0, "dashNum": 0, "publicNum": 0, "privateNum": 0, "suasiveNum": 0, "discMarkerNum": 0, "smileyNum": 0, "dateNum": 0, "hesitationNum": 0, "restartNum": 0, "repeatNum": 0, "conjBeforeDiscNum": 0, "conjAfterDiscNum": 0, "wordBeforeHesitationNum": 0, "wordAfterHesitationNum": 0, "otherCollocationNum": 0, "speechactRate": 0.0, "quoteRate": 0.0, "dashRate": 0.0, "publicRate": 0.0, "privateRate": 0.0, "suasiveRate": 0.0, "discMarkerRate": 0.0, "smileyRate": 0.0, "dateRate": 0.0, "hesitationRate": 0.0, "restartRate": 0.0, "repeatRate": 0.0, "conjBeforeDiscRate": 0.0, "conjAfterDiscRate": 0.0, "wordBeforeHesitationRate": 0.0, "wordAfterHesitationRate": 0.0, "otherCollocationRate": 0.0, "easyWordNum": 363, "hardWordNum": 48, "easyWordRate": 0.8832116788321168, "hardWordRate": 0.11678832116788321, "fleschReadingEaseScore": 36.483984184914874, "gunningFogIndex": 9.180048661800488, "fleschKincaidGradeLevel": 13.842980535279803, "colemanLiauIndex": 16.544710462287103, "smogIndex": 10.355215969177355, "automatedReadabilityIndex": 15.851557177615568, "linsearWriteIndex": 2.386050283860503, "author": "", "locationNameNum": 1, "locationNameRate": 0.0024330900243309003, "personNameNum": 0, "personNameRate": 0.0, "organizationNameNum": 0, "organizationNameRate": 0.0, "misspelledNum": 0, "misspelledRate": 0.0, "missingAccentNum": 0, "missingAccentRate": 0.0, "foreignAccentNum": 0, "foreignAccentRate": 0.0, "wordConcatNum": 0, "wordConcatRate": 0.0, "jLyMistakeNum": 0, "jLyMistakeRate": 0.0, "publicVNum": 0, "freqSuffixNum": 0, "partsNum": 144, "clauseWordNum": 58, "privateVNum": 0}