{"tokenNum": 405, "sentenceNum": 24, "lemmaNum": 210, "lemmaRate": 0.5185185185185185, "sentenceLength": 16.875, "allUpperNum": 0, "firstUpperNum": 24, "allUpperRate": 0.0, "firstUpperRate": 0.05925925925925926, "declarSentNum": 20, "imperSentNum": 4, "questionNum": 0, "declarSentRate": 0.8333333333333334, "imperSentRate": 0.16666666666666666, "questionRate": 0.0, "accent": true, "saturation": 4.038461538461538, "paragraphNum": 4, "nounNum": 90, "verbNum": 44, "adjNum": 53, "infNum": 8, "partPastNum": 0, "partPresNum": 5, "partFutNum": 0, "transNum": 1, "xNum": 4, "advNum": 35, "properNounNum": 1, "numNum": 0, "conjNum": 33, "punctNum": 60, "pronNum": 28, "relPronNum": 12, "demPronNum": 20, "adposNum": 3, "multiplePunctNum": 0, "phraseNum": 0, "nounRate": 0.2222222222222222, "verbRate": 0.10864197530864197, "adjRate": 0.1308641975308642, "infRate": 0.019753086419753086, "partPastRate": 0.0, "partPresRate": 0.012345679012345678, "partFutRate": 0.0, "transRate": 0.0024691358024691358, "xRate": 0.009876543209876543, "advRate": 0.08641975308641975, "properNounRate": 0.0024691358024691358, "numRate": 0.0, "conjRate": 0.08148148148148149, "punctRate": 0.14814814814814814, "pronRate": 0.0691358024691358, "relPronRate": 0.02962962962962963, "demPronRate": 0.04938271604938271, "adposRate": 0.007407407407407408, "multiplePunctRate": 0.0, "partsDensityRate": 4.269230769230769, "contentfulness": 9.25, "phraseRate": 0.0, "pastTenseNum": 2, "presentTenseNum": 34, "condNum": 1, "impNum": 3, "freqNum": 0, "causNum": 0, "modalNum": 0, "sg1VerbNum": 44, "sg2VerbNum": 44, "sg3VerbNum": 44, "pl1VerbNum": 44, "pl2VerbNum": 44, "pl3VerbNum": 44, "superlatNum": 1, "comparatNum": 1, "specDerivSuffixNum": 0, "pluralNounNum": 18, "pastTenseRate": 0.045454545454545456, "presentTenseRate": 0.7727272727272727, "condRate": 0.022727272727272728, "impRate": 0.06818181818181818, "freqRate": 0.0, "causRate": 0.0, "modalRate": 0.0, "sg1VerbRate": 1.0, "sg2VerbRate": 1.0, "sg3VerbRate": 1.0, "pl1VerbRate": 1.0, "pl2VerbRate": 1.0, "pl3VerbRate": 1.0, "superlatRate": 0.018867924528301886, "comparatRate": 0.018867924528301886, "specDerivSuffixRate": 0.0, "pluralNounRate": 0.2, "subjNum": 24, "objNum": 21, "attNum": 36, "subordNum": 21, "adverbNum": 42, "coordNum": 24, "clauseNum": 52, "simpleNum": 9, "complexNum": 15, "complexity1Num": 5, "complexity2Num": 7, "complexity3Num": 3, "compoundNum": 0, "subjRate": 0.05925925925925926, "objRate": 0.05185185185185185, "attRate": 0.08888888888888889, "subordRate": 0.05185185185185185, "adverbRate": 0.1037037037037037, "coordRate": 0.05925925925925926, "partsRate": 2.826923076923077, "clauseRate": 2.1666666666666665, "simpleRate": 0.375, "complexRate": 0.625, "complexity1Rate": 0.20833333333333334, "complexity2Rate": 0.2916666666666667, "complexity3Rate": 0.125, "complexClauseRate": 2.8666666666666667, "sentencesPerParagraph": 6.0, "wordsLengthRate": 6.113043478260869, "compoundRate": 0.0, "positiveNum": 0, "negativeNum": 0, "precoPositiveNum": 0, "precoNegativeNum": 0, "negemoNum": 0, "negationNum": 4, "functionNum": 183, "contentNum": 222, "vulgarNum": 0, "racistNum": 0, "specStyleNum": 0, "addressingNum": 0, "closingNum": 0, "postscriptNum": 0, "brutalNum": 0, "positiveRate": 0.0, "negativeRate": 0.0, "precoPositiveRate": 0.0, "precoNegativeRate": 0.0, "negemoRate": 0.0, "negationRate": 0.009876543209876543, "functionRate": 0.45185185185185184, "contentRate": 0.5481481481481482, "vulgarRate": 0.0, "racistRate": 0.0, "specStyleRate": 0.0, "addressingRate": 0.0, "closingRate": 0.0, "postscriptRate": 0.0, "brutalRate": 0.0, "epistemicNum": 0, "investNum": 0, "conditionNum": 0, "weaselNum": 0, "peacockNum": 0, "hedgeNum": 0, "doxasticNum": 0, "epistemicRate": 0.0, "investRate": 0.0, "conditionRate": 0.0, "weaselRate": 0.0, "peacockRate": 0.0, "hedgeRate": 0.0, "doxasticRate": 0.0, "loveNum": 0, "anxietyNum": 0, "sorrowNum": 0, "joyNum": 0, "disgustNum": 0, "fearNum": 0, "surpriseNum": 0, "angerNum": 0, "loveRate": 0.0, "anxietyRate": 0.0, "sorrowRate": 0.0, "joyRate": 0.0, "disgustRate": 0.0, "fearRate": 0.0, "surpriseRate": 0.0, "angerRate": 0.0, "slangBeGeneralNum": 0, "slangBeCigaretteNum": 0, "slangBeHumanNum": 0, "slangBeVehicleNum": 0, "slangBeDrugNum": 0, "slangBvNum": 0, "slangBeGeneralRate": 0.0, "slangBeCigaretteRate": 0.0, "slangBeHumanRate": 0.0, "slangBeVehicleRate": 0.0, "slangBeDrugRate": 0.0, "slangBvRate": 0.0, "speechactNum": 0, "quoteNum": 0, "dashNum": 0, "publicNum": 0, "privateNum": 0, "suasiveNum": 0, "discMarkerNum": 0, "smileyNum": 0, "dateNum": 0, "hesitationNum": 0, "restartNum": 0, "repeatNum": 0, "conjBeforeDiscNum": 0, "conjAfterDiscNum": 0, "wordBeforeHesitationNum": 0, "wordAfterHesitationNum": 0, "otherCollocationNum": 0, "speechactRate": 0.0, "quoteRate": 0.0, "dashRate": 0.0, "publicRate": 0.0, "privateRate": 0.0, "suasiveRate": 0.0, "discMarkerRate": 0.0, "smileyRate": 0.0, "dateRate": 0.0, "hesitationRate": 0.0, "restartRate": 0.0, "repeatRate": 0.0, "conjBeforeDiscRate": 0.0, "conjAfterDiscRate": 0.0, "wordBeforeHesitationRate": 0.0, "wordAfterHesitationRate": 0.0, "otherCollocationRate": 0.0, "easyWordNum": 349, "hardWordNum": 56, "easyWordRate": 0.8617283950617284, "hardWordRate": 0.1382716049382716, "fleschReadingEaseScore": 34.92020833333336, "gunningFogIndex": 6.804320987654322, "fleschKincaidGradeLevel": 12.580879629629631, "colemanLiauIndex": 15.627698765432093, "smogIndex": 10.934197308810441, "automatedReadabilityIndex": 12.139129629629629, "linsearWriteIndex": 1.6388888888888888, "author": "", "locationNameNum": 0, "locationNameRate": 0.0, "personNameNum": 0, "personNameRate": 0.0, "organizationNameNum": 0, "organizationNameRate": 0.0, "misspelledNum": 1, "misspelledRate": 0.0024691358024691358, "missingAccentNum": 0, "missingAccentRate": 0.0, "foreignAccentNum": 1, "foreignAccentRate": 0.0024691358024691358, "wordConcatNum": 0, "wordConcatRate": 0.0, "jLyMistakeNum": 0, "jLyMistakeRate": 0.0, "publicVNum": 0, "freqSuffixNum": 0, "partsNum": 147, "clauseWordNum": 52, "privateVNum": 0}