{"tokenNum": 472, "sentenceNum": 28, "lemmaNum": 214, "lemmaRate": 0.4533898305084746, "sentenceLength": 16.857142857142858, "allUpperNum": 1, "firstUpperNum": 29, "allUpperRate": 0.00211864406779661, "firstUpperRate": 0.0614406779661017, "declarSentNum": 27, "imperSentNum": 0, "questionNum": 1, "declarSentRate": 0.9642857142857143, "imperSentRate": 0.0, "questionRate": 0.03571428571428571, "accent": true, "saturation": 3.890909090909091, "paragraphNum": 5, "nounNum": 86, "verbNum": 54, "adjNum": 42, "infNum": 6, "partPastNum": 1, "partPresNum": 4, "partFutNum": 0, "transNum": 1, "xNum": 5, "advNum": 56, "properNounNum": 0, "numNum": 0, "conjNum": 46, "punctNum": 82, "pronNum": 40, "relPronNum": 10, "demPronNum": 30, "adposNum": 4, "multiplePunctNum": 0, "phraseNum": 0, "nounRate": 0.18220338983050846, "verbRate": 0.11440677966101695, "adjRate": 0.08898305084745763, "infRate": 0.012711864406779662, "partPastRate": 0.00211864406779661, "partPresRate": 0.00847457627118644, "partFutRate": 0.0, "transRate": 0.00211864406779661, "xRate": 0.01059322033898305, "advRate": 0.11864406779661017, "properNounRate": 0.0, "numRate": 0.0, "conjRate": 0.09745762711864407, "punctRate": 0.17372881355932204, "pronRate": 0.0847457627118644, "relPronRate": 0.0211864406779661, "demPronRate": 0.0635593220338983, "adposRate": 0.00847457627118644, "multiplePunctRate": 0.0, "partsDensityRate": 4.327272727272727, "contentfulness": 8.5, "phraseRate": 0.0, "pastTenseNum": 18, "presentTenseNum": 30, "condNum": 3, "impNum": 3, "freqNum": 0, "causNum": 0, "modalNum": 2, "sg1VerbNum": 54, "sg2VerbNum": 54, "sg3VerbNum": 54, "pl1VerbNum": 54, "pl2VerbNum": 54, "pl3VerbNum": 54, "superlatNum": 0, "comparatNum": 2, "specDerivSuffixNum": 0, "pluralNounNum": 18, "pastTenseRate": 0.3333333333333333, "presentTenseRate": 0.5555555555555556, "condRate": 0.05555555555555555, "impRate": 0.05555555555555555, "freqRate": 0.0, "causRate": 0.0, "modalRate": 0.037037037037037035, "sg1VerbRate": 1.0, "sg2VerbRate": 1.0, "sg3VerbRate": 1.0, "pl1VerbRate": 1.0, "pl2VerbRate": 1.0, "pl3VerbRate": 1.0, "superlatRate": 0.0, "comparatRate": 0.047619047619047616, "specDerivSuffixRate": 0.0, "pluralNounRate": 0.20930232558139536, "subjNum": 27, "objNum": 25, "attNum": 22, "subordNum": 23, "adverbNum": 68, "coordNum": 25, "clauseNum": 55, "simpleNum": 10, "complexNum": 18, "complexity1Num": 12, "complexity2Num": 3, "complexity3Num": 3, "compoundNum": 0, "subjRate": 0.057203389830508475, "objRate": 0.05296610169491525, "attRate": 0.046610169491525424, "subordRate": 0.048728813559322036, "adverbRate": 0.1440677966101695, "coordRate": 0.05296610169491525, "partsRate": 3.036363636363636, "clauseRate": 1.9642857142857142, "simpleRate": 0.35714285714285715, "complexRate": 0.6428571428571429, "complexity1Rate": 0.42857142857142855, "complexity2Rate": 0.10714285714285714, "complexity3Rate": 0.10714285714285714, "complexClauseRate": 2.5, "sentencesPerParagraph": 5.6, "wordsLengthRate": 5.728205128205128, "compoundRate": 0.0, "positiveNum": 0, "negativeNum": 0, "precoPositiveNum": 0, "precoNegativeNum": 0, "negemoNum": 0, "negationNum": 5, "functionNum": 234, "contentNum": 238, "vulgarNum": 0, "racistNum": 0, "specStyleNum": 0, "addressingNum": 0, "closingNum": 0, "postscriptNum": 0, "brutalNum": 0, "positiveRate": 0.0, "negativeRate": 0.0, "precoPositiveRate": 0.0, "precoNegativeRate": 0.0, "negemoRate": 0.0, "negationRate": 0.01059322033898305, "functionRate": 0.4957627118644068, "contentRate": 0.5042372881355932, "vulgarRate": 0.0, "racistRate": 0.0, "specStyleRate": 0.0, "addressingRate": 0.0, "closingRate": 0.0, "postscriptRate": 0.0, "brutalRate": 0.0, "epistemicNum": 0, "investNum": 0, "conditionNum": 0, "weaselNum": 0, "peacockNum": 0, "hedgeNum": 0, "doxasticNum": 0, "epistemicRate": 0.0, "investRate": 0.0, "conditionRate": 0.0, "weaselRate": 0.0, "peacockRate": 0.0, "hedgeRate": 0.0, "doxasticRate": 0.0, "loveNum": 0, "anxietyNum": 0, "sorrowNum": 0, "joyNum": 0, "disgustNum": 0, "fearNum": 0, "surpriseNum": 0, "angerNum": 0, "loveRate": 0.0, "anxietyRate": 0.0, "sorrowRate": 0.0, "joyRate": 0.0, "disgustRate": 0.0, "fearRate": 0.0, "surpriseRate": 0.0, "angerRate": 0.0, "slangBeGeneralNum": 0, "slangBeCigaretteNum": 0, "slangBeHumanNum": 0, "slangBeVehicleNum": 0, "slangBeDrugNum": 0, "slangBvNum": 0, "slangBeGeneralRate": 0.0, "slangBeCigaretteRate": 0.0, "slangBeHumanRate": 0.0, "slangBeVehicleRate": 0.0, "slangBeDrugRate": 0.0, "slangBvRate": 0.0, "speechactNum": 0, "quoteNum": 0, "dashNum": 0, "publicNum": 0, "privateNum": 0, "suasiveNum": 0, "discMarkerNum": 0, "smileyNum": 0, "dateNum": 0, "hesitationNum": 0, "restartNum": 0, "repeatNum": 1, "conjBeforeDiscNum": 0, "conjAfterDiscNum": 0, "wordBeforeHesitationNum": 0, "wordAfterHesitationNum": 0, "otherCollocationNum": 0, "speechactRate": 0.0, "quoteRate": 0.0, "dashRate": 0.0, "publicRate": 0.0, "privateRate": 0.0, "suasiveRate": 0.0, "discMarkerRate": 0.0, "smileyRate": 0.0, "dateRate": 0.0, "hesitationRate": 0.0, "restartRate": 0.0, "repeatRate": 0.00211864406779661, "conjBeforeDiscRate": 0.0, "conjAfterDiscRate": 0.0, "wordBeforeHesitationRate": 0.0, "wordAfterHesitationRate": 0.0, "otherCollocationRate": 0.0, "easyWordNum": 438, "hardWordNum": 34, "easyWordRate": 0.9279661016949152, "hardWordRate": 0.07203389830508475, "fleschReadingEaseScore": 56.73093220338987, "gunningFogIndex": 6.771670702179176, "fleschKincaidGradeLevel": 9.534285714285716, "colemanLiauIndex": 12.975966101694912, "smogIndex": 9.210782826323648, "automatedReadabilityIndex": 10.009715496368038, "linsearWriteIndex": 1.0240617433414045, "author": "", "locationNameNum": 0, "locationNameRate": 0.0, "personNameNum": 0, "personNameRate": 0.0, "organizationNameNum": 0, "organizationNameRate": 0.0, "misspelledNum": 2, "misspelledRate": 0.00423728813559322, "missingAccentNum": 0, "missingAccentRate": 0.0, "foreignAccentNum": 0, "foreignAccentRate": 0.0, "wordConcatNum": 0, "wordConcatRate": 0.0, "jLyMistakeNum": 0, "jLyMistakeRate": 0.0, "publicVNum": 0, "freqSuffixNum": 0, "partsNum": 167, "clauseWordNum": 55, "privateVNum": 0}