{"tokenNum": 469, "sentenceNum": 28, "lemmaNum": 213, "lemmaRate": 0.4541577825159915, "sentenceLength": 16.75, "allUpperNum": 0, "firstUpperNum": 28, "allUpperRate": 0.0, "firstUpperRate": 0.05970149253731343, "declarSentNum": 28, "imperSentNum": 0, "questionNum": 0, "declarSentRate": 1.0, "imperSentRate": 0.0, "questionRate": 0.0, "accent": true, "saturation": 3.1323529411764706, "paragraphNum": 5, "nounNum": 104, "verbNum": 63, "adjNum": 41, "infNum": 9, "partPastNum": 2, "partPresNum": 5, "partFutNum": 0, "transNum": 4, "xNum": 5, "advNum": 38, "properNounNum": 0, "numNum": 2, "conjNum": 46, "punctNum": 82, "pronNum": 25, "relPronNum": 8, "demPronNum": 9, "adposNum": 2, "multiplePunctNum": 0, "phraseNum": 0, "nounRate": 0.22174840085287847, "verbRate": 0.13432835820895522, "adjRate": 0.08742004264392324, "infRate": 0.019189765458422176, "partPastRate": 0.0042643923240938165, "partPresRate": 0.010660980810234541, "partFutRate": 0.0, "transRate": 0.008528784648187633, "xRate": 0.010660980810234541, "advRate": 0.08102345415778252, "properNounRate": 0.0, "numRate": 0.0042643923240938165, "conjRate": 0.09808102345415778, "punctRate": 0.17484008528784648, "pronRate": 0.053304904051172705, "relPronRate": 0.017057569296375266, "demPronRate": 0.019189765458422176, "adposRate": 0.0042643923240938165, "multiplePunctRate": 0.0, "partsDensityRate": 3.6176470588235294, "contentfulness": 8.785714285714286, "phraseRate": 0.0, "pastTenseNum": 2, "presentTenseNum": 52, "condNum": 0, "impNum": 7, "freqNum": 0, "causNum": 0, "modalNum": 3, "sg1VerbNum": 63, "sg2VerbNum": 63, "sg3VerbNum": 63, "pl1VerbNum": 63, "pl2VerbNum": 63, "pl3VerbNum": 63, "superlatNum": 0, "comparatNum": 0, "specDerivSuffixNum": 0, "pluralNounNum": 38, "pastTenseRate": 0.031746031746031744, "presentTenseRate": 0.8253968253968254, "condRate": 0.0, "impRate": 0.1111111111111111, "freqRate": 0.0, "causRate": 0.0, "modalRate": 0.047619047619047616, "sg1VerbRate": 1.0, "sg2VerbRate": 1.0, "sg3VerbRate": 1.0, "pl1VerbRate": 1.0, "pl2VerbRate": 1.0, "pl3VerbRate": 1.0, "superlatRate": 0.0, "comparatRate": 0.0, "specDerivSuffixRate": 0.0, "pluralNounRate": 0.36538461538461536, "subjNum": 20, "objNum": 29, "attNum": 23, "subordNum": 22, "adverbNum": 42, "coordNum": 35, "clauseNum": 68, "simpleNum": 7, "complexNum": 21, "complexity1Num": 13, "complexity2Num": 3, "complexity3Num": 3, "compoundNum": 0, "subjRate": 0.042643923240938165, "objRate": 0.06183368869936034, "attRate": 0.04904051172707889, "subordRate": 0.046908315565031986, "adverbRate": 0.08955223880597014, "coordRate": 0.07462686567164178, "partsRate": 2.1911764705882355, "clauseRate": 2.4285714285714284, "simpleRate": 0.25, "complexRate": 0.75, "complexity1Rate": 0.4642857142857143, "complexity2Rate": 0.10714285714285714, "complexity3Rate": 0.10714285714285714, "complexClauseRate": 2.9047619047619047, "sentencesPerParagraph": 5.6, "wordsLengthRate": 5.888888888888889, "compoundRate": 0.0, "positiveNum": 0, "negativeNum": 0, "precoPositiveNum": 0, "precoNegativeNum": 0, "negemoNum": 0, "negationNum": 12, "functionNum": 223, "contentNum": 246, "vulgarNum": 0, "racistNum": 0, "specStyleNum": 0, "addressingNum": 0, "closingNum": 0, "postscriptNum": 0, "brutalNum": 0, "positiveRate": 0.0, "negativeRate": 0.0, "precoPositiveRate": 0.0, "precoNegativeRate": 0.0, "negemoRate": 0.0, "negationRate": 0.0255863539445629, "functionRate": 0.47547974413646055, "contentRate": 0.5245202558635395, "vulgarRate": 0.0, "racistRate": 0.0, "specStyleRate": 0.0, "addressingRate": 0.0, "closingRate": 0.0, "postscriptRate": 0.0, "brutalRate": 0.0, "epistemicNum": 0, "investNum": 0, "conditionNum": 0, "weaselNum": 0, "peacockNum": 0, "hedgeNum": 0, "doxasticNum": 0, "epistemicRate": 0.0, "investRate": 0.0, "conditionRate": 0.0, "weaselRate": 0.0, "peacockRate": 0.0, "hedgeRate": 0.0, "doxasticRate": 0.0, "loveNum": 0, "anxietyNum": 0, "sorrowNum": 0, "joyNum": 0, "disgustNum": 0, "fearNum": 0, "surpriseNum": 0, "angerNum": 0, "loveRate": 0.0, "anxietyRate": 0.0, "sorrowRate": 0.0, "joyRate": 0.0, "disgustRate": 0.0, "fearRate": 0.0, "surpriseRate": 0.0, "angerRate": 0.0, "slangBeGeneralNum": 0, "slangBeCigaretteNum": 0, "slangBeHumanNum": 0, "slangBeVehicleNum": 0, "slangBeDrugNum": 0, "slangBvNum": 0, "slangBeGeneralRate": 0.0, "slangBeCigaretteRate": 0.0, "slangBeHumanRate": 0.0, "slangBeVehicleRate": 0.0, "slangBeDrugRate": 0.0, "slangBvRate": 0.0, "speechactNum": 0, "quoteNum": 0, "dashNum": 0, "publicNum": 0, "privateNum": 0, "suasiveNum": 0, "discMarkerNum": 0, "smileyNum": 0, "dateNum": 0, "hesitationNum": 0, "restartNum": 0, "repeatNum": 0, "conjBeforeDiscNum": 0, "conjAfterDiscNum": 0, "wordBeforeHesitationNum": 0, "wordAfterHesitationNum": 0, "otherCollocationNum": 0, "speechactRate": 0.0, "quoteRate": 0.0, "dashRate": 0.0, "publicRate": 0.0, "privateRate": 0.0, "suasiveRate": 0.0, "discMarkerRate": 0.0, "smileyRate": 0.0, "dateRate": 0.0, "hesitationRate": 0.0, "restartRate": 0.0, "repeatRate": 0.0, "conjBeforeDiscRate": 0.0, "conjAfterDiscRate": 0.0, "wordBeforeHesitationRate": 0.0, "wordAfterHesitationRate": 0.0, "otherCollocationRate": 0.0, "easyWordNum": 427, "hardWordNum": 42, "easyWordRate": 0.9104477611940298, "hardWordRate": 0.08955223880597014, "fleschReadingEaseScore": 55.62820628997869, "gunningFogIndex": 6.735820895522389, "fleschKincaidGradeLevel": 9.661476545842216, "colemanLiauIndex": 13.725172707889122, "smogIndex": 9.888512548439397, "automatedReadabilityIndex": 10.555255863539447, "linsearWriteIndex": 1.0865062442887603, "author": "", "locationNameNum": 0, "locationNameRate": 0.0, "personNameNum": 0, "personNameRate": 0.0, "organizationNameNum": 0, "organizationNameRate": 0.0, "misspelledNum": 1, "misspelledRate": 0.0021321961620469083, "missingAccentNum": 0, "missingAccentRate": 0.0, "foreignAccentNum": 0, "foreignAccentRate": 0.0, "wordConcatNum": 0, "wordConcatRate": 0.0, "jLyMistakeNum": 0, "jLyMistakeRate": 0.0, "publicVNum": 0, "freqSuffixNum": 0, "partsNum": 149, "clauseWordNum": 68, "privateVNum": 0}