{"tokenNum": 469, "sentenceNum": 16, "lemmaNum": 245, "lemmaRate": 0.5223880597014925, "sentenceLength": 29.3125, "allUpperNum": 0, "firstUpperNum": 16, "allUpperRate": 0.0, "firstUpperRate": 0.03411513859275053, "declarSentNum": 16, "imperSentNum": 0, "questionNum": 0, "declarSentRate": 1.0, "imperSentRate": 0.0, "questionRate": 0.0, "accent": true, "saturation": 4.1525423728813555, "paragraphNum": 3, "nounNum": 91, "verbNum": 59, "adjNum": 56, "infNum": 9, "partPastNum": 5, "partPresNum": 3, "partFutNum": 0, "transNum": 2, "xNum": 5, "advNum": 51, "properNounNum": 0, "numNum": 1, "conjNum": 38, "punctNum": 75, "pronNum": 32, "relPronNum": 3, "demPronNum": 23, "adposNum": 4, "multiplePunctNum": 0, "phraseNum": 0, "nounRate": 0.19402985074626866, "verbRate": 0.1257995735607676, "adjRate": 0.11940298507462686, "infRate": 0.019189765458422176, "partPastRate": 0.010660980810234541, "partPresRate": 0.006396588486140725, "partFutRate": 0.0, "transRate": 0.0042643923240938165, "xRate": 0.010660980810234541, "advRate": 0.10874200426439233, "properNounRate": 0.0, "numRate": 0.0021321961620469083, "conjRate": 0.08102345415778252, "punctRate": 0.15991471215351813, "pronRate": 0.06823027718550106, "relPronRate": 0.006396588486140725, "demPronRate": 0.04904051172707889, "adposRate": 0.008528784648187633, "multiplePunctRate": 0.0, "partsDensityRate": 4.3559322033898304, "contentfulness": 16.0625, "phraseRate": 0.0, "pastTenseNum": 1, "presentTenseNum": 49, "condNum": 4, "impNum": 4, "freqNum": 0, "causNum": 0, "modalNum": 2, "sg1VerbNum": 59, "sg2VerbNum": 59, "sg3VerbNum": 59, "pl1VerbNum": 59, "pl2VerbNum": 59, "pl3VerbNum": 59, "superlatNum": 0, "comparatNum": 1, "specDerivSuffixNum": 0, "pluralNounNum": 22, "pastTenseRate": 0.01694915254237288, "presentTenseRate": 0.8305084745762712, "condRate": 0.06779661016949153, "impRate": 0.06779661016949153, "freqRate": 0.0, "causRate": 0.0, "modalRate": 0.03389830508474576, "sg1VerbRate": 1.0, "sg2VerbRate": 1.0, "sg3VerbRate": 1.0, "pl1VerbRate": 1.0, "pl2VerbRate": 1.0, "pl3VerbRate": 1.0, "superlatRate": 0.0, "comparatRate": 0.017857142857142856, "specDerivSuffixRate": 0.0, "pluralNounRate": 0.24175824175824176, "subjNum": 35, "objNum": 21, "attNum": 36, "subordNum": 25, "adverbNum": 58, "coordNum": 25, "clauseNum": 59, "simpleNum": 0, "complexNum": 16, "complexity1Num": 5, "complexity2Num": 3, "complexity3Num": 4, "compoundNum": 0, "subjRate": 0.07462686567164178, "objRate": 0.04477611940298507, "attRate": 0.0767590618336887, "subordRate": 0.053304904051172705, "adverbRate": 0.12366737739872068, "coordRate": 0.053304904051172705, "partsRate": 2.9661016949152543, "clauseRate": 3.6875, "simpleRate": 0.0, "complexRate": 1.0, "complexity1Rate": 0.3125, "complexity2Rate": 0.1875, "complexity3Rate": 0.25, "complexClauseRate": 3.6875, "sentencesPerParagraph": 5.333333333333333, "wordsLengthRate": 6.180203045685279, "compoundRate": 0.0, "positiveNum": 0, "negativeNum": 0, "precoPositiveNum": 0, "precoNegativeNum": 0, "negemoNum": 0, "negationNum": 5, "functionNum": 212, "contentNum": 257, "vulgarNum": 0, "racistNum": 0, "specStyleNum": 0, "addressingNum": 0, "closingNum": 0, "postscriptNum": 0, "brutalNum": 0, "positiveRate": 0.0, "negativeRate": 0.0, "precoPositiveRate": 0.0, "precoNegativeRate": 0.0, "negemoRate": 0.0, "negationRate": 0.010660980810234541, "functionRate": 0.4520255863539446, "contentRate": 0.5479744136460555, "vulgarRate": 0.0, "racistRate": 0.0, "specStyleRate": 0.0, "addressingRate": 0.0, "closingRate": 0.0, "postscriptRate": 0.0, "brutalRate": 0.0, "epistemicNum": 0, "investNum": 0, "conditionNum": 0, "weaselNum": 0, "peacockNum": 0, "hedgeNum": 0, "doxasticNum": 0, "epistemicRate": 0.0, "investRate": 0.0, "conditionRate": 0.0, "weaselRate": 0.0, "peacockRate": 0.0, "hedgeRate": 0.0, "doxasticRate": 0.0, "loveNum": 0, "anxietyNum": 0, "sorrowNum": 0, "joyNum": 0, "disgustNum": 0, "fearNum": 0, "surpriseNum": 0, "angerNum": 0, "loveRate": 0.0, "anxietyRate": 0.0, "sorrowRate": 0.0, "joyRate": 0.0, "disgustRate": 0.0, "fearRate": 0.0, "surpriseRate": 0.0, "angerRate": 0.0, "slangBeGeneralNum": 0, "slangBeCigaretteNum": 0, "slangBeHumanNum": 0, "slangBeVehicleNum": 0, "slangBeDrugNum": 0, "slangBvNum": 0, "slangBeGeneralRate": 0.0, "slangBeCigaretteRate": 0.0, "slangBeHumanRate": 0.0, "slangBeVehicleRate": 0.0, "slangBeDrugRate": 0.0, "slangBvRate": 0.0, "speechactNum": 0, "quoteNum": 0, "dashNum": 1, "publicNum": 0, "privateNum": 0, "suasiveNum": 0, "discMarkerNum": 0, "smileyNum": 0, "dateNum": 0, "hesitationNum": 0, "restartNum": 0, "repeatNum": 1, "conjBeforeDiscNum": 0, "conjAfterDiscNum": 0, "wordBeforeHesitationNum": 0, "wordAfterHesitationNum": 0, "otherCollocationNum": 0, "speechactRate": 0.0, "quoteRate": 0.0, "dashRate": 0.0021321961620469083, "publicRate": 0.0, "privateRate": 0.0, "suasiveRate": 0.0, "discMarkerRate": 0.0, "smileyRate": 0.0, "dateRate": 0.0, "hesitationRate": 0.0, "restartRate": 0.0, "repeatRate": 0.0021321961620469083, "conjBeforeDiscRate": 0.0, "conjAfterDiscRate": 0.0, "wordBeforeHesitationRate": 0.0, "wordAfterHesitationRate": 0.0, "otherCollocationRate": 0.0, "easyWordNum": 417, "hardWordNum": 52, "easyWordRate": 0.8891257995735607, "hardWordRate": 0.11087420042643924, "fleschReadingEaseScore": 30.79155450426441, "gunningFogIndex": 11.769349680170578, "fleschKincaidGradeLevel": 16.246565831556506, "colemanLiauIndex": 15.646720682302771, "smogIndex": 10.65027996061788, "automatedReadabilityIndex": 18.37303038379531, "linsearWriteIndex": 2.797974413646055, "author": "", "locationNameNum": 0, "locationNameRate": 0.0, "personNameNum": 0, "personNameRate": 0.0, "organizationNameNum": 0, "organizationNameRate": 0.0, "misspelledNum": 8, "misspelledRate": 0.017057569296375266, "missingAccentNum": 2, "missingAccentRate": 0.0042643923240938165, "foreignAccentNum": 2, "foreignAccentRate": 0.0042643923240938165, "wordConcatNum": 0, "wordConcatRate": 0.0, "jLyMistakeNum": 0, "jLyMistakeRate": 0.0, "publicVNum": 0, "freqSuffixNum": 0, "partsNum": 175, "clauseWordNum": 59, "privateVNum": 0}