{"tokenNum": 503, "sentenceNum": 29, "lemmaNum": 232, "lemmaRate": 0.46123260437375746, "sentenceLength": 17.344827586206897, "allUpperNum": 0, "firstUpperNum": 29, "allUpperRate": 0.0, "firstUpperRate": 0.05765407554671968, "declarSentNum": 29, "imperSentNum": 0, "questionNum": 0, "declarSentRate": 1.0, "imperSentRate": 0.0, "questionRate": 0.0, "accent": true, "saturation": 3.36231884057971, "paragraphNum": 6, "nounNum": 94, "verbNum": 62, "adjNum": 56, "infNum": 11, "partPastNum": 0, "partPresNum": 5, "partFutNum": 0, "transNum": 1, "xNum": 6, "advNum": 43, "properNounNum": 1, "numNum": 1, "conjNum": 49, "punctNum": 89, "pronNum": 41, "relPronNum": 7, "demPronNum": 25, "adposNum": 4, "multiplePunctNum": 0, "phraseNum": 0, "nounRate": 0.18687872763419483, "verbRate": 0.12326043737574553, "adjRate": 0.11133200795228629, "infRate": 0.02186878727634195, "partPastRate": 0.0, "partPresRate": 0.009940357852882704, "partFutRate": 0.0, "transRate": 0.0019880715705765406, "xRate": 0.011928429423459244, "advRate": 0.08548707753479125, "properNounRate": 0.0019880715705765406, "numRate": 0.0019880715705765406, "conjRate": 0.09741550695825049, "punctRate": 0.17693836978131214, "pronRate": 0.08151093439363817, "relPronRate": 0.013916500994035786, "demPronRate": 0.04970178926441352, "adposRate": 0.007952286282306162, "multiplePunctRate": 0.0, "partsDensityRate": 3.6956521739130435, "contentfulness": 8.793103448275861, "phraseRate": 0.0, "pastTenseNum": 5, "presentTenseNum": 47, "condNum": 7, "impNum": 1, "freqNum": 0, "causNum": 0, "modalNum": 5, "sg1VerbNum": 62, "sg2VerbNum": 62, "sg3VerbNum": 62, "pl1VerbNum": 62, "pl2VerbNum": 62, "pl3VerbNum": 62, "superlatNum": 0, "comparatNum": 2, "specDerivSuffixNum": 0, "pluralNounNum": 16, "pastTenseRate": 0.08064516129032258, "presentTenseRate": 0.7580645161290323, "condRate": 0.11290322580645161, "impRate": 0.016129032258064516, "freqRate": 0.0, "causRate": 0.0, "modalRate": 0.08064516129032258, "sg1VerbRate": 1.0, "sg2VerbRate": 1.0, "sg3VerbRate": 1.0, "pl1VerbRate": 1.0, "pl2VerbRate": 1.0, "pl3VerbRate": 1.0, "superlatRate": 0.0, "comparatRate": 0.03571428571428571, "specDerivSuffixRate": 0.0, "pluralNounRate": 0.1702127659574468, "subjNum": 41, "objNum": 14, "attNum": 36, "subordNum": 24, "adverbNum": 57, "coordNum": 26, "clauseNum": 69, "simpleNum": 7, "complexNum": 22, "complexity1Num": 10, "complexity2Num": 10, "complexity3Num": 0, "compoundNum": 0, "subjRate": 0.08151093439363817, "objRate": 0.027833001988071572, "attRate": 0.07157057654075547, "subordRate": 0.04771371769383698, "adverbRate": 0.11332007952286283, "coordRate": 0.05168986083499006, "partsRate": 2.5217391304347827, "clauseRate": 2.3793103448275863, "simpleRate": 0.2413793103448276, "complexRate": 0.7586206896551724, "complexity1Rate": 0.3448275862068966, "complexity2Rate": 0.3448275862068966, "complexity3Rate": 0.0, "complexClauseRate": 2.8181818181818183, "sentencesPerParagraph": 4.833333333333333, "wordsLengthRate": 5.461352657004831, "compoundRate": 0.0, "positiveNum": 0, "negativeNum": 0, "precoPositiveNum": 0, "precoNegativeNum": 0, "negemoNum": 0, "negationNum": 9, "functionNum": 248, "contentNum": 255, "vulgarNum": 0, "racistNum": 0, "specStyleNum": 0, "addressingNum": 0, "closingNum": 0, "postscriptNum": 0, "brutalNum": 0, "positiveRate": 0.0, "negativeRate": 0.0, "precoPositiveRate": 0.0, "precoNegativeRate": 0.0, "negemoRate": 0.0, "negationRate": 0.017892644135188866, "functionRate": 0.49304174950298213, "contentRate": 0.5069582504970179, "vulgarRate": 0.0, "racistRate": 0.0, "specStyleRate": 0.0, "addressingRate": 0.0, "closingRate": 0.0, "postscriptRate": 0.0, "brutalRate": 0.0, "epistemicNum": 0, "investNum": 0, "conditionNum": 0, "weaselNum": 0, "peacockNum": 0, "hedgeNum": 0, "doxasticNum": 0, "epistemicRate": 0.0, "investRate": 0.0, "conditionRate": 0.0, "weaselRate": 0.0, "peacockRate": 0.0, "hedgeRate": 0.0, "doxasticRate": 0.0, "loveNum": 0, "anxietyNum": 0, "sorrowNum": 0, "joyNum": 0, "disgustNum": 0, "fearNum": 0, "surpriseNum": 0, "angerNum": 0, "loveRate": 0.0, "anxietyRate": 0.0, "sorrowRate": 0.0, "joyRate": 0.0, "disgustRate": 0.0, "fearRate": 0.0, "surpriseRate": 0.0, "angerRate": 0.0, "slangBeGeneralNum": 0, "slangBeCigaretteNum": 0, "slangBeHumanNum": 0, "slangBeVehicleNum": 0, "slangBeDrugNum": 0, "slangBvNum": 0, "slangBeGeneralRate": 0.0, "slangBeCigaretteRate": 0.0, "slangBeHumanRate": 0.0, "slangBeVehicleRate": 0.0, "slangBeDrugRate": 0.0, "slangBvRate": 0.0, "speechactNum": 0, "quoteNum": 0, "dashNum": 0, "publicNum": 0, "privateNum": 0, "suasiveNum": 0, "discMarkerNum": 0, "smileyNum": 0, "dateNum": 0, "hesitationNum": 0, "restartNum": 0, "repeatNum": 0, "conjBeforeDiscNum": 0, "conjAfterDiscNum": 0, "wordBeforeHesitationNum": 0, "wordAfterHesitationNum": 0, "otherCollocationNum": 0, "speechactRate": 0.0, "quoteRate": 0.0, "dashRate": 0.0, "publicRate": 0.0, "privateRate": 0.0, "suasiveRate": 0.0, "discMarkerRate": 0.0, "smileyRate": 0.0, "dateRate": 0.0, "hesitationRate": 0.0, "restartRate": 0.0, "repeatRate": 0.0, "conjBeforeDiscRate": 0.0, "conjAfterDiscRate": 0.0, "wordBeforeHesitationRate": 0.0, "wordAfterHesitationRate": 0.0, "otherCollocationRate": 0.0, "easyWordNum": 471, "hardWordNum": 32, "easyWordRate": 0.9363817097415507, "hardWordRate": 0.0636182902584493, "fleschReadingEaseScore": 60.059423459244556, "gunningFogIndex": 6.963378350586139, "fleschKincaidGradeLevel": 9.191182559813534, "colemanLiauIndex": 11.577202783300194, "smogIndex": 9.029198982220553, "automatedReadabilityIndex": 9.135018166860903, "linsearWriteIndex": 0.922945088092137, "author": "", "locationNameNum": 0, "locationNameRate": 0.0, "personNameNum": 0, "personNameRate": 0.0, "organizationNameNum": 0, "organizationNameRate": 0.0, "misspelledNum": 2, "misspelledRate": 0.003976143141153081, "missingAccentNum": 0, "missingAccentRate": 0.0, "foreignAccentNum": 0, "foreignAccentRate": 0.0, "wordConcatNum": 0, "wordConcatRate": 0.0, "jLyMistakeNum": 0, "jLyMistakeRate": 0.0, "publicVNum": 0, "freqSuffixNum": 0, "partsNum": 174, "clauseWordNum": 69, "privateVNum": 0}