{"tokenNum": 435, "sentenceNum": 18, "lemmaNum": 205, "lemmaRate": 0.47126436781609193, "sentenceLength": 24.166666666666668, "allUpperNum": 0, "firstUpperNum": 19, "allUpperRate": 0.0, "firstUpperRate": 0.04367816091954023, "declarSentNum": 17, "imperSentNum": 0, "questionNum": 1, "declarSentRate": 0.9444444444444444, "imperSentRate": 0.0, "questionRate": 0.05555555555555555, "accent": true, "saturation": 3.5964912280701755, "paragraphNum": 5, "nounNum": 88, "verbNum": 55, "adjNum": 51, "infNum": 7, "partPastNum": 2, "partPresNum": 3, "partFutNum": 0, "transNum": 3, "xNum": 5, "advNum": 37, "properNounNum": 0, "numNum": 1, "conjNum": 42, "punctNum": 62, "pronNum": 24, "relPronNum": 6, "demPronNum": 20, "adposNum": 3, "multiplePunctNum": 0, "phraseNum": 0, "nounRate": 0.20229885057471264, "verbRate": 0.12643678160919541, "adjRate": 0.11724137931034483, "infRate": 0.016091954022988506, "partPastRate": 0.004597701149425287, "partPresRate": 0.006896551724137931, "partFutRate": 0.0, "transRate": 0.006896551724137931, "xRate": 0.011494252873563218, "advRate": 0.08505747126436781, "properNounRate": 0.0, "numRate": 0.0022988505747126436, "conjRate": 0.09655172413793103, "punctRate": 0.1425287356321839, "pronRate": 0.05517241379310345, "relPronRate": 0.013793103448275862, "demPronRate": 0.04597701149425287, "adposRate": 0.006896551724137931, "multiplePunctRate": 0.0, "partsDensityRate": 4.052631578947368, "contentfulness": 12.833333333333334, "phraseRate": 0.0, "pastTenseNum": 1, "presentTenseNum": 47, "condNum": 7, "impNum": 4, "freqNum": 0, "causNum": 0, "modalNum": 7, "sg1VerbNum": 55, "sg2VerbNum": 55, "sg3VerbNum": 55, "pl1VerbNum": 55, "pl2VerbNum": 55, "pl3VerbNum": 55, "superlatNum": 0, "comparatNum": 2, "specDerivSuffixNum": 0, "pluralNounNum": 17, "pastTenseRate": 0.01818181818181818, "presentTenseRate": 0.8545454545454545, "condRate": 0.12727272727272726, "impRate": 0.07272727272727272, "freqRate": 0.0, "causRate": 0.0, "modalRate": 0.12727272727272726, "sg1VerbRate": 1.0, "sg2VerbRate": 1.0, "sg3VerbRate": 1.0, "pl1VerbRate": 1.0, "pl2VerbRate": 1.0, "pl3VerbRate": 1.0, "superlatRate": 0.0, "comparatRate": 0.0392156862745098, "specDerivSuffixRate": 0.0, "pluralNounRate": 0.19318181818181818, "subjNum": 23, "objNum": 27, "attNum": 38, "subordNum": 25, "adverbNum": 43, "coordNum": 21, "clauseNum": 57, "simpleNum": 2, "complexNum": 16, "complexity1Num": 3, "complexity2Num": 9, "complexity3Num": 1, "compoundNum": 0, "subjRate": 0.052873563218390804, "objRate": 0.06206896551724138, "attRate": 0.08735632183908046, "subordRate": 0.05747126436781609, "adverbRate": 0.09885057471264368, "coordRate": 0.04827586206896552, "partsRate": 2.6666666666666665, "clauseRate": 3.1666666666666665, "simpleRate": 0.1111111111111111, "complexRate": 0.8888888888888888, "complexity1Rate": 0.16666666666666666, "complexity2Rate": 0.5, "complexity3Rate": 0.05555555555555555, "complexClauseRate": 3.4375, "sentencesPerParagraph": 3.6, "wordsLengthRate": 6.2520107238605895, "compoundRate": 0.0, "positiveNum": 0, "negativeNum": 0, "precoPositiveNum": 0, "precoNegativeNum": 0, "negemoNum": 0, "negationNum": 8, "functionNum": 204, "contentNum": 231, "vulgarNum": 0, "racistNum": 0, "specStyleNum": 0, "addressingNum": 0, "closingNum": 0, "postscriptNum": 0, "brutalNum": 0, "positiveRate": 0.0, "negativeRate": 0.0, "precoPositiveRate": 0.0, "precoNegativeRate": 0.0, "negemoRate": 0.0, "negationRate": 0.01839080459770115, "functionRate": 0.4689655172413793, "contentRate": 0.5310344827586206, "vulgarRate": 0.0, "racistRate": 0.0, "specStyleRate": 0.0, "addressingRate": 0.0, "closingRate": 0.0, "postscriptRate": 0.0, "brutalRate": 0.0, "epistemicNum": 0, "investNum": 0, "conditionNum": 0, "weaselNum": 0, "peacockNum": 0, "hedgeNum": 0, "doxasticNum": 0, "epistemicRate": 0.0, "investRate": 0.0, "conditionRate": 0.0, "weaselRate": 0.0, "peacockRate": 0.0, "hedgeRate": 0.0, "doxasticRate": 0.0, "loveNum": 0, "anxietyNum": 0, "sorrowNum": 0, "joyNum": 0, "disgustNum": 0, "fearNum": 0, "surpriseNum": 0, "angerNum": 0, "loveRate": 0.0, "anxietyRate": 0.0, "sorrowRate": 0.0, "joyRate": 0.0, "disgustRate": 0.0, "fearRate": 0.0, "surpriseRate": 0.0, "angerRate": 0.0, "slangBeGeneralNum": 0, "slangBeCigaretteNum": 0, "slangBeHumanNum": 0, "slangBeVehicleNum": 0, "slangBeDrugNum": 0, "slangBvNum": 0, "slangBeGeneralRate": 0.0, "slangBeCigaretteRate": 0.0, "slangBeHumanRate": 0.0, "slangBeVehicleRate": 0.0, "slangBeDrugRate": 0.0, "slangBvRate": 0.0, "speechactNum": 0, "quoteNum": 0, "dashNum": 0, "publicNum": 0, "privateNum": 0, "suasiveNum": 0, "discMarkerNum": 0, "smileyNum": 0, "dateNum": 0, "hesitationNum": 0, "restartNum": 0, "repeatNum": 1, "conjBeforeDiscNum": 0, "conjAfterDiscNum": 0, "wordBeforeHesitationNum": 0, "wordAfterHesitationNum": 0, "otherCollocationNum": 0, "speechactRate": 0.0, "quoteRate": 0.0, "dashRate": 0.0, "publicRate": 0.0, "privateRate": 0.0, "suasiveRate": 0.0, "discMarkerRate": 0.0, "smileyRate": 0.0, "dateRate": 0.0, "hesitationRate": 0.0, "restartRate": 0.0, "repeatRate": 0.0022988505747126436, "conjBeforeDiscRate": 0.0, "conjAfterDiscRate": 0.0, "wordBeforeHesitationRate": 0.0, "wordAfterHesitationRate": 0.0, "otherCollocationRate": 0.0, "easyWordNum": 376, "hardWordNum": 59, "easyWordRate": 0.864367816091954, "hardWordRate": 0.135632183908046, "fleschReadingEaseScore": 29.63686781609198, "gunningFogIndex": 9.720919540229886, "fleschKincaidGradeLevel": 15.129252873563221, "colemanLiauIndex": 16.479783908045977, "smogIndex": 11.140535015026959, "automatedReadabilityIndex": 16.46629885057471, "linsearWriteIndex": 2.499361430395913, "author": "", "locationNameNum": 0, "locationNameRate": 0.0, "personNameNum": 0, "personNameRate": 0.0, "organizationNameNum": 0, "organizationNameRate": 0.0, "misspelledNum": 1, "misspelledRate": 0.0022988505747126436, "missingAccentNum": 0, "missingAccentRate": 0.0, "foreignAccentNum": 0, "foreignAccentRate": 0.0, "wordConcatNum": 0, "wordConcatRate": 0.0, "jLyMistakeNum": 0, "jLyMistakeRate": 0.0, "publicVNum": 0, "freqSuffixNum": 0, "partsNum": 152, "clauseWordNum": 57, "privateVNum": 0}