{"tokenNum": 517, "sentenceNum": 25, "lemmaNum": 194, "lemmaRate": 0.37524177949709864, "sentenceLength": 20.68, "allUpperNum": 0, "firstUpperNum": 25, "allUpperRate": 0.0, "firstUpperRate": 0.048355899419729204, "declarSentNum": 25, "imperSentNum": 0, "questionNum": 0, "declarSentRate": 1.0, "imperSentRate": 0.0, "questionRate": 0.0, "accent": true, "saturation": 2.7714285714285714, "paragraphNum": 6, "nounNum": 79, "verbNum": 70, "adjNum": 38, "infNum": 18, "partPastNum": 0, "partPresNum": 1, "partFutNum": 0, "transNum": 2, "xNum": 6, "advNum": 58, "properNounNum": 0, "numNum": 2, "conjNum": 55, "punctNum": 82, "pronNum": 50, "relPronNum": 16, "demPronNum": 25, "adposNum": 7, "multiplePunctNum": 0, "phraseNum": 0, "nounRate": 0.1528046421663443, "verbRate": 0.13539651837524178, "adjRate": 0.0735009671179884, "infRate": 0.03481624758220503, "partPastRate": 0.0, "partPresRate": 0.0019342359767891683, "partFutRate": 0.0, "transRate": 0.0038684719535783366, "xRate": 0.01160541586073501, "advRate": 0.11218568665377177, "properNounRate": 0.0, "numRate": 0.0038684719535783366, "conjRate": 0.10638297872340426, "punctRate": 0.15860735009671179, "pronRate": 0.09671179883945841, "relPronRate": 0.030947775628626693, "demPronRate": 0.048355899419729204, "adposRate": 0.013539651837524178, "multiplePunctRate": 0.0, "partsDensityRate": 3.5, "contentfulness": 9.8, "phraseRate": 0.0, "pastTenseNum": 1, "presentTenseNum": 51, "condNum": 0, "impNum": 5, "freqNum": 0, "causNum": 0, "modalNum": 2, "sg1VerbNum": 70, "sg2VerbNum": 70, "sg3VerbNum": 70, "pl1VerbNum": 70, "pl2VerbNum": 70, "pl3VerbNum": 70, "superlatNum": 4, "comparatNum": 0, "specDerivSuffixNum": 0, "pluralNounNum": 11, "pastTenseRate": 0.014285714285714285, "presentTenseRate": 0.7285714285714285, "condRate": 0.0, "impRate": 0.07142857142857142, "freqRate": 0.0, "causRate": 0.0, "modalRate": 0.02857142857142857, "sg1VerbRate": 1.0, "sg2VerbRate": 1.0, "sg3VerbRate": 1.0, "pl1VerbRate": 1.0, "pl2VerbRate": 1.0, "pl3VerbRate": 1.0, "superlatRate": 0.10526315789473684, "comparatRate": 0.0, "specDerivSuffixRate": 0.0, "pluralNounRate": 0.13924050632911392, "subjNum": 35, "objNum": 23, "attNum": 14, "subordNum": 26, "adverbNum": 66, "coordNum": 24, "clauseNum": 70, "simpleNum": 6, "complexNum": 19, "complexity1Num": 4, "complexity2Num": 7, "complexity3Num": 6, "compoundNum": 0, "subjRate": 0.06769825918762089, "objRate": 0.04448742746615087, "attRate": 0.027079303675048357, "subordRate": 0.05029013539651837, "adverbRate": 0.1276595744680851, "coordRate": 0.04642166344294004, "partsRate": 2.3142857142857145, "clauseRate": 2.8, "simpleRate": 0.24, "complexRate": 0.76, "complexity1Rate": 0.16, "complexity2Rate": 0.28, "complexity3Rate": 0.24, "complexClauseRate": 3.3684210526315788, "sentencesPerParagraph": 4.166666666666667, "wordsLengthRate": 5.4206896551724135, "compoundRate": 0.0, "positiveNum": 0, "negativeNum": 0, "precoPositiveNum": 0, "precoNegativeNum": 0, "negemoNum": 0, "negationNum": 11, "functionNum": 272, "contentNum": 245, "vulgarNum": 0, "racistNum": 0, "specStyleNum": 0, "addressingNum": 0, "closingNum": 0, "postscriptNum": 0, "brutalNum": 0, "positiveRate": 0.0, "negativeRate": 0.0, "precoPositiveRate": 0.0, "precoNegativeRate": 0.0, "negemoRate": 0.0, "negationRate": 0.02127659574468085, "functionRate": 0.5261121856866537, "contentRate": 0.4738878143133462, "vulgarRate": 0.0, "racistRate": 0.0, "specStyleRate": 0.0, "addressingRate": 0.0, "closingRate": 0.0, "postscriptRate": 0.0, "brutalRate": 0.0, "epistemicNum": 0, "investNum": 0, "conditionNum": 0, "weaselNum": 0, "peacockNum": 0, "hedgeNum": 0, "doxasticNum": 0, "epistemicRate": 0.0, "investRate": 0.0, "conditionRate": 0.0, "weaselRate": 0.0, "peacockRate": 0.0, "hedgeRate": 0.0, "doxasticRate": 0.0, "loveNum": 0, "anxietyNum": 0, "sorrowNum": 0, "joyNum": 0, "disgustNum": 0, "fearNum": 0, "surpriseNum": 0, "angerNum": 0, "loveRate": 0.0, "anxietyRate": 0.0, "sorrowRate": 0.0, "joyRate": 0.0, "disgustRate": 0.0, "fearRate": 0.0, "surpriseRate": 0.0, "angerRate": 0.0, "slangBeGeneralNum": 0, "slangBeCigaretteNum": 0, "slangBeHumanNum": 0, "slangBeVehicleNum": 0, "slangBeDrugNum": 0, "slangBvNum": 0, "slangBeGeneralRate": 0.0, "slangBeCigaretteRate": 0.0, "slangBeHumanRate": 0.0, "slangBeVehicleRate": 0.0, "slangBeDrugRate": 0.0, "slangBvRate": 0.0, "speechactNum": 0, "quoteNum": 0, "dashNum": 0, "publicNum": 0, "privateNum": 0, "suasiveNum": 0, "discMarkerNum": 0, "smileyNum": 0, "dateNum": 0, "hesitationNum": 0, "restartNum": 0, "repeatNum": 0, "conjBeforeDiscNum": 0, "conjAfterDiscNum": 0, "wordBeforeHesitationNum": 0, "wordAfterHesitationNum": 0, "otherCollocationNum": 0, "speechactRate": 0.0, "quoteRate": 0.0, "dashRate": 0.0, "publicRate": 0.0, "privateRate": 0.0, "suasiveRate": 0.0, "discMarkerRate": 0.0, "smileyRate": 0.0, "dateRate": 0.0, "hesitationRate": 0.0, "restartRate": 0.0, "repeatRate": 0.0, "conjBeforeDiscRate": 0.0, "conjAfterDiscRate": 0.0, "wordBeforeHesitationRate": 0.0, "wordAfterHesitationRate": 0.0, "otherCollocationRate": 0.0, "easyWordNum": 482, "hardWordNum": 35, "easyWordRate": 0.9323017408123792, "hardWordRate": 0.06769825918762089, "fleschReadingEaseScore": 58.04480000000002, "gunningFogIndex": 8.299079303675049, "fleschKincaidGradeLevel": 10.300731914893621, "colemanLiauIndex": 11.861208897485493, "smogIndex": 9.2995712137729, "automatedReadabilityIndex": 11.029690522243719, "linsearWriteIndex": 1.2475822050290133, "author": "", "locationNameNum": 0, "locationNameRate": 0.0, "personNameNum": 0, "personNameRate": 0.0, "organizationNameNum": 0, "organizationNameRate": 0.0, "misspelledNum": 0, "misspelledRate": 0.0, "missingAccentNum": 0, "missingAccentRate": 0.0, "foreignAccentNum": 0, "foreignAccentRate": 0.0, "wordConcatNum": 0, "wordConcatRate": 0.0, "jLyMistakeNum": 0, "jLyMistakeRate": 0.0, "publicVNum": 0, "freqSuffixNum": 0, "partsNum": 162, "clauseWordNum": 70, "privateVNum": 0}