{"tokenNum": 476, "sentenceNum": 24, "lemmaNum": 190, "lemmaRate": 0.39915966386554624, "sentenceLength": 19.833333333333332, "allUpperNum": 0, "firstUpperNum": 24, "allUpperRate": 0.0, "firstUpperRate": 0.05042016806722689, "declarSentNum": 23, "imperSentNum": 0, "questionNum": 1, "declarSentRate": 0.9583333333333334, "imperSentRate": 0.0, "questionRate": 0.041666666666666664, "accent": true, "saturation": 2.753623188405797, "paragraphNum": 5, "nounNum": 81, "verbNum": 62, "adjNum": 30, "infNum": 7, "partPastNum": 0, "partPresNum": 0, "partFutNum": 0, "transNum": 1, "xNum": 5, "advNum": 44, "properNounNum": 0, "numNum": 0, "conjNum": 51, "punctNum": 83, "pronNum": 51, "relPronNum": 13, "demPronNum": 25, "adposNum": 6, "multiplePunctNum": 0, "phraseNum": 0, "nounRate": 0.17016806722689076, "verbRate": 0.13025210084033614, "adjRate": 0.06302521008403361, "infRate": 0.014705882352941176, "partPastRate": 0.0, "partPresRate": 0.0, "partFutRate": 0.0, "transRate": 0.0021008403361344537, "xRate": 0.01050420168067227, "advRate": 0.09243697478991597, "properNounRate": 0.0, "numRate": 0.0, "conjRate": 0.10714285714285714, "punctRate": 0.17436974789915966, "pronRate": 0.10714285714285714, "relPronRate": 0.0273109243697479, "demPronRate": 0.052521008403361345, "adposRate": 0.012605042016806723, "multiplePunctRate": 0.0, "partsDensityRate": 3.1449275362318843, "contentfulness": 9.041666666666666, "phraseRate": 0.0, "pastTenseNum": 5, "presentTenseNum": 51, "condNum": 1, "impNum": 7, "freqNum": 0, "causNum": 0, "modalNum": 5, "sg1VerbNum": 62, "sg2VerbNum": 62, "sg3VerbNum": 62, "pl1VerbNum": 62, "pl2VerbNum": 62, "pl3VerbNum": 62, "superlatNum": 2, "comparatNum": 1, "specDerivSuffixNum": 0, "pluralNounNum": 16, "pastTenseRate": 0.08064516129032258, "presentTenseRate": 0.8225806451612904, "condRate": 0.016129032258064516, "impRate": 0.11290322580645161, "freqRate": 0.0, "causRate": 0.0, "modalRate": 0.08064516129032258, "sg1VerbRate": 1.0, "sg2VerbRate": 1.0, "sg3VerbRate": 1.0, "pl1VerbRate": 1.0, "pl2VerbRate": 1.0, "pl3VerbRate": 1.0, "superlatRate": 0.06666666666666667, "comparatRate": 0.03333333333333333, "specDerivSuffixRate": 0.0, "pluralNounRate": 0.19753086419753085, "subjNum": 25, "objNum": 24, "attNum": 10, "subordNum": 29, "adverbNum": 55, "coordNum": 29, "clauseNum": 69, "simpleNum": 5, "complexNum": 19, "complexity1Num": 5, "complexity2Num": 6, "complexity3Num": 6, "compoundNum": 0, "subjRate": 0.052521008403361345, "objRate": 0.05042016806722689, "attRate": 0.02100840336134454, "subordRate": 0.06092436974789916, "adverbRate": 0.11554621848739496, "coordRate": 0.06092436974789916, "partsRate": 2.072463768115942, "clauseRate": 2.875, "simpleRate": 0.20833333333333334, "complexRate": 0.7916666666666666, "complexity1Rate": 0.20833333333333334, "complexity2Rate": 0.25, "complexity3Rate": 0.25, "complexClauseRate": 3.3684210526315788, "sentencesPerParagraph": 4.8, "wordsLengthRate": 5.559796437659033, "compoundRate": 0.0, "positiveNum": 0, "negativeNum": 0, "precoPositiveNum": 0, "precoNegativeNum": 0, "negemoNum": 0, "negationNum": 5, "functionNum": 259, "contentNum": 217, "vulgarNum": 0, "racistNum": 0, "specStyleNum": 0, "addressingNum": 0, "closingNum": 0, "postscriptNum": 0, "brutalNum": 0, "positiveRate": 0.0, "negativeRate": 0.0, "precoPositiveRate": 0.0, "precoNegativeRate": 0.0, "negemoRate": 0.0, "negationRate": 0.01050420168067227, "functionRate": 0.5441176470588235, "contentRate": 0.45588235294117646, "vulgarRate": 0.0, "racistRate": 0.0, "specStyleRate": 0.0, "addressingRate": 0.0, "closingRate": 0.0, "postscriptRate": 0.0, "brutalRate": 0.0, "epistemicNum": 0, "investNum": 0, "conditionNum": 0, "weaselNum": 0, "peacockNum": 0, "hedgeNum": 0, "doxasticNum": 0, "epistemicRate": 0.0, "investRate": 0.0, "conditionRate": 0.0, "weaselRate": 0.0, "peacockRate": 0.0, "hedgeRate": 0.0, "doxasticRate": 0.0, "loveNum": 0, "anxietyNum": 0, "sorrowNum": 0, "joyNum": 0, "disgustNum": 0, "fearNum": 0, "surpriseNum": 0, "angerNum": 0, "loveRate": 0.0, "anxietyRate": 0.0, "sorrowRate": 0.0, "joyRate": 0.0, "disgustRate": 0.0, "fearRate": 0.0, "surpriseRate": 0.0, "angerRate": 0.0, "slangBeGeneralNum": 0, "slangBeCigaretteNum": 0, "slangBeHumanNum": 0, "slangBeVehicleNum": 0, "slangBeDrugNum": 0, "slangBvNum": 0, "slangBeGeneralRate": 0.0, "slangBeCigaretteRate": 0.0, "slangBeHumanRate": 0.0, "slangBeVehicleRate": 0.0, "slangBeDrugRate": 0.0, "slangBvRate": 0.0, "speechactNum": 0, "quoteNum": 0, "dashNum": 0, "publicNum": 0, "privateNum": 0, "suasiveNum": 0, "discMarkerNum": 0, "smileyNum": 0, "dateNum": 0, "hesitationNum": 0, "restartNum": 0, "repeatNum": 0, "conjBeforeDiscNum": 0, "conjAfterDiscNum": 0, "wordBeforeHesitationNum": 0, "wordAfterHesitationNum": 0, "otherCollocationNum": 0, "speechactRate": 0.0, "quoteRate": 0.0, "dashRate": 0.0, "publicRate": 0.0, "privateRate": 0.0, "suasiveRate": 0.0, "discMarkerRate": 0.0, "smileyRate": 0.0, "dateRate": 0.0, "hesitationRate": 0.0, "restartRate": 0.0, "repeatRate": 0.0, "conjBeforeDiscRate": 0.0, "conjAfterDiscRate": 0.0, "wordBeforeHesitationRate": 0.0, "wordAfterHesitationRate": 0.0, "otherCollocationRate": 0.0, "easyWordNum": 448, "hardWordNum": 28, "easyWordRate": 0.9411764705882353, "hardWordRate": 0.058823529411764705, "fleschReadingEaseScore": 63.003326330532246, "gunningFogIndex": 7.956862745098039, "fleschKincaidGradeLevel": 9.39878151260504, "colemanLiauIndex": 12.140226890756303, "smogIndex": 8.648137234880735, "automatedReadabilityIndex": 10.82948179271709, "linsearWriteIndex": 1.306547619047619, "author": "", "locationNameNum": 0, "locationNameRate": 0.0, "personNameNum": 0, "personNameRate": 0.0, "organizationNameNum": 0, "organizationNameRate": 0.0, "misspelledNum": 1, "misspelledRate": 0.0021008403361344537, "missingAccentNum": 0, "missingAccentRate": 0.0, "foreignAccentNum": 0, "foreignAccentRate": 0.0, "wordConcatNum": 1, "wordConcatRate": 0.0021008403361344537, "jLyMistakeNum": 0, "jLyMistakeRate": 0.0, "publicVNum": 0, "freqSuffixNum": 0, "partsNum": 143, "clauseWordNum": 69, "privateVNum": 0}