{"tokenNum": 438, "sentenceNum": 18, "lemmaNum": 221, "lemmaRate": 0.5045662100456622, "sentenceLength": 24.333333333333332, "allUpperNum": 0, "firstUpperNum": 19, "allUpperRate": 0.0, "firstUpperRate": 0.04337899543378995, "declarSentNum": 18, "imperSentNum": 0, "questionNum": 0, "declarSentRate": 1.0, "imperSentRate": 0.0, "questionRate": 0.0, "accent": true, "saturation": 4.169811320754717, "paragraphNum": 7, "nounNum": 86, "verbNum": 50, "adjNum": 53, "infNum": 7, "partPastNum": 2, "partPresNum": 4, "partFutNum": 0, "transNum": 8, "xNum": 7, "advNum": 39, "properNounNum": 1, "numNum": 0, "conjNum": 33, "punctNum": 75, "pronNum": 32, "relPronNum": 12, "demPronNum": 16, "adposNum": 7, "multiplePunctNum": 1, "phraseNum": 0, "nounRate": 0.1963470319634703, "verbRate": 0.1141552511415525, "adjRate": 0.12100456621004566, "infRate": 0.01598173515981735, "partPastRate": 0.0045662100456621, "partPresRate": 0.0091324200913242, "partFutRate": 0.0, "transRate": 0.0182648401826484, "xRate": 0.01598173515981735, "advRate": 0.08904109589041095, "properNounRate": 0.00228310502283105, "numRate": 0.0, "conjRate": 0.07534246575342465, "punctRate": 0.17123287671232876, "pronRate": 0.0730593607305936, "relPronRate": 0.0273972602739726, "demPronRate": 0.0365296803652968, "adposRate": 0.01598173515981735, "multiplePunctRate": 0.013333333333333334, "partsDensityRate": 4.30188679245283, "contentfulness": 12.666666666666666, "phraseRate": 0.0, "pastTenseNum": 2, "presentTenseNum": 41, "condNum": 4, "impNum": 3, "freqNum": 0, "causNum": 0, "modalNum": 0, "sg1VerbNum": 50, "sg2VerbNum": 50, "sg3VerbNum": 50, "pl1VerbNum": 50, "pl2VerbNum": 50, "pl3VerbNum": 50, "superlatNum": 1, "comparatNum": 4, "specDerivSuffixNum": 0, "pluralNounNum": 11, "pastTenseRate": 0.04, "presentTenseRate": 0.82, "condRate": 0.08, "impRate": 0.06, "freqRate": 0.0, "causRate": 0.0, "modalRate": 0.0, "sg1VerbRate": 1.0, "sg2VerbRate": 1.0, "sg3VerbRate": 1.0, "pl1VerbRate": 1.0, "pl2VerbRate": 1.0, "pl3VerbRate": 1.0, "superlatRate": 0.018867924528301886, "comparatRate": 0.07547169811320754, "specDerivSuffixRate": 0.0, "pluralNounRate": 0.12790697674418605, "subjNum": 29, "objNum": 20, "attNum": 31, "subordNum": 24, "adverbNum": 45, "coordNum": 31, "clauseNum": 53, "simpleNum": 3, "complexNum": 15, "complexity1Num": 5, "complexity2Num": 4, "complexity3Num": 3, "compoundNum": 0, "subjRate": 0.06621004566210045, "objRate": 0.045662100456621, "attRate": 0.07077625570776255, "subordRate": 0.0547945205479452, "adverbRate": 0.10273972602739725, "coordRate": 0.07077625570776255, "partsRate": 2.943396226415094, "clauseRate": 2.9444444444444446, "simpleRate": 0.16666666666666666, "complexRate": 0.8333333333333334, "complexity1Rate": 0.2777777777777778, "complexity2Rate": 0.2222222222222222, "complexity3Rate": 0.16666666666666666, "complexClauseRate": 3.3333333333333335, "sentencesPerParagraph": 2.5714285714285716, "wordsLengthRate": 6.068870523415978, "compoundRate": 0.0, "positiveNum": 0, "negativeNum": 0, "precoPositiveNum": 0, "precoNegativeNum": 0, "negemoNum": 0, "negationNum": 2, "functionNum": 210, "contentNum": 228, "vulgarNum": 0, "racistNum": 0, "specStyleNum": 0, "addressingNum": 0, "closingNum": 0, "postscriptNum": 0, "brutalNum": 0, "positiveRate": 0.0, "negativeRate": 0.0, "precoPositiveRate": 0.0, "precoNegativeRate": 0.0, "negemoRate": 0.0, "negationRate": 0.0045662100456621, "functionRate": 0.4794520547945205, "contentRate": 0.5205479452054794, "vulgarRate": 0.0, "racistRate": 0.0, "specStyleRate": 0.0, "addressingRate": 0.0, "closingRate": 0.0, "postscriptRate": 0.0, "brutalRate": 0.0, "epistemicNum": 0, "investNum": 0, "conditionNum": 0, "weaselNum": 0, "peacockNum": 0, "hedgeNum": 0, "doxasticNum": 0, "epistemicRate": 0.0, "investRate": 0.0, "conditionRate": 0.0, "weaselRate": 0.0, "peacockRate": 0.0, "hedgeRate": 0.0, "doxasticRate": 0.0, "loveNum": 0, "anxietyNum": 0, "sorrowNum": 0, "joyNum": 0, "disgustNum": 0, "fearNum": 0, "surpriseNum": 0, "angerNum": 0, "loveRate": 0.0, "anxietyRate": 0.0, "sorrowRate": 0.0, "joyRate": 0.0, "disgustRate": 0.0, "fearRate": 0.0, "surpriseRate": 0.0, "angerRate": 0.0, "slangBeGeneralNum": 0, "slangBeCigaretteNum": 0, "slangBeHumanNum": 0, "slangBeVehicleNum": 0, "slangBeDrugNum": 0, "slangBvNum": 0, "slangBeGeneralRate": 0.0, "slangBeCigaretteRate": 0.0, "slangBeHumanRate": 0.0, "slangBeVehicleRate": 0.0, "slangBeDrugRate": 0.0, "slangBvRate": 0.0, "speechactNum": 0, "quoteNum": 0, "dashNum": 0, "publicNum": 0, "privateNum": 0, "suasiveNum": 0, "discMarkerNum": 0, "smileyNum": 0, "dateNum": 0, "hesitationNum": 0, "restartNum": 0, "repeatNum": 0, "conjBeforeDiscNum": 0, "conjAfterDiscNum": 0, "wordBeforeHesitationNum": 0, "wordAfterHesitationNum": 0, "otherCollocationNum": 0, "speechactRate": 0.0, "quoteRate": 0.0, "dashRate": 0.0, "publicRate": 0.0, "privateRate": 0.0, "suasiveRate": 0.0, "discMarkerRate": 0.0, "smileyRate": 0.0, "dateRate": 0.0, "hesitationRate": 0.0, "restartRate": 0.0, "repeatRate": 0.0, "conjBeforeDiscRate": 0.0, "conjAfterDiscRate": 0.0, "wordBeforeHesitationRate": 0.0, "wordAfterHesitationRate": 0.0, "otherCollocationRate": 0.0, "easyWordNum": 395, "hardWordNum": 43, "easyWordRate": 0.9018264840182648, "hardWordRate": 0.09817351598173515, "fleschReadingEaseScore": 36.69420091324204, "gunningFogIndex": 9.772602739726027, "fleschKincaidGradeLevel": 14.186301369863013, "colemanLiauIndex": 14.671885844748857, "smogIndex": 9.968508380846986, "automatedReadabilityIndex": 15.103926940639269, "linsearWriteIndex": 2.278792491121258, "author": "", "locationNameNum": 0, "locationNameRate": 0.0, "personNameNum": 0, "personNameRate": 0.0, "organizationNameNum": 0, "organizationNameRate": 0.0, "misspelledNum": 3, "misspelledRate": 0.00684931506849315, "missingAccentNum": 1, "missingAccentRate": 0.00228310502283105, "foreignAccentNum": 0, "foreignAccentRate": 0.0, "wordConcatNum": 0, "wordConcatRate": 0.0, "jLyMistakeNum": 0, "jLyMistakeRate": 0.0, "publicVNum": 0, "freqSuffixNum": 0, "partsNum": 156, "clauseWordNum": 53, "privateVNum": 0}