{"tokenNum": 438, "sentenceNum": 26, "lemmaNum": 242, "lemmaRate": 0.5525114155251142, "sentenceLength": 16.846153846153847, "allUpperNum": 0, "firstUpperNum": 28, "allUpperRate": 0.0, "firstUpperRate": 0.0639269406392694, "declarSentNum": 26, "imperSentNum": 0, "questionNum": 0, "declarSentRate": 1.0, "imperSentRate": 0.0, "questionRate": 0.0, "accent": true, "saturation": 4.245614035087719, "paragraphNum": 6, "nounNum": 89, "verbNum": 55, "adjNum": 59, "infNum": 12, "partPastNum": 3, "partPresNum": 2, "partFutNum": 0, "transNum": 1, "xNum": 9, "advNum": 46, "properNounNum": 2, "numNum": 1, "conjNum": 34, "punctNum": 67, "pronNum": 23, "relPronNum": 8, "demPronNum": 15, "adposNum": 9, "multiplePunctNum": 0, "phraseNum": 0, "nounRate": 0.20319634703196346, "verbRate": 0.12557077625570776, "adjRate": 0.13470319634703196, "infRate": 0.0273972602739726, "partPastRate": 0.00684931506849315, "partPresRate": 0.0045662100456621, "partFutRate": 0.0, "transRate": 0.00228310502283105, "xRate": 0.02054794520547945, "advRate": 0.1050228310502283, "properNounRate": 0.0045662100456621, "numRate": 0.00228310502283105, "conjRate": 0.0776255707762557, "punctRate": 0.15296803652968036, "pronRate": 0.05251141552511415, "relPronRate": 0.0182648401826484, "demPronRate": 0.03424657534246575, "adposRate": 0.02054794520547945, "multiplePunctRate": 0.0, "partsDensityRate": 4.368421052631579, "contentfulness": 9.576923076923077, "phraseRate": 0.0, "pastTenseNum": 5, "presentTenseNum": 38, "condNum": 3, "impNum": 4, "freqNum": 0, "causNum": 0, "modalNum": 6, "sg1VerbNum": 55, "sg2VerbNum": 55, "sg3VerbNum": 55, "pl1VerbNum": 55, "pl2VerbNum": 55, "pl3VerbNum": 55, "superlatNum": 1, "comparatNum": 3, "specDerivSuffixNum": 0, "pluralNounNum": 26, "pastTenseRate": 0.09090909090909091, "presentTenseRate": 0.6909090909090909, "condRate": 0.05454545454545454, "impRate": 0.07272727272727272, "freqRate": 0.0, "causRate": 0.0, "modalRate": 0.10909090909090909, "sg1VerbRate": 1.0, "sg2VerbRate": 1.0, "sg3VerbRate": 1.0, "pl1VerbRate": 1.0, "pl2VerbRate": 1.0, "pl3VerbRate": 1.0, "superlatRate": 0.01694915254237288, "comparatRate": 0.05084745762711865, "specDerivSuffixRate": 0.0, "pluralNounRate": 0.29213483146067415, "subjNum": 35, "objNum": 17, "attNum": 45, "subordNum": 22, "adverbNum": 55, "coordNum": 16, "clauseNum": 57, "simpleNum": 8, "complexNum": 18, "complexity1Num": 9, "complexity2Num": 5, "complexity3Num": 4, "compoundNum": 0, "subjRate": 0.07990867579908675, "objRate": 0.03881278538812785, "attRate": 0.10273972602739725, "subordRate": 0.0502283105022831, "adverbRate": 0.12557077625570776, "coordRate": 0.0365296803652968, "partsRate": 2.9473684210526314, "clauseRate": 2.1923076923076925, "simpleRate": 0.3076923076923077, "complexRate": 0.6923076923076923, "complexity1Rate": 0.34615384615384615, "complexity2Rate": 0.19230769230769232, "complexity3Rate": 0.15384615384615385, "complexClauseRate": 2.7222222222222223, "sentencesPerParagraph": 4.333333333333333, "wordsLengthRate": 6.37466307277628, "compoundRate": 0.0, "positiveNum": 0, "negativeNum": 0, "precoPositiveNum": 0, "precoNegativeNum": 0, "negemoNum": 0, "negationNum": 9, "functionNum": 189, "contentNum": 249, "vulgarNum": 0, "racistNum": 0, "specStyleNum": 0, "addressingNum": 0, "closingNum": 0, "postscriptNum": 0, "brutalNum": 0, "positiveRate": 0.0, "negativeRate": 0.0, "precoPositiveRate": 0.0, "precoNegativeRate": 0.0, "negemoRate": 0.0, "negationRate": 0.02054794520547945, "functionRate": 0.4315068493150685, "contentRate": 0.5684931506849316, "vulgarRate": 0.0, "racistRate": 0.0, "specStyleRate": 0.0, "addressingRate": 0.0, "closingRate": 0.0, "postscriptRate": 0.0, "brutalRate": 0.0, "epistemicNum": 0, "investNum": 0, "conditionNum": 0, "weaselNum": 0, "peacockNum": 0, "hedgeNum": 0, "doxasticNum": 0, "epistemicRate": 0.0, "investRate": 0.0, "conditionRate": 0.0, "weaselRate": 0.0, "peacockRate": 0.0, "hedgeRate": 0.0, "doxasticRate": 0.0, "loveNum": 0, "anxietyNum": 0, "sorrowNum": 0, "joyNum": 0, "disgustNum": 0, "fearNum": 0, "surpriseNum": 0, "angerNum": 0, "loveRate": 0.0, "anxietyRate": 0.0, "sorrowRate": 0.0, "joyRate": 0.0, "disgustRate": 0.0, "fearRate": 0.0, "surpriseRate": 0.0, "angerRate": 0.0, "slangBeGeneralNum": 0, "slangBeCigaretteNum": 0, "slangBeHumanNum": 0, "slangBeVehicleNum": 0, "slangBeDrugNum": 0, "slangBvNum": 0, "slangBeGeneralRate": 0.0, "slangBeCigaretteRate": 0.0, "slangBeHumanRate": 0.0, "slangBeVehicleRate": 0.0, "slangBeDrugRate": 0.0, "slangBvRate": 0.0, "speechactNum": 0, "quoteNum": 0, "dashNum": 0, "publicNum": 0, "privateNum": 0, "suasiveNum": 0, "discMarkerNum": 0, "smileyNum": 0, "dateNum": 0, "hesitationNum": 0, "restartNum": 0, "repeatNum": 1, "conjBeforeDiscNum": 0, "conjAfterDiscNum": 0, "wordBeforeHesitationNum": 0, "wordAfterHesitationNum": 0, "otherCollocationNum": 0, "speechactRate": 0.0, "quoteRate": 0.0, "dashRate": 0.0, "publicRate": 0.0, "privateRate": 0.0, "suasiveRate": 0.0, "discMarkerRate": 0.0, "smileyRate": 0.0, "dateRate": 0.0, "hesitationRate": 0.0, "restartRate": 0.0, "repeatRate": 0.00228310502283105, "conjBeforeDiscRate": 0.0, "conjAfterDiscRate": 0.0, "wordBeforeHesitationRate": 0.0, "wordAfterHesitationRate": 0.0, "otherCollocationRate": 0.0, "easyWordNum": 372, "hardWordNum": 66, "easyWordRate": 0.8493150684931506, "hardWordRate": 0.1506849315068493, "fleschReadingEaseScore": 33.28409905163332, "gunningFogIndex": 6.798735511064279, "fleschKincaidGradeLevel": 12.80191780821918, "colemanLiauIndex": 16.715849315068493, "smogIndex": 11.602472056035307, "automatedReadabilityIndex": 12.994857744994732, "linsearWriteIndex": 1.467509659290481, "author": "", "locationNameNum": 0, "locationNameRate": 0.0, "personNameNum": 0, "personNameRate": 0.0, "organizationNameNum": 2, "organizationNameRate": 0.0045662100456621, "misspelledNum": 3, "misspelledRate": 0.00684931506849315, "missingAccentNum": 0, "missingAccentRate": 0.0, "foreignAccentNum": 0, "foreignAccentRate": 0.0, "wordConcatNum": 1, "wordConcatRate": 0.00228310502283105, "jLyMistakeNum": 0, "jLyMistakeRate": 0.0, "publicVNum": 0, "freqSuffixNum": 0, "partsNum": 168, "clauseWordNum": 57, "privateVNum": 0}