{"tokenNum": 460, "sentenceNum": 21, "lemmaNum": 199, "lemmaRate": 0.4326086956521739, "sentenceLength": 21.904761904761905, "allUpperNum": 0, "firstUpperNum": 23, "allUpperRate": 0.0, "firstUpperRate": 0.05, "declarSentNum": 21, "imperSentNum": 0, "questionNum": 0, "declarSentRate": 1.0, "imperSentRate": 0.0, "questionRate": 0.0, "accent": true, "saturation": 3.109375, "paragraphNum": 4, "nounNum": 80, "verbNum": 58, "adjNum": 46, "infNum": 5, "partPastNum": 0, "partPresNum": 1, "partFutNum": 0, "transNum": 2, "xNum": 4, "advNum": 46, "properNounNum": 4, "numNum": 1, "conjNum": 45, "punctNum": 81, "pronNum": 30, "relPronNum": 12, "demPronNum": 14, "adposNum": 5, "multiplePunctNum": 0, "phraseNum": 0, "nounRate": 0.17391304347826086, "verbRate": 0.12608695652173912, "adjRate": 0.1, "infRate": 0.010869565217391304, "partPastRate": 0.0, "partPresRate": 0.002173913043478261, "partFutRate": 0.0, "transRate": 0.004347826086956522, "xRate": 0.008695652173913044, "advRate": 0.1, "properNounRate": 0.008695652173913044, "numRate": 0.002173913043478261, "conjRate": 0.09782608695652174, "punctRate": 0.17608695652173914, "pronRate": 0.06521739130434782, "relPronRate": 0.02608695652173913, "demPronRate": 0.030434782608695653, "adposRate": 0.010869565217391304, "multiplePunctRate": 0.0, "partsDensityRate": 3.59375, "contentfulness": 10.952380952380953, "phraseRate": 0.0, "pastTenseNum": 5, "presentTenseNum": 49, "condNum": 2, "impNum": 1, "freqNum": 0, "causNum": 0, "modalNum": 2, "sg1VerbNum": 58, "sg2VerbNum": 58, "sg3VerbNum": 58, "pl1VerbNum": 58, "pl2VerbNum": 58, "pl3VerbNum": 58, "superlatNum": 2, "comparatNum": 4, "specDerivSuffixNum": 0, "pluralNounNum": 23, "pastTenseRate": 0.08620689655172414, "presentTenseRate": 0.8448275862068966, "condRate": 0.034482758620689655, "impRate": 0.017241379310344827, "freqRate": 0.0, "causRate": 0.0, "modalRate": 0.034482758620689655, "sg1VerbRate": 1.0, "sg2VerbRate": 1.0, "sg3VerbRate": 1.0, "pl1VerbRate": 1.0, "pl2VerbRate": 1.0, "pl3VerbRate": 1.0, "superlatRate": 0.043478260869565216, "comparatRate": 0.08695652173913043, "specDerivSuffixRate": 0.0, "pluralNounRate": 0.2875, "subjNum": 23, "objNum": 21, "attNum": 21, "subordNum": 26, "adverbNum": 63, "coordNum": 30, "clauseNum": 64, "simpleNum": 4, "complexNum": 17, "complexity1Num": 4, "complexity2Num": 6, "complexity3Num": 3, "compoundNum": 0, "subjRate": 0.05, "objRate": 0.04565217391304348, "attRate": 0.04565217391304348, "subordRate": 0.05652173913043478, "adverbRate": 0.13695652173913042, "coordRate": 0.06521739130434782, "partsRate": 2.46875, "clauseRate": 3.0476190476190474, "simpleRate": 0.19047619047619047, "complexRate": 0.8095238095238095, "complexity1Rate": 0.19047619047619047, "complexity2Rate": 0.2857142857142857, "complexity3Rate": 0.14285714285714285, "complexClauseRate": 3.5294117647058822, "sentencesPerParagraph": 5.25, "wordsLengthRate": 5.74934036939314, "compoundRate": 0.0, "positiveNum": 0, "negativeNum": 0, "precoPositiveNum": 0, "precoNegativeNum": 0, "negemoNum": 0, "negationNum": 2, "functionNum": 230, "contentNum": 230, "vulgarNum": 0, "racistNum": 0, "specStyleNum": 0, "addressingNum": 0, "closingNum": 0, "postscriptNum": 0, "brutalNum": 0, "positiveRate": 0.0, "negativeRate": 0.0, "precoPositiveRate": 0.0, "precoNegativeRate": 0.0, "negemoRate": 0.0, "negationRate": 0.004347826086956522, "functionRate": 0.5, "contentRate": 0.5, "vulgarRate": 0.0, "racistRate": 0.0, "specStyleRate": 0.0, "addressingRate": 0.0, "closingRate": 0.0, "postscriptRate": 0.0, "brutalRate": 0.0, "epistemicNum": 0, "investNum": 0, "conditionNum": 0, "weaselNum": 0, "peacockNum": 0, "hedgeNum": 0, "doxasticNum": 0, "epistemicRate": 0.0, "investRate": 0.0, "conditionRate": 0.0, "weaselRate": 0.0, "peacockRate": 0.0, "hedgeRate": 0.0, "doxasticRate": 0.0, "loveNum": 0, "anxietyNum": 0, "sorrowNum": 0, "joyNum": 0, "disgustNum": 0, "fearNum": 0, "surpriseNum": 0, "angerNum": 0, "loveRate": 0.0, "anxietyRate": 0.0, "sorrowRate": 0.0, "joyRate": 0.0, "disgustRate": 0.0, "fearRate": 0.0, "surpriseRate": 0.0, "angerRate": 0.0, "slangBeGeneralNum": 0, "slangBeCigaretteNum": 0, "slangBeHumanNum": 0, "slangBeVehicleNum": 0, "slangBeDrugNum": 0, "slangBvNum": 0, "slangBeGeneralRate": 0.0, "slangBeCigaretteRate": 0.0, "slangBeHumanRate": 0.0, "slangBeVehicleRate": 0.0, "slangBeDrugRate": 0.0, "slangBvRate": 0.0, "speechactNum": 0, "quoteNum": 0, "dashNum": 0, "publicNum": 0, "privateNum": 0, "suasiveNum": 0, "discMarkerNum": 0, "smileyNum": 0, "dateNum": 0, "hesitationNum": 0, "restartNum": 0, "repeatNum": 0, "conjBeforeDiscNum": 0, "conjAfterDiscNum": 0, "wordBeforeHesitationNum": 0, "wordAfterHesitationNum": 0, "otherCollocationNum": 0, "speechactRate": 0.0, "quoteRate": 0.0, "dashRate": 0.0, "publicRate": 0.0, "privateRate": 0.0, "suasiveRate": 0.0, "discMarkerRate": 0.0, "smileyRate": 0.0, "dateRate": 0.0, "hesitationRate": 0.0, "restartRate": 0.0, "repeatRate": 0.0, "conjBeforeDiscRate": 0.0, "conjAfterDiscRate": 0.0, "wordBeforeHesitationRate": 0.0, "wordAfterHesitationRate": 0.0, "otherCollocationRate": 0.0, "easyWordNum": 419, "hardWordNum": 41, "easyWordRate": 0.9108695652173913, "hardWordRate": 0.0891304347826087, "fleschReadingEaseScore": 50.34514492753627, "gunningFogIndex": 8.797556935817806, "fleschKincaidGradeLevel": 11.678944099378885, "colemanLiauIndex": 13.035254347826083, "smogIndex": 9.80755857964246, "automatedReadabilityIndex": 12.58090269151139, "linsearWriteIndex": 1.7846790890269153, "author": "", "locationNameNum": 0, "locationNameRate": 0.0, "personNameNum": 0, "personNameRate": 0.0, "organizationNameNum": 1, "organizationNameRate": 0.002173913043478261, "misspelledNum": 0, "misspelledRate": 0.0, "missingAccentNum": 0, "missingAccentRate": 0.0, "foreignAccentNum": 0, "foreignAccentRate": 0.0, "wordConcatNum": 0, "wordConcatRate": 0.0, "jLyMistakeNum": 0, "jLyMistakeRate": 0.0, "publicVNum": 0, "freqSuffixNum": 0, "partsNum": 158, "clauseWordNum": 64, "privateVNum": 0}