{"tokenNum": 491, "sentenceNum": 29, "lemmaNum": 224, "lemmaRate": 0.45621181262729127, "sentenceLength": 16.93103448275862, "allUpperNum": 6, "firstUpperNum": 40, "allUpperRate": 0.012219959266802444, "firstUpperRate": 0.0814663951120163, "declarSentNum": 23, "imperSentNum": 0, "questionNum": 6, "declarSentRate": 0.7931034482758621, "imperSentRate": 0.0, "questionRate": 0.20689655172413793, "accent": true, "saturation": 3.2, "paragraphNum": 6, "nounNum": 100, "verbNum": 62, "adjNum": 54, "infNum": 10, "partPastNum": 1, "partPresNum": 6, "partFutNum": 0, "transNum": 1, "xNum": 7, "advNum": 46, "properNounNum": 11, "numNum": 0, "conjNum": 50, "punctNum": 76, "pronNum": 32, "relPronNum": 11, "demPronNum": 17, "adposNum": 5, "multiplePunctNum": 0, "phraseNum": 0, "nounRate": 0.20366598778004075, "verbRate": 0.12627291242362526, "adjRate": 0.109979633401222, "infRate": 0.020366598778004074, "partPastRate": 0.002036659877800407, "partPresRate": 0.012219959266802444, "partFutRate": 0.0, "transRate": 0.002036659877800407, "xRate": 0.014256619144602852, "advRate": 0.09368635437881874, "properNounRate": 0.02240325865580448, "numRate": 0.0, "conjRate": 0.10183299389002037, "punctRate": 0.15478615071283094, "pronRate": 0.06517311608961303, "relPronRate": 0.02240325865580448, "demPronRate": 0.034623217922606926, "adposRate": 0.010183299389002037, "multiplePunctRate": 0.0, "partsDensityRate": 3.742857142857143, "contentfulness": 9.03448275862069, "phraseRate": 0.0, "pastTenseNum": 5, "presentTenseNum": 47, "condNum": 2, "impNum": 4, "freqNum": 0, "causNum": 0, "modalNum": 4, "sg1VerbNum": 62, "sg2VerbNum": 62, "sg3VerbNum": 62, "pl1VerbNum": 62, "pl2VerbNum": 62, "pl3VerbNum": 62, "superlatNum": 2, "comparatNum": 0, "specDerivSuffixNum": 0, "pluralNounNum": 27, "pastTenseRate": 0.08064516129032258, "presentTenseRate": 0.7580645161290323, "condRate": 0.03225806451612903, "impRate": 0.06451612903225806, "freqRate": 0.0, "causRate": 0.0, "modalRate": 0.06451612903225806, "sg1VerbRate": 1.0, "sg2VerbRate": 1.0, "sg3VerbRate": 1.0, "pl1VerbRate": 1.0, "pl2VerbRate": 1.0, "pl3VerbRate": 1.0, "superlatRate": 0.037037037037037035, "comparatRate": 0.0, "specDerivSuffixRate": 0.0, "pluralNounRate": 0.27, "subjNum": 34, "objNum": 24, "attNum": 43, "subordNum": 31, "adverbNum": 54, "coordNum": 21, "clauseNum": 70, "simpleNum": 6, "complexNum": 23, "complexity1Num": 9, "complexity2Num": 10, "complexity3Num": 4, "compoundNum": 0, "subjRate": 0.06924643584521385, "objRate": 0.048879837067209775, "attRate": 0.08757637474541752, "subordRate": 0.06313645621181263, "adverbRate": 0.109979633401222, "coordRate": 0.04276985743380855, "partsRate": 2.5142857142857142, "clauseRate": 2.413793103448276, "simpleRate": 0.20689655172413793, "complexRate": 0.7931034482758621, "complexity1Rate": 0.3103448275862069, "complexity2Rate": 0.3448275862068966, "complexity3Rate": 0.13793103448275862, "complexClauseRate": 2.782608695652174, "sentencesPerParagraph": 4.833333333333333, "wordsLengthRate": 6.1975903614457835, "compoundRate": 0.0, "positiveNum": 0, "negativeNum": 0, "precoPositiveNum": 0, "precoNegativeNum": 0, "negemoNum": 0, "negationNum": 9, "functionNum": 229, "contentNum": 262, "vulgarNum": 0, "racistNum": 0, "specStyleNum": 0, "addressingNum": 0, "closingNum": 0, "postscriptNum": 0, "brutalNum": 0, "positiveRate": 0.0, "negativeRate": 0.0, "precoPositiveRate": 0.0, "precoNegativeRate": 0.0, "negemoRate": 0.0, "negationRate": 0.018329938900203666, "functionRate": 0.4663951120162933, "contentRate": 0.5336048879837068, "vulgarRate": 0.0, "racistRate": 0.0, "specStyleRate": 0.0, "addressingRate": 0.0, "closingRate": 0.0, "postscriptRate": 0.0, "brutalRate": 0.0, "epistemicNum": 0, "investNum": 0, "conditionNum": 0, "weaselNum": 0, "peacockNum": 0, "hedgeNum": 0, "doxasticNum": 0, "epistemicRate": 0.0, "investRate": 0.0, "conditionRate": 0.0, "weaselRate": 0.0, "peacockRate": 0.0, "hedgeRate": 0.0, "doxasticRate": 0.0, "loveNum": 0, "anxietyNum": 0, "sorrowNum": 0, "joyNum": 0, "disgustNum": 0, "fearNum": 0, "surpriseNum": 0, "angerNum": 0, "loveRate": 0.0, "anxietyRate": 0.0, "sorrowRate": 0.0, "joyRate": 0.0, "disgustRate": 0.0, "fearRate": 0.0, "surpriseRate": 0.0, "angerRate": 0.0, "slangBeGeneralNum": 0, "slangBeCigaretteNum": 0, "slangBeHumanNum": 0, "slangBeVehicleNum": 0, "slangBeDrugNum": 0, "slangBvNum": 0, "slangBeGeneralRate": 0.0, "slangBeCigaretteRate": 0.0, "slangBeHumanRate": 0.0, "slangBeVehicleRate": 0.0, "slangBeDrugRate": 0.0, "slangBvRate": 0.0, "speechactNum": 0, "quoteNum": 1, "dashNum": 0, "publicNum": 0, "privateNum": 0, "suasiveNum": 0, "discMarkerNum": 0, "smileyNum": 0, "dateNum": 0, "hesitationNum": 0, "restartNum": 0, "repeatNum": 1, "conjBeforeDiscNum": 0, "conjAfterDiscNum": 0, "wordBeforeHesitationNum": 0, "wordAfterHesitationNum": 0, "otherCollocationNum": 0, "speechactRate": 0.0, "quoteRate": 0.002036659877800407, "dashRate": 0.0, "publicRate": 0.0, "privateRate": 0.0, "suasiveRate": 0.0, "discMarkerRate": 0.0, "smileyRate": 0.0, "dateRate": 0.0, "hesitationRate": 0.0, "restartRate": 0.0, "repeatRate": 0.002036659877800407, "conjBeforeDiscRate": 0.0, "conjAfterDiscRate": 0.0, "wordBeforeHesitationRate": 0.0, "wordAfterHesitationRate": 0.0, "otherCollocationRate": 0.0, "easyWordNum": 416, "hardWordNum": 75, "easyWordRate": 0.8472505091649695, "hardWordRate": 0.15274949083503056, "fleschReadingEaseScore": 39.403156822810615, "gunningFogIndex": 6.833513589437461, "fleschKincaidGradeLevel": 11.969518926890931, "colemanLiauIndex": 15.809089613034622, "smogIndex": 12.161744961471694, "automatedReadabilityIndex": 12.31219748577849, "linsearWriteIndex": 1.2262799353887215, "author": "", "locationNameNum": 0, "locationNameRate": 0.0, "personNameNum": 0, "personNameRate": 0.0, "organizationNameNum": 0, "organizationNameRate": 0.0, "misspelledNum": 2, "misspelledRate": 0.004073319755600814, "missingAccentNum": 0, "missingAccentRate": 0.0, "foreignAccentNum": 0, "foreignAccentRate": 0.0, "wordConcatNum": 1, "wordConcatRate": 0.002036659877800407, "jLyMistakeNum": 0, "jLyMistakeRate": 0.0, "publicVNum": 0, "freqSuffixNum": 0, "partsNum": 176, "clauseWordNum": 70, "privateVNum": 0}