{"tokenNum": 448, "sentenceNum": 23, "lemmaNum": 211, "lemmaRate": 0.47098214285714285, "sentenceLength": 19.47826086956522, "allUpperNum": 0, "firstUpperNum": 23, "allUpperRate": 0.0, "firstUpperRate": 0.05133928571428571, "declarSentNum": 23, "imperSentNum": 0, "questionNum": 0, "declarSentRate": 1.0, "imperSentRate": 0.0, "questionRate": 0.0, "accent": true, "saturation": 3.5762711864406778, "paragraphNum": 5, "nounNum": 85, "verbNum": 50, "adjNum": 53, "infNum": 13, "partPastNum": 0, "partPresNum": 4, "partFutNum": 0, "transNum": 1, "xNum": 5, "advNum": 42, "properNounNum": 0, "numNum": 1, "conjNum": 43, "punctNum": 66, "pronNum": 41, "relPronNum": 12, "demPronNum": 20, "adposNum": 1, "multiplePunctNum": 0, "phraseNum": 0, "nounRate": 0.18973214285714285, "verbRate": 0.11160714285714286, "adjRate": 0.11830357142857142, "infRate": 0.029017857142857144, "partPastRate": 0.0, "partPresRate": 0.008928571428571428, "partFutRate": 0.0, "transRate": 0.002232142857142857, "xRate": 0.011160714285714286, "advRate": 0.09375, "properNounRate": 0.0, "numRate": 0.002232142857142857, "conjRate": 0.09598214285714286, "punctRate": 0.14732142857142858, "pronRate": 0.09151785714285714, "relPronRate": 0.026785714285714284, "demPronRate": 0.044642857142857144, "adposRate": 0.002232142857142857, "multiplePunctRate": 0.0, "partsDensityRate": 3.8983050847457625, "contentfulness": 10.0, "phraseRate": 0.0, "pastTenseNum": 0, "presentTenseNum": 37, "condNum": 0, "impNum": 5, "freqNum": 0, "causNum": 0, "modalNum": 0, "sg1VerbNum": 50, "sg2VerbNum": 50, "sg3VerbNum": 50, "pl1VerbNum": 50, "pl2VerbNum": 50, "pl3VerbNum": 50, "superlatNum": 1, "comparatNum": 5, "specDerivSuffixNum": 0, "pluralNounNum": 26, "pastTenseRate": 0.0, "presentTenseRate": 0.74, "condRate": 0.0, "impRate": 0.1, "freqRate": 0.0, "causRate": 0.0, "modalRate": 0.0, "sg1VerbRate": 1.0, "sg2VerbRate": 1.0, "sg3VerbRate": 1.0, "pl1VerbRate": 1.0, "pl2VerbRate": 1.0, "pl3VerbRate": 1.0, "superlatRate": 0.018867924528301886, "comparatRate": 0.09433962264150944, "specDerivSuffixRate": 0.0, "pluralNounRate": 0.3058823529411765, "subjNum": 30, "objNum": 22, "attNum": 30, "subordNum": 26, "adverbNum": 55, "coordNum": 28, "clauseNum": 59, "simpleNum": 5, "complexNum": 18, "complexity1Num": 7, "complexity2Num": 5, "complexity3Num": 5, "compoundNum": 0, "subjRate": 0.06696428571428571, "objRate": 0.049107142857142856, "attRate": 0.06696428571428571, "subordRate": 0.05803571428571429, "adverbRate": 0.12276785714285714, "coordRate": 0.0625, "partsRate": 2.7966101694915255, "clauseRate": 2.5652173913043477, "simpleRate": 0.21739130434782608, "complexRate": 0.782608695652174, "complexity1Rate": 0.30434782608695654, "complexity2Rate": 0.21739130434782608, "complexity3Rate": 0.21739130434782608, "complexClauseRate": 3.0, "sentencesPerParagraph": 4.6, "wordsLengthRate": 5.798429319371728, "compoundRate": 0.0, "positiveNum": 0, "negativeNum": 0, "precoPositiveNum": 0, "precoNegativeNum": 0, "negemoNum": 0, "negationNum": 4, "functionNum": 218, "contentNum": 230, "vulgarNum": 0, "racistNum": 0, "specStyleNum": 0, "addressingNum": 0, "closingNum": 0, "postscriptNum": 0, "brutalNum": 0, "positiveRate": 0.0, "negativeRate": 0.0, "precoPositiveRate": 0.0, "precoNegativeRate": 0.0, "negemoRate": 0.0, "negationRate": 0.008928571428571428, "functionRate": 0.48660714285714285, "contentRate": 0.5133928571428571, "vulgarRate": 0.0, "racistRate": 0.0, "specStyleRate": 0.0, "addressingRate": 0.0, "closingRate": 0.0, "postscriptRate": 0.0, "brutalRate": 0.0, "epistemicNum": 0, "investNum": 0, "conditionNum": 0, "weaselNum": 0, "peacockNum": 0, "hedgeNum": 0, "doxasticNum": 0, "epistemicRate": 0.0, "investRate": 0.0, "conditionRate": 0.0, "weaselRate": 0.0, "peacockRate": 0.0, "hedgeRate": 0.0, "doxasticRate": 0.0, "loveNum": 0, "anxietyNum": 0, "sorrowNum": 0, "joyNum": 0, "disgustNum": 0, "fearNum": 0, "surpriseNum": 0, "angerNum": 0, "loveRate": 0.0, "anxietyRate": 0.0, "sorrowRate": 0.0, "joyRate": 0.0, "disgustRate": 0.0, "fearRate": 0.0, "surpriseRate": 0.0, "angerRate": 0.0, "slangBeGeneralNum": 0, "slangBeCigaretteNum": 0, "slangBeHumanNum": 0, "slangBeVehicleNum": 0, "slangBeDrugNum": 0, "slangBvNum": 0, "slangBeGeneralRate": 0.0, "slangBeCigaretteRate": 0.0, "slangBeHumanRate": 0.0, "slangBeVehicleRate": 0.0, "slangBeDrugRate": 0.0, "slangBvRate": 0.0, "speechactNum": 0, "quoteNum": 0, "dashNum": 0, "publicNum": 0, "privateNum": 0, "suasiveNum": 0, "discMarkerNum": 0, "smileyNum": 0, "dateNum": 0, "hesitationNum": 0, "restartNum": 0, "repeatNum": 0, "conjBeforeDiscNum": 0, "conjAfterDiscNum": 0, "wordBeforeHesitationNum": 0, "wordAfterHesitationNum": 0, "otherCollocationNum": 0, "speechactRate": 0.0, "quoteRate": 0.0, "dashRate": 0.0, "publicRate": 0.0, "privateRate": 0.0, "suasiveRate": 0.0, "discMarkerRate": 0.0, "smileyRate": 0.0, "dateRate": 0.0, "hesitationRate": 0.0, "restartRate": 0.0, "repeatRate": 0.0, "conjBeforeDiscRate": 0.0, "conjAfterDiscRate": 0.0, "wordBeforeHesitationRate": 0.0, "wordAfterHesitationRate": 0.0, "otherCollocationRate": 0.0, "easyWordNum": 408, "hardWordNum": 40, "easyWordRate": 0.9107142857142857, "hardWordRate": 0.08928571428571429, "fleschReadingEaseScore": 45.62394021739132, "gunningFogIndex": 7.827018633540374, "fleschKincaidGradeLevel": 11.734646739130437, "colemanLiauIndex": 14.05741294642857, "smogIndex": 9.725611199111238, "automatedReadabilityIndex": 12.185045613354042, "linsearWriteIndex": 1.5378493788819876, "author": "", "locationNameNum": 0, "locationNameRate": 0.0, "personNameNum": 0, "personNameRate": 0.0, "organizationNameNum": 0, "organizationNameRate": 0.0, "misspelledNum": 4, "misspelledRate": 0.008928571428571428, "missingAccentNum": 3, "missingAccentRate": 0.006696428571428571, "foreignAccentNum": 0, "foreignAccentRate": 0.0, "wordConcatNum": 0, "wordConcatRate": 0.0, "jLyMistakeNum": 1, "jLyMistakeRate": 0.002232142857142857, "publicVNum": 0, "freqSuffixNum": 0, "partsNum": 165, "clauseWordNum": 59, "privateVNum": 0}