{"tokenNum": 665, "sentenceNum": 34, "lemmaNum": 268, "lemmaRate": 0.4030075187969925, "sentenceLength": 19.558823529411764, "allUpperNum": 0, "firstUpperNum": 34, "allUpperRate": 0.0, "firstUpperRate": 0.05112781954887218, "declarSentNum": 26, "imperSentNum": 0, "questionNum": 8, "declarSentRate": 0.7647058823529411, "imperSentRate": 0.0, "questionRate": 0.23529411764705882, "accent": true, "saturation": 2.68, "paragraphNum": 7, "nounNum": 130, "verbNum": 89, "adjNum": 52, "infNum": 5, "partPastNum": 2, "partPresNum": 2, "partFutNum": 0, "transNum": 0, "xNum": 7, "advNum": 69, "properNounNum": 0, "numNum": 1, "conjNum": 46, "punctNum": 117, "pronNum": 52, "relPronNum": 17, "demPronNum": 35, "adposNum": 4, "multiplePunctNum": 0, "phraseNum": 0, "nounRate": 0.19548872180451127, "verbRate": 0.13383458646616542, "adjRate": 0.07819548872180451, "infRate": 0.007518796992481203, "partPastRate": 0.0030075187969924814, "partPresRate": 0.0030075187969924814, "partFutRate": 0.0, "transRate": 0.0, "xRate": 0.010526315789473684, "advRate": 0.1037593984962406, "properNounRate": 0.0, "numRate": 0.0015037593984962407, "conjRate": 0.06917293233082707, "punctRate": 0.17593984962406015, "pronRate": 0.07819548872180451, "relPronRate": 0.02556390977443609, "demPronRate": 0.05263157894736842, "adposRate": 0.006015037593984963, "multiplePunctRate": 0.0, "partsDensityRate": 3.4, "contentfulness": 10.0, "phraseRate": 0.0, "pastTenseNum": 1, "presentTenseNum": 83, "condNum": 1, "impNum": 14, "freqNum": 0, "causNum": 0, "modalNum": 1, "sg1VerbNum": 89, "sg2VerbNum": 89, "sg3VerbNum": 89, "pl1VerbNum": 89, "pl2VerbNum": 89, "pl3VerbNum": 89, "superlatNum": 2, "comparatNum": 1, "specDerivSuffixNum": 0, "pluralNounNum": 23, "pastTenseRate": 0.011235955056179775, "presentTenseRate": 0.9325842696629213, "condRate": 0.011235955056179775, "impRate": 0.15730337078651685, "freqRate": 0.0, "causRate": 0.0, "modalRate": 0.011235955056179775, "sg1VerbRate": 1.0, "sg2VerbRate": 1.0, "sg3VerbRate": 1.0, "pl1VerbRate": 1.0, "pl2VerbRate": 1.0, "pl3VerbRate": 1.0, "superlatRate": 0.038461538461538464, "comparatRate": 0.019230769230769232, "specDerivSuffixRate": 0.0, "pluralNounRate": 0.17692307692307693, "subjNum": 35, "objNum": 42, "attNum": 31, "subordNum": 36, "adverbNum": 83, "coordNum": 41, "clauseNum": 100, "simpleNum": 7, "complexNum": 27, "complexity1Num": 10, "complexity2Num": 6, "complexity3Num": 6, "compoundNum": 0, "subjRate": 0.05263157894736842, "objRate": 0.06315789473684211, "attRate": 0.04661654135338346, "subordRate": 0.05413533834586466, "adverbRate": 0.12481203007518797, "coordRate": 0.061654135338345864, "partsRate": 2.32, "clauseRate": 2.9411764705882355, "simpleRate": 0.20588235294117646, "complexRate": 0.7941176470588235, "complexity1Rate": 0.29411764705882354, "complexity2Rate": 0.17647058823529413, "complexity3Rate": 0.17647058823529413, "complexClauseRate": 3.4444444444444446, "sentencesPerParagraph": 4.857142857142857, "wordsLengthRate": 5.509124087591241, "compoundRate": 0.0, "positiveNum": 0, "negativeNum": 0, "precoPositiveNum": 0, "precoNegativeNum": 0, "negemoNum": 0, "negationNum": 8, "functionNum": 325, "contentNum": 340, "vulgarNum": 0, "racistNum": 0, "specStyleNum": 0, "addressingNum": 0, "closingNum": 0, "postscriptNum": 0, "brutalNum": 0, "positiveRate": 0.0, "negativeRate": 0.0, "precoPositiveRate": 0.0, "precoNegativeRate": 0.0, "negemoRate": 0.0, "negationRate": 0.012030075187969926, "functionRate": 0.48872180451127817, "contentRate": 0.5112781954887218, "vulgarRate": 0.0, "racistRate": 0.0, "specStyleRate": 0.0, "addressingRate": 0.0, "closingRate": 0.0, "postscriptRate": 0.0, "brutalRate": 0.0, "epistemicNum": 0, "investNum": 0, "conditionNum": 0, "weaselNum": 0, "peacockNum": 0, "hedgeNum": 0, "doxasticNum": 0, "epistemicRate": 0.0, "investRate": 0.0, "conditionRate": 0.0, "weaselRate": 0.0, "peacockRate": 0.0, "hedgeRate": 0.0, "doxasticRate": 0.0, "loveNum": 0, "anxietyNum": 0, "sorrowNum": 0, "joyNum": 0, "disgustNum": 0, "fearNum": 0, "surpriseNum": 0, "angerNum": 0, "loveRate": 0.0, "anxietyRate": 0.0, "sorrowRate": 0.0, "joyRate": 0.0, "disgustRate": 0.0, "fearRate": 0.0, "surpriseRate": 0.0, "angerRate": 0.0, "slangBeGeneralNum": 0, "slangBeCigaretteNum": 0, "slangBeHumanNum": 0, "slangBeVehicleNum": 0, "slangBeDrugNum": 0, "slangBvNum": 0, "slangBeGeneralRate": 0.0, "slangBeCigaretteRate": 0.0, "slangBeHumanRate": 0.0, "slangBeVehicleRate": 0.0, "slangBeDrugRate": 0.0, "slangBvRate": 0.0, "speechactNum": 0, "quoteNum": 0, "dashNum": 0, "publicNum": 0, "privateNum": 0, "suasiveNum": 0, "discMarkerNum": 0, "smileyNum": 0, "dateNum": 0, "hesitationNum": 0, "restartNum": 0, "repeatNum": 1, "conjBeforeDiscNum": 0, "conjAfterDiscNum": 0, "wordBeforeHesitationNum": 0, "wordAfterHesitationNum": 0, "otherCollocationNum": 0, "speechactRate": 0.0, "quoteRate": 0.0, "dashRate": 0.0, "publicRate": 0.0, "privateRate": 0.0, "suasiveRate": 0.0, "discMarkerRate": 0.0, "smileyRate": 0.0, "dateRate": 0.0, "hesitationRate": 0.0, "restartRate": 0.0, "repeatRate": 0.0015037593984962407, "conjBeforeDiscRate": 0.0, "conjAfterDiscRate": 0.0, "wordBeforeHesitationRate": 0.0, "wordAfterHesitationRate": 0.0, "otherCollocationRate": 0.0, "easyWordNum": 631, "hardWordNum": 34, "easyWordRate": 0.9488721804511279, "hardWordRate": 0.05112781954887218, "fleschReadingEaseScore": 66.8889595311809, "gunningFogIndex": 7.843980539584255, "fleschKincaidGradeLevel": 8.788617868199914, "colemanLiauIndex": 11.851846616541355, "smogIndex": 8.841846274778883, "automatedReadabilityIndex": 10.461622291021676, "linsearWriteIndex": 0.6054842989827509, "author": "", "locationNameNum": 0, "locationNameRate": 0.0, "personNameNum": 0, "personNameRate": 0.0, "organizationNameNum": 0, "organizationNameRate": 0.0, "misspelledNum": 0, "misspelledRate": 0.0, "missingAccentNum": 0, "missingAccentRate": 0.0, "foreignAccentNum": 0, "foreignAccentRate": 0.0, "wordConcatNum": 0, "wordConcatRate": 0.0, "jLyMistakeNum": 0, "jLyMistakeRate": 0.0, "publicVNum": 0, "freqSuffixNum": 0, "partsNum": 232, "clauseWordNum": 100, "privateVNum": 0}