{"tokenNum": 493, "sentenceNum": 25, "lemmaNum": 219, "lemmaRate": 0.44421906693711966, "sentenceLength": 19.72, "allUpperNum": 0, "firstUpperNum": 25, "allUpperRate": 0.0, "firstUpperRate": 0.05070993914807302, "declarSentNum": 23, "imperSentNum": 0, "questionNum": 2, "declarSentRate": 0.92, "imperSentRate": 0.0, "questionRate": 0.08, "accent": true, "saturation": 3.532258064516129, "paragraphNum": 4, "nounNum": 96, "verbNum": 55, "adjNum": 49, "infNum": 7, "partPastNum": 1, "partPresNum": 3, "partFutNum": 0, "transNum": 2, "xNum": 4, "advNum": 49, "properNounNum": 0, "numNum": 1, "conjNum": 52, "punctNum": 81, "pronNum": 25, "relPronNum": 10, "demPronNum": 21, "adposNum": 7, "multiplePunctNum": 0, "phraseNum": 0, "nounRate": 0.1947261663286004, "verbRate": 0.11156186612576065, "adjRate": 0.09939148073022312, "infRate": 0.014198782961460446, "partPastRate": 0.002028397565922921, "partPresRate": 0.006085192697768763, "partFutRate": 0.0, "transRate": 0.004056795131845842, "xRate": 0.008113590263691683, "advRate": 0.09939148073022312, "properNounRate": 0.0, "numRate": 0.002028397565922921, "conjRate": 0.10547667342799188, "punctRate": 0.1643002028397566, "pronRate": 0.05070993914807302, "relPronRate": 0.02028397565922921, "demPronRate": 0.04259634888438134, "adposRate": 0.014198782961460446, "multiplePunctRate": 0.0, "partsDensityRate": 4.016129032258065, "contentfulness": 9.96, "phraseRate": 0.0, "pastTenseNum": 10, "presentTenseNum": 38, "condNum": 0, "impNum": 6, "freqNum": 0, "causNum": 0, "modalNum": 1, "sg1VerbNum": 55, "sg2VerbNum": 55, "sg3VerbNum": 55, "pl1VerbNum": 55, "pl2VerbNum": 55, "pl3VerbNum": 55, "superlatNum": 2, "comparatNum": 0, "specDerivSuffixNum": 0, "pluralNounNum": 13, "pastTenseRate": 0.18181818181818182, "presentTenseRate": 0.6909090909090909, "condRate": 0.0, "impRate": 0.10909090909090909, "freqRate": 0.0, "causRate": 0.0, "modalRate": 0.01818181818181818, "sg1VerbRate": 1.0, "sg2VerbRate": 1.0, "sg3VerbRate": 1.0, "pl1VerbRate": 1.0, "pl2VerbRate": 1.0, "pl3VerbRate": 1.0, "superlatRate": 0.04081632653061224, "comparatRate": 0.0, "specDerivSuffixRate": 0.0, "pluralNounRate": 0.13541666666666666, "subjNum": 30, "objNum": 17, "attNum": 22, "subordNum": 23, "adverbNum": 73, "coordNum": 33, "clauseNum": 62, "simpleNum": 4, "complexNum": 21, "complexity1Num": 10, "complexity2Num": 7, "complexity3Num": 3, "compoundNum": 0, "subjRate": 0.060851926977687626, "objRate": 0.034482758620689655, "attRate": 0.04462474645030426, "subordRate": 0.04665314401622718, "adverbRate": 0.14807302231237324, "coordRate": 0.06693711967545639, "partsRate": 2.8225806451612905, "clauseRate": 2.48, "simpleRate": 0.16, "complexRate": 0.84, "complexity1Rate": 0.4, "complexity2Rate": 0.28, "complexity3Rate": 0.12, "complexClauseRate": 2.761904761904762, "sentencesPerParagraph": 6.25, "wordsLengthRate": 5.713592233009709, "compoundRate": 0.0, "positiveNum": 0, "negativeNum": 0, "precoPositiveNum": 0, "precoNegativeNum": 0, "negemoNum": 0, "negationNum": 6, "functionNum": 244, "contentNum": 249, "vulgarNum": 0, "racistNum": 0, "specStyleNum": 0, "addressingNum": 0, "closingNum": 0, "postscriptNum": 0, "brutalNum": 0, "positiveRate": 0.0, "negativeRate": 0.0, "precoPositiveRate": 0.0, "precoNegativeRate": 0.0, "negemoRate": 0.0, "negationRate": 0.012170385395537525, "functionRate": 0.4949290060851927, "contentRate": 0.5050709939148073, "vulgarRate": 0.0, "racistRate": 0.0, "specStyleRate": 0.0, "addressingRate": 0.0, "closingRate": 0.0, "postscriptRate": 0.0, "brutalRate": 0.0, "epistemicNum": 0, "investNum": 0, "conditionNum": 0, "weaselNum": 0, "peacockNum": 0, "hedgeNum": 0, "doxasticNum": 0, "epistemicRate": 0.0, "investRate": 0.0, "conditionRate": 0.0, "weaselRate": 0.0, "peacockRate": 0.0, "hedgeRate": 0.0, "doxasticRate": 0.0, "loveNum": 0, "anxietyNum": 0, "sorrowNum": 0, "joyNum": 0, "disgustNum": 0, "fearNum": 0, "surpriseNum": 0, "angerNum": 0, "loveRate": 0.0, "anxietyRate": 0.0, "sorrowRate": 0.0, "joyRate": 0.0, "disgustRate": 0.0, "fearRate": 0.0, "surpriseRate": 0.0, "angerRate": 0.0, "slangBeGeneralNum": 0, "slangBeCigaretteNum": 0, "slangBeHumanNum": 0, "slangBeVehicleNum": 0, "slangBeDrugNum": 0, "slangBvNum": 0, "slangBeGeneralRate": 0.0, "slangBeCigaretteRate": 0.0, "slangBeHumanRate": 0.0, "slangBeVehicleRate": 0.0, "slangBeDrugRate": 0.0, "slangBvRate": 0.0, "speechactNum": 0, "quoteNum": 0, "dashNum": 1, "publicNum": 0, "privateNum": 0, "suasiveNum": 0, "discMarkerNum": 0, "smileyNum": 0, "dateNum": 0, "hesitationNum": 0, "restartNum": 0, "repeatNum": 0, "conjBeforeDiscNum": 0, "conjAfterDiscNum": 0, "wordBeforeHesitationNum": 0, "wordAfterHesitationNum": 0, "otherCollocationNum": 0, "speechactRate": 0.0, "quoteRate": 0.0, "dashRate": 0.002028397565922921, "publicRate": 0.0, "privateRate": 0.0, "suasiveRate": 0.0, "discMarkerRate": 0.0, "smileyRate": 0.0, "dateRate": 0.0, "hesitationRate": 0.0, "restartRate": 0.0, "repeatRate": 0.0, "conjBeforeDiscRate": 0.0, "conjAfterDiscRate": 0.0, "wordBeforeHesitationRate": 0.0, "wordAfterHesitationRate": 0.0, "otherCollocationRate": 0.0, "easyWordNum": 459, "hardWordNum": 34, "easyWordRate": 0.9310344827586207, "hardWordRate": 0.06896551724137931, "fleschReadingEaseScore": 49.365650304259674, "gunningFogIndex": 7.914774847870182, "fleschKincaidGradeLevel": 11.272808113590266, "colemanLiauIndex": 13.195851926977685, "smogIndex": 9.210782826323648, "automatedReadabilityIndex": 11.616957403651114, "linsearWriteIndex": 1.2596348884381339, "author": "", "locationNameNum": 0, "locationNameRate": 0.0, "personNameNum": 0, "personNameRate": 0.0, "organizationNameNum": 0, "organizationNameRate": 0.0, "misspelledNum": 1, "misspelledRate": 0.002028397565922921, "missingAccentNum": 0, "missingAccentRate": 0.0, "foreignAccentNum": 0, "foreignAccentRate": 0.0, "wordConcatNum": 0, "wordConcatRate": 0.0, "jLyMistakeNum": 0, "jLyMistakeRate": 0.0, "publicVNum": 0, "freqSuffixNum": 0, "partsNum": 175, "clauseWordNum": 62, "privateVNum": 0}