{"tokenNum": 393, "sentenceNum": 20, "lemmaNum": 205, "lemmaRate": 0.5216284987277354, "sentenceLength": 19.65, "allUpperNum": 0, "firstUpperNum": 31, "allUpperRate": 0.0, "firstUpperRate": 0.07888040712468193, "declarSentNum": 20, "imperSentNum": 0, "questionNum": 0, "declarSentRate": 1.0, "imperSentRate": 0.0, "questionRate": 0.0, "accent": true, "saturation": 3.9423076923076925, "paragraphNum": 6, "nounNum": 91, "verbNum": 42, "adjNum": 48, "infNum": 6, "partPastNum": 2, "partPresNum": 8, "partFutNum": 0, "transNum": 1, "xNum": 7, "advNum": 27, "properNounNum": 13, "numNum": 0, "conjNum": 40, "punctNum": 63, "pronNum": 20, "relPronNum": 6, "demPronNum": 10, "adposNum": 3, "multiplePunctNum": 0, "phraseNum": 0, "nounRate": 0.23155216284987276, "verbRate": 0.10687022900763359, "adjRate": 0.12213740458015267, "infRate": 0.015267175572519083, "partPastRate": 0.005089058524173028, "partPresRate": 0.020356234096692113, "partFutRate": 0.0, "transRate": 0.002544529262086514, "xRate": 0.017811704834605598, "advRate": 0.06870229007633588, "properNounRate": 0.03307888040712468, "numRate": 0.0, "conjRate": 0.10178117048346055, "punctRate": 0.16030534351145037, "pronRate": 0.05089058524173028, "relPronRate": 0.015267175572519083, "demPronRate": 0.02544529262086514, "adposRate": 0.007633587786259542, "multiplePunctRate": 0.0, "partsDensityRate": 4.0, "contentfulness": 10.4, "phraseRate": 0.0, "pastTenseNum": 0, "presentTenseNum": 36, "condNum": 1, "impNum": 5, "freqNum": 0, "causNum": 0, "modalNum": 4, "sg1VerbNum": 42, "sg2VerbNum": 42, "sg3VerbNum": 42, "pl1VerbNum": 42, "pl2VerbNum": 42, "pl3VerbNum": 42, "superlatNum": 0, "comparatNum": 1, "specDerivSuffixNum": 0, "pluralNounNum": 31, "pastTenseRate": 0.0, "presentTenseRate": 0.8571428571428571, "condRate": 0.023809523809523808, "impRate": 0.11904761904761904, "freqRate": 0.0, "causRate": 0.0, "modalRate": 0.09523809523809523, "sg1VerbRate": 1.0, "sg2VerbRate": 1.0, "sg3VerbRate": 1.0, "pl1VerbRate": 1.0, "pl2VerbRate": 1.0, "pl3VerbRate": 1.0, "superlatRate": 0.0, "comparatRate": 0.020833333333333332, "specDerivSuffixRate": 0.0, "pluralNounRate": 0.34065934065934067, "subjNum": 25, "objNum": 20, "attNum": 31, "subordNum": 16, "adverbNum": 32, "coordNum": 30, "clauseNum": 52, "simpleNum": 3, "complexNum": 17, "complexity1Num": 9, "complexity2Num": 4, "complexity3Num": 3, "compoundNum": 0, "subjRate": 0.06361323155216285, "objRate": 0.05089058524173028, "attRate": 0.07888040712468193, "subordRate": 0.04071246819338423, "adverbRate": 0.08142493638676845, "coordRate": 0.07633587786259542, "partsRate": 2.6538461538461537, "clauseRate": 2.6, "simpleRate": 0.15, "complexRate": 0.85, "complexity1Rate": 0.45, "complexity2Rate": 0.2, "complexity3Rate": 0.15, "complexClauseRate": 2.8823529411764706, "sentencesPerParagraph": 3.3333333333333335, "wordsLengthRate": 6.03030303030303, "compoundRate": 0.0, "positiveNum": 0, "negativeNum": 0, "precoPositiveNum": 0, "precoNegativeNum": 0, "negemoNum": 0, "negationNum": 5, "functionNum": 185, "contentNum": 208, "vulgarNum": 0, "racistNum": 0, "specStyleNum": 0, "addressingNum": 0, "closingNum": 0, "postscriptNum": 0, "brutalNum": 0, "positiveRate": 0.0, "negativeRate": 0.0, "precoPositiveRate": 0.0, "precoNegativeRate": 0.0, "negemoRate": 0.0, "negationRate": 0.01272264631043257, "functionRate": 0.4707379134860051, "contentRate": 0.5292620865139949, "vulgarRate": 0.0, "racistRate": 0.0, "specStyleRate": 0.0, "addressingRate": 0.0, "closingRate": 0.0, "postscriptRate": 0.0, "brutalRate": 0.0, "epistemicNum": 0, "investNum": 0, "conditionNum": 0, "weaselNum": 0, "peacockNum": 0, "hedgeNum": 0, "doxasticNum": 0, "epistemicRate": 0.0, "investRate": 0.0, "conditionRate": 0.0, "weaselRate": 0.0, "peacockRate": 0.0, "hedgeRate": 0.0, "doxasticRate": 0.0, "loveNum": 0, "anxietyNum": 0, "sorrowNum": 0, "joyNum": 0, "disgustNum": 0, "fearNum": 0, "surpriseNum": 0, "angerNum": 0, "loveRate": 0.0, "anxietyRate": 0.0, "sorrowRate": 0.0, "joyRate": 0.0, "disgustRate": 0.0, "fearRate": 0.0, "surpriseRate": 0.0, "angerRate": 0.0, "slangBeGeneralNum": 0, "slangBeCigaretteNum": 0, "slangBeHumanNum": 0, "slangBeVehicleNum": 0, "slangBeDrugNum": 0, "slangBvNum": 0, "slangBeGeneralRate": 0.0, "slangBeCigaretteRate": 0.0, "slangBeHumanRate": 0.0, "slangBeVehicleRate": 0.0, "slangBeDrugRate": 0.0, "slangBvRate": 0.0, "speechactNum": 0, "quoteNum": 0, "dashNum": 2, "publicNum": 0, "privateNum": 0, "suasiveNum": 0, "discMarkerNum": 0, "smileyNum": 0, "dateNum": 0, "hesitationNum": 0, "restartNum": 0, "repeatNum": 0, "conjBeforeDiscNum": 0, "conjAfterDiscNum": 0, "wordBeforeHesitationNum": 0, "wordAfterHesitationNum": 0, "otherCollocationNum": 0, "speechactRate": 0.0, "quoteRate": 0.0, "dashRate": 0.005089058524173028, "publicRate": 0.0, "privateRate": 0.0, "suasiveRate": 0.0, "discMarkerRate": 0.0, "smileyRate": 0.0, "dateRate": 0.0, "hesitationRate": 0.0, "restartRate": 0.0, "repeatRate": 0.0, "conjBeforeDiscRate": 0.0, "conjAfterDiscRate": 0.0, "wordBeforeHesitationRate": 0.0, "wordAfterHesitationRate": 0.0, "otherCollocationRate": 0.0, "easyWordNum": 351, "hardWordNum": 42, "easyWordRate": 0.8931297709923665, "hardWordRate": 0.10687022900763359, "fleschReadingEaseScore": 43.73757824427483, "gunningFogIndex": 7.902748091603053, "fleschKincaidGradeLevel": 12.040421119592875, "colemanLiauIndex": 14.77389312977099, "smogIndex": 9.888512548439397, "automatedReadabilityIndex": 12.843854961832058, "linsearWriteIndex": 1.989821882951654, "author": "", "locationNameNum": 0, "locationNameRate": 0.0, "personNameNum": 0, "personNameRate": 0.0, "organizationNameNum": 0, "organizationNameRate": 0.0, "misspelledNum": 2, "misspelledRate": 0.005089058524173028, "missingAccentNum": 0, "missingAccentRate": 0.0, "foreignAccentNum": 0, "foreignAccentRate": 0.0, "wordConcatNum": 0, "wordConcatRate": 0.0, "jLyMistakeNum": 1, "jLyMistakeRate": 0.002544529262086514, "publicVNum": 0, "freqSuffixNum": 0, "partsNum": 138, "clauseWordNum": 52, "privateVNum": 0}