{"tokenNum": 449, "sentenceNum": 22, "lemmaNum": 240, "lemmaRate": 0.534521158129176, "sentenceLength": 20.40909090909091, "allUpperNum": 0, "firstUpperNum": 22, "allUpperRate": 0.0, "firstUpperRate": 0.04899777282850779, "declarSentNum": 21, "imperSentNum": 0, "questionNum": 1, "declarSentRate": 0.9545454545454546, "imperSentRate": 0.0, "questionRate": 0.045454545454545456, "accent": true, "saturation": 4.528301886792453, "paragraphNum": 5, "nounNum": 100, "verbNum": 45, "adjNum": 60, "infNum": 7, "partPastNum": 5, "partPresNum": 7, "partFutNum": 0, "transNum": 0, "xNum": 9, "advNum": 21, "properNounNum": 0, "numNum": 1, "conjNum": 47, "punctNum": 74, "pronNum": 29, "relPronNum": 8, "demPronNum": 18, "adposNum": 6, "multiplePunctNum": 0, "phraseNum": 0, "nounRate": 0.22271714922049, "verbRate": 0.10022271714922049, "adjRate": 0.133630289532294, "infRate": 0.015590200445434299, "partPastRate": 0.011135857461024499, "partPresRate": 0.015590200445434299, "partFutRate": 0.0, "transRate": 0.0, "xRate": 0.0200445434298441, "advRate": 0.0467706013363029, "properNounRate": 0.0, "numRate": 0.0022271714922048997, "conjRate": 0.10467706013363029, "punctRate": 0.16481069042316257, "pronRate": 0.0645879732739421, "relPronRate": 0.017817371937639197, "demPronRate": 0.0400890868596882, "adposRate": 0.013363028953229399, "multiplePunctRate": 0.0, "partsDensityRate": 4.264150943396227, "contentfulness": 10.272727272727273, "phraseRate": 0.0, "pastTenseNum": 1, "presentTenseNum": 37, "condNum": 1, "impNum": 3, "freqNum": 0, "causNum": 1, "modalNum": 0, "sg1VerbNum": 45, "sg2VerbNum": 45, "sg3VerbNum": 45, "pl1VerbNum": 45, "pl2VerbNum": 45, "pl3VerbNum": 45, "superlatNum": 1, "comparatNum": 3, "specDerivSuffixNum": 0, "pluralNounNum": 40, "pastTenseRate": 0.022222222222222223, "presentTenseRate": 0.8222222222222222, "condRate": 0.022222222222222223, "impRate": 0.06666666666666667, "freqRate": 0.0, "causRate": 0.022222222222222223, "modalRate": 0.0, "sg1VerbRate": 1.0, "sg2VerbRate": 1.0, "sg3VerbRate": 1.0, "pl1VerbRate": 1.0, "pl2VerbRate": 1.0, "pl3VerbRate": 1.0, "superlatRate": 0.016666666666666666, "comparatRate": 0.05, "specDerivSuffixRate": 0.0, "pluralNounRate": 0.4, "subjNum": 22, "objNum": 21, "attNum": 38, "subordNum": 21, "adverbNum": 25, "coordNum": 40, "clauseNum": 53, "simpleNum": 6, "complexNum": 16, "complexity1Num": 8, "complexity2Num": 4, "complexity3Num": 1, "compoundNum": 0, "subjRate": 0.04899777282850779, "objRate": 0.0467706013363029, "attRate": 0.08463251670378619, "subordRate": 0.0467706013363029, "adverbRate": 0.0556792873051225, "coordRate": 0.08908685968819599, "partsRate": 2.7547169811320753, "clauseRate": 2.409090909090909, "simpleRate": 0.2727272727272727, "complexRate": 0.7272727272727273, "complexity1Rate": 0.36363636363636365, "complexity2Rate": 0.18181818181818182, "complexity3Rate": 0.045454545454545456, "complexClauseRate": 2.9375, "sentencesPerParagraph": 4.4, "wordsLengthRate": 6.605333333333333, "compoundRate": 0.0, "positiveNum": 0, "negativeNum": 0, "precoPositiveNum": 0, "precoNegativeNum": 0, "negemoNum": 0, "negationNum": 3, "functionNum": 223, "contentNum": 226, "vulgarNum": 0, "racistNum": 0, "specStyleNum": 0, "addressingNum": 0, "closingNum": 0, "postscriptNum": 0, "brutalNum": 0, "positiveRate": 0.0, "negativeRate": 0.0, "precoPositiveRate": 0.0, "precoNegativeRate": 0.0, "negemoRate": 0.0, "negationRate": 0.0066815144766146995, "functionRate": 0.49665924276169265, "contentRate": 0.5033407572383074, "vulgarRate": 0.0, "racistRate": 0.0, "specStyleRate": 0.0, "addressingRate": 0.0, "closingRate": 0.0, "postscriptRate": 0.0, "brutalRate": 0.0, "epistemicNum": 0, "investNum": 0, "conditionNum": 0, "weaselNum": 0, "peacockNum": 0, "hedgeNum": 0, "doxasticNum": 0, "epistemicRate": 0.0, "investRate": 0.0, "conditionRate": 0.0, "weaselRate": 0.0, "peacockRate": 0.0, "hedgeRate": 0.0, "doxasticRate": 0.0, "loveNum": 0, "anxietyNum": 0, "sorrowNum": 0, "joyNum": 0, "disgustNum": 0, "fearNum": 0, "surpriseNum": 0, "angerNum": 0, "loveRate": 0.0, "anxietyRate": 0.0, "sorrowRate": 0.0, "joyRate": 0.0, "disgustRate": 0.0, "fearRate": 0.0, "surpriseRate": 0.0, "angerRate": 0.0, "slangBeGeneralNum": 0, "slangBeCigaretteNum": 0, "slangBeHumanNum": 0, "slangBeVehicleNum": 0, "slangBeDrugNum": 0, "slangBvNum": 0, "slangBeGeneralRate": 0.0, "slangBeCigaretteRate": 0.0, "slangBeHumanRate": 0.0, "slangBeVehicleRate": 0.0, "slangBeDrugRate": 0.0, "slangBvRate": 0.0, "speechactNum": 0, "quoteNum": 0, "dashNum": 0, "publicNum": 0, "privateNum": 0, "suasiveNum": 0, "discMarkerNum": 0, "smileyNum": 0, "dateNum": 0, "hesitationNum": 0, "restartNum": 0, "repeatNum": 0, "conjBeforeDiscNum": 0, "conjAfterDiscNum": 0, "wordBeforeHesitationNum": 0, "wordAfterHesitationNum": 0, "otherCollocationNum": 0, "speechactRate": 0.0, "quoteRate": 0.0, "dashRate": 0.0, "publicRate": 0.0, "privateRate": 0.0, "suasiveRate": 0.0, "discMarkerRate": 0.0, "smileyRate": 0.0, "dateRate": 0.0, "hesitationRate": 0.0, "restartRate": 0.0, "repeatRate": 0.0, "conjBeforeDiscRate": 0.0, "conjAfterDiscRate": 0.0, "wordBeforeHesitationRate": 0.0, "wordAfterHesitationRate": 0.0, "otherCollocationRate": 0.0, "easyWordNum": 390, "hardWordNum": 59, "easyWordRate": 0.8685968819599109, "hardWordRate": 0.13140311804008908, "fleschReadingEaseScore": 34.81955001012352, "gunningFogIndex": 8.2161976108524, "fleschKincaidGradeLevel": 13.472886211783763, "colemanLiauIndex": 17.532792873051218, "smogIndex": 11.140535015026959, "automatedReadabilityIndex": 15.429578862117836, "linsearWriteIndex": 1.844705405952622, "author": "", "locationNameNum": 0, "locationNameRate": 0.0, "personNameNum": 0, "personNameRate": 0.0, "organizationNameNum": 0, "organizationNameRate": 0.0, "misspelledNum": 9, "misspelledRate": 0.0200445434298441, "missingAccentNum": 2, "missingAccentRate": 0.004454342984409799, "foreignAccentNum": 0, "foreignAccentRate": 0.0, "wordConcatNum": 1, "wordConcatRate": 0.0022271714922048997, "jLyMistakeNum": 0, "jLyMistakeRate": 0.0, "publicVNum": 0, "freqSuffixNum": 0, "partsNum": 146, "clauseWordNum": 53, "privateVNum": 0}