{"tokenNum": 501, "sentenceNum": 26, "lemmaNum": 239, "lemmaRate": 0.47704590818363274, "sentenceLength": 19.26923076923077, "allUpperNum": 0, "firstUpperNum": 26, "allUpperRate": 0.0, "firstUpperRate": 0.05189620758483034, "declarSentNum": 25, "imperSentNum": 0, "questionNum": 1, "declarSentRate": 0.9615384615384616, "imperSentRate": 0.0, "questionRate": 0.038461538461538464, "accent": true, "saturation": 3.1447368421052633, "paragraphNum": 4, "nounNum": 80, "verbNum": 61, "adjNum": 60, "infNum": 11, "partPastNum": 1, "partPresNum": 4, "partFutNum": 0, "transNum": 0, "xNum": 4, "advNum": 53, "properNounNum": 0, "numNum": 3, "conjNum": 54, "punctNum": 88, "pronNum": 31, "relPronNum": 14, "demPronNum": 20, "adposNum": 2, "multiplePunctNum": 0, "phraseNum": 0, "nounRate": 0.1596806387225549, "verbRate": 0.1217564870259481, "adjRate": 0.11976047904191617, "infRate": 0.021956087824351298, "partPastRate": 0.001996007984031936, "partPresRate": 0.007984031936127744, "partFutRate": 0.0, "transRate": 0.0, "xRate": 0.007984031936127744, "advRate": 0.10578842315369262, "properNounRate": 0.0, "numRate": 0.005988023952095809, "conjRate": 0.10778443113772455, "punctRate": 0.17564870259481039, "pronRate": 0.06187624750499002, "relPronRate": 0.027944111776447105, "demPronRate": 0.03992015968063872, "adposRate": 0.003992015968063872, "multiplePunctRate": 0.0, "partsDensityRate": 3.3421052631578947, "contentfulness": 9.76923076923077, "phraseRate": 0.0, "pastTenseNum": 1, "presentTenseNum": 50, "condNum": 2, "impNum": 5, "freqNum": 0, "causNum": 0, "modalNum": 4, "sg1VerbNum": 61, "sg2VerbNum": 61, "sg3VerbNum": 61, "pl1VerbNum": 61, "pl2VerbNum": 61, "pl3VerbNum": 61, "superlatNum": 1, "comparatNum": 4, "specDerivSuffixNum": 0, "pluralNounNum": 9, "pastTenseRate": 0.01639344262295082, "presentTenseRate": 0.819672131147541, "condRate": 0.03278688524590164, "impRate": 0.08196721311475409, "freqRate": 0.0, "causRate": 0.0, "modalRate": 0.06557377049180328, "sg1VerbRate": 1.0, "sg2VerbRate": 1.0, "sg3VerbRate": 1.0, "pl1VerbRate": 1.0, "pl2VerbRate": 1.0, "pl3VerbRate": 1.0, "superlatRate": 0.016666666666666666, "comparatRate": 0.06666666666666667, "specDerivSuffixRate": 0.0, "pluralNounRate": 0.1125, "subjNum": 35, "objNum": 10, "attNum": 31, "subordNum": 31, "adverbNum": 71, "coordNum": 27, "clauseNum": 76, "simpleNum": 2, "complexNum": 24, "complexity1Num": 12, "complexity2Num": 6, "complexity3Num": 2, "compoundNum": 0, "subjRate": 0.06986027944111776, "objRate": 0.01996007984031936, "attRate": 0.06187624750499002, "subordRate": 0.06187624750499002, "adverbRate": 0.14171656686626746, "coordRate": 0.05389221556886228, "partsRate": 2.289473684210526, "clauseRate": 2.923076923076923, "simpleRate": 0.07692307692307693, "complexRate": 0.9230769230769231, "complexity1Rate": 0.46153846153846156, "complexity2Rate": 0.23076923076923078, "complexity3Rate": 0.07692307692307693, "complexClauseRate": 3.0833333333333335, "sentencesPerParagraph": 6.5, "wordsLengthRate": 5.769975786924939, "compoundRate": 0.0, "positiveNum": 0, "negativeNum": 0, "precoPositiveNum": 0, "precoNegativeNum": 0, "negemoNum": 0, "negationNum": 7, "functionNum": 247, "contentNum": 254, "vulgarNum": 0, "racistNum": 0, "specStyleNum": 0, "addressingNum": 0, "closingNum": 0, "postscriptNum": 0, "brutalNum": 0, "positiveRate": 0.0, "negativeRate": 0.0, "precoPositiveRate": 0.0, "precoNegativeRate": 0.0, "negemoRate": 0.0, "negationRate": 0.013972055888223553, "functionRate": 0.4930139720558882, "contentRate": 0.5069860279441117, "vulgarRate": 0.0, "racistRate": 0.0, "specStyleRate": 0.0, "addressingRate": 0.0, "closingRate": 0.0, "postscriptRate": 0.0, "brutalRate": 0.0, "epistemicNum": 0, "investNum": 0, "conditionNum": 0, "weaselNum": 0, "peacockNum": 0, "hedgeNum": 0, "doxasticNum": 0, "epistemicRate": 0.0, "investRate": 0.0, "conditionRate": 0.0, "weaselRate": 0.0, "peacockRate": 0.0, "hedgeRate": 0.0, "doxasticRate": 0.0, "loveNum": 0, "anxietyNum": 0, "sorrowNum": 0, "joyNum": 0, "disgustNum": 0, "fearNum": 0, "surpriseNum": 0, "angerNum": 0, "loveRate": 0.0, "anxietyRate": 0.0, "sorrowRate": 0.0, "joyRate": 0.0, "disgustRate": 0.0, "fearRate": 0.0, "surpriseRate": 0.0, "angerRate": 0.0, "slangBeGeneralNum": 0, "slangBeCigaretteNum": 0, "slangBeHumanNum": 0, "slangBeVehicleNum": 0, "slangBeDrugNum": 0, "slangBvNum": 0, "slangBeGeneralRate": 0.0, "slangBeCigaretteRate": 0.0, "slangBeHumanRate": 0.0, "slangBeVehicleRate": 0.0, "slangBeDrugRate": 0.0, "slangBvRate": 0.0, "speechactNum": 0, "quoteNum": 0, "dashNum": 0, "publicNum": 0, "privateNum": 0, "suasiveNum": 0, "discMarkerNum": 0, "smileyNum": 0, "dateNum": 0, "hesitationNum": 0, "restartNum": 0, "repeatNum": 0, "conjBeforeDiscNum": 0, "conjAfterDiscNum": 0, "wordBeforeHesitationNum": 0, "wordAfterHesitationNum": 0, "otherCollocationNum": 0, "speechactRate": 0.0, "quoteRate": 0.0, "dashRate": 0.0, "publicRate": 0.0, "privateRate": 0.0, "suasiveRate": 0.0, "discMarkerRate": 0.0, "smileyRate": 0.0, "dateRate": 0.0, "hesitationRate": 0.0, "restartRate": 0.0, "repeatRate": 0.0, "conjBeforeDiscRate": 0.0, "conjAfterDiscRate": 0.0, "wordBeforeHesitationRate": 0.0, "wordAfterHesitationRate": 0.0, "otherCollocationRate": 0.0, "easyWordNum": 449, "hardWordNum": 52, "easyWordRate": 0.8962075848303394, "hardWordRate": 0.10379241516966067, "fleschReadingEaseScore": 46.95217987102717, "gunningFogIndex": 7.749209273760172, "fleschKincaidGradeLevel": 11.497455089820363, "colemanLiauIndex": 13.156071856287422, "smogIndex": 10.65027996061788, "automatedReadabilityIndex": 11.359765085214185, "linsearWriteIndex": 1.3069246123138338, "author": "", "locationNameNum": 0, "locationNameRate": 0.0, "personNameNum": 0, "personNameRate": 0.0, "organizationNameNum": 0, "organizationNameRate": 0.0, "misspelledNum": 3, "misspelledRate": 0.005988023952095809, "missingAccentNum": 1, "missingAccentRate": 0.001996007984031936, "foreignAccentNum": 1, "foreignAccentRate": 0.001996007984031936, "wordConcatNum": 0, "wordConcatRate": 0.0, "jLyMistakeNum": 0, "jLyMistakeRate": 0.0, "publicVNum": 0, "freqSuffixNum": 0, "partsNum": 174, "clauseWordNum": 76, "privateVNum": 0}