{"tokenNum": 438, "sentenceNum": 20, "lemmaNum": 215, "lemmaRate": 0.4908675799086758, "sentenceLength": 21.9, "allUpperNum": 0, "firstUpperNum": 20, "allUpperRate": 0.0, "firstUpperRate": 0.045662100456621, "declarSentNum": 20, "imperSentNum": 0, "questionNum": 0, "declarSentRate": 1.0, "imperSentRate": 0.0, "questionRate": 0.0, "accent": true, "saturation": 3.909090909090909, "paragraphNum": 5, "nounNum": 94, "verbNum": 53, "adjNum": 50, "infNum": 15, "partPastNum": 1, "partPresNum": 1, "partFutNum": 0, "transNum": 2, "xNum": 5, "advNum": 32, "properNounNum": 1, "numNum": 2, "conjNum": 47, "punctNum": 72, "pronNum": 26, "relPronNum": 9, "demPronNum": 13, "adposNum": 3, "multiplePunctNum": 0, "phraseNum": 0, "nounRate": 0.2146118721461187, "verbRate": 0.12100456621004566, "adjRate": 0.1141552511415525, "infRate": 0.03424657534246575, "partPastRate": 0.00228310502283105, "partPresRate": 0.00228310502283105, "partFutRate": 0.0, "transRate": 0.0045662100456621, "xRate": 0.01141552511415525, "advRate": 0.0730593607305936, "properNounRate": 0.00228310502283105, "numRate": 0.0045662100456621, "conjRate": 0.10730593607305935, "punctRate": 0.1643835616438356, "pronRate": 0.0593607305936073, "relPronRate": 0.02054794520547945, "demPronRate": 0.02968036529680365, "adposRate": 0.00684931506849315, "multiplePunctRate": 0.0, "partsDensityRate": 4.163636363636364, "contentfulness": 11.45, "phraseRate": 0.0, "pastTenseNum": 3, "presentTenseNum": 35, "condNum": 2, "impNum": 0, "freqNum": 0, "causNum": 0, "modalNum": 1, "sg1VerbNum": 53, "sg2VerbNum": 53, "sg3VerbNum": 53, "pl1VerbNum": 53, "pl2VerbNum": 53, "pl3VerbNum": 53, "superlatNum": 1, "comparatNum": 1, "specDerivSuffixNum": 0, "pluralNounNum": 20, "pastTenseRate": 0.05660377358490566, "presentTenseRate": 0.660377358490566, "condRate": 0.03773584905660377, "impRate": 0.0, "freqRate": 0.0, "causRate": 0.0, "modalRate": 0.018867924528301886, "sg1VerbRate": 1.0, "sg2VerbRate": 1.0, "sg3VerbRate": 1.0, "pl1VerbRate": 1.0, "pl2VerbRate": 1.0, "pl3VerbRate": 1.0, "superlatRate": 0.02, "comparatRate": 0.02, "specDerivSuffixRate": 0.0, "pluralNounRate": 0.2127659574468085, "subjNum": 31, "objNum": 16, "attNum": 33, "subordNum": 17, "adverbNum": 37, "coordNum": 40, "clauseNum": 55, "simpleNum": 3, "complexNum": 17, "complexity1Num": 8, "complexity2Num": 2, "complexity3Num": 5, "compoundNum": 0, "subjRate": 0.07077625570776255, "objRate": 0.0365296803652968, "attRate": 0.07534246575342465, "subordRate": 0.03881278538812785, "adverbRate": 0.08447488584474885, "coordRate": 0.091324200913242, "partsRate": 2.8545454545454545, "clauseRate": 2.75, "simpleRate": 0.15, "complexRate": 0.85, "complexity1Rate": 0.4, "complexity2Rate": 0.1, "complexity3Rate": 0.25, "complexClauseRate": 3.0588235294117645, "sentencesPerParagraph": 4.0, "wordsLengthRate": 5.907103825136612, "compoundRate": 0.0, "positiveNum": 0, "negativeNum": 0, "precoPositiveNum": 0, "precoNegativeNum": 0, "negemoNum": 0, "negationNum": 2, "functionNum": 209, "contentNum": 229, "vulgarNum": 0, "racistNum": 0, "specStyleNum": 0, "addressingNum": 0, "closingNum": 0, "postscriptNum": 0, "brutalNum": 0, "positiveRate": 0.0, "negativeRate": 0.0, "precoPositiveRate": 0.0, "precoNegativeRate": 0.0, "negemoRate": 0.0, "negationRate": 0.0045662100456621, "functionRate": 0.4771689497716895, "contentRate": 0.5228310502283106, "vulgarRate": 0.0, "racistRate": 0.0, "specStyleRate": 0.0, "addressingRate": 0.0, "closingRate": 0.0, "postscriptRate": 0.0, "brutalRate": 0.0, "epistemicNum": 0, "investNum": 0, "conditionNum": 0, "weaselNum": 0, "peacockNum": 0, "hedgeNum": 0, "doxasticNum": 0, "epistemicRate": 0.0, "investRate": 0.0, "conditionRate": 0.0, "weaselRate": 0.0, "peacockRate": 0.0, "hedgeRate": 0.0, "doxasticRate": 0.0, "loveNum": 0, "anxietyNum": 0, "sorrowNum": 0, "joyNum": 0, "disgustNum": 0, "fearNum": 0, "surpriseNum": 0, "angerNum": 0, "loveRate": 0.0, "anxietyRate": 0.0, "sorrowRate": 0.0, "joyRate": 0.0, "disgustRate": 0.0, "fearRate": 0.0, "surpriseRate": 0.0, "angerRate": 0.0, "slangBeGeneralNum": 0, "slangBeCigaretteNum": 0, "slangBeHumanNum": 0, "slangBeVehicleNum": 0, "slangBeDrugNum": 0, "slangBvNum": 0, "slangBeGeneralRate": 0.0, "slangBeCigaretteRate": 0.0, "slangBeHumanRate": 0.0, "slangBeVehicleRate": 0.0, "slangBeDrugRate": 0.0, "slangBvRate": 0.0, "speechactNum": 0, "quoteNum": 0, "dashNum": 0, "publicNum": 0, "privateNum": 0, "suasiveNum": 0, "discMarkerNum": 0, "smileyNum": 0, "dateNum": 0, "hesitationNum": 0, "restartNum": 0, "repeatNum": 0, "conjBeforeDiscNum": 0, "conjAfterDiscNum": 0, "wordBeforeHesitationNum": 0, "wordAfterHesitationNum": 0, "otherCollocationNum": 0, "speechactRate": 0.0, "quoteRate": 0.0, "dashRate": 0.0, "publicRate": 0.0, "privateRate": 0.0, "suasiveRate": 0.0, "discMarkerRate": 0.0, "smileyRate": 0.0, "dateRate": 0.0, "hesitationRate": 0.0, "restartRate": 0.0, "repeatRate": 0.0, "conjBeforeDiscRate": 0.0, "conjAfterDiscRate": 0.0, "wordBeforeHesitationRate": 0.0, "wordAfterHesitationRate": 0.0, "otherCollocationRate": 0.0, "easyWordNum": 391, "hardWordNum": 47, "easyWordRate": 0.8926940639269406, "hardWordRate": 0.10730593607305935, "fleschReadingEaseScore": 42.06129452054796, "gunningFogIndex": 8.802922374429224, "fleschKincaidGradeLevel": 12.83319178082192, "colemanLiauIndex": 14.107077625570774, "smogIndex": 10.279547748218288, "automatedReadabilityIndex": 13.435616438356163, "linsearWriteIndex": 2.0079908675799087, "author": "", "locationNameNum": 0, "locationNameRate": 0.0, "personNameNum": 0, "personNameRate": 0.0, "organizationNameNum": 0, "organizationNameRate": 0.0, "misspelledNum": 0, "misspelledRate": 0.0, "missingAccentNum": 0, "missingAccentRate": 0.0, "foreignAccentNum": 0, "foreignAccentRate": 0.0, "wordConcatNum": 0, "wordConcatRate": 0.0, "jLyMistakeNum": 0, "jLyMistakeRate": 0.0, "publicVNum": 0, "freqSuffixNum": 0, "partsNum": 157, "clauseWordNum": 55, "privateVNum": 0}