{"tokenNum": 526, "sentenceNum": 30, "lemmaNum": 225, "lemmaRate": 0.42775665399239543, "sentenceLength": 17.533333333333335, "allUpperNum": 0, "firstUpperNum": 30, "allUpperRate": 0.0, "firstUpperRate": 0.057034220532319393, "declarSentNum": 29, "imperSentNum": 0, "questionNum": 1, "declarSentRate": 0.9666666666666667, "imperSentRate": 0.0, "questionRate": 0.03333333333333333, "accent": true, "saturation": 3.125, "paragraphNum": 6, "nounNum": 89, "verbNum": 51, "adjNum": 62, "infNum": 6, "partPastNum": 1, "partPresNum": 4, "partFutNum": 0, "transNum": 2, "xNum": 6, "advNum": 58, "properNounNum": 0, "numNum": 0, "conjNum": 65, "punctNum": 88, "pronNum": 35, "relPronNum": 13, "demPronNum": 28, "adposNum": 1, "multiplePunctNum": 1, "phraseNum": 0, "nounRate": 0.16920152091254753, "verbRate": 0.09695817490494296, "adjRate": 0.11787072243346007, "infRate": 0.011406844106463879, "partPastRate": 0.0019011406844106464, "partPresRate": 0.0076045627376425855, "partFutRate": 0.0, "transRate": 0.0038022813688212928, "xRate": 0.011406844106463879, "advRate": 0.11026615969581749, "properNounRate": 0.0, "numRate": 0.0, "conjRate": 0.12357414448669202, "punctRate": 0.16730038022813687, "pronRate": 0.06653992395437262, "relPronRate": 0.024714828897338403, "demPronRate": 0.053231939163498096, "adposRate": 0.0019011406844106464, "multiplePunctRate": 0.011363636363636364, "partsDensityRate": 3.611111111111111, "contentfulness": 8.666666666666666, "phraseRate": 0.0, "pastTenseNum": 6, "presentTenseNum": 39, "condNum": 4, "impNum": 5, "freqNum": 0, "causNum": 0, "modalNum": 3, "sg1VerbNum": 51, "sg2VerbNum": 51, "sg3VerbNum": 51, "pl1VerbNum": 51, "pl2VerbNum": 51, "pl3VerbNum": 51, "superlatNum": 1, "comparatNum": 3, "specDerivSuffixNum": 0, "pluralNounNum": 3, "pastTenseRate": 0.11764705882352941, "presentTenseRate": 0.7647058823529411, "condRate": 0.0784313725490196, "impRate": 0.09803921568627451, "freqRate": 0.0, "causRate": 0.0, "modalRate": 0.058823529411764705, "sg1VerbRate": 1.0, "sg2VerbRate": 1.0, "sg3VerbRate": 1.0, "pl1VerbRate": 1.0, "pl2VerbRate": 1.0, "pl3VerbRate": 1.0, "superlatRate": 0.016129032258064516, "comparatRate": 0.04838709677419355, "specDerivSuffixRate": 0.0, "pluralNounRate": 0.033707865168539325, "subjNum": 47, "objNum": 21, "attNum": 28, "subordNum": 36, "adverbNum": 75, "coordNum": 26, "clauseNum": 72, "simpleNum": 6, "complexNum": 24, "complexity1Num": 13, "complexity2Num": 5, "complexity3Num": 5, "compoundNum": 0, "subjRate": 0.08935361216730038, "objRate": 0.039923954372623575, "attRate": 0.053231939163498096, "subordRate": 0.06844106463878327, "adverbRate": 0.14258555133079848, "coordRate": 0.049429657794676805, "partsRate": 2.736111111111111, "clauseRate": 2.4, "simpleRate": 0.2, "complexRate": 0.8, "complexity1Rate": 0.43333333333333335, "complexity2Rate": 0.16666666666666666, "complexity3Rate": 0.16666666666666666, "complexClauseRate": 2.75, "sentencesPerParagraph": 5.0, "wordsLengthRate": 5.614155251141552, "compoundRate": 0.0, "positiveNum": 0, "negativeNum": 0, "precoPositiveNum": 0, "precoNegativeNum": 0, "negemoNum": 0, "negationNum": 9, "functionNum": 266, "contentNum": 260, "vulgarNum": 0, "racistNum": 0, "specStyleNum": 0, "addressingNum": 0, "closingNum": 0, "postscriptNum": 0, "brutalNum": 0, "positiveRate": 0.0, "negativeRate": 0.0, "precoPositiveRate": 0.0, "precoNegativeRate": 0.0, "negemoRate": 0.0, "negationRate": 0.017110266159695818, "functionRate": 0.5057034220532319, "contentRate": 0.49429657794676807, "vulgarRate": 0.0, "racistRate": 0.0, "specStyleRate": 0.0, "addressingRate": 0.0, "closingRate": 0.0, "postscriptRate": 0.0, "brutalRate": 0.0, "epistemicNum": 0, "investNum": 0, "conditionNum": 0, "weaselNum": 0, "peacockNum": 0, "hedgeNum": 0, "doxasticNum": 0, "epistemicRate": 0.0, "investRate": 0.0, "conditionRate": 0.0, "weaselRate": 0.0, "peacockRate": 0.0, "hedgeRate": 0.0, "doxasticRate": 0.0, "loveNum": 0, "anxietyNum": 0, "sorrowNum": 0, "joyNum": 0, "disgustNum": 0, "fearNum": 0, "surpriseNum": 0, "angerNum": 0, "loveRate": 0.0, "anxietyRate": 0.0, "sorrowRate": 0.0, "joyRate": 0.0, "disgustRate": 0.0, "fearRate": 0.0, "surpriseRate": 0.0, "angerRate": 0.0, "slangBeGeneralNum": 0, "slangBeCigaretteNum": 0, "slangBeHumanNum": 0, "slangBeVehicleNum": 0, "slangBeDrugNum": 0, "slangBvNum": 0, "slangBeGeneralRate": 0.0, "slangBeCigaretteRate": 0.0, "slangBeHumanRate": 0.0, "slangBeVehicleRate": 0.0, "slangBeDrugRate": 0.0, "slangBvRate": 0.0, "speechactNum": 0, "quoteNum": 0, "dashNum": 0, "publicNum": 0, "privateNum": 0, "suasiveNum": 0, "discMarkerNum": 0, "smileyNum": 0, "dateNum": 0, "hesitationNum": 0, "restartNum": 0, "repeatNum": 0, "conjBeforeDiscNum": 0, "conjAfterDiscNum": 0, "wordBeforeHesitationNum": 0, "wordAfterHesitationNum": 0, "otherCollocationNum": 0, "speechactRate": 0.0, "quoteRate": 0.0, "dashRate": 0.0, "publicRate": 0.0, "privateRate": 0.0, "suasiveRate": 0.0, "discMarkerRate": 0.0, "smileyRate": 0.0, "dateRate": 0.0, "hesitationRate": 0.0, "restartRate": 0.0, "repeatRate": 0.0, "conjBeforeDiscRate": 0.0, "conjAfterDiscRate": 0.0, "wordBeforeHesitationRate": 0.0, "wordAfterHesitationRate": 0.0, "otherCollocationRate": 0.0, "easyWordNum": 488, "hardWordNum": 38, "easyWordRate": 0.9277566539923955, "hardWordRate": 0.07224334600760456, "fleschReadingEaseScore": 51.362621039290275, "gunningFogIndex": 7.042230671736376, "fleschKincaidGradeLevel": 10.451041825095057, "colemanLiauIndex": 12.63083650190114, "smogIndex": 9.558583805096642, "automatedReadabilityIndex": 10.07181875792142, "linsearWriteIndex": 0.8884664131812419, "author": "", "locationNameNum": 0, "locationNameRate": 0.0, "personNameNum": 0, "personNameRate": 0.0, "organizationNameNum": 0, "organizationNameRate": 0.0, "misspelledNum": 1, "misspelledRate": 0.0019011406844106464, "missingAccentNum": 1, "missingAccentRate": 0.0019011406844106464, "foreignAccentNum": 0, "foreignAccentRate": 0.0, "wordConcatNum": 0, "wordConcatRate": 0.0, "jLyMistakeNum": 0, "jLyMistakeRate": 0.0, "publicVNum": 0, "freqSuffixNum": 0, "partsNum": 197, "clauseWordNum": 72, "privateVNum": 0}