{"tokenNum": 645, "sentenceNum": 37, "lemmaNum": 250, "lemmaRate": 0.3875968992248062, "sentenceLength": 17.43243243243243, "allUpperNum": 1, "firstUpperNum": 37, "allUpperRate": 0.0015503875968992248, "firstUpperRate": 0.05736434108527132, "declarSentNum": 24, "imperSentNum": 2, "questionNum": 11, "declarSentRate": 0.6486486486486487, "imperSentRate": 0.05405405405405406, "questionRate": 0.2972972972972973, "accent": true, "saturation": 2.314814814814815, "paragraphNum": 7, "nounNum": 93, "verbNum": 88, "adjNum": 47, "infNum": 11, "partPastNum": 2, "partPresNum": 5, "partFutNum": 0, "transNum": 4, "xNum": 7, "advNum": 80, "properNounNum": 1, "numNum": 1, "conjNum": 64, "punctNum": 123, "pronNum": 56, "relPronNum": 9, "demPronNum": 40, "adposNum": 4, "multiplePunctNum": 0, "phraseNum": 0, "nounRate": 0.14418604651162792, "verbRate": 0.13643410852713178, "adjRate": 0.07286821705426356, "infRate": 0.017054263565891473, "partPastRate": 0.0031007751937984496, "partPresRate": 0.007751937984496124, "partFutRate": 0.0, "transRate": 0.006201550387596899, "xRate": 0.010852713178294573, "advRate": 0.12403100775193798, "properNounRate": 0.0015503875968992248, "numRate": 0.0015503875968992248, "conjRate": 0.09922480620155039, "punctRate": 0.19069767441860466, "pronRate": 0.08682170542635659, "relPronRate": 0.013953488372093023, "demPronRate": 0.06201550387596899, "adposRate": 0.006201550387596899, "multiplePunctRate": 0.0, "partsDensityRate": 2.8518518518518516, "contentfulness": 8.324324324324325, "phraseRate": 0.0, "pastTenseNum": 3, "presentTenseNum": 74, "condNum": 13, "impNum": 8, "freqNum": 0, "causNum": 1, "modalNum": 6, "sg1VerbNum": 88, "sg2VerbNum": 88, "sg3VerbNum": 88, "pl1VerbNum": 88, "pl2VerbNum": 88, "pl3VerbNum": 88, "superlatNum": 1, "comparatNum": 0, "specDerivSuffixNum": 0, "pluralNounNum": 22, "pastTenseRate": 0.03409090909090909, "presentTenseRate": 0.8409090909090909, "condRate": 0.14772727272727273, "impRate": 0.09090909090909091, "freqRate": 0.0, "causRate": 0.011363636363636364, "modalRate": 0.06818181818181818, "sg1VerbRate": 1.0, "sg2VerbRate": 1.0, "sg3VerbRate": 1.0, "pl1VerbRate": 1.0, "pl2VerbRate": 1.0, "pl3VerbRate": 1.0, "superlatRate": 0.02127659574468085, "comparatRate": 0.0, "specDerivSuffixRate": 0.0, "pluralNounRate": 0.23655913978494625, "subjNum": 41, "objNum": 24, "attNum": 29, "subordNum": 33, "adverbNum": 95, "coordNum": 32, "clauseNum": 108, "simpleNum": 10, "complexNum": 27, "complexity1Num": 5, "complexity2Num": 10, "complexity3Num": 6, "compoundNum": 0, "subjRate": 0.06356589147286822, "objRate": 0.037209302325581395, "attRate": 0.04496124031007752, "subordRate": 0.05116279069767442, "adverbRate": 0.14728682170542637, "coordRate": 0.04961240310077519, "partsRate": 2.0462962962962963, "clauseRate": 2.918918918918919, "simpleRate": 0.2702702702702703, "complexRate": 0.7297297297297297, "complexity1Rate": 0.13513513513513514, "complexity2Rate": 0.2702702702702703, "complexity3Rate": 0.16216216216216217, "complexClauseRate": 3.6296296296296298, "sentencesPerParagraph": 5.285714285714286, "wordsLengthRate": 5.375478927203065, "compoundRate": 0.0, "positiveNum": 0, "negativeNum": 0, "precoPositiveNum": 0, "precoNegativeNum": 0, "negemoNum": 0, "negationNum": 10, "functionNum": 337, "contentNum": 308, "vulgarNum": 0, "racistNum": 0, "specStyleNum": 0, "addressingNum": 0, "closingNum": 0, "postscriptNum": 0, "brutalNum": 0, "positiveRate": 0.0, "negativeRate": 0.0, "precoPositiveRate": 0.0, "precoNegativeRate": 0.0, "negemoRate": 0.0, "negationRate": 0.015503875968992248, "functionRate": 0.5224806201550387, "contentRate": 0.47751937984496123, "vulgarRate": 0.0, "racistRate": 0.0, "specStyleRate": 0.0, "addressingRate": 0.0, "closingRate": 0.0, "postscriptRate": 0.0, "brutalRate": 0.0, "epistemicNum": 0, "investNum": 0, "conditionNum": 0, "weaselNum": 0, "peacockNum": 0, "hedgeNum": 0, "doxasticNum": 0, "epistemicRate": 0.0, "investRate": 0.0, "conditionRate": 0.0, "weaselRate": 0.0, "peacockRate": 0.0, "hedgeRate": 0.0, "doxasticRate": 0.0, "loveNum": 0, "anxietyNum": 0, "sorrowNum": 0, "joyNum": 0, "disgustNum": 0, "fearNum": 0, "surpriseNum": 0, "angerNum": 0, "loveRate": 0.0, "anxietyRate": 0.0, "sorrowRate": 0.0, "joyRate": 0.0, "disgustRate": 0.0, "fearRate": 0.0, "surpriseRate": 0.0, "angerRate": 0.0, "slangBeGeneralNum": 0, "slangBeCigaretteNum": 0, "slangBeHumanNum": 0, "slangBeVehicleNum": 0, "slangBeDrugNum": 0, "slangBvNum": 0, "slangBeGeneralRate": 0.0, "slangBeCigaretteRate": 0.0, "slangBeHumanRate": 0.0, "slangBeVehicleRate": 0.0, "slangBeDrugRate": 0.0, "slangBvRate": 0.0, "speechactNum": 0, "quoteNum": 0, "dashNum": 0, "publicNum": 0, "privateNum": 0, "suasiveNum": 0, "discMarkerNum": 0, "smileyNum": 0, "dateNum": 0, "hesitationNum": 0, "restartNum": 0, "repeatNum": 0, "conjBeforeDiscNum": 0, "conjAfterDiscNum": 0, "wordBeforeHesitationNum": 0, "wordAfterHesitationNum": 0, "otherCollocationNum": 0, "speechactRate": 0.0, "quoteRate": 0.0, "dashRate": 0.0, "publicRate": 0.0, "privateRate": 0.0, "suasiveRate": 0.0, "discMarkerRate": 0.0, "smileyRate": 0.0, "dateRate": 0.0, "hesitationRate": 0.0, "restartRate": 0.0, "repeatRate": 0.0, "conjBeforeDiscRate": 0.0, "conjAfterDiscRate": 0.0, "wordBeforeHesitationRate": 0.0, "wordAfterHesitationRate": 0.0, "otherCollocationRate": 0.0, "easyWordNum": 602, "hardWordNum": 43, "easyWordRate": 0.9333333333333333, "hardWordRate": 0.06666666666666667, "fleschReadingEaseScore": 67.1596857322439, "gunningFogIndex": 6.999639639639639, "fleschKincaidGradeLevel": 8.22260213702074, "colemanLiauIndex": 10.818975193798448, "smogIndex": 9.287647586759267, "automatedReadabilityIndex": 8.572495285983656, "linsearWriteIndex": 0.5168657029122146, "author": "", "locationNameNum": 0, "locationNameRate": 0.0, "personNameNum": 0, "personNameRate": 0.0, "organizationNameNum": 0, "organizationNameRate": 0.0, "misspelledNum": 4, "misspelledRate": 0.006201550387596899, "missingAccentNum": 1, "missingAccentRate": 0.0015503875968992248, "foreignAccentNum": 0, "foreignAccentRate": 0.0, "wordConcatNum": 0, "wordConcatRate": 0.0, "jLyMistakeNum": 0, "jLyMistakeRate": 0.0, "publicVNum": 0, "freqSuffixNum": 0, "partsNum": 221, "clauseWordNum": 108, "privateVNum": 0}