{"tokenNum": 753, "sentenceNum": 44, "lemmaNum": 274, "lemmaRate": 0.36387782204515273, "sentenceLength": 17.113636363636363, "allUpperNum": 0, "firstUpperNum": 45, "allUpperRate": 0.0, "firstUpperRate": 0.05976095617529881, "declarSentNum": 43, "imperSentNum": 0, "questionNum": 1, "declarSentRate": 0.9772727272727273, "imperSentRate": 0.0, "questionRate": 0.022727272727272728, "accent": true, "saturation": 2.192, "paragraphNum": 7, "nounNum": 143, "verbNum": 105, "adjNum": 51, "infNum": 13, "partPastNum": 2, "partPresNum": 3, "partFutNum": 0, "transNum": 1, "xNum": 7, "advNum": 51, "properNounNum": 0, "numNum": 0, "conjNum": 56, "punctNum": 137, "pronNum": 83, "relPronNum": 23, "demPronNum": 31, "adposNum": 5, "multiplePunctNum": 0, "phraseNum": 0, "nounRate": 0.1899070385126162, "verbRate": 0.1394422310756972, "adjRate": 0.06772908366533864, "infRate": 0.017264276228419653, "partPastRate": 0.0026560424966799467, "partPresRate": 0.00398406374501992, "partFutRate": 0.0, "transRate": 0.0013280212483399733, "xRate": 0.009296148738379814, "advRate": 0.06772908366533864, "properNounRate": 0.0, "numRate": 0.0, "conjRate": 0.07436918990703852, "punctRate": 0.18193891102257637, "pronRate": 0.1102257636122178, "relPronRate": 0.03054448871181939, "demPronRate": 0.041168658698539175, "adposRate": 0.006640106241699867, "multiplePunctRate": 0.0, "partsDensityRate": 2.8, "contentfulness": 7.954545454545454, "phraseRate": 0.0, "pastTenseNum": 4, "presentTenseNum": 89, "condNum": 3, "impNum": 17, "freqNum": 0, "causNum": 0, "modalNum": 4, "sg1VerbNum": 105, "sg2VerbNum": 105, "sg3VerbNum": 105, "pl1VerbNum": 105, "pl2VerbNum": 105, "pl3VerbNum": 105, "superlatNum": 2, "comparatNum": 1, "specDerivSuffixNum": 0, "pluralNounNum": 12, "pastTenseRate": 0.0380952380952381, "presentTenseRate": 0.8476190476190476, "condRate": 0.02857142857142857, "impRate": 0.1619047619047619, "freqRate": 0.0, "causRate": 0.0, "modalRate": 0.0380952380952381, "sg1VerbRate": 1.0, "sg2VerbRate": 1.0, "sg3VerbRate": 1.0, "pl1VerbRate": 1.0, "pl2VerbRate": 1.0, "pl3VerbRate": 1.0, "superlatRate": 0.0392156862745098, "comparatRate": 0.0196078431372549, "specDerivSuffixRate": 0.0, "pluralNounRate": 0.08391608391608392, "subjNum": 72, "objNum": 27, "attNum": 27, "subordNum": 38, "adverbNum": 66, "coordNum": 54, "clauseNum": 125, "simpleNum": 17, "complexNum": 27, "complexity1Num": 9, "complexity2Num": 4, "complexity3Num": 5, "compoundNum": 0, "subjRate": 0.09561752988047809, "objRate": 0.035856573705179286, "attRate": 0.035856573705179286, "subordRate": 0.05046480743691899, "adverbRate": 0.08764940239043825, "coordRate": 0.07171314741035857, "partsRate": 1.968, "clauseRate": 2.840909090909091, "simpleRate": 0.38636363636363635, "complexRate": 0.6136363636363636, "complexity1Rate": 0.20454545454545456, "complexity2Rate": 0.09090909090909091, "complexity3Rate": 0.11363636363636363, "complexClauseRate": 4.0, "sentencesPerParagraph": 6.285714285714286, "wordsLengthRate": 5.055194805194805, "compoundRate": 0.0, "positiveNum": 0, "negativeNum": 0, "precoPositiveNum": 0, "precoNegativeNum": 0, "negemoNum": 0, "negationNum": 16, "functionNum": 403, "contentNum": 350, "vulgarNum": 0, "racistNum": 0, "specStyleNum": 0, "addressingNum": 0, "closingNum": 0, "postscriptNum": 0, "brutalNum": 0, "positiveRate": 0.0, "negativeRate": 0.0, "precoPositiveRate": 0.0, "precoNegativeRate": 0.0, "negemoRate": 0.0, "negationRate": 0.021248339973439574, "functionRate": 0.5351925630810093, "contentRate": 0.4648074369189907, "vulgarRate": 0.0, "racistRate": 0.0, "specStyleRate": 0.0, "addressingRate": 0.0, "closingRate": 0.0, "postscriptRate": 0.0, "brutalRate": 0.0, "epistemicNum": 0, "investNum": 0, "conditionNum": 0, "weaselNum": 0, "peacockNum": 0, "hedgeNum": 0, "doxasticNum": 0, "epistemicRate": 0.0, "investRate": 0.0, "conditionRate": 0.0, "weaselRate": 0.0, "peacockRate": 0.0, "hedgeRate": 0.0, "doxasticRate": 0.0, "loveNum": 0, "anxietyNum": 0, "sorrowNum": 0, "joyNum": 0, "disgustNum": 0, "fearNum": 0, "surpriseNum": 0, "angerNum": 0, "loveRate": 0.0, "anxietyRate": 0.0, "sorrowRate": 0.0, "joyRate": 0.0, "disgustRate": 0.0, "fearRate": 0.0, "surpriseRate": 0.0, "angerRate": 0.0, "slangBeGeneralNum": 0, "slangBeCigaretteNum": 0, "slangBeHumanNum": 0, "slangBeVehicleNum": 0, "slangBeDrugNum": 0, "slangBvNum": 0, "slangBeGeneralRate": 0.0, "slangBeCigaretteRate": 0.0, "slangBeHumanRate": 0.0, "slangBeVehicleRate": 0.0, "slangBeDrugRate": 0.0, "slangBvRate": 0.0, "speechactNum": 0, "quoteNum": 1, "dashNum": 0, "publicNum": 0, "privateNum": 0, "suasiveNum": 0, "discMarkerNum": 0, "smileyNum": 0, "dateNum": 0, "hesitationNum": 0, "restartNum": 0, "repeatNum": 1, "conjBeforeDiscNum": 0, "conjAfterDiscNum": 0, "wordBeforeHesitationNum": 0, "wordAfterHesitationNum": 0, "otherCollocationNum": 0, "speechactRate": 0.0, "quoteRate": 0.0013280212483399733, "dashRate": 0.0, "publicRate": 0.0, "privateRate": 0.0, "suasiveRate": 0.0, "discMarkerRate": 0.0, "smileyRate": 0.0, "dateRate": 0.0, "hesitationRate": 0.0, "restartRate": 0.0, "repeatRate": 0.0013280212483399733, "conjBeforeDiscRate": 0.0, "conjAfterDiscRate": 0.0, "wordBeforeHesitationRate": 0.0, "wordAfterHesitationRate": 0.0, "otherCollocationRate": 0.0, "easyWordNum": 708, "hardWordNum": 45, "easyWordRate": 0.9402390438247012, "hardWordRate": 0.05976095617529881, "fleschReadingEaseScore": 66.1037029156103, "gunningFogIndex": 6.869358927924665, "fleschKincaidGradeLevel": 8.290692683810217, "colemanLiauIndex": 9.519784860557767, "smogIndex": 8.906399129114982, "automatedReadabilityIndex": 7.374188699746469, "linsearWriteIndex": 0.26162018592297476, "author": "", "locationNameNum": 0, "locationNameRate": 0.0, "personNameNum": 0, "personNameRate": 0.0, "organizationNameNum": 0, "organizationNameRate": 0.0, "misspelledNum": 3, "misspelledRate": 0.00398406374501992, "missingAccentNum": 1, "missingAccentRate": 0.0013280212483399733, "foreignAccentNum": 0, "foreignAccentRate": 0.0, "wordConcatNum": 0, "wordConcatRate": 0.0, "jLyMistakeNum": 0, "jLyMistakeRate": 0.0, "publicVNum": 0, "freqSuffixNum": 0, "partsNum": 246, "clauseWordNum": 125, "privateVNum": 0}