{"tokenNum": 513, "sentenceNum": 25, "lemmaNum": 205, "lemmaRate": 0.3996101364522417, "sentenceLength": 20.52, "allUpperNum": 0, "firstUpperNum": 25, "allUpperRate": 0.0, "firstUpperRate": 0.04873294346978557, "declarSentNum": 25, "imperSentNum": 0, "questionNum": 0, "declarSentRate": 1.0, "imperSentRate": 0.0, "questionRate": 0.0, "accent": true, "saturation": 2.6623376623376624, "paragraphNum": 6, "nounNum": 93, "verbNum": 74, "adjNum": 37, "infNum": 14, "partPastNum": 1, "partPresNum": 2, "partFutNum": 0, "transNum": 0, "xNum": 6, "advNum": 40, "properNounNum": 0, "numNum": 0, "conjNum": 52, "punctNum": 91, "pronNum": 45, "relPronNum": 13, "demPronNum": 23, "adposNum": 4, "multiplePunctNum": 0, "phraseNum": 0, "nounRate": 0.18128654970760233, "verbRate": 0.1442495126705653, "adjRate": 0.07212475633528265, "infRate": 0.02729044834307992, "partPastRate": 0.001949317738791423, "partPresRate": 0.003898635477582846, "partFutRate": 0.0, "transRate": 0.0, "xRate": 0.011695906432748537, "advRate": 0.07797270955165692, "properNounRate": 0.0, "numRate": 0.0, "conjRate": 0.10136452241715399, "punctRate": 0.17738791423001948, "pronRate": 0.08771929824561403, "relPronRate": 0.025341130604288498, "demPronRate": 0.04483430799220273, "adposRate": 0.007797270955165692, "multiplePunctRate": 0.0, "partsDensityRate": 3.168831168831169, "contentfulness": 9.76, "phraseRate": 0.0, "pastTenseNum": 5, "presentTenseNum": 56, "condNum": 0, "impNum": 5, "freqNum": 0, "causNum": 0, "modalNum": 2, "sg1VerbNum": 74, "sg2VerbNum": 74, "sg3VerbNum": 74, "pl1VerbNum": 74, "pl2VerbNum": 74, "pl3VerbNum": 74, "superlatNum": 1, "comparatNum": 1, "specDerivSuffixNum": 0, "pluralNounNum": 18, "pastTenseRate": 0.06756756756756757, "presentTenseRate": 0.7567567567567568, "condRate": 0.0, "impRate": 0.06756756756756757, "freqRate": 0.0, "causRate": 0.0, "modalRate": 0.02702702702702703, "sg1VerbRate": 1.0, "sg2VerbRate": 1.0, "sg3VerbRate": 1.0, "pl1VerbRate": 1.0, "pl2VerbRate": 1.0, "pl3VerbRate": 1.0, "superlatRate": 0.02702702702702703, "comparatRate": 0.02702702702702703, "specDerivSuffixRate": 0.0, "pluralNounRate": 0.1935483870967742, "subjNum": 30, "objNum": 30, "attNum": 18, "subordNum": 30, "adverbNum": 59, "coordNum": 34, "clauseNum": 77, "simpleNum": 4, "complexNum": 21, "complexity1Num": 6, "complexity2Num": 7, "complexity3Num": 2, "compoundNum": 0, "subjRate": 0.05847953216374269, "objRate": 0.05847953216374269, "attRate": 0.03508771929824561, "subordRate": 0.05847953216374269, "adverbRate": 0.11500974658869395, "coordRate": 0.06627680311890838, "partsRate": 2.220779220779221, "clauseRate": 3.08, "simpleRate": 0.16, "complexRate": 0.84, "complexity1Rate": 0.24, "complexity2Rate": 0.28, "complexity3Rate": 0.08, "complexClauseRate": 3.4761904761904763, "sentencesPerParagraph": 4.166666666666667, "wordsLengthRate": 5.860189573459715, "compoundRate": 0.0, "positiveNum": 0, "negativeNum": 0, "precoPositiveNum": 0, "precoNegativeNum": 0, "negemoNum": 0, "negationNum": 6, "functionNum": 269, "contentNum": 244, "vulgarNum": 0, "racistNum": 0, "specStyleNum": 0, "addressingNum": 0, "closingNum": 0, "postscriptNum": 0, "brutalNum": 0, "positiveRate": 0.0, "negativeRate": 0.0, "precoPositiveRate": 0.0, "precoNegativeRate": 0.0, "negemoRate": 0.0, "negationRate": 0.011695906432748537, "functionRate": 0.5243664717348928, "contentRate": 0.4756335282651072, "vulgarRate": 0.0, "racistRate": 0.0, "specStyleRate": 0.0, "addressingRate": 0.0, "closingRate": 0.0, "postscriptRate": 0.0, "brutalRate": 0.0, "epistemicNum": 0, "investNum": 0, "conditionNum": 0, "weaselNum": 0, "peacockNum": 0, "hedgeNum": 0, "doxasticNum": 0, "epistemicRate": 0.0, "investRate": 0.0, "conditionRate": 0.0, "weaselRate": 0.0, "peacockRate": 0.0, "hedgeRate": 0.0, "doxasticRate": 0.0, "loveNum": 0, "anxietyNum": 0, "sorrowNum": 0, "joyNum": 0, "disgustNum": 0, "fearNum": 0, "surpriseNum": 0, "angerNum": 0, "loveRate": 0.0, "anxietyRate": 0.0, "sorrowRate": 0.0, "joyRate": 0.0, "disgustRate": 0.0, "fearRate": 0.0, "surpriseRate": 0.0, "angerRate": 0.0, "slangBeGeneralNum": 0, "slangBeCigaretteNum": 0, "slangBeHumanNum": 0, "slangBeVehicleNum": 0, "slangBeDrugNum": 0, "slangBvNum": 0, "slangBeGeneralRate": 0.0, "slangBeCigaretteRate": 0.0, "slangBeHumanRate": 0.0, "slangBeVehicleRate": 0.0, "slangBeDrugRate": 0.0, "slangBvRate": 0.0, "speechactNum": 0, "quoteNum": 0, "dashNum": 0, "publicNum": 0, "privateNum": 0, "suasiveNum": 0, "discMarkerNum": 0, "smileyNum": 0, "dateNum": 0, "hesitationNum": 0, "restartNum": 0, "repeatNum": 1, "conjBeforeDiscNum": 0, "conjAfterDiscNum": 0, "wordBeforeHesitationNum": 0, "wordAfterHesitationNum": 0, "otherCollocationNum": 0, "speechactRate": 0.0, "quoteRate": 0.0, "dashRate": 0.0, "publicRate": 0.0, "privateRate": 0.0, "suasiveRate": 0.0, "discMarkerRate": 0.0, "smileyRate": 0.0, "dateRate": 0.0, "hesitationRate": 0.0, "restartRate": 0.0, "repeatRate": 0.001949317738791423, "conjBeforeDiscRate": 0.0, "conjAfterDiscRate": 0.0, "wordBeforeHesitationRate": 0.0, "wordAfterHesitationRate": 0.0, "otherCollocationRate": 0.0, "easyWordNum": 484, "hardWordNum": 29, "easyWordRate": 0.9434697855750487, "hardWordRate": 0.056530214424951264, "fleschReadingEaseScore": 54.24228771929825, "gunningFogIndex": 8.230612085769982, "fleschKincaidGradeLevel": 10.791357504873297, "colemanLiauIndex": 13.500594541910328, "smogIndex": 8.745826893841286, "automatedReadabilityIndex": 12.260643274853798, "linsearWriteIndex": 1.202729044834308, "author": "", "locationNameNum": 0, "locationNameRate": 0.0, "personNameNum": 0, "personNameRate": 0.0, "organizationNameNum": 0, "organizationNameRate": 0.0, "misspelledNum": 1, "misspelledRate": 0.001949317738791423, "missingAccentNum": 0, "missingAccentRate": 0.0, "foreignAccentNum": 0, "foreignAccentRate": 0.0, "wordConcatNum": 0, "wordConcatRate": 0.0, "jLyMistakeNum": 0, "jLyMistakeRate": 0.0, "publicVNum": 0, "freqSuffixNum": 0, "partsNum": 171, "clauseWordNum": 77, "privateVNum": 0}