{"tokenNum": 394, "sentenceNum": 17, "lemmaNum": 197, "lemmaRate": 0.5, "sentenceLength": 23.176470588235293, "allUpperNum": 0, "firstUpperNum": 17, "allUpperRate": 0.0, "firstUpperRate": 0.04314720812182741, "declarSentNum": 17, "imperSentNum": 0, "questionNum": 0, "declarSentRate": 1.0, "imperSentRate": 0.0, "questionRate": 0.0, "accent": true, "saturation": 3.7169811320754715, "paragraphNum": 4, "nounNum": 67, "verbNum": 49, "adjNum": 52, "infNum": 5, "partPastNum": 1, "partPresNum": 7, "partFutNum": 0, "transNum": 4, "xNum": 4, "advNum": 34, "properNounNum": 0, "numNum": 1, "conjNum": 39, "punctNum": 64, "pronNum": 28, "relPronNum": 6, "demPronNum": 18, "adposNum": 6, "multiplePunctNum": 0, "phraseNum": 0, "nounRate": 0.1700507614213198, "verbRate": 0.12436548223350254, "adjRate": 0.1319796954314721, "infRate": 0.012690355329949238, "partPastRate": 0.0025380710659898475, "partPresRate": 0.017766497461928935, "partFutRate": 0.0, "transRate": 0.01015228426395939, "xRate": 0.01015228426395939, "advRate": 0.08629441624365482, "properNounRate": 0.0, "numRate": 0.0025380710659898475, "conjRate": 0.09898477157360407, "punctRate": 0.16243654822335024, "pronRate": 0.07106598984771574, "relPronRate": 0.015228426395939087, "demPronRate": 0.04568527918781726, "adposRate": 0.015228426395939087, "multiplePunctRate": 0.0, "partsDensityRate": 3.811320754716981, "contentfulness": 11.882352941176471, "phraseRate": 0.0, "pastTenseNum": 9, "presentTenseNum": 36, "condNum": 2, "impNum": 1, "freqNum": 0, "causNum": 0, "modalNum": 4, "sg1VerbNum": 49, "sg2VerbNum": 49, "sg3VerbNum": 49, "pl1VerbNum": 49, "pl2VerbNum": 49, "pl3VerbNum": 49, "superlatNum": 3, "comparatNum": 6, "specDerivSuffixNum": 0, "pluralNounNum": 14, "pastTenseRate": 0.1836734693877551, "presentTenseRate": 0.7346938775510204, "condRate": 0.04081632653061224, "impRate": 0.02040816326530612, "freqRate": 0.0, "causRate": 0.0, "modalRate": 0.08163265306122448, "sg1VerbRate": 1.0, "sg2VerbRate": 1.0, "sg3VerbRate": 1.0, "pl1VerbRate": 1.0, "pl2VerbRate": 1.0, "pl3VerbRate": 1.0, "superlatRate": 0.057692307692307696, "comparatRate": 0.11538461538461539, "specDerivSuffixRate": 0.0, "pluralNounRate": 0.208955223880597, "subjNum": 20, "objNum": 24, "attNum": 34, "subordNum": 21, "adverbNum": 47, "coordNum": 21, "clauseNum": 53, "simpleNum": 3, "complexNum": 14, "complexity1Num": 3, "complexity2Num": 5, "complexity3Num": 3, "compoundNum": 0, "subjRate": 0.050761421319796954, "objRate": 0.06091370558375635, "attRate": 0.08629441624365482, "subordRate": 0.0532994923857868, "adverbRate": 0.11928934010152284, "coordRate": 0.0532994923857868, "partsRate": 2.7547169811320753, "clauseRate": 3.1176470588235294, "simpleRate": 0.17647058823529413, "complexRate": 0.8235294117647058, "complexity1Rate": 0.17647058823529413, "complexity2Rate": 0.29411764705882354, "complexity3Rate": 0.17647058823529413, "complexClauseRate": 3.5714285714285716, "sentencesPerParagraph": 4.25, "wordsLengthRate": 6.157575757575757, "compoundRate": 0.0, "positiveNum": 0, "negativeNum": 0, "precoPositiveNum": 0, "precoNegativeNum": 0, "negemoNum": 0, "negationNum": 3, "functionNum": 192, "contentNum": 202, "vulgarNum": 0, "racistNum": 0, "specStyleNum": 0, "addressingNum": 0, "closingNum": 0, "postscriptNum": 0, "brutalNum": 0, "positiveRate": 0.0, "negativeRate": 0.0, "precoPositiveRate": 0.0, "precoNegativeRate": 0.0, "negemoRate": 0.0, "negationRate": 0.007614213197969543, "functionRate": 0.4873096446700508, "contentRate": 0.5126903553299492, "vulgarRate": 0.0, "racistRate": 0.0, "specStyleRate": 0.0, "addressingRate": 0.0, "closingRate": 0.0, "postscriptRate": 0.0, "brutalRate": 0.0, "epistemicNum": 0, "investNum": 0, "conditionNum": 0, "weaselNum": 0, "peacockNum": 0, "hedgeNum": 0, "doxasticNum": 0, "epistemicRate": 0.0, "investRate": 0.0, "conditionRate": 0.0, "weaselRate": 0.0, "peacockRate": 0.0, "hedgeRate": 0.0, "doxasticRate": 0.0, "loveNum": 0, "anxietyNum": 0, "sorrowNum": 0, "joyNum": 0, "disgustNum": 0, "fearNum": 0, "surpriseNum": 0, "angerNum": 0, "loveRate": 0.0, "anxietyRate": 0.0, "sorrowRate": 0.0, "joyRate": 0.0, "disgustRate": 0.0, "fearRate": 0.0, "surpriseRate": 0.0, "angerRate": 0.0, "slangBeGeneralNum": 0, "slangBeCigaretteNum": 0, "slangBeHumanNum": 0, "slangBeVehicleNum": 0, "slangBeDrugNum": 0, "slangBvNum": 0, "slangBeGeneralRate": 0.0, "slangBeCigaretteRate": 0.0, "slangBeHumanRate": 0.0, "slangBeVehicleRate": 0.0, "slangBeDrugRate": 0.0, "slangBvRate": 0.0, "speechactNum": 0, "quoteNum": 0, "dashNum": 0, "publicNum": 0, "privateNum": 0, "suasiveNum": 0, "discMarkerNum": 0, "smileyNum": 0, "dateNum": 0, "hesitationNum": 0, "restartNum": 0, "repeatNum": 0, "conjBeforeDiscNum": 0, "conjAfterDiscNum": 0, "wordBeforeHesitationNum": 0, "wordAfterHesitationNum": 0, "otherCollocationNum": 0, "speechactRate": 0.0, "quoteRate": 0.0, "dashRate": 0.0, "publicRate": 0.0, "privateRate": 0.0, "suasiveRate": 0.0, "discMarkerRate": 0.0, "smileyRate": 0.0, "dateRate": 0.0, "hesitationRate": 0.0, "restartRate": 0.0, "repeatRate": 0.0, "conjBeforeDiscRate": 0.0, "conjAfterDiscRate": 0.0, "wordBeforeHesitationRate": 0.0, "wordAfterHesitationRate": 0.0, "otherCollocationRate": 0.0, "easyWordNum": 359, "hardWordNum": 35, "easyWordRate": 0.9111675126903553, "hardWordRate": 0.08883248730964467, "fleschReadingEaseScore": 42.66875037324576, "gunningFogIndex": 9.306121230217975, "fleschKincaidGradeLevel": 13.065574798447301, "colemanLiauIndex": 15.413880710659896, "smogIndex": 9.2995712137729, "automatedReadabilityIndex": 15.118844431173486, "linsearWriteIndex": 2.433860853986264, "author": "", "locationNameNum": 0, "locationNameRate": 0.0, "personNameNum": 0, "personNameRate": 0.0, "organizationNameNum": 0, "organizationNameRate": 0.0, "misspelledNum": 2, "misspelledRate": 0.005076142131979695, "missingAccentNum": 1, "missingAccentRate": 0.0025380710659898475, "foreignAccentNum": 0, "foreignAccentRate": 0.0, "wordConcatNum": 0, "wordConcatRate": 0.0, "jLyMistakeNum": 0, "jLyMistakeRate": 0.0, "publicVNum": 0, "freqSuffixNum": 0, "partsNum": 146, "clauseWordNum": 53, "privateVNum": 0}