{"tokenNum": 534, "sentenceNum": 28, "lemmaNum": 238, "lemmaRate": 0.44569288389513106, "sentenceLength": 19.071428571428573, "allUpperNum": 0, "firstUpperNum": 28, "allUpperRate": 0.0, "firstUpperRate": 0.052434456928838954, "declarSentNum": 25, "imperSentNum": 3, "questionNum": 0, "declarSentRate": 0.8928571428571429, "imperSentRate": 0.10714285714285714, "questionRate": 0.0, "accent": true, "saturation": 3.26027397260274, "paragraphNum": 6, "nounNum": 108, "verbNum": 69, "adjNum": 52, "infNum": 9, "partPastNum": 3, "partPresNum": 4, "partFutNum": 0, "transNum": 1, "xNum": 6, "advNum": 49, "properNounNum": 0, "numNum": 3, "conjNum": 41, "punctNum": 88, "pronNum": 35, "relPronNum": 12, "demPronNum": 17, "adposNum": 6, "multiplePunctNum": 0, "phraseNum": 0, "nounRate": 0.20224719101123595, "verbRate": 0.12921348314606743, "adjRate": 0.09737827715355805, "infRate": 0.016853932584269662, "partPastRate": 0.0056179775280898875, "partPresRate": 0.00749063670411985, "partFutRate": 0.0, "transRate": 0.0018726591760299626, "xRate": 0.011235955056179775, "advRate": 0.09176029962546817, "properNounRate": 0.0, "numRate": 0.0056179775280898875, "conjRate": 0.07677902621722846, "punctRate": 0.1647940074906367, "pronRate": 0.06554307116104868, "relPronRate": 0.02247191011235955, "demPronRate": 0.031835205992509365, "adposRate": 0.011235955056179775, "multiplePunctRate": 0.0, "partsDensityRate": 3.808219178082192, "contentfulness": 9.928571428571429, "phraseRate": 0.0, "pastTenseNum": 1, "presentTenseNum": 60, "condNum": 5, "impNum": 15, "freqNum": 0, "causNum": 0, "modalNum": 3, "sg1VerbNum": 69, "sg2VerbNum": 69, "sg3VerbNum": 69, "pl1VerbNum": 69, "pl2VerbNum": 69, "pl3VerbNum": 69, "superlatNum": 2, "comparatNum": 0, "specDerivSuffixNum": 0, "pluralNounNum": 25, "pastTenseRate": 0.014492753623188406, "presentTenseRate": 0.8695652173913043, "condRate": 0.07246376811594203, "impRate": 0.21739130434782608, "freqRate": 0.0, "causRate": 0.0, "modalRate": 0.043478260869565216, "sg1VerbRate": 1.0, "sg2VerbRate": 1.0, "sg3VerbRate": 1.0, "pl1VerbRate": 1.0, "pl2VerbRate": 1.0, "pl3VerbRate": 1.0, "superlatRate": 0.038461538461538464, "comparatRate": 0.0, "specDerivSuffixRate": 0.0, "pluralNounRate": 0.23148148148148148, "subjNum": 27, "objNum": 26, "attNum": 36, "subordNum": 23, "adverbNum": 58, "coordNum": 39, "clauseNum": 73, "simpleNum": 6, "complexNum": 22, "complexity1Num": 10, "complexity2Num": 7, "complexity3Num": 2, "compoundNum": 0, "subjRate": 0.05056179775280899, "objRate": 0.04868913857677903, "attRate": 0.06741573033707865, "subordRate": 0.04307116104868914, "adverbRate": 0.10861423220973783, "coordRate": 0.07303370786516854, "partsRate": 2.547945205479452, "clauseRate": 2.607142857142857, "simpleRate": 0.21428571428571427, "complexRate": 0.7857142857142857, "complexity1Rate": 0.35714285714285715, "complexity2Rate": 0.25, "complexity3Rate": 0.07142857142857142, "complexClauseRate": 3.0454545454545454, "sentencesPerParagraph": 4.666666666666667, "wordsLengthRate": 5.748878923766816, "compoundRate": 0.0, "positiveNum": 0, "negativeNum": 0, "precoPositiveNum": 0, "precoNegativeNum": 0, "negemoNum": 0, "negationNum": 6, "functionNum": 256, "contentNum": 278, "vulgarNum": 0, "racistNum": 0, "specStyleNum": 0, "addressingNum": 0, "closingNum": 0, "postscriptNum": 0, "brutalNum": 0, "positiveRate": 0.0, "negativeRate": 0.0, "precoPositiveRate": 0.0, "precoNegativeRate": 0.0, "negemoRate": 0.0, "negationRate": 0.011235955056179775, "functionRate": 0.4794007490636704, "contentRate": 0.5205992509363296, "vulgarRate": 0.0, "racistRate": 0.0, "specStyleRate": 0.0, "addressingRate": 0.0, "closingRate": 0.0, "postscriptRate": 0.0, "brutalRate": 0.0, "epistemicNum": 0, "investNum": 0, "conditionNum": 0, "weaselNum": 0, "peacockNum": 0, "hedgeNum": 0, "doxasticNum": 0, "epistemicRate": 0.0, "investRate": 0.0, "conditionRate": 0.0, "weaselRate": 0.0, "peacockRate": 0.0, "hedgeRate": 0.0, "doxasticRate": 0.0, "loveNum": 0, "anxietyNum": 0, "sorrowNum": 0, "joyNum": 0, "disgustNum": 0, "fearNum": 0, "surpriseNum": 0, "angerNum": 0, "loveRate": 0.0, "anxietyRate": 0.0, "sorrowRate": 0.0, "joyRate": 0.0, "disgustRate": 0.0, "fearRate": 0.0, "surpriseRate": 0.0, "angerRate": 0.0, "slangBeGeneralNum": 0, "slangBeCigaretteNum": 0, "slangBeHumanNum": 0, "slangBeVehicleNum": 0, "slangBeDrugNum": 0, "slangBvNum": 0, "slangBeGeneralRate": 0.0, "slangBeCigaretteRate": 0.0, "slangBeHumanRate": 0.0, "slangBeVehicleRate": 0.0, "slangBeDrugRate": 0.0, "slangBvRate": 0.0, "speechactNum": 0, "quoteNum": 0, "dashNum": 0, "publicNum": 0, "privateNum": 0, "suasiveNum": 0, "discMarkerNum": 0, "smileyNum": 0, "dateNum": 0, "hesitationNum": 0, "restartNum": 1, "repeatNum": 1, "conjBeforeDiscNum": 0, "conjAfterDiscNum": 0, "wordBeforeHesitationNum": 0, "wordAfterHesitationNum": 0, "otherCollocationNum": 0, "speechactRate": 0.0, "quoteRate": 0.0, "dashRate": 0.0, "publicRate": 0.0, "privateRate": 0.0, "suasiveRate": 0.0, "discMarkerRate": 0.0, "smileyRate": 0.0, "dateRate": 0.0, "hesitationRate": 0.0, "restartRate": 0.0018726591760299626, "repeatRate": 0.0018726591760299626, "conjBeforeDiscRate": 0.0, "conjAfterDiscRate": 0.0, "wordBeforeHesitationRate": 0.0, "wordAfterHesitationRate": 0.0, "otherCollocationRate": 0.0, "easyWordNum": 500, "hardWordNum": 34, "easyWordRate": 0.9363295880149812, "hardWordRate": 0.06367041198501873, "fleschReadingEaseScore": 53.92356741573036, "gunningFogIndex": 7.654039593365437, "fleschKincaidGradeLevel": 10.475947030497593, "colemanLiauIndex": 13.307913857677896, "smogIndex": 9.210782826323648, "automatedReadabilityIndex": 11.382287319422147, "linsearWriteIndex": 0.9930444087747461, "author": "", "locationNameNum": 0, "locationNameRate": 0.0, "personNameNum": 0, "personNameRate": 0.0, "organizationNameNum": 0, "organizationNameRate": 0.0, "misspelledNum": 1, "misspelledRate": 0.0018726591760299626, "missingAccentNum": 1, "missingAccentRate": 0.0018726591760299626, "foreignAccentNum": 0, "foreignAccentRate": 0.0, "wordConcatNum": 0, "wordConcatRate": 0.0, "jLyMistakeNum": 0, "jLyMistakeRate": 0.0, "publicVNum": 0, "freqSuffixNum": 0, "partsNum": 186, "clauseWordNum": 73, "privateVNum": 0}