{"tokenNum": 474, "sentenceNum": 24, "lemmaNum": 218, "lemmaRate": 0.459915611814346, "sentenceLength": 19.75, "allUpperNum": 1, "firstUpperNum": 24, "allUpperRate": 0.002109704641350211, "firstUpperRate": 0.05063291139240506, "declarSentNum": 21, "imperSentNum": 2, "questionNum": 1, "declarSentRate": 0.875, "imperSentRate": 0.08333333333333333, "questionRate": 0.041666666666666664, "accent": true, "saturation": 2.945945945945946, "paragraphNum": 4, "nounNum": 80, "verbNum": 66, "adjNum": 38, "infNum": 9, "partPastNum": 2, "partPresNum": 3, "partFutNum": 0, "transNum": 3, "xNum": 4, "advNum": 50, "properNounNum": 0, "numNum": 0, "conjNum": 41, "punctNum": 84, "pronNum": 37, "relPronNum": 11, "demPronNum": 30, "adposNum": 3, "multiplePunctNum": 3, "phraseNum": 0, "nounRate": 0.16877637130801687, "verbRate": 0.13924050632911392, "adjRate": 0.08016877637130802, "infRate": 0.0189873417721519, "partPastRate": 0.004219409282700422, "partPresRate": 0.006329113924050633, "partFutRate": 0.0, "transRate": 0.006329113924050633, "xRate": 0.008438818565400843, "advRate": 0.10548523206751055, "properNounRate": 0.0, "numRate": 0.0, "conjRate": 0.08649789029535865, "punctRate": 0.17721518987341772, "pronRate": 0.07805907172995781, "relPronRate": 0.023206751054852322, "demPronRate": 0.06329113924050633, "adposRate": 0.006329113924050633, "multiplePunctRate": 0.03571428571428571, "partsDensityRate": 3.1621621621621623, "contentfulness": 9.75, "phraseRate": 0.0, "pastTenseNum": 8, "presentTenseNum": 49, "condNum": 3, "impNum": 6, "freqNum": 0, "causNum": 0, "modalNum": 2, "sg1VerbNum": 66, "sg2VerbNum": 66, "sg3VerbNum": 66, "pl1VerbNum": 66, "pl2VerbNum": 66, "pl3VerbNum": 66, "superlatNum": 0, "comparatNum": 1, "specDerivSuffixNum": 0, "pluralNounNum": 17, "pastTenseRate": 0.12121212121212122, "presentTenseRate": 0.7424242424242424, "condRate": 0.045454545454545456, "impRate": 0.09090909090909091, "freqRate": 0.0, "causRate": 0.0, "modalRate": 0.030303030303030304, "sg1VerbRate": 1.0, "sg2VerbRate": 1.0, "sg3VerbRate": 1.0, "pl1VerbRate": 1.0, "pl2VerbRate": 1.0, "pl3VerbRate": 1.0, "superlatRate": 0.0, "comparatRate": 0.02631578947368421, "specDerivSuffixRate": 0.0, "pluralNounRate": 0.2125, "subjNum": 33, "objNum": 23, "attNum": 25, "subordNum": 29, "adverbNum": 59, "coordNum": 23, "clauseNum": 74, "simpleNum": 4, "complexNum": 20, "complexity1Num": 6, "complexity2Num": 5, "complexity3Num": 3, "compoundNum": 0, "subjRate": 0.06962025316455696, "objRate": 0.04852320675105485, "attRate": 0.052742616033755275, "subordRate": 0.06118143459915612, "adverbRate": 0.12447257383966245, "coordRate": 0.04852320675105485, "partsRate": 2.2027027027027026, "clauseRate": 3.0833333333333335, "simpleRate": 0.16666666666666666, "complexRate": 0.8333333333333334, "complexity1Rate": 0.25, "complexity2Rate": 0.20833333333333334, "complexity3Rate": 0.125, "complexClauseRate": 3.5, "sentencesPerParagraph": 6.0, "wordsLengthRate": 5.584615384615384, "compoundRate": 0.0, "positiveNum": 0, "negativeNum": 0, "precoPositiveNum": 0, "precoNegativeNum": 0, "negemoNum": 0, "negationNum": 3, "functionNum": 240, "contentNum": 234, "vulgarNum": 0, "racistNum": 0, "specStyleNum": 0, "addressingNum": 0, "closingNum": 0, "postscriptNum": 0, "brutalNum": 0, "positiveRate": 0.0, "negativeRate": 0.0, "precoPositiveRate": 0.0, "precoNegativeRate": 0.0, "negemoRate": 0.0, "negationRate": 0.006329113924050633, "functionRate": 0.5063291139240507, "contentRate": 0.4936708860759494, "vulgarRate": 0.0, "racistRate": 0.0, "specStyleRate": 0.0, "addressingRate": 0.0, "closingRate": 0.0, "postscriptRate": 0.0, "brutalRate": 0.0, "epistemicNum": 0, "investNum": 0, "conditionNum": 0, "weaselNum": 0, "peacockNum": 0, "hedgeNum": 0, "doxasticNum": 0, "epistemicRate": 0.0, "investRate": 0.0, "conditionRate": 0.0, "weaselRate": 0.0, "peacockRate": 0.0, "hedgeRate": 0.0, "doxasticRate": 0.0, "loveNum": 0, "anxietyNum": 0, "sorrowNum": 0, "joyNum": 0, "disgustNum": 0, "fearNum": 0, "surpriseNum": 0, "angerNum": 0, "loveRate": 0.0, "anxietyRate": 0.0, "sorrowRate": 0.0, "joyRate": 0.0, "disgustRate": 0.0, "fearRate": 0.0, "surpriseRate": 0.0, "angerRate": 0.0, "slangBeGeneralNum": 0, "slangBeCigaretteNum": 0, "slangBeHumanNum": 0, "slangBeVehicleNum": 0, "slangBeDrugNum": 0, "slangBvNum": 0, "slangBeGeneralRate": 0.0, "slangBeCigaretteRate": 0.0, "slangBeHumanRate": 0.0, "slangBeVehicleRate": 0.0, "slangBeDrugRate": 0.0, "slangBvRate": 0.0, "speechactNum": 0, "quoteNum": 0, "dashNum": 0, "publicNum": 0, "privateNum": 0, "suasiveNum": 0, "discMarkerNum": 0, "smileyNum": 0, "dateNum": 0, "hesitationNum": 0, "restartNum": 0, "repeatNum": 1, "conjBeforeDiscNum": 0, "conjAfterDiscNum": 0, "wordBeforeHesitationNum": 0, "wordAfterHesitationNum": 0, "otherCollocationNum": 0, "speechactRate": 0.0, "quoteRate": 0.0, "dashRate": 0.0, "publicRate": 0.0, "privateRate": 0.0, "suasiveRate": 0.0, "discMarkerRate": 0.0, "smileyRate": 0.0, "dateRate": 0.0, "hesitationRate": 0.0, "restartRate": 0.0, "repeatRate": 0.002109704641350211, "conjBeforeDiscRate": 0.0, "conjAfterDiscRate": 0.0, "wordBeforeHesitationRate": 0.0, "wordAfterHesitationRate": 0.0, "otherCollocationRate": 0.0, "easyWordNum": 446, "hardWordNum": 28, "easyWordRate": 0.9409282700421941, "hardWordRate": 0.05907172995780591, "fleschReadingEaseScore": 57.56849683544306, "gunningFogIndex": 7.923628691983123, "fleschKincaidGradeLevel": 10.136128691983124, "colemanLiauIndex": 12.282970464135019, "smogIndex": 8.648137234880735, "automatedReadabilityIndex": 10.901962025316458, "linsearWriteIndex": 1.3118846694796065, "author": "", "locationNameNum": 0, "locationNameRate": 0.0, "personNameNum": 0, "personNameRate": 0.0, "organizationNameNum": 0, "organizationNameRate": 0.0, "misspelledNum": 2, "misspelledRate": 0.004219409282700422, "missingAccentNum": 0, "missingAccentRate": 0.0, "foreignAccentNum": 0, "foreignAccentRate": 0.0, "wordConcatNum": 1, "wordConcatRate": 0.002109704641350211, "jLyMistakeNum": 0, "jLyMistakeRate": 0.0, "publicVNum": 0, "freqSuffixNum": 0, "partsNum": 163, "clauseWordNum": 74, "privateVNum": 0}