{"tokenNum": 405, "sentenceNum": 26, "lemmaNum": 218, "lemmaRate": 0.5382716049382716, "sentenceLength": 15.576923076923077, "allUpperNum": 0, "firstUpperNum": 26, "allUpperRate": 0.0, "firstUpperRate": 0.06419753086419754, "declarSentNum": 23, "imperSentNum": 1, "questionNum": 2, "declarSentRate": 0.8846153846153846, "imperSentRate": 0.038461538461538464, "questionRate": 0.07692307692307693, "accent": true, "saturation": 3.963636363636364, "paragraphNum": 5, "nounNum": 93, "verbNum": 53, "adjNum": 56, "infNum": 9, "partPastNum": 2, "partPresNum": 7, "partFutNum": 0, "transNum": 2, "xNum": 5, "advNum": 31, "properNounNum": 0, "numNum": 0, "conjNum": 28, "punctNum": 69, "pronNum": 20, "relPronNum": 6, "demPronNum": 17, "adposNum": 2, "multiplePunctNum": 0, "phraseNum": 0, "nounRate": 0.22962962962962963, "verbRate": 0.1308641975308642, "adjRate": 0.1382716049382716, "infRate": 0.022222222222222223, "partPastRate": 0.0049382716049382715, "partPresRate": 0.01728395061728395, "partFutRate": 0.0, "transRate": 0.0049382716049382715, "xRate": 0.012345679012345678, "advRate": 0.07654320987654321, "properNounRate": 0.0, "numRate": 0.0, "conjRate": 0.0691358024691358, "punctRate": 0.17037037037037037, "pronRate": 0.04938271604938271, "relPronRate": 0.014814814814814815, "demPronRate": 0.04197530864197531, "adposRate": 0.0049382716049382715, "multiplePunctRate": 0.0, "partsDensityRate": 4.236363636363636, "contentfulness": 8.961538461538462, "phraseRate": 0.0, "pastTenseNum": 5, "presentTenseNum": 39, "condNum": 6, "impNum": 1, "freqNum": 0, "causNum": 1, "modalNum": 2, "sg1VerbNum": 53, "sg2VerbNum": 53, "sg3VerbNum": 53, "pl1VerbNum": 53, "pl2VerbNum": 53, "pl3VerbNum": 53, "superlatNum": 0, "comparatNum": 1, "specDerivSuffixNum": 0, "pluralNounNum": 27, "pastTenseRate": 0.09433962264150944, "presentTenseRate": 0.7358490566037735, "condRate": 0.11320754716981132, "impRate": 0.018867924528301886, "freqRate": 0.0, "causRate": 0.018867924528301886, "modalRate": 0.03773584905660377, "sg1VerbRate": 1.0, "sg2VerbRate": 1.0, "sg3VerbRate": 1.0, "pl1VerbRate": 1.0, "pl2VerbRate": 1.0, "pl3VerbRate": 1.0, "superlatRate": 0.0, "comparatRate": 0.017857142857142856, "specDerivSuffixRate": 0.0, "pluralNounRate": 0.2903225806451613, "subjNum": 22, "objNum": 23, "attNum": 43, "subordNum": 17, "adverbNum": 43, "coordNum": 19, "clauseNum": 55, "simpleNum": 5, "complexNum": 21, "complexity1Num": 15, "complexity2Num": 4, "complexity3Num": 2, "compoundNum": 0, "subjRate": 0.05432098765432099, "objRate": 0.056790123456790124, "attRate": 0.10617283950617284, "subordRate": 0.04197530864197531, "adverbRate": 0.10617283950617284, "coordRate": 0.04691358024691358, "partsRate": 2.727272727272727, "clauseRate": 2.1153846153846154, "simpleRate": 0.19230769230769232, "complexRate": 0.8076923076923077, "complexity1Rate": 0.5769230769230769, "complexity2Rate": 0.15384615384615385, "complexity3Rate": 0.07692307692307693, "complexClauseRate": 2.380952380952381, "sentencesPerParagraph": 5.2, "wordsLengthRate": 6.488095238095238, "compoundRate": 0.0, "positiveNum": 0, "negativeNum": 0, "precoPositiveNum": 0, "precoNegativeNum": 0, "negemoNum": 0, "negationNum": 9, "functionNum": 172, "contentNum": 233, "vulgarNum": 0, "racistNum": 0, "specStyleNum": 0, "addressingNum": 0, "closingNum": 0, "postscriptNum": 0, "brutalNum": 0, "positiveRate": 0.0, "negativeRate": 0.0, "precoPositiveRate": 0.0, "precoNegativeRate": 0.0, "negemoRate": 0.0, "negationRate": 0.022222222222222223, "functionRate": 0.4246913580246914, "contentRate": 0.5753086419753086, "vulgarRate": 0.0, "racistRate": 0.0, "specStyleRate": 0.0, "addressingRate": 0.0, "closingRate": 0.0, "postscriptRate": 0.0, "brutalRate": 0.0, "epistemicNum": 0, "investNum": 0, "conditionNum": 0, "weaselNum": 0, "peacockNum": 0, "hedgeNum": 0, "doxasticNum": 0, "epistemicRate": 0.0, "investRate": 0.0, "conditionRate": 0.0, "weaselRate": 0.0, "peacockRate": 0.0, "hedgeRate": 0.0, "doxasticRate": 0.0, "loveNum": 0, "anxietyNum": 0, "sorrowNum": 0, "joyNum": 0, "disgustNum": 0, "fearNum": 0, "surpriseNum": 0, "angerNum": 0, "loveRate": 0.0, "anxietyRate": 0.0, "sorrowRate": 0.0, "joyRate": 0.0, "disgustRate": 0.0, "fearRate": 0.0, "surpriseRate": 0.0, "angerRate": 0.0, "slangBeGeneralNum": 0, "slangBeCigaretteNum": 0, "slangBeHumanNum": 0, "slangBeVehicleNum": 0, "slangBeDrugNum": 0, "slangBvNum": 0, "slangBeGeneralRate": 0.0, "slangBeCigaretteRate": 0.0, "slangBeHumanRate": 0.0, "slangBeVehicleRate": 0.0, "slangBeDrugRate": 0.0, "slangBvRate": 0.0, "speechactNum": 0, "quoteNum": 4, "dashNum": 0, "publicNum": 0, "privateNum": 0, "suasiveNum": 0, "discMarkerNum": 0, "smileyNum": 0, "dateNum": 0, "hesitationNum": 0, "restartNum": 0, "repeatNum": 0, "conjBeforeDiscNum": 0, "conjAfterDiscNum": 0, "wordBeforeHesitationNum": 0, "wordAfterHesitationNum": 0, "otherCollocationNum": 0, "speechactRate": 0.0, "quoteRate": 0.009876543209876543, "dashRate": 0.0, "publicRate": 0.0, "privateRate": 0.0, "suasiveRate": 0.0, "discMarkerRate": 0.0, "smileyRate": 0.0, "dateRate": 0.0, "hesitationRate": 0.0, "restartRate": 0.0, "repeatRate": 0.0, "conjBeforeDiscRate": 0.0, "conjAfterDiscRate": 0.0, "wordBeforeHesitationRate": 0.0, "wordAfterHesitationRate": 0.0, "otherCollocationRate": 0.0, "easyWordNum": 353, "hardWordNum": 52, "easyWordRate": 0.8716049382716049, "hardWordRate": 0.12839506172839507, "fleschReadingEaseScore": 41.042200854700866, "gunningFogIndex": 6.281139601139602, "fleschKincaidGradeLevel": 11.404506172839508, "colemanLiauIndex": 16.762054320987655, "smogIndex": 10.65027996061788, "automatedReadabilityIndex": 12.397202279202283, "linsearWriteIndex": 1.393162393162393, "author": "", "locationNameNum": 0, "locationNameRate": 0.0, "personNameNum": 0, "personNameRate": 0.0, "organizationNameNum": 0, "organizationNameRate": 0.0, "misspelledNum": 2, "misspelledRate": 0.0049382716049382715, "missingAccentNum": 1, "missingAccentRate": 0.0024691358024691358, "foreignAccentNum": 0, "foreignAccentRate": 0.0, "wordConcatNum": 0, "wordConcatRate": 0.0, "jLyMistakeNum": 0, "jLyMistakeRate": 0.0, "publicVNum": 0, "freqSuffixNum": 0, "partsNum": 150, "clauseWordNum": 55, "privateVNum": 0}