{"tokenNum": 478, "sentenceNum": 22, "lemmaNum": 209, "lemmaRate": 0.4372384937238494, "sentenceLength": 21.727272727272727, "allUpperNum": 0, "firstUpperNum": 22, "allUpperRate": 0.0, "firstUpperRate": 0.04602510460251046, "declarSentNum": 21, "imperSentNum": 0, "questionNum": 1, "declarSentRate": 0.9545454545454546, "imperSentRate": 0.0, "questionRate": 0.045454545454545456, "accent": true, "saturation": 3.4833333333333334, "paragraphNum": 4, "nounNum": 113, "verbNum": 55, "adjNum": 47, "infNum": 12, "partPastNum": 1, "partPresNum": 4, "partFutNum": 0, "transNum": 2, "xNum": 4, "advNum": 21, "properNounNum": 0, "numNum": 4, "conjNum": 51, "punctNum": 78, "pronNum": 34, "relPronNum": 7, "demPronNum": 16, "adposNum": 5, "multiplePunctNum": 0, "phraseNum": 0, "nounRate": 0.23640167364016737, "verbRate": 0.11506276150627615, "adjRate": 0.09832635983263599, "infRate": 0.02510460251046025, "partPastRate": 0.0020920502092050207, "partPresRate": 0.008368200836820083, "partFutRate": 0.0, "transRate": 0.0041841004184100415, "xRate": 0.008368200836820083, "advRate": 0.043933054393305436, "properNounRate": 0.0, "numRate": 0.008368200836820083, "conjRate": 0.10669456066945607, "punctRate": 0.16317991631799164, "pronRate": 0.07112970711297072, "relPronRate": 0.014644351464435146, "demPronRate": 0.03347280334728033, "adposRate": 0.010460251046025104, "multiplePunctRate": 0.0, "partsDensityRate": 3.933333333333333, "contentfulness": 10.727272727272727, "phraseRate": 0.0, "pastTenseNum": 0, "presentTenseNum": 43, "condNum": 8, "impNum": 4, "freqNum": 0, "causNum": 0, "modalNum": 0, "sg1VerbNum": 55, "sg2VerbNum": 55, "sg3VerbNum": 55, "pl1VerbNum": 55, "pl2VerbNum": 55, "pl3VerbNum": 55, "superlatNum": 0, "comparatNum": 0, "specDerivSuffixNum": 0, "pluralNounNum": 23, "pastTenseRate": 0.0, "presentTenseRate": 0.7818181818181819, "condRate": 0.14545454545454545, "impRate": 0.07272727272727272, "freqRate": 0.0, "causRate": 0.0, "modalRate": 0.0, "sg1VerbRate": 1.0, "sg2VerbRate": 1.0, "sg3VerbRate": 1.0, "pl1VerbRate": 1.0, "pl2VerbRate": 1.0, "pl3VerbRate": 1.0, "superlatRate": 0.0, "comparatRate": 0.0, "specDerivSuffixRate": 0.0, "pluralNounRate": 0.20353982300884957, "subjNum": 34, "objNum": 30, "attNum": 34, "subordNum": 23, "adverbNum": 29, "coordNum": 37, "clauseNum": 60, "simpleNum": 4, "complexNum": 18, "complexity1Num": 5, "complexity2Num": 6, "complexity3Num": 7, "compoundNum": 0, "subjRate": 0.07112970711297072, "objRate": 0.06276150627615062, "attRate": 0.07112970711297072, "subordRate": 0.04811715481171548, "adverbRate": 0.060669456066945605, "coordRate": 0.07740585774058577, "partsRate": 2.7333333333333334, "clauseRate": 2.727272727272727, "simpleRate": 0.18181818181818182, "complexRate": 0.8181818181818182, "complexity1Rate": 0.22727272727272727, "complexity2Rate": 0.2727272727272727, "complexity3Rate": 0.3181818181818182, "complexClauseRate": 3.111111111111111, "sentencesPerParagraph": 5.5, "wordsLengthRate": 5.9575, "compoundRate": 0.0, "positiveNum": 0, "negativeNum": 0, "precoPositiveNum": 0, "precoNegativeNum": 0, "negemoNum": 0, "negationNum": 8, "functionNum": 242, "contentNum": 236, "vulgarNum": 0, "racistNum": 0, "specStyleNum": 0, "addressingNum": 0, "closingNum": 0, "postscriptNum": 0, "brutalNum": 0, "positiveRate": 0.0, "negativeRate": 0.0, "precoPositiveRate": 0.0, "precoNegativeRate": 0.0, "negemoRate": 0.0, "negationRate": 0.016736401673640166, "functionRate": 0.5062761506276151, "contentRate": 0.49372384937238495, "vulgarRate": 0.0, "racistRate": 0.0, "specStyleRate": 0.0, "addressingRate": 0.0, "closingRate": 0.0, "postscriptRate": 0.0, "brutalRate": 0.0, "epistemicNum": 0, "investNum": 0, "conditionNum": 0, "weaselNum": 0, "peacockNum": 0, "hedgeNum": 0, "doxasticNum": 0, "epistemicRate": 0.0, "investRate": 0.0, "conditionRate": 0.0, "weaselRate": 0.0, "peacockRate": 0.0, "hedgeRate": 0.0, "doxasticRate": 0.0, "loveNum": 0, "anxietyNum": 0, "sorrowNum": 0, "joyNum": 0, "disgustNum": 0, "fearNum": 0, "surpriseNum": 0, "angerNum": 0, "loveRate": 0.0, "anxietyRate": 0.0, "sorrowRate": 0.0, "joyRate": 0.0, "disgustRate": 0.0, "fearRate": 0.0, "surpriseRate": 0.0, "angerRate": 0.0, "slangBeGeneralNum": 0, "slangBeCigaretteNum": 0, "slangBeHumanNum": 0, "slangBeVehicleNum": 0, "slangBeDrugNum": 0, "slangBvNum": 0, "slangBeGeneralRate": 0.0, "slangBeCigaretteRate": 0.0, "slangBeHumanRate": 0.0, "slangBeVehicleRate": 0.0, "slangBeDrugRate": 0.0, "slangBvRate": 0.0, "speechactNum": 0, "quoteNum": 0, "dashNum": 0, "publicNum": 0, "privateNum": 0, "suasiveNum": 0, "discMarkerNum": 0, "smileyNum": 0, "dateNum": 0, "hesitationNum": 0, "restartNum": 0, "repeatNum": 0, "conjBeforeDiscNum": 0, "conjAfterDiscNum": 0, "wordBeforeHesitationNum": 0, "wordAfterHesitationNum": 0, "otherCollocationNum": 0, "speechactRate": 0.0, "quoteRate": 0.0, "dashRate": 0.0, "publicRate": 0.0, "privateRate": 0.0, "suasiveRate": 0.0, "discMarkerRate": 0.0, "smileyRate": 0.0, "dateRate": 0.0, "hesitationRate": 0.0, "restartRate": 0.0, "repeatRate": 0.0, "conjBeforeDiscRate": 0.0, "conjAfterDiscRate": 0.0, "wordBeforeHesitationRate": 0.0, "wordAfterHesitationRate": 0.0, "otherCollocationRate": 0.0, "easyWordNum": 433, "hardWordNum": 45, "easyWordRate": 0.9058577405857741, "hardWordRate": 0.09414225941422594, "fleschReadingEaseScore": 46.731608976797276, "gunningFogIndex": 8.728565994674781, "fleschKincaidGradeLevel": 12.13886648915938, "colemanLiauIndex": 14.4261589958159, "smogIndex": 10.125756701596842, "automatedReadabilityIndex": 13.604410422213768, "linsearWriteIndex": 1.6816279954355267, "author": "", "locationNameNum": 0, "locationNameRate": 0.0, "personNameNum": 0, "personNameRate": 0.0, "organizationNameNum": 0, "organizationNameRate": 0.0, "misspelledNum": 1, "misspelledRate": 0.0020920502092050207, "missingAccentNum": 0, "missingAccentRate": 0.0, "foreignAccentNum": 0, "foreignAccentRate": 0.0, "wordConcatNum": 0, "wordConcatRate": 0.0, "jLyMistakeNum": 0, "jLyMistakeRate": 0.0, "publicVNum": 0, "freqSuffixNum": 0, "partsNum": 164, "clauseWordNum": 60, "privateVNum": 0}