{"tokenNum": 496, "sentenceNum": 26, "lemmaNum": 246, "lemmaRate": 0.4959677419354839, "sentenceLength": 19.076923076923077, "allUpperNum": 1, "firstUpperNum": 28, "allUpperRate": 0.0020161290322580645, "firstUpperRate": 0.056451612903225805, "declarSentNum": 21, "imperSentNum": 1, "questionNum": 4, "declarSentRate": 0.8076923076923077, "imperSentRate": 0.038461538461538464, "questionRate": 0.15384615384615385, "accent": true, "saturation": 4.315789473684211, "paragraphNum": 4, "nounNum": 108, "verbNum": 45, "adjNum": 55, "infNum": 2, "partPastNum": 1, "partPresNum": 3, "partFutNum": 0, "transNum": 1, "xNum": 4, "advNum": 43, "properNounNum": 2, "numNum": 1, "conjNum": 46, "punctNum": 77, "pronNum": 30, "relPronNum": 8, "demPronNum": 20, "adposNum": 9, "multiplePunctNum": 0, "phraseNum": 0, "nounRate": 0.21774193548387097, "verbRate": 0.0907258064516129, "adjRate": 0.11088709677419355, "infRate": 0.004032258064516129, "partPastRate": 0.0020161290322580645, "partPresRate": 0.006048387096774193, "partFutRate": 0.0, "transRate": 0.0020161290322580645, "xRate": 0.008064516129032258, "advRate": 0.08669354838709678, "properNounRate": 0.004032258064516129, "numRate": 0.0020161290322580645, "conjRate": 0.09274193548387097, "punctRate": 0.15524193548387097, "pronRate": 0.06048387096774194, "relPronRate": 0.016129032258064516, "demPronRate": 0.04032258064516129, "adposRate": 0.018145161290322582, "multiplePunctRate": 0.0, "partsDensityRate": 4.4035087719298245, "contentfulness": 9.653846153846153, "phraseRate": 0.0, "pastTenseNum": 7, "presentTenseNum": 36, "condNum": 1, "impNum": 6, "freqNum": 0, "causNum": 0, "modalNum": 2, "sg1VerbNum": 45, "sg2VerbNum": 45, "sg3VerbNum": 45, "pl1VerbNum": 45, "pl2VerbNum": 45, "pl3VerbNum": 45, "superlatNum": 4, "comparatNum": 1, "specDerivSuffixNum": 0, "pluralNounNum": 18, "pastTenseRate": 0.15555555555555556, "presentTenseRate": 0.8, "condRate": 0.022222222222222223, "impRate": 0.13333333333333333, "freqRate": 0.0, "causRate": 0.0, "modalRate": 0.044444444444444446, "sg1VerbRate": 1.0, "sg2VerbRate": 1.0, "sg3VerbRate": 1.0, "pl1VerbRate": 1.0, "pl2VerbRate": 1.0, "pl3VerbRate": 1.0, "superlatRate": 0.07272727272727272, "comparatRate": 0.01818181818181818, "specDerivSuffixRate": 0.0, "pluralNounRate": 0.16666666666666666, "subjNum": 25, "objNum": 24, "attNum": 41, "subordNum": 22, "adverbNum": 55, "coordNum": 28, "clauseNum": 57, "simpleNum": 8, "complexNum": 18, "complexity1Num": 11, "complexity2Num": 3, "complexity3Num": 2, "compoundNum": 0, "subjRate": 0.05040322580645161, "objRate": 0.04838709677419355, "attRate": 0.08266129032258064, "subordRate": 0.04435483870967742, "adverbRate": 0.11088709677419355, "coordRate": 0.056451612903225805, "partsRate": 3.0350877192982457, "clauseRate": 2.1923076923076925, "simpleRate": 0.3076923076923077, "complexRate": 0.6923076923076923, "complexity1Rate": 0.4230769230769231, "complexity2Rate": 0.11538461538461539, "complexity3Rate": 0.07692307692307693, "complexClauseRate": 2.7222222222222223, "sentencesPerParagraph": 6.5, "wordsLengthRate": 5.854415274463007, "compoundRate": 0.0, "positiveNum": 0, "negativeNum": 0, "precoPositiveNum": 0, "precoNegativeNum": 0, "negemoNum": 0, "negationNum": 6, "functionNum": 245, "contentNum": 251, "vulgarNum": 0, "racistNum": 0, "specStyleNum": 0, "addressingNum": 0, "closingNum": 0, "postscriptNum": 0, "brutalNum": 0, "positiveRate": 0.0, "negativeRate": 0.0, "precoPositiveRate": 0.0, "precoNegativeRate": 0.0, "negemoRate": 0.0, "negationRate": 0.012096774193548387, "functionRate": 0.4939516129032258, "contentRate": 0.5060483870967742, "vulgarRate": 0.0, "racistRate": 0.0, "specStyleRate": 0.0, "addressingRate": 0.0, "closingRate": 0.0, "postscriptRate": 0.0, "brutalRate": 0.0, "epistemicNum": 0, "investNum": 0, "conditionNum": 0, "weaselNum": 0, "peacockNum": 0, "hedgeNum": 0, "doxasticNum": 0, "epistemicRate": 0.0, "investRate": 0.0, "conditionRate": 0.0, "weaselRate": 0.0, "peacockRate": 0.0, "hedgeRate": 0.0, "doxasticRate": 0.0, "loveNum": 0, "anxietyNum": 0, "sorrowNum": 0, "joyNum": 0, "disgustNum": 0, "fearNum": 0, "surpriseNum": 0, "angerNum": 0, "loveRate": 0.0, "anxietyRate": 0.0, "sorrowRate": 0.0, "joyRate": 0.0, "disgustRate": 0.0, "fearRate": 0.0, "surpriseRate": 0.0, "angerRate": 0.0, "slangBeGeneralNum": 0, "slangBeCigaretteNum": 0, "slangBeHumanNum": 0, "slangBeVehicleNum": 0, "slangBeDrugNum": 0, "slangBvNum": 0, "slangBeGeneralRate": 0.0, "slangBeCigaretteRate": 0.0, "slangBeHumanRate": 0.0, "slangBeVehicleRate": 0.0, "slangBeDrugRate": 0.0, "slangBvRate": 0.0, "speechactNum": 0, "quoteNum": 1, "dashNum": 0, "publicNum": 0, "privateNum": 0, "suasiveNum": 0, "discMarkerNum": 0, "smileyNum": 0, "dateNum": 0, "hesitationNum": 0, "restartNum": 0, "repeatNum": 0, "conjBeforeDiscNum": 0, "conjAfterDiscNum": 0, "wordBeforeHesitationNum": 0, "wordAfterHesitationNum": 0, "otherCollocationNum": 0, "speechactRate": 0.0, "quoteRate": 0.0020161290322580645, "dashRate": 0.0, "publicRate": 0.0, "privateRate": 0.0, "suasiveRate": 0.0, "discMarkerRate": 0.0, "smileyRate": 0.0, "dateRate": 0.0, "hesitationRate": 0.0, "restartRate": 0.0, "repeatRate": 0.0, "conjBeforeDiscRate": 0.0, "conjAfterDiscRate": 0.0, "wordBeforeHesitationRate": 0.0, "wordAfterHesitationRate": 0.0, "otherCollocationRate": 0.0, "easyWordNum": 441, "hardWordNum": 55, "easyWordRate": 0.8891129032258065, "hardWordRate": 0.11088709677419355, "fleschReadingEaseScore": 44.19772952853597, "gunningFogIndex": 7.674317617866006, "fleschKincaidGradeLevel": 11.833870967741937, "colemanLiauIndex": 14.148592741935484, "smogIndex": 10.864195022040775, "automatedReadabilityIndex": 12.057292183622828, "linsearWriteIndex": 1.3340570719602978, "author": "", "locationNameNum": 2, "locationNameRate": 0.004032258064516129, "personNameNum": 0, "personNameRate": 0.0, "organizationNameNum": 0, "organizationNameRate": 0.0, "misspelledNum": 1, "misspelledRate": 0.0020161290322580645, "missingAccentNum": 0, "missingAccentRate": 0.0, "foreignAccentNum": 0, "foreignAccentRate": 0.0, "wordConcatNum": 0, "wordConcatRate": 0.0, "jLyMistakeNum": 0, "jLyMistakeRate": 0.0, "publicVNum": 0, "freqSuffixNum": 0, "partsNum": 173, "clauseWordNum": 57, "privateVNum": 0}