{"tokenNum": 376, "sentenceNum": 16, "lemmaNum": 215, "lemmaRate": 0.5718085106382979, "sentenceLength": 23.5, "allUpperNum": 1, "firstUpperNum": 16, "allUpperRate": 0.0026595744680851063, "firstUpperRate": 0.0425531914893617, "declarSentNum": 15, "imperSentNum": 0, "questionNum": 1, "declarSentRate": 0.9375, "imperSentRate": 0.0, "questionRate": 0.0625, "accent": true, "saturation": 5.119047619047619, "paragraphNum": 4, "nounNum": 84, "verbNum": 41, "adjNum": 37, "infNum": 6, "partPastNum": 1, "partPresNum": 3, "partFutNum": 0, "transNum": 4, "xNum": 4, "advNum": 34, "properNounNum": 0, "numNum": 4, "conjNum": 34, "punctNum": 58, "pronNum": 28, "relPronNum": 11, "demPronNum": 9, "adposNum": 1, "multiplePunctNum": 0, "phraseNum": 0, "nounRate": 0.22340425531914893, "verbRate": 0.10904255319148937, "adjRate": 0.09840425531914894, "infRate": 0.015957446808510637, "partPastRate": 0.0026595744680851063, "partPresRate": 0.007978723404255319, "partFutRate": 0.0, "transRate": 0.010638297872340425, "xRate": 0.010638297872340425, "advRate": 0.09042553191489362, "properNounRate": 0.0, "numRate": 0.010638297872340425, "conjRate": 0.09042553191489362, "punctRate": 0.15425531914893617, "pronRate": 0.07446808510638298, "relPronRate": 0.02925531914893617, "demPronRate": 0.023936170212765957, "adposRate": 0.0026595744680851063, "multiplePunctRate": 0.0, "partsDensityRate": 4.666666666666667, "contentfulness": 12.25, "phraseRate": 0.0, "pastTenseNum": 3, "presentTenseNum": 32, "condNum": 2, "impNum": 1, "freqNum": 0, "causNum": 0, "modalNum": 0, "sg1VerbNum": 41, "sg2VerbNum": 41, "sg3VerbNum": 41, "pl1VerbNum": 41, "pl2VerbNum": 41, "pl3VerbNum": 41, "superlatNum": 1, "comparatNum": 5, "specDerivSuffixNum": 0, "pluralNounNum": 30, "pastTenseRate": 0.07317073170731707, "presentTenseRate": 0.7804878048780488, "condRate": 0.04878048780487805, "impRate": 0.024390243902439025, "freqRate": 0.0, "causRate": 0.0, "modalRate": 0.0, "sg1VerbRate": 1.0, "sg2VerbRate": 1.0, "sg3VerbRate": 1.0, "pl1VerbRate": 1.0, "pl2VerbRate": 1.0, "pl3VerbRate": 1.0, "superlatRate": 0.02702702702702703, "comparatRate": 0.13513513513513514, "specDerivSuffixRate": 0.0, "pluralNounRate": 0.35714285714285715, "subjNum": 23, "objNum": 22, "attNum": 24, "subordNum": 17, "adverbNum": 40, "coordNum": 26, "clauseNum": 42, "simpleNum": 2, "complexNum": 14, "complexity1Num": 6, "complexity2Num": 4, "complexity3Num": 4, "compoundNum": 0, "subjRate": 0.061170212765957445, "objRate": 0.05851063829787234, "attRate": 0.06382978723404255, "subordRate": 0.04521276595744681, "adverbRate": 0.10638297872340426, "coordRate": 0.06914893617021277, "partsRate": 3.2142857142857144, "clauseRate": 2.625, "simpleRate": 0.125, "complexRate": 0.875, "complexity1Rate": 0.375, "complexity2Rate": 0.25, "complexity3Rate": 0.25, "complexClauseRate": 2.857142857142857, "sentencesPerParagraph": 4.0, "wordsLengthRate": 6.3427672955974845, "compoundRate": 0.0, "positiveNum": 0, "negativeNum": 0, "precoPositiveNum": 0, "precoNegativeNum": 0, "negemoNum": 0, "negationNum": 0, "functionNum": 180, "contentNum": 196, "vulgarNum": 0, "racistNum": 0, "specStyleNum": 0, "addressingNum": 0, "closingNum": 0, "postscriptNum": 0, "brutalNum": 0, "positiveRate": 0.0, "negativeRate": 0.0, "precoPositiveRate": 0.0, "precoNegativeRate": 0.0, "negemoRate": 0.0, "negationRate": 0.0, "functionRate": 0.4787234042553192, "contentRate": 0.5212765957446809, "vulgarRate": 0.0, "racistRate": 0.0, "specStyleRate": 0.0, "addressingRate": 0.0, "closingRate": 0.0, "postscriptRate": 0.0, "brutalRate": 0.0, "epistemicNum": 0, "investNum": 0, "conditionNum": 0, "weaselNum": 0, "peacockNum": 0, "hedgeNum": 0, "doxasticNum": 0, "epistemicRate": 0.0, "investRate": 0.0, "conditionRate": 0.0, "weaselRate": 0.0, "peacockRate": 0.0, "hedgeRate": 0.0, "doxasticRate": 0.0, "loveNum": 0, "anxietyNum": 0, "sorrowNum": 0, "joyNum": 0, "disgustNum": 0, "fearNum": 0, "surpriseNum": 0, "angerNum": 0, "loveRate": 0.0, "anxietyRate": 0.0, "sorrowRate": 0.0, "joyRate": 0.0, "disgustRate": 0.0, "fearRate": 0.0, "surpriseRate": 0.0, "angerRate": 0.0, "slangBeGeneralNum": 0, "slangBeCigaretteNum": 0, "slangBeHumanNum": 0, "slangBeVehicleNum": 0, "slangBeDrugNum": 0, "slangBvNum": 0, "slangBeGeneralRate": 0.0, "slangBeCigaretteRate": 0.0, "slangBeHumanRate": 0.0, "slangBeVehicleRate": 0.0, "slangBeDrugRate": 0.0, "slangBvRate": 0.0, "speechactNum": 0, "quoteNum": 0, "dashNum": 0, "publicNum": 0, "privateNum": 0, "suasiveNum": 0, "discMarkerNum": 0, "smileyNum": 0, "dateNum": 0, "hesitationNum": 0, "restartNum": 0, "repeatNum": 0, "conjBeforeDiscNum": 0, "conjAfterDiscNum": 0, "wordBeforeHesitationNum": 0, "wordAfterHesitationNum": 0, "otherCollocationNum": 0, "speechactRate": 0.0, "quoteRate": 0.0, "dashRate": 0.0, "publicRate": 0.0, "privateRate": 0.0, "suasiveRate": 0.0, "discMarkerRate": 0.0, "smileyRate": 0.0, "dateRate": 0.0, "hesitationRate": 0.0, "restartRate": 0.0, "repeatRate": 0.0, "conjBeforeDiscRate": 0.0, "conjAfterDiscRate": 0.0, "wordBeforeHesitationRate": 0.0, "wordAfterHesitationRate": 0.0, "otherCollocationRate": 0.0, "easyWordNum": 339, "hardWordNum": 37, "easyWordRate": 0.901595744680851, "hardWordRate": 0.09840425531914894, "fleschReadingEaseScore": 38.08250000000001, "gunningFogIndex": 9.43936170212766, "fleschKincaidGradeLevel": 13.785638297872342, "colemanLiauIndex": 16.579207446808507, "smogIndex": 9.473421319101043, "automatedReadabilityIndex": 16.21247340425532, "linsearWriteIndex": 2.7067819148936167, "author": "", "locationNameNum": 0, "locationNameRate": 0.0, "personNameNum": 0, "personNameRate": 0.0, "organizationNameNum": 0, "organizationNameRate": 0.0, "misspelledNum": 2, "misspelledRate": 0.005319148936170213, "missingAccentNum": 0, "missingAccentRate": 0.0, "foreignAccentNum": 0, "foreignAccentRate": 0.0, "wordConcatNum": 1, "wordConcatRate": 0.0026595744680851063, "jLyMistakeNum": 0, "jLyMistakeRate": 0.0, "publicVNum": 0, "freqSuffixNum": 0, "partsNum": 135, "clauseWordNum": 42, "privateVNum": 0}