{"tokenNum": 515, "sentenceNum": 23, "lemmaNum": 253, "lemmaRate": 0.4912621359223301, "sentenceLength": 22.391304347826086, "allUpperNum": 1, "firstUpperNum": 25, "allUpperRate": 0.001941747572815534, "firstUpperRate": 0.04854368932038835, "declarSentNum": 19, "imperSentNum": 2, "questionNum": 2, "declarSentRate": 0.8260869565217391, "imperSentRate": 0.08695652173913043, "questionRate": 0.08695652173913043, "accent": true, "saturation": 3.8923076923076922, "paragraphNum": 5, "nounNum": 106, "verbNum": 68, "adjNum": 48, "infNum": 15, "partPastNum": 3, "partPresNum": 4, "partFutNum": 0, "transNum": 3, "xNum": 5, "advNum": 44, "properNounNum": 2, "numNum": 1, "conjNum": 38, "punctNum": 90, "pronNum": 33, "relPronNum": 14, "demPronNum": 22, "adposNum": 6, "multiplePunctNum": 0, "phraseNum": 0, "nounRate": 0.2058252427184466, "verbRate": 0.13203883495145632, "adjRate": 0.09320388349514563, "infRate": 0.02912621359223301, "partPastRate": 0.005825242718446602, "partPresRate": 0.007766990291262136, "partFutRate": 0.0, "transRate": 0.005825242718446602, "xRate": 0.009708737864077669, "advRate": 0.0854368932038835, "properNounRate": 0.003883495145631068, "numRate": 0.001941747572815534, "conjRate": 0.07378640776699029, "punctRate": 0.17475728155339806, "pronRate": 0.06407766990291262, "relPronRate": 0.027184466019417475, "demPronRate": 0.04271844660194175, "adposRate": 0.011650485436893204, "multiplePunctRate": 0.0, "partsDensityRate": 4.092307692307692, "contentfulness": 11.565217391304348, "phraseRate": 0.0, "pastTenseNum": 2, "presentTenseNum": 51, "condNum": 2, "impNum": 7, "freqNum": 0, "causNum": 0, "modalNum": 2, "sg1VerbNum": 68, "sg2VerbNum": 68, "sg3VerbNum": 68, "pl1VerbNum": 68, "pl2VerbNum": 68, "pl3VerbNum": 68, "superlatNum": 3, "comparatNum": 3, "specDerivSuffixNum": 0, "pluralNounNum": 24, "pastTenseRate": 0.029411764705882353, "presentTenseRate": 0.75, "condRate": 0.029411764705882353, "impRate": 0.10294117647058823, "freqRate": 0.0, "causRate": 0.0, "modalRate": 0.029411764705882353, "sg1VerbRate": 1.0, "sg2VerbRate": 1.0, "sg3VerbRate": 1.0, "pl1VerbRate": 1.0, "pl2VerbRate": 1.0, "pl3VerbRate": 1.0, "superlatRate": 0.0625, "comparatRate": 0.0625, "specDerivSuffixRate": 0.0, "pluralNounRate": 0.22641509433962265, "subjNum": 34, "objNum": 16, "attNum": 36, "subordNum": 28, "adverbNum": 51, "coordNum": 27, "clauseNum": 65, "simpleNum": 6, "complexNum": 17, "complexity1Num": 6, "complexity2Num": 3, "complexity3Num": 5, "compoundNum": 0, "subjRate": 0.06601941747572816, "objRate": 0.031067961165048542, "attRate": 0.06990291262135923, "subordRate": 0.05436893203883495, "adverbRate": 0.09902912621359224, "coordRate": 0.05242718446601942, "partsRate": 2.523076923076923, "clauseRate": 2.8260869565217392, "simpleRate": 0.2608695652173913, "complexRate": 0.7391304347826086, "complexity1Rate": 0.2608695652173913, "complexity2Rate": 0.13043478260869565, "complexity3Rate": 0.21739130434782608, "complexClauseRate": 3.4705882352941178, "sentencesPerParagraph": 4.6, "wordsLengthRate": 5.802352941176471, "compoundRate": 0.0, "positiveNum": 0, "negativeNum": 0, "precoPositiveNum": 0, "precoNegativeNum": 0, "negemoNum": 0, "negationNum": 2, "functionNum": 249, "contentNum": 266, "vulgarNum": 0, "racistNum": 0, "specStyleNum": 0, "addressingNum": 0, "closingNum": 0, "postscriptNum": 0, "brutalNum": 0, "positiveRate": 0.0, "negativeRate": 0.0, "precoPositiveRate": 0.0, "precoNegativeRate": 0.0, "negemoRate": 0.0, "negationRate": 0.003883495145631068, "functionRate": 0.48349514563106794, "contentRate": 0.516504854368932, "vulgarRate": 0.0, "racistRate": 0.0, "specStyleRate": 0.0, "addressingRate": 0.0, "closingRate": 0.0, "postscriptRate": 0.0, "brutalRate": 0.0, "epistemicNum": 0, "investNum": 0, "conditionNum": 0, "weaselNum": 0, "peacockNum": 0, "hedgeNum": 0, "doxasticNum": 0, "epistemicRate": 0.0, "investRate": 0.0, "conditionRate": 0.0, "weaselRate": 0.0, "peacockRate": 0.0, "hedgeRate": 0.0, "doxasticRate": 0.0, "loveNum": 0, "anxietyNum": 0, "sorrowNum": 0, "joyNum": 0, "disgustNum": 0, "fearNum": 0, "surpriseNum": 0, "angerNum": 0, "loveRate": 0.0, "anxietyRate": 0.0, "sorrowRate": 0.0, "joyRate": 0.0, "disgustRate": 0.0, "fearRate": 0.0, "surpriseRate": 0.0, "angerRate": 0.0, "slangBeGeneralNum": 0, "slangBeCigaretteNum": 0, "slangBeHumanNum": 0, "slangBeVehicleNum": 0, "slangBeDrugNum": 0, "slangBvNum": 0, "slangBeGeneralRate": 0.0, "slangBeCigaretteRate": 0.0, "slangBeHumanRate": 0.0, "slangBeVehicleRate": 0.0, "slangBeDrugRate": 0.0, "slangBvRate": 0.0, "speechactNum": 0, "quoteNum": 1, "dashNum": 0, "publicNum": 0, "privateNum": 0, "suasiveNum": 0, "discMarkerNum": 0, "smileyNum": 0, "dateNum": 0, "hesitationNum": 0, "restartNum": 0, "repeatNum": 0, "conjBeforeDiscNum": 0, "conjAfterDiscNum": 0, "wordBeforeHesitationNum": 0, "wordAfterHesitationNum": 0, "otherCollocationNum": 0, "speechactRate": 0.0, "quoteRate": 0.001941747572815534, "dashRate": 0.0, "publicRate": 0.0, "privateRate": 0.0, "suasiveRate": 0.0, "discMarkerRate": 0.0, "smileyRate": 0.0, "dateRate": 0.0, "hesitationRate": 0.0, "restartRate": 0.0, "repeatRate": 0.0, "conjBeforeDiscRate": 0.0, "conjAfterDiscRate": 0.0, "wordBeforeHesitationRate": 0.0, "wordAfterHesitationRate": 0.0, "otherCollocationRate": 0.0, "easyWordNum": 480, "hardWordNum": 35, "easyWordRate": 0.9320388349514563, "hardWordRate": 0.06796116504854369, "fleschReadingEaseScore": 52.6903503588012, "gunningFogIndex": 8.983706205149852, "fleschKincaidGradeLevel": 11.472705783030815, "colemanLiauIndex": 13.31819611650485, "smogIndex": 9.2995712137729, "automatedReadabilityIndex": 13.05042887294217, "linsearWriteIndex": 1.448290417897847, "author": "", "locationNameNum": 1, "locationNameRate": 0.001941747572815534, "personNameNum": 0, "personNameRate": 0.0, "organizationNameNum": 0, "organizationNameRate": 0.0, "misspelledNum": 3, "misspelledRate": 0.005825242718446602, "missingAccentNum": 2, "missingAccentRate": 0.003883495145631068, "foreignAccentNum": 0, "foreignAccentRate": 0.0, "wordConcatNum": 1, "wordConcatRate": 0.001941747572815534, "jLyMistakeNum": 0, "jLyMistakeRate": 0.0, "publicVNum": 0, "freqSuffixNum": 0, "partsNum": 164, "clauseWordNum": 65, "privateVNum": 0}