{"tokenNum": 442, "sentenceNum": 21, "lemmaNum": 196, "lemmaRate": 0.4434389140271493, "sentenceLength": 21.047619047619047, "allUpperNum": 0, "firstUpperNum": 21, "allUpperRate": 0.0, "firstUpperRate": 0.04751131221719457, "declarSentNum": 19, "imperSentNum": 0, "questionNum": 2, "declarSentRate": 0.9047619047619048, "imperSentRate": 0.0, "questionRate": 0.09523809523809523, "accent": true, "saturation": 3.2131147540983607, "paragraphNum": 6, "nounNum": 85, "verbNum": 60, "adjNum": 36, "infNum": 6, "partPastNum": 0, "partPresNum": 2, "partFutNum": 0, "transNum": 0, "xNum": 6, "advNum": 41, "properNounNum": 0, "numNum": 0, "conjNum": 51, "punctNum": 74, "pronNum": 29, "relPronNum": 8, "demPronNum": 16, "adposNum": 4, "multiplePunctNum": 0, "phraseNum": 0, "nounRate": 0.19230769230769232, "verbRate": 0.13574660633484162, "adjRate": 0.08144796380090498, "infRate": 0.013574660633484163, "partPastRate": 0.0, "partPresRate": 0.004524886877828055, "partFutRate": 0.0, "transRate": 0.0, "xRate": 0.013574660633484163, "advRate": 0.09276018099547512, "properNounRate": 0.0, "numRate": 0.0, "conjRate": 0.11538461538461539, "punctRate": 0.167420814479638, "pronRate": 0.06561085972850679, "relPronRate": 0.01809954751131222, "demPronRate": 0.03619909502262444, "adposRate": 0.00904977375565611, "multiplePunctRate": 0.0, "partsDensityRate": 3.639344262295082, "contentfulness": 10.571428571428571, "phraseRate": 0.0, "pastTenseNum": 7, "presentTenseNum": 50, "condNum": 8, "impNum": 3, "freqNum": 0, "causNum": 0, "modalNum": 3, "sg1VerbNum": 60, "sg2VerbNum": 60, "sg3VerbNum": 60, "pl1VerbNum": 60, "pl2VerbNum": 60, "pl3VerbNum": 60, "superlatNum": 2, "comparatNum": 3, "specDerivSuffixNum": 0, "pluralNounNum": 38, "pastTenseRate": 0.11666666666666667, "presentTenseRate": 0.8333333333333334, "condRate": 0.13333333333333333, "impRate": 0.05, "freqRate": 0.0, "causRate": 0.0, "modalRate": 0.05, "sg1VerbRate": 1.0, "sg2VerbRate": 1.0, "sg3VerbRate": 1.0, "pl1VerbRate": 1.0, "pl2VerbRate": 1.0, "pl3VerbRate": 1.0, "superlatRate": 0.05555555555555555, "comparatRate": 0.08333333333333333, "specDerivSuffixRate": 0.0, "pluralNounRate": 0.4470588235294118, "subjNum": 24, "objNum": 20, "attNum": 23, "subordNum": 26, "adverbNum": 49, "coordNum": 32, "clauseNum": 61, "simpleNum": 3, "complexNum": 18, "complexity1Num": 7, "complexity2Num": 4, "complexity3Num": 3, "compoundNum": 0, "subjRate": 0.05429864253393665, "objRate": 0.04524886877828054, "attRate": 0.05203619909502263, "subordRate": 0.058823529411764705, "adverbRate": 0.11085972850678733, "coordRate": 0.07239819004524888, "partsRate": 2.4262295081967213, "clauseRate": 2.9047619047619047, "simpleRate": 0.14285714285714285, "complexRate": 0.8571428571428571, "complexity1Rate": 0.3333333333333333, "complexity2Rate": 0.19047619047619047, "complexity3Rate": 0.14285714285714285, "complexClauseRate": 3.2222222222222223, "sentencesPerParagraph": 3.5, "wordsLengthRate": 5.782608695652174, "compoundRate": 0.0, "positiveNum": 0, "negativeNum": 0, "precoPositiveNum": 0, "precoNegativeNum": 0, "negemoNum": 0, "negationNum": 8, "functionNum": 220, "contentNum": 222, "vulgarNum": 0, "racistNum": 0, "specStyleNum": 0, "addressingNum": 0, "closingNum": 0, "postscriptNum": 0, "brutalNum": 0, "positiveRate": 0.0, "negativeRate": 0.0, "precoPositiveRate": 0.0, "precoNegativeRate": 0.0, "negemoRate": 0.0, "negationRate": 0.01809954751131222, "functionRate": 0.497737556561086, "contentRate": 0.502262443438914, "vulgarRate": 0.0, "racistRate": 0.0, "specStyleRate": 0.0, "addressingRate": 0.0, "closingRate": 0.0, "postscriptRate": 0.0, "brutalRate": 0.0, "epistemicNum": 0, "investNum": 0, "conditionNum": 0, "weaselNum": 0, "peacockNum": 0, "hedgeNum": 0, "doxasticNum": 0, "epistemicRate": 0.0, "investRate": 0.0, "conditionRate": 0.0, "weaselRate": 0.0, "peacockRate": 0.0, "hedgeRate": 0.0, "doxasticRate": 0.0, "loveNum": 0, "anxietyNum": 0, "sorrowNum": 0, "joyNum": 0, "disgustNum": 0, "fearNum": 0, "surpriseNum": 0, "angerNum": 0, "loveRate": 0.0, "anxietyRate": 0.0, "sorrowRate": 0.0, "joyRate": 0.0, "disgustRate": 0.0, "fearRate": 0.0, "surpriseRate": 0.0, "angerRate": 0.0, "slangBeGeneralNum": 0, "slangBeCigaretteNum": 0, "slangBeHumanNum": 0, "slangBeVehicleNum": 0, "slangBeDrugNum": 0, "slangBvNum": 0, "slangBeGeneralRate": 0.0, "slangBeCigaretteRate": 0.0, "slangBeHumanRate": 0.0, "slangBeVehicleRate": 0.0, "slangBeDrugRate": 0.0, "slangBvRate": 0.0, "speechactNum": 0, "quoteNum": 0, "dashNum": 0, "publicNum": 0, "privateNum": 0, "suasiveNum": 0, "discMarkerNum": 0, "smileyNum": 0, "dateNum": 0, "hesitationNum": 0, "restartNum": 0, "repeatNum": 0, "conjBeforeDiscNum": 0, "conjAfterDiscNum": 0, "wordBeforeHesitationNum": 0, "wordAfterHesitationNum": 0, "otherCollocationNum": 0, "speechactRate": 0.0, "quoteRate": 0.0, "dashRate": 0.0, "publicRate": 0.0, "privateRate": 0.0, "suasiveRate": 0.0, "discMarkerRate": 0.0, "smileyRate": 0.0, "dateRate": 0.0, "hesitationRate": 0.0, "restartRate": 0.0, "repeatRate": 0.0, "conjBeforeDiscRate": 0.0, "conjAfterDiscRate": 0.0, "wordBeforeHesitationRate": 0.0, "wordAfterHesitationRate": 0.0, "otherCollocationRate": 0.0, "easyWordNum": 412, "hardWordNum": 30, "easyWordRate": 0.9321266968325792, "hardWordRate": 0.06787330316742081, "fleschReadingEaseScore": 55.70062594268478, "gunningFogIndex": 8.446196940314588, "fleschKincaidGradeLevel": 10.719023917259214, "colemanLiauIndex": 13.383341628959275, "smogIndex": 8.841846274778883, "automatedReadabilityIndex": 12.430687351863824, "linsearWriteIndex": 1.6718379659556128, "author": "", "locationNameNum": 0, "locationNameRate": 0.0, "personNameNum": 0, "personNameRate": 0.0, "organizationNameNum": 0, "organizationNameRate": 0.0, "misspelledNum": 0, "misspelledRate": 0.0, "missingAccentNum": 0, "missingAccentRate": 0.0, "foreignAccentNum": 0, "foreignAccentRate": 0.0, "wordConcatNum": 0, "wordConcatRate": 0.0, "jLyMistakeNum": 0, "jLyMistakeRate": 0.0, "publicVNum": 0, "freqSuffixNum": 0, "partsNum": 148, "clauseWordNum": 61, "privateVNum": 0}