{"tokenNum": 436, "sentenceNum": 21, "lemmaNum": 204, "lemmaRate": 0.46788990825688076, "sentenceLength": 20.761904761904763, "allUpperNum": 0, "firstUpperNum": 21, "allUpperRate": 0.0, "firstUpperRate": 0.0481651376146789, "declarSentNum": 21, "imperSentNum": 0, "questionNum": 0, "declarSentRate": 1.0, "imperSentRate": 0.0, "questionRate": 0.0, "accent": true, "saturation": 3.3442622950819674, "paragraphNum": 5, "nounNum": 82, "verbNum": 56, "adjNum": 40, "infNum": 6, "partPastNum": 1, "partPresNum": 0, "partFutNum": 0, "transNum": 2, "xNum": 5, "advNum": 51, "properNounNum": 0, "numNum": 0, "conjNum": 33, "punctNum": 71, "pronNum": 32, "relPronNum": 8, "demPronNum": 22, "adposNum": 5, "multiplePunctNum": 0, "phraseNum": 0, "nounRate": 0.18807339449541285, "verbRate": 0.12844036697247707, "adjRate": 0.09174311926605505, "infRate": 0.013761467889908258, "partPastRate": 0.0022935779816513763, "partPresRate": 0.0, "partFutRate": 0.0, "transRate": 0.0045871559633027525, "xRate": 0.011467889908256881, "advRate": 0.11697247706422019, "properNounRate": 0.0, "numRate": 0.0, "conjRate": 0.07568807339449542, "punctRate": 0.1628440366972477, "pronRate": 0.07339449541284404, "relPronRate": 0.01834862385321101, "demPronRate": 0.05045871559633028, "adposRate": 0.011467889908256881, "multiplePunctRate": 0.0, "partsDensityRate": 3.7540983606557377, "contentfulness": 10.904761904761905, "phraseRate": 0.0, "pastTenseNum": 2, "presentTenseNum": 48, "condNum": 2, "impNum": 1, "freqNum": 0, "causNum": 0, "modalNum": 4, "sg1VerbNum": 56, "sg2VerbNum": 56, "sg3VerbNum": 56, "pl1VerbNum": 56, "pl2VerbNum": 56, "pl3VerbNum": 56, "superlatNum": 1, "comparatNum": 0, "specDerivSuffixNum": 0, "pluralNounNum": 12, "pastTenseRate": 0.03571428571428571, "presentTenseRate": 0.8571428571428571, "condRate": 0.03571428571428571, "impRate": 0.017857142857142856, "freqRate": 0.0, "causRate": 0.0, "modalRate": 0.07142857142857142, "sg1VerbRate": 1.0, "sg2VerbRate": 1.0, "sg3VerbRate": 1.0, "pl1VerbRate": 1.0, "pl2VerbRate": 1.0, "pl3VerbRate": 1.0, "superlatRate": 0.025, "comparatRate": 0.0, "specDerivSuffixRate": 0.0, "pluralNounRate": 0.14634146341463414, "subjNum": 27, "objNum": 17, "attNum": 27, "subordNum": 22, "adverbNum": 67, "coordNum": 21, "clauseNum": 61, "simpleNum": 2, "complexNum": 19, "complexity1Num": 7, "complexity2Num": 8, "complexity3Num": 1, "compoundNum": 0, "subjRate": 0.06192660550458716, "objRate": 0.0389908256880734, "attRate": 0.06192660550458716, "subordRate": 0.05045871559633028, "adverbRate": 0.1536697247706422, "coordRate": 0.0481651376146789, "partsRate": 2.6065573770491803, "clauseRate": 2.9047619047619047, "simpleRate": 0.09523809523809523, "complexRate": 0.9047619047619048, "complexity1Rate": 0.3333333333333333, "complexity2Rate": 0.38095238095238093, "complexity3Rate": 0.047619047619047616, "complexClauseRate": 3.1052631578947367, "sentencesPerParagraph": 4.2, "wordsLengthRate": 5.942465753424657, "compoundRate": 0.0, "positiveNum": 0, "negativeNum": 0, "precoPositiveNum": 0, "precoNegativeNum": 0, "negemoNum": 0, "negationNum": 7, "functionNum": 207, "contentNum": 229, "vulgarNum": 0, "racistNum": 0, "specStyleNum": 0, "addressingNum": 0, "closingNum": 0, "postscriptNum": 0, "brutalNum": 0, "positiveRate": 0.0, "negativeRate": 0.0, "precoPositiveRate": 0.0, "precoNegativeRate": 0.0, "negemoRate": 0.0, "negationRate": 0.016055045871559634, "functionRate": 0.47477064220183485, "contentRate": 0.5252293577981652, "vulgarRate": 0.0, "racistRate": 0.0, "specStyleRate": 0.0, "addressingRate": 0.0, "closingRate": 0.0, "postscriptRate": 0.0, "brutalRate": 0.0, "epistemicNum": 0, "investNum": 0, "conditionNum": 0, "weaselNum": 0, "peacockNum": 0, "hedgeNum": 0, "doxasticNum": 0, "epistemicRate": 0.0, "investRate": 0.0, "conditionRate": 0.0, "weaselRate": 0.0, "peacockRate": 0.0, "hedgeRate": 0.0, "doxasticRate": 0.0, "loveNum": 0, "anxietyNum": 0, "sorrowNum": 0, "joyNum": 0, "disgustNum": 0, "fearNum": 0, "surpriseNum": 0, "angerNum": 0, "loveRate": 0.0, "anxietyRate": 0.0, "sorrowRate": 0.0, "joyRate": 0.0, "disgustRate": 0.0, "fearRate": 0.0, "surpriseRate": 0.0, "angerRate": 0.0, "slangBeGeneralNum": 0, "slangBeCigaretteNum": 0, "slangBeHumanNum": 0, "slangBeVehicleNum": 0, "slangBeDrugNum": 0, "slangBvNum": 0, "slangBeGeneralRate": 0.0, "slangBeCigaretteRate": 0.0, "slangBeHumanRate": 0.0, "slangBeVehicleRate": 0.0, "slangBeDrugRate": 0.0, "slangBvRate": 0.0, "speechactNum": 0, "quoteNum": 0, "dashNum": 0, "publicNum": 0, "privateNum": 0, "suasiveNum": 0, "discMarkerNum": 0, "smileyNum": 0, "dateNum": 0, "hesitationNum": 0, "restartNum": 0, "repeatNum": 0, "conjBeforeDiscNum": 0, "conjAfterDiscNum": 0, "wordBeforeHesitationNum": 0, "wordAfterHesitationNum": 0, "otherCollocationNum": 0, "speechactRate": 0.0, "quoteRate": 0.0, "dashRate": 0.0, "publicRate": 0.0, "privateRate": 0.0, "suasiveRate": 0.0, "discMarkerRate": 0.0, "smileyRate": 0.0, "dateRate": 0.0, "hesitationRate": 0.0, "restartRate": 0.0, "repeatRate": 0.0, "conjBeforeDiscRate": 0.0, "conjAfterDiscRate": 0.0, "wordBeforeHesitationRate": 0.0, "wordAfterHesitationRate": 0.0, "otherCollocationRate": 0.0, "easyWordNum": 388, "hardWordNum": 48, "easyWordRate": 0.8899082568807339, "hardWordRate": 0.11009174311926606, "fleschReadingEaseScore": 44.69698776758412, "gunningFogIndex": 8.348798602009612, "fleschKincaidGradeLevel": 12.182830930537353, "colemanLiauIndex": 14.325314220183486, "smogIndex": 10.355215969177355, "automatedReadabilityIndex": 13.041089995631282, "linsearWriteIndex": 1.8778942769768459, "author": "", "locationNameNum": 0, "locationNameRate": 0.0, "personNameNum": 0, "personNameRate": 0.0, "organizationNameNum": 0, "organizationNameRate": 0.0, "misspelledNum": 1, "misspelledRate": 0.0022935779816513763, "missingAccentNum": 1, "missingAccentRate": 0.0022935779816513763, "foreignAccentNum": 0, "foreignAccentRate": 0.0, "wordConcatNum": 0, "wordConcatRate": 0.0, "jLyMistakeNum": 0, "jLyMistakeRate": 0.0, "publicVNum": 0, "freqSuffixNum": 0, "partsNum": 159, "clauseWordNum": 61, "privateVNum": 0}