{"tokenNum": 445, "sentenceNum": 17, "lemmaNum": 210, "lemmaRate": 0.47191011235955055, "sentenceLength": 26.176470588235293, "allUpperNum": 1, "firstUpperNum": 20, "allUpperRate": 0.0022471910112359553, "firstUpperRate": 0.0449438202247191, "declarSentNum": 16, "imperSentNum": 1, "questionNum": 0, "declarSentRate": 0.9411764705882353, "imperSentRate": 0.058823529411764705, "questionRate": 0.0, "accent": true, "saturation": 3.230769230769231, "paragraphNum": 4, "nounNum": 80, "verbNum": 56, "adjNum": 37, "infNum": 6, "partPastNum": 0, "partPresNum": 2, "partFutNum": 0, "transNum": 2, "xNum": 5, "advNum": 58, "properNounNum": 2, "numNum": 2, "conjNum": 50, "punctNum": 68, "pronNum": 33, "relPronNum": 11, "demPronNum": 24, "adposNum": 7, "multiplePunctNum": 0, "phraseNum": 0, "nounRate": 0.1797752808988764, "verbRate": 0.1258426966292135, "adjRate": 0.08314606741573034, "infRate": 0.01348314606741573, "partPastRate": 0.0, "partPresRate": 0.0044943820224719105, "partFutRate": 0.0, "transRate": 0.0044943820224719105, "xRate": 0.011235955056179775, "advRate": 0.1303370786516854, "properNounRate": 0.0044943820224719105, "numRate": 0.0044943820224719105, "conjRate": 0.11235955056179775, "punctRate": 0.15280898876404495, "pronRate": 0.07415730337078652, "relPronRate": 0.024719101123595506, "demPronRate": 0.05393258426966292, "adposRate": 0.015730337078651686, "multiplePunctRate": 0.0, "partsDensityRate": 3.5538461538461537, "contentfulness": 13.588235294117647, "phraseRate": 0.0, "pastTenseNum": 7, "presentTenseNum": 43, "condNum": 3, "impNum": 12, "freqNum": 0, "causNum": 0, "modalNum": 3, "sg1VerbNum": 56, "sg2VerbNum": 56, "sg3VerbNum": 56, "pl1VerbNum": 56, "pl2VerbNum": 56, "pl3VerbNum": 56, "superlatNum": 1, "comparatNum": 1, "specDerivSuffixNum": 0, "pluralNounNum": 17, "pastTenseRate": 0.125, "presentTenseRate": 0.7678571428571429, "condRate": 0.05357142857142857, "impRate": 0.21428571428571427, "freqRate": 0.0, "causRate": 0.0, "modalRate": 0.05357142857142857, "sg1VerbRate": 1.0, "sg2VerbRate": 1.0, "sg3VerbRate": 1.0, "pl1VerbRate": 1.0, "pl2VerbRate": 1.0, "pl3VerbRate": 1.0, "superlatRate": 0.02702702702702703, "comparatRate": 0.02702702702702703, "specDerivSuffixRate": 0.0, "pluralNounRate": 0.2125, "subjNum": 29, "objNum": 22, "attNum": 23, "subordNum": 27, "adverbNum": 61, "coordNum": 27, "clauseNum": 65, "simpleNum": 1, "complexNum": 16, "complexity1Num": 3, "complexity2Num": 4, "complexity3Num": 4, "compoundNum": 0, "subjRate": 0.0651685393258427, "objRate": 0.04943820224719101, "attRate": 0.051685393258426963, "subordRate": 0.060674157303370786, "adverbRate": 0.13707865168539327, "coordRate": 0.060674157303370786, "partsRate": 2.4923076923076923, "clauseRate": 3.823529411764706, "simpleRate": 0.058823529411764705, "complexRate": 0.9411764705882353, "complexity1Rate": 0.17647058823529413, "complexity2Rate": 0.23529411764705882, "complexity3Rate": 0.23529411764705882, "complexClauseRate": 4.0, "sentencesPerParagraph": 4.25, "wordsLengthRate": 5.259946949602122, "compoundRate": 0.0, "positiveNum": 0, "negativeNum": 0, "precoPositiveNum": 0, "precoNegativeNum": 0, "negemoNum": 0, "negationNum": 3, "functionNum": 214, "contentNum": 231, "vulgarNum": 0, "racistNum": 0, "specStyleNum": 0, "addressingNum": 0, "closingNum": 0, "postscriptNum": 0, "brutalNum": 0, "positiveRate": 0.0, "negativeRate": 0.0, "precoPositiveRate": 0.0, "precoNegativeRate": 0.0, "negemoRate": 0.0, "negationRate": 0.006741573033707865, "functionRate": 0.48089887640449436, "contentRate": 0.5191011235955056, "vulgarRate": 0.0, "racistRate": 0.0, "specStyleRate": 0.0, "addressingRate": 0.0, "closingRate": 0.0, "postscriptRate": 0.0, "brutalRate": 0.0, "epistemicNum": 0, "investNum": 0, "conditionNum": 0, "weaselNum": 0, "peacockNum": 0, "hedgeNum": 0, "doxasticNum": 0, "epistemicRate": 0.0, "investRate": 0.0, "conditionRate": 0.0, "weaselRate": 0.0, "peacockRate": 0.0, "hedgeRate": 0.0, "doxasticRate": 0.0, "loveNum": 0, "anxietyNum": 0, "sorrowNum": 0, "joyNum": 0, "disgustNum": 0, "fearNum": 0, "surpriseNum": 0, "angerNum": 0, "loveRate": 0.0, "anxietyRate": 0.0, "sorrowRate": 0.0, "joyRate": 0.0, "disgustRate": 0.0, "fearRate": 0.0, "surpriseRate": 0.0, "angerRate": 0.0, "slangBeGeneralNum": 0, "slangBeCigaretteNum": 0, "slangBeHumanNum": 0, "slangBeVehicleNum": 0, "slangBeDrugNum": 0, "slangBvNum": 0, "slangBeGeneralRate": 0.0, "slangBeCigaretteRate": 0.0, "slangBeHumanRate": 0.0, "slangBeVehicleRate": 0.0, "slangBeDrugRate": 0.0, "slangBvRate": 0.0, "speechactNum": 0, "quoteNum": 0, "dashNum": 0, "publicNum": 0, "privateNum": 0, "suasiveNum": 0, "discMarkerNum": 0, "smileyNum": 0, "dateNum": 0, "hesitationNum": 0, "restartNum": 0, "repeatNum": 0, "conjBeforeDiscNum": 0, "conjAfterDiscNum": 0, "wordBeforeHesitationNum": 0, "wordAfterHesitationNum": 0, "otherCollocationNum": 0, "speechactRate": 0.0, "quoteRate": 0.0, "dashRate": 0.0, "publicRate": 0.0, "privateRate": 0.0, "suasiveRate": 0.0, "discMarkerRate": 0.0, "smileyRate": 0.0, "dateRate": 0.0, "hesitationRate": 0.0, "restartRate": 0.0, "repeatRate": 0.0, "conjBeforeDiscRate": 0.0, "conjAfterDiscRate": 0.0, "wordBeforeHesitationRate": 0.0, "wordAfterHesitationRate": 0.0, "otherCollocationRate": 0.0, "easyWordNum": 422, "hardWordNum": 23, "easyWordRate": 0.9483146067415731, "hardWordRate": 0.051685393258426963, "fleschReadingEaseScore": 53.65105089226705, "gunningFogIndex": 10.49126239259749, "fleschKincaidGradeLevel": 12.27904824851289, "colemanLiauIndex": 11.240941573033709, "smogIndex": 8.131152278815165, "automatedReadabilityIndex": 13.281898215465965, "linsearWriteIndex": 2.2187706543291474, "author": "", "locationNameNum": 2, "locationNameRate": 0.0044943820224719105, "personNameNum": 0, "personNameRate": 0.0, "organizationNameNum": 0, "organizationNameRate": 0.0, "misspelledNum": 1, "misspelledRate": 0.0022471910112359553, "missingAccentNum": 0, "missingAccentRate": 0.0, "foreignAccentNum": 0, "foreignAccentRate": 0.0, "wordConcatNum": 0, "wordConcatRate": 0.0, "jLyMistakeNum": 0, "jLyMistakeRate": 0.0, "publicVNum": 0, "freqSuffixNum": 0, "partsNum": 162, "clauseWordNum": 65, "privateVNum": 0}