{"tokenNum": 388, "sentenceNum": 17, "lemmaNum": 213, "lemmaRate": 0.5489690721649485, "sentenceLength": 22.823529411764707, "allUpperNum": 0, "firstUpperNum": 21, "allUpperRate": 0.0, "firstUpperRate": 0.05412371134020619, "declarSentNum": 17, "imperSentNum": 0, "questionNum": 0, "declarSentRate": 1.0, "imperSentRate": 0.0, "questionRate": 0.0, "accent": true, "saturation": 3.9444444444444446, "paragraphNum": 4, "nounNum": 67, "verbNum": 51, "adjNum": 48, "infNum": 10, "partPastNum": 3, "partPresNum": 2, "partFutNum": 0, "transNum": 5, "xNum": 4, "advNum": 41, "properNounNum": 3, "numNum": 1, "conjNum": 29, "punctNum": 67, "pronNum": 26, "relPronNum": 9, "demPronNum": 16, "adposNum": 3, "multiplePunctNum": 0, "phraseNum": 0, "nounRate": 0.17268041237113402, "verbRate": 0.13144329896907217, "adjRate": 0.12371134020618557, "infRate": 0.02577319587628866, "partPastRate": 0.007731958762886598, "partPresRate": 0.005154639175257732, "partFutRate": 0.0, "transRate": 0.01288659793814433, "xRate": 0.010309278350515464, "advRate": 0.1056701030927835, "properNounRate": 0.007731958762886598, "numRate": 0.002577319587628866, "conjRate": 0.07474226804123711, "punctRate": 0.17268041237113402, "pronRate": 0.06701030927835051, "relPronRate": 0.023195876288659795, "demPronRate": 0.041237113402061855, "adposRate": 0.007731958762886598, "multiplePunctRate": 0.0, "partsDensityRate": 3.8333333333333335, "contentfulness": 12.176470588235293, "phraseRate": 0.0, "pastTenseNum": 3, "presentTenseNum": 40, "condNum": 2, "impNum": 2, "freqNum": 0, "causNum": 0, "modalNum": 1, "sg1VerbNum": 51, "sg2VerbNum": 51, "sg3VerbNum": 51, "pl1VerbNum": 51, "pl2VerbNum": 51, "pl3VerbNum": 51, "superlatNum": 0, "comparatNum": 1, "specDerivSuffixNum": 0, "pluralNounNum": 12, "pastTenseRate": 0.058823529411764705, "presentTenseRate": 0.7843137254901961, "condRate": 0.0392156862745098, "impRate": 0.0392156862745098, "freqRate": 0.0, "causRate": 0.0, "modalRate": 0.0196078431372549, "sg1VerbRate": 1.0, "sg2VerbRate": 1.0, "sg3VerbRate": 1.0, "pl1VerbRate": 1.0, "pl2VerbRate": 1.0, "pl3VerbRate": 1.0, "superlatRate": 0.0, "comparatRate": 0.020833333333333332, "specDerivSuffixRate": 0.0, "pluralNounRate": 0.1791044776119403, "subjNum": 24, "objNum": 15, "attNum": 25, "subordNum": 21, "adverbNum": 60, "coordNum": 14, "clauseNum": 54, "simpleNum": 0, "complexNum": 17, "complexity1Num": 3, "complexity2Num": 10, "complexity3Num": 2, "compoundNum": 0, "subjRate": 0.061855670103092786, "objRate": 0.03865979381443299, "attRate": 0.06443298969072164, "subordRate": 0.05412371134020619, "adverbRate": 0.15463917525773196, "coordRate": 0.03608247422680412, "partsRate": 2.5555555555555554, "clauseRate": 3.176470588235294, "simpleRate": 0.0, "complexRate": 1.0, "complexity1Rate": 0.17647058823529413, "complexity2Rate": 0.5882352941176471, "complexity3Rate": 0.11764705882352941, "complexClauseRate": 3.176470588235294, "sentencesPerParagraph": 4.25, "wordsLengthRate": 6.1433021806853585, "compoundRate": 0.0, "positiveNum": 0, "negativeNum": 0, "precoPositiveNum": 0, "precoNegativeNum": 0, "negemoNum": 0, "negationNum": 7, "functionNum": 181, "contentNum": 207, "vulgarNum": 0, "racistNum": 0, "specStyleNum": 0, "addressingNum": 0, "closingNum": 0, "postscriptNum": 0, "brutalNum": 0, "positiveRate": 0.0, "negativeRate": 0.0, "precoPositiveRate": 0.0, "precoNegativeRate": 0.0, "negemoRate": 0.0, "negationRate": 0.01804123711340206, "functionRate": 0.46649484536082475, "contentRate": 0.5335051546391752, "vulgarRate": 0.0, "racistRate": 0.0, "specStyleRate": 0.0, "addressingRate": 0.0, "closingRate": 0.0, "postscriptRate": 0.0, "brutalRate": 0.0, "epistemicNum": 0, "investNum": 0, "conditionNum": 0, "weaselNum": 0, "peacockNum": 0, "hedgeNum": 0, "doxasticNum": 0, "epistemicRate": 0.0, "investRate": 0.0, "conditionRate": 0.0, "weaselRate": 0.0, "peacockRate": 0.0, "hedgeRate": 0.0, "doxasticRate": 0.0, "loveNum": 0, "anxietyNum": 0, "sorrowNum": 0, "joyNum": 0, "disgustNum": 0, "fearNum": 0, "surpriseNum": 0, "angerNum": 0, "loveRate": 0.0, "anxietyRate": 0.0, "sorrowRate": 0.0, "joyRate": 0.0, "disgustRate": 0.0, "fearRate": 0.0, "surpriseRate": 0.0, "angerRate": 0.0, "slangBeGeneralNum": 0, "slangBeCigaretteNum": 0, "slangBeHumanNum": 0, "slangBeVehicleNum": 0, "slangBeDrugNum": 0, "slangBvNum": 0, "slangBeGeneralRate": 0.0, "slangBeCigaretteRate": 0.0, "slangBeHumanRate": 0.0, "slangBeVehicleRate": 0.0, "slangBeDrugRate": 0.0, "slangBvRate": 0.0, "speechactNum": 0, "quoteNum": 0, "dashNum": 0, "publicNum": 0, "privateNum": 0, "suasiveNum": 0, "discMarkerNum": 0, "smileyNum": 0, "dateNum": 0, "hesitationNum": 0, "restartNum": 0, "repeatNum": 0, "conjBeforeDiscNum": 0, "conjAfterDiscNum": 0, "wordBeforeHesitationNum": 0, "wordAfterHesitationNum": 0, "otherCollocationNum": 0, "speechactRate": 0.0, "quoteRate": 0.0, "dashRate": 0.0, "publicRate": 0.0, "privateRate": 0.0, "suasiveRate": 0.0, "discMarkerRate": 0.0, "smileyRate": 0.0, "dateRate": 0.0, "hesitationRate": 0.0, "restartRate": 0.0, "repeatRate": 0.0, "conjBeforeDiscRate": 0.0, "conjAfterDiscRate": 0.0, "wordBeforeHesitationRate": 0.0, "wordAfterHesitationRate": 0.0, "otherCollocationRate": 0.0, "easyWordNum": 349, "hardWordNum": 39, "easyWordRate": 0.8994845360824743, "hardWordRate": 0.10051546391752578, "fleschReadingEaseScore": 39.97994238932691, "gunningFogIndex": 9.169617950272892, "fleschKincaidGradeLevel": 13.352929047907825, "colemanLiauIndex": 15.031286082474224, "smogIndex": 9.642632912329528, "automatedReadabilityIndex": 14.636429654335963, "linsearWriteIndex": 2.502122498483929, "author": "", "locationNameNum": 0, "locationNameRate": 0.0, "personNameNum": 0, "personNameRate": 0.0, "organizationNameNum": 1, "organizationNameRate": 0.002577319587628866, "misspelledNum": 5, "misspelledRate": 0.01288659793814433, "missingAccentNum": 1, "missingAccentRate": 0.002577319587628866, "foreignAccentNum": 0, "foreignAccentRate": 0.0, "wordConcatNum": 1, "wordConcatRate": 0.002577319587628866, "jLyMistakeNum": 1, "jLyMistakeRate": 0.002577319587628866, "publicVNum": 0, "freqSuffixNum": 0, "partsNum": 138, "clauseWordNum": 54, "privateVNum": 0}