{"tokenNum": 439, "sentenceNum": 21, "lemmaNum": 208, "lemmaRate": 0.47380410022779046, "sentenceLength": 20.904761904761905, "allUpperNum": 1, "firstUpperNum": 23, "allUpperRate": 0.002277904328018223, "firstUpperRate": 0.05239179954441914, "declarSentNum": 21, "imperSentNum": 0, "questionNum": 0, "declarSentRate": 1.0, "imperSentRate": 0.0, "questionRate": 0.0, "accent": true, "saturation": 3.586206896551724, "paragraphNum": 4, "nounNum": 103, "verbNum": 50, "adjNum": 44, "infNum": 7, "partPastNum": 2, "partPresNum": 3, "partFutNum": 0, "transNum": 3, "xNum": 4, "advNum": 30, "properNounNum": 0, "numNum": 0, "conjNum": 47, "punctNum": 67, "pronNum": 29, "relPronNum": 8, "demPronNum": 17, "adposNum": 10, "multiplePunctNum": 0, "phraseNum": 0, "nounRate": 0.23462414578587698, "verbRate": 0.11389521640091116, "adjRate": 0.10022779043280182, "infRate": 0.015945330296127564, "partPastRate": 0.004555808656036446, "partPresRate": 0.00683371298405467, "partFutRate": 0.0, "transRate": 0.00683371298405467, "xRate": 0.009111617312072893, "advRate": 0.0683371298405467, "properNounRate": 0.0, "numRate": 0.0, "conjRate": 0.1070615034168565, "punctRate": 0.15261958997722094, "pronRate": 0.06605922551252848, "relPronRate": 0.018223234624145785, "demPronRate": 0.0387243735763098, "adposRate": 0.022779043280182234, "multiplePunctRate": 0.0, "partsDensityRate": 3.913793103448276, "contentfulness": 10.80952380952381, "phraseRate": 0.0, "pastTenseNum": 0, "presentTenseNum": 44, "condNum": 1, "impNum": 8, "freqNum": 0, "causNum": 1, "modalNum": 1, "sg1VerbNum": 50, "sg2VerbNum": 50, "sg3VerbNum": 50, "pl1VerbNum": 50, "pl2VerbNum": 50, "pl3VerbNum": 50, "superlatNum": 2, "comparatNum": 1, "specDerivSuffixNum": 0, "pluralNounNum": 19, "pastTenseRate": 0.0, "presentTenseRate": 0.88, "condRate": 0.02, "impRate": 0.16, "freqRate": 0.0, "causRate": 0.02, "modalRate": 0.02, "sg1VerbRate": 1.0, "sg2VerbRate": 1.0, "sg3VerbRate": 1.0, "pl1VerbRate": 1.0, "pl2VerbRate": 1.0, "pl3VerbRate": 1.0, "superlatRate": 0.045454545454545456, "comparatRate": 0.022727272727272728, "specDerivSuffixRate": 0.0, "pluralNounRate": 0.18446601941747573, "subjNum": 31, "objNum": 21, "attNum": 21, "subordNum": 28, "adverbNum": 51, "coordNum": 25, "clauseNum": 58, "simpleNum": 5, "complexNum": 16, "complexity1Num": 5, "complexity2Num": 4, "complexity3Num": 4, "compoundNum": 0, "subjRate": 0.07061503416856492, "objRate": 0.04783599088838269, "attRate": 0.04783599088838269, "subordRate": 0.06378132118451026, "adverbRate": 0.11617312072892938, "coordRate": 0.05694760820045558, "partsRate": 2.5689655172413794, "clauseRate": 2.761904761904762, "simpleRate": 0.23809523809523808, "complexRate": 0.7619047619047619, "complexity1Rate": 0.23809523809523808, "complexity2Rate": 0.19047619047619047, "complexity3Rate": 0.19047619047619047, "complexClauseRate": 3.3125, "sentencesPerParagraph": 5.25, "wordsLengthRate": 5.924731182795699, "compoundRate": 0.0, "positiveNum": 0, "negativeNum": 0, "precoPositiveNum": 0, "precoNegativeNum": 0, "negemoNum": 0, "negationNum": 5, "functionNum": 212, "contentNum": 227, "vulgarNum": 0, "racistNum": 0, "specStyleNum": 0, "addressingNum": 0, "closingNum": 0, "postscriptNum": 0, "brutalNum": 0, "positiveRate": 0.0, "negativeRate": 0.0, "precoPositiveRate": 0.0, "precoNegativeRate": 0.0, "negemoRate": 0.0, "negationRate": 0.011389521640091117, "functionRate": 0.48291571753986334, "contentRate": 0.5170842824601367, "vulgarRate": 0.0, "racistRate": 0.0, "specStyleRate": 0.0, "addressingRate": 0.0, "closingRate": 0.0, "postscriptRate": 0.0, "brutalRate": 0.0, "epistemicNum": 0, "investNum": 0, "conditionNum": 0, "weaselNum": 0, "peacockNum": 0, "hedgeNum": 0, "doxasticNum": 0, "epistemicRate": 0.0, "investRate": 0.0, "conditionRate": 0.0, "weaselRate": 0.0, "peacockRate": 0.0, "hedgeRate": 0.0, "doxasticRate": 0.0, "loveNum": 0, "anxietyNum": 0, "sorrowNum": 0, "joyNum": 0, "disgustNum": 0, "fearNum": 0, "surpriseNum": 0, "angerNum": 0, "loveRate": 0.0, "anxietyRate": 0.0, "sorrowRate": 0.0, "joyRate": 0.0, "disgustRate": 0.0, "fearRate": 0.0, "surpriseRate": 0.0, "angerRate": 0.0, "slangBeGeneralNum": 0, "slangBeCigaretteNum": 0, "slangBeHumanNum": 0, "slangBeVehicleNum": 0, "slangBeDrugNum": 0, "slangBvNum": 0, "slangBeGeneralRate": 0.0, "slangBeCigaretteRate": 0.0, "slangBeHumanRate": 0.0, "slangBeVehicleRate": 0.0, "slangBeDrugRate": 0.0, "slangBvRate": 0.0, "speechactNum": 0, "quoteNum": 0, "dashNum": 0, "publicNum": 0, "privateNum": 0, "suasiveNum": 0, "discMarkerNum": 0, "smileyNum": 0, "dateNum": 0, "hesitationNum": 0, "restartNum": 0, "repeatNum": 2, "conjBeforeDiscNum": 0, "conjAfterDiscNum": 0, "wordBeforeHesitationNum": 0, "wordAfterHesitationNum": 0, "otherCollocationNum": 0, "speechactRate": 0.0, "quoteRate": 0.0, "dashRate": 0.0, "publicRate": 0.0, "privateRate": 0.0, "suasiveRate": 0.0, "discMarkerRate": 0.0, "smileyRate": 0.0, "dateRate": 0.0, "hesitationRate": 0.0, "restartRate": 0.0, "repeatRate": 0.004555808656036446, "conjBeforeDiscRate": 0.0, "conjAfterDiscRate": 0.0, "wordBeforeHesitationRate": 0.0, "wordAfterHesitationRate": 0.0, "otherCollocationRate": 0.0, "easyWordNum": 400, "hardWordNum": 39, "easyWordRate": 0.9111617312072893, "hardWordRate": 0.0888382687927107, "fleschReadingEaseScore": 43.58887623386485, "gunningFogIndex": 8.397440069421846, "fleschKincaidGradeLevel": 12.372879921900424, "colemanLiauIndex": 14.562202733485194, "smogIndex": 9.642632912329528, "automatedReadabilityIndex": 13.30194815055863, "linsearWriteIndex": 1.7822974292222584, "author": "", "locationNameNum": 0, "locationNameRate": 0.0, "personNameNum": 0, "personNameRate": 0.0, "organizationNameNum": 0, "organizationNameRate": 0.0, "misspelledNum": 3, "misspelledRate": 0.00683371298405467, "missingAccentNum": 0, "missingAccentRate": 0.0, "foreignAccentNum": 0, "foreignAccentRate": 0.0, "wordConcatNum": 0, "wordConcatRate": 0.0, "jLyMistakeNum": 0, "jLyMistakeRate": 0.0, "publicVNum": 0, "freqSuffixNum": 0, "partsNum": 149, "clauseWordNum": 58, "privateVNum": 0}