{"tokenNum": 491, "sentenceNum": 23, "lemmaNum": 233, "lemmaRate": 0.4745417515274949, "sentenceLength": 21.347826086956523, "allUpperNum": 0, "firstUpperNum": 23, "allUpperRate": 0.0, "firstUpperRate": 0.04684317718940937, "declarSentNum": 21, "imperSentNum": 0, "questionNum": 2, "declarSentRate": 0.9130434782608695, "imperSentRate": 0.0, "questionRate": 0.08695652173913043, "accent": true, "saturation": 4.236363636363636, "paragraphNum": 6, "nounNum": 105, "verbNum": 54, "adjNum": 51, "infNum": 10, "partPastNum": 3, "partPresNum": 8, "partFutNum": 0, "transNum": 2, "xNum": 6, "advNum": 41, "properNounNum": 0, "numNum": 1, "conjNum": 40, "punctNum": 72, "pronNum": 39, "relPronNum": 5, "demPronNum": 27, "adposNum": 13, "multiplePunctNum": 0, "phraseNum": 0, "nounRate": 0.21384928716904278, "verbRate": 0.109979633401222, "adjRate": 0.10386965376782077, "infRate": 0.020366598778004074, "partPastRate": 0.006109979633401222, "partPresRate": 0.016293279022403257, "partFutRate": 0.0, "transRate": 0.004073319755600814, "xRate": 0.012219959266802444, "advRate": 0.0835030549898167, "properNounRate": 0.0, "numRate": 0.002036659877800407, "conjRate": 0.0814663951120163, "punctRate": 0.14663951120162932, "pronRate": 0.07942973523421588, "relPronRate": 0.010183299389002037, "demPronRate": 0.054989816700611, "adposRate": 0.026476578411405296, "multiplePunctRate": 0.0, "partsDensityRate": 4.5636363636363635, "contentfulness": 10.91304347826087, "phraseRate": 0.0, "pastTenseNum": 6, "presentTenseNum": 38, "condNum": 1, "impNum": 5, "freqNum": 0, "causNum": 0, "modalNum": 1, "sg1VerbNum": 54, "sg2VerbNum": 54, "sg3VerbNum": 54, "pl1VerbNum": 54, "pl2VerbNum": 54, "pl3VerbNum": 54, "superlatNum": 1, "comparatNum": 1, "specDerivSuffixNum": 0, "pluralNounNum": 34, "pastTenseRate": 0.1111111111111111, "presentTenseRate": 0.7037037037037037, "condRate": 0.018518518518518517, "impRate": 0.09259259259259259, "freqRate": 0.0, "causRate": 0.0, "modalRate": 0.018518518518518517, "sg1VerbRate": 1.0, "sg2VerbRate": 1.0, "sg3VerbRate": 1.0, "pl1VerbRate": 1.0, "pl2VerbRate": 1.0, "pl3VerbRate": 1.0, "superlatRate": 0.0196078431372549, "comparatRate": 0.0196078431372549, "specDerivSuffixRate": 0.0, "pluralNounRate": 0.3238095238095238, "subjNum": 15, "objNum": 27, "attNum": 37, "subordNum": 25, "adverbNum": 55, "coordNum": 27, "clauseNum": 55, "simpleNum": 5, "complexNum": 18, "complexity1Num": 6, "complexity2Num": 10, "complexity3Num": 2, "compoundNum": 0, "subjRate": 0.03054989816700611, "objRate": 0.054989816700611, "attRate": 0.07535641547861507, "subordRate": 0.05091649694501019, "adverbRate": 0.1120162932790224, "coordRate": 0.054989816700611, "partsRate": 2.9272727272727272, "clauseRate": 2.391304347826087, "simpleRate": 0.21739130434782608, "complexRate": 0.782608695652174, "complexity1Rate": 0.2608695652173913, "complexity2Rate": 0.43478260869565216, "complexity3Rate": 0.08695652173913043, "complexClauseRate": 2.7777777777777777, "sentencesPerParagraph": 3.8333333333333335, "wordsLengthRate": 6.24582338902148, "compoundRate": 0.0, "positiveNum": 0, "negativeNum": 0, "precoPositiveNum": 0, "precoNegativeNum": 0, "negemoNum": 0, "negationNum": 7, "functionNum": 240, "contentNum": 251, "vulgarNum": 0, "racistNum": 0, "specStyleNum": 0, "addressingNum": 0, "closingNum": 0, "postscriptNum": 0, "brutalNum": 0, "positiveRate": 0.0, "negativeRate": 0.0, "precoPositiveRate": 0.0, "precoNegativeRate": 0.0, "negemoRate": 0.0, "negationRate": 0.014256619144602852, "functionRate": 0.48879837067209775, "contentRate": 0.5112016293279023, "vulgarRate": 0.0, "racistRate": 0.0, "specStyleRate": 0.0, "addressingRate": 0.0, "closingRate": 0.0, "postscriptRate": 0.0, "brutalRate": 0.0, "epistemicNum": 0, "investNum": 0, "conditionNum": 0, "weaselNum": 0, "peacockNum": 0, "hedgeNum": 0, "doxasticNum": 0, "epistemicRate": 0.0, "investRate": 0.0, "conditionRate": 0.0, "weaselRate": 0.0, "peacockRate": 0.0, "hedgeRate": 0.0, "doxasticRate": 0.0, "loveNum": 0, "anxietyNum": 0, "sorrowNum": 0, "joyNum": 0, "disgustNum": 0, "fearNum": 0, "surpriseNum": 0, "angerNum": 0, "loveRate": 0.0, "anxietyRate": 0.0, "sorrowRate": 0.0, "joyRate": 0.0, "disgustRate": 0.0, "fearRate": 0.0, "surpriseRate": 0.0, "angerRate": 0.0, "slangBeGeneralNum": 0, "slangBeCigaretteNum": 0, "slangBeHumanNum": 0, "slangBeVehicleNum": 0, "slangBeDrugNum": 0, "slangBvNum": 0, "slangBeGeneralRate": 0.0, "slangBeCigaretteRate": 0.0, "slangBeHumanRate": 0.0, "slangBeVehicleRate": 0.0, "slangBeDrugRate": 0.0, "slangBvRate": 0.0, "speechactNum": 0, "quoteNum": 0, "dashNum": 0, "publicNum": 0, "privateNum": 0, "suasiveNum": 0, "discMarkerNum": 0, "smileyNum": 0, "dateNum": 0, "hesitationNum": 0, "restartNum": 0, "repeatNum": 0, "conjBeforeDiscNum": 0, "conjAfterDiscNum": 0, "wordBeforeHesitationNum": 0, "wordAfterHesitationNum": 0, "otherCollocationNum": 0, "speechactRate": 0.0, "quoteRate": 0.0, "dashRate": 0.0, "publicRate": 0.0, "privateRate": 0.0, "suasiveRate": 0.0, "discMarkerRate": 0.0, "smileyRate": 0.0, "dateRate": 0.0, "hesitationRate": 0.0, "restartRate": 0.0, "repeatRate": 0.0, "conjBeforeDiscRate": 0.0, "conjAfterDiscRate": 0.0, "wordBeforeHesitationRate": 0.0, "wordAfterHesitationRate": 0.0, "otherCollocationRate": 0.0, "easyWordNum": 444, "hardWordNum": 47, "easyWordRate": 0.9042769857433809, "hardWordRate": 0.09572301425661914, "fleschReadingEaseScore": 39.399950411759505, "gunningFogIndex": 8.577419640485259, "fleschKincaidGradeLevel": 13.06722040201895, "colemanLiauIndex": 16.312955193482683, "smogIndex": 10.279547748218288, "automatedReadabilityIndex": 14.923485344903924, "linsearWriteIndex": 1.563534933144426, "author": "", "locationNameNum": 0, "locationNameRate": 0.0, "personNameNum": 0, "personNameRate": 0.0, "organizationNameNum": 0, "organizationNameRate": 0.0, "misspelledNum": 1, "misspelledRate": 0.002036659877800407, "missingAccentNum": 0, "missingAccentRate": 0.0, "foreignAccentNum": 0, "foreignAccentRate": 0.0, "wordConcatNum": 1, "wordConcatRate": 0.002036659877800407, "jLyMistakeNum": 0, "jLyMistakeRate": 0.0, "publicVNum": 0, "freqSuffixNum": 0, "partsNum": 161, "clauseWordNum": 55, "privateVNum": 0}