{"tokenNum": 428, "sentenceNum": 22, "lemmaNum": 208, "lemmaRate": 0.48598130841121495, "sentenceLength": 19.454545454545453, "allUpperNum": 0, "firstUpperNum": 22, "allUpperRate": 0.0, "firstUpperRate": 0.0514018691588785, "declarSentNum": 22, "imperSentNum": 0, "questionNum": 0, "declarSentRate": 1.0, "imperSentRate": 0.0, "questionRate": 0.0, "accent": true, "saturation": 4.16, "paragraphNum": 6, "nounNum": 91, "verbNum": 44, "adjNum": 52, "infNum": 4, "partPastNum": 1, "partPresNum": 3, "partFutNum": 0, "transNum": 0, "xNum": 7, "advNum": 36, "properNounNum": 1, "numNum": 1, "conjNum": 50, "punctNum": 58, "pronNum": 26, "relPronNum": 6, "demPronNum": 22, "adposNum": 2, "multiplePunctNum": 0, "phraseNum": 0, "nounRate": 0.21261682242990654, "verbRate": 0.102803738317757, "adjRate": 0.12149532710280374, "infRate": 0.009345794392523364, "partPastRate": 0.002336448598130841, "partPresRate": 0.007009345794392523, "partFutRate": 0.0, "transRate": 0.0, "xRate": 0.016355140186915886, "advRate": 0.08411214953271028, "properNounRate": 0.002336448598130841, "numRate": 0.002336448598130841, "conjRate": 0.11682242990654206, "punctRate": 0.13551401869158877, "pronRate": 0.06074766355140187, "relPronRate": 0.014018691588785047, "demPronRate": 0.0514018691588785, "adposRate": 0.004672897196261682, "multiplePunctRate": 0.0, "partsDensityRate": 4.46, "contentfulness": 10.136363636363637, "phraseRate": 0.0, "pastTenseNum": 2, "presentTenseNum": 38, "condNum": 3, "impNum": 6, "freqNum": 0, "causNum": 0, "modalNum": 3, "sg1VerbNum": 44, "sg2VerbNum": 44, "sg3VerbNum": 44, "pl1VerbNum": 44, "pl2VerbNum": 44, "pl3VerbNum": 44, "superlatNum": 0, "comparatNum": 4, "specDerivSuffixNum": 0, "pluralNounNum": 25, "pastTenseRate": 0.045454545454545456, "presentTenseRate": 0.8636363636363636, "condRate": 0.06818181818181818, "impRate": 0.13636363636363635, "freqRate": 0.0, "causRate": 0.0, "modalRate": 0.06818181818181818, "sg1VerbRate": 1.0, "sg2VerbRate": 1.0, "sg3VerbRate": 1.0, "pl1VerbRate": 1.0, "pl2VerbRate": 1.0, "pl3VerbRate": 1.0, "superlatRate": 0.0, "comparatRate": 0.07692307692307693, "specDerivSuffixRate": 0.0, "pluralNounRate": 0.27472527472527475, "subjNum": 23, "objNum": 19, "attNum": 24, "subordNum": 19, "adverbNum": 57, "coordNum": 31, "clauseNum": 50, "simpleNum": 5, "complexNum": 17, "complexity1Num": 10, "complexity2Num": 4, "complexity3Num": 2, "compoundNum": 0, "subjRate": 0.053738317757009345, "objRate": 0.04439252336448598, "attRate": 0.056074766355140186, "subordRate": 0.04439252336448598, "adverbRate": 0.13317757009345793, "coordRate": 0.07242990654205607, "partsRate": 3.08, "clauseRate": 2.272727272727273, "simpleRate": 0.22727272727272727, "complexRate": 0.7727272727272727, "complexity1Rate": 0.45454545454545453, "complexity2Rate": 0.18181818181818182, "complexity3Rate": 0.09090909090909091, "complexClauseRate": 2.6470588235294117, "sentencesPerParagraph": 3.6666666666666665, "wordsLengthRate": 6.2, "compoundRate": 0.0, "positiveNum": 0, "negativeNum": 0, "precoPositiveNum": 0, "precoNegativeNum": 0, "negemoNum": 0, "negationNum": 4, "functionNum": 205, "contentNum": 223, "vulgarNum": 0, "racistNum": 0, "specStyleNum": 0, "addressingNum": 0, "closingNum": 0, "postscriptNum": 0, "brutalNum": 0, "positiveRate": 0.0, "negativeRate": 0.0, "precoPositiveRate": 0.0, "precoNegativeRate": 0.0, "negemoRate": 0.0, "negationRate": 0.009345794392523364, "functionRate": 0.47897196261682246, "contentRate": 0.5210280373831776, "vulgarRate": 0.0, "racistRate": 0.0, "specStyleRate": 0.0, "addressingRate": 0.0, "closingRate": 0.0, "postscriptRate": 0.0, "brutalRate": 0.0, "epistemicNum": 0, "investNum": 0, "conditionNum": 0, "weaselNum": 0, "peacockNum": 0, "hedgeNum": 0, "doxasticNum": 0, "epistemicRate": 0.0, "investRate": 0.0, "conditionRate": 0.0, "weaselRate": 0.0, "peacockRate": 0.0, "hedgeRate": 0.0, "doxasticRate": 0.0, "loveNum": 0, "anxietyNum": 0, "sorrowNum": 0, "joyNum": 0, "disgustNum": 0, "fearNum": 0, "surpriseNum": 0, "angerNum": 0, "loveRate": 0.0, "anxietyRate": 0.0, "sorrowRate": 0.0, "joyRate": 0.0, "disgustRate": 0.0, "fearRate": 0.0, "surpriseRate": 0.0, "angerRate": 0.0, "slangBeGeneralNum": 0, "slangBeCigaretteNum": 0, "slangBeHumanNum": 0, "slangBeVehicleNum": 0, "slangBeDrugNum": 0, "slangBvNum": 0, "slangBeGeneralRate": 0.0, "slangBeCigaretteRate": 0.0, "slangBeHumanRate": 0.0, "slangBeVehicleRate": 0.0, "slangBeDrugRate": 0.0, "slangBvRate": 0.0, "speechactNum": 0, "quoteNum": 0, "dashNum": 0, "publicNum": 0, "privateNum": 0, "suasiveNum": 0, "discMarkerNum": 0, "smileyNum": 0, "dateNum": 0, "hesitationNum": 0, "restartNum": 1, "repeatNum": 0, "conjBeforeDiscNum": 0, "conjAfterDiscNum": 0, "wordBeforeHesitationNum": 0, "wordAfterHesitationNum": 0, "otherCollocationNum": 0, "speechactRate": 0.0, "quoteRate": 0.0, "dashRate": 0.0, "publicRate": 0.0, "privateRate": 0.0, "suasiveRate": 0.0, "discMarkerRate": 0.0, "smileyRate": 0.0, "dateRate": 0.0, "hesitationRate": 0.0, "restartRate": 0.002336448598130841, "repeatRate": 0.0, "conjBeforeDiscRate": 0.0, "conjAfterDiscRate": 0.0, "wordBeforeHesitationRate": 0.0, "wordAfterHesitationRate": 0.0, "otherCollocationRate": 0.0, "easyWordNum": 372, "hardWordNum": 56, "easyWordRate": 0.8691588785046729, "hardWordRate": 0.1308411214953271, "fleschReadingEaseScore": 36.46901019541207, "gunningFogIndex": 7.834154630416312, "fleschKincaidGradeLevel": 13.005683942226, "colemanLiauIndex": 16.40218224299065, "smogIndex": 10.934197308810441, "automatedReadabilityIndex": 14.04820730671198, "linsearWriteIndex": 1.8355989804587938, "author": "", "locationNameNum": 0, "locationNameRate": 0.0, "personNameNum": 0, "personNameRate": 0.0, "organizationNameNum": 0, "organizationNameRate": 0.0, "misspelledNum": 1, "misspelledRate": 0.002336448598130841, "missingAccentNum": 1, "missingAccentRate": 0.002336448598130841, "foreignAccentNum": 0, "foreignAccentRate": 0.0, "wordConcatNum": 0, "wordConcatRate": 0.0, "jLyMistakeNum": 0, "jLyMistakeRate": 0.0, "publicVNum": 0, "freqSuffixNum": 0, "partsNum": 154, "clauseWordNum": 50, "privateVNum": 0}