{"tokenNum": 541, "sentenceNum": 28, "lemmaNum": 229, "lemmaRate": 0.4232902033271719, "sentenceLength": 19.321428571428573, "allUpperNum": 0, "firstUpperNum": 28, "allUpperRate": 0.0, "firstUpperRate": 0.051756007393715345, "declarSentNum": 26, "imperSentNum": 0, "questionNum": 2, "declarSentRate": 0.9285714285714286, "imperSentRate": 0.0, "questionRate": 0.07142857142857142, "accent": true, "saturation": 2.9358974358974357, "paragraphNum": 7, "nounNum": 95, "verbNum": 83, "adjNum": 42, "infNum": 14, "partPastNum": 0, "partPresNum": 3, "partFutNum": 0, "transNum": 1, "xNum": 7, "advNum": 54, "properNounNum": 1, "numNum": 4, "conjNum": 56, "punctNum": 93, "pronNum": 43, "relPronNum": 7, "demPronNum": 33, "adposNum": 4, "multiplePunctNum": 0, "phraseNum": 0, "nounRate": 0.1756007393715342, "verbRate": 0.1534195933456562, "adjRate": 0.07763401109057301, "infRate": 0.025878003696857672, "partPastRate": 0.0, "partPresRate": 0.005545286506469501, "partFutRate": 0.0, "transRate": 0.0018484288354898336, "xRate": 0.012939001848428836, "advRate": 0.09981515711645102, "properNounRate": 0.0018484288354898336, "numRate": 0.0073937153419593345, "conjRate": 0.10351201478743069, "punctRate": 0.17190388170055454, "pronRate": 0.07948243992606285, "relPronRate": 0.012939001848428836, "demPronRate": 0.06099815157116451, "adposRate": 0.0073937153419593345, "multiplePunctRate": 0.0, "partsDensityRate": 3.5128205128205128, "contentfulness": 9.785714285714286, "phraseRate": 0.0, "pastTenseNum": 8, "presentTenseNum": 61, "condNum": 9, "impNum": 8, "freqNum": 0, "causNum": 0, "modalNum": 1, "sg1VerbNum": 83, "sg2VerbNum": 83, "sg3VerbNum": 83, "pl1VerbNum": 83, "pl2VerbNum": 83, "pl3VerbNum": 83, "superlatNum": 1, "comparatNum": 1, "specDerivSuffixNum": 0, "pluralNounNum": 16, "pastTenseRate": 0.0963855421686747, "presentTenseRate": 0.7349397590361446, "condRate": 0.10843373493975904, "impRate": 0.0963855421686747, "freqRate": 0.0, "causRate": 0.0, "modalRate": 0.012048192771084338, "sg1VerbRate": 1.0, "sg2VerbRate": 1.0, "sg3VerbRate": 1.0, "pl1VerbRate": 1.0, "pl2VerbRate": 1.0, "pl3VerbRate": 1.0, "superlatRate": 0.023809523809523808, "comparatRate": 0.023809523809523808, "specDerivSuffixRate": 0.0, "pluralNounRate": 0.16842105263157894, "subjNum": 27, "objNum": 30, "attNum": 28, "subordNum": 36, "adverbNum": 69, "coordNum": 25, "clauseNum": 78, "simpleNum": 4, "complexNum": 24, "complexity1Num": 9, "complexity2Num": 9, "complexity3Num": 5, "compoundNum": 0, "subjRate": 0.04990757855822551, "objRate": 0.05545286506469501, "attRate": 0.051756007393715345, "subordRate": 0.066543438077634, "adverbRate": 0.12754158964879853, "coordRate": 0.04621072088724584, "partsRate": 2.2948717948717947, "clauseRate": 2.7857142857142856, "simpleRate": 0.14285714285714285, "complexRate": 0.8571428571428571, "complexity1Rate": 0.32142857142857145, "complexity2Rate": 0.32142857142857145, "complexity3Rate": 0.17857142857142858, "complexClauseRate": 3.0833333333333335, "sentencesPerParagraph": 4.0, "wordsLengthRate": 5.517857142857143, "compoundRate": 0.0, "positiveNum": 0, "negativeNum": 0, "precoPositiveNum": 0, "precoNegativeNum": 0, "negemoNum": 0, "negationNum": 8, "functionNum": 267, "contentNum": 274, "vulgarNum": 0, "racistNum": 0, "specStyleNum": 0, "addressingNum": 0, "closingNum": 0, "postscriptNum": 0, "brutalNum": 0, "positiveRate": 0.0, "negativeRate": 0.0, "precoPositiveRate": 0.0, "precoNegativeRate": 0.0, "negemoRate": 0.0, "negationRate": 0.014787430683918669, "functionRate": 0.49353049907578556, "contentRate": 0.5064695009242144, "vulgarRate": 0.0, "racistRate": 0.0, "specStyleRate": 0.0, "addressingRate": 0.0, "closingRate": 0.0, "postscriptRate": 0.0, "brutalRate": 0.0, "epistemicNum": 0, "investNum": 0, "conditionNum": 0, "weaselNum": 0, "peacockNum": 0, "hedgeNum": 0, "doxasticNum": 0, "epistemicRate": 0.0, "investRate": 0.0, "conditionRate": 0.0, "weaselRate": 0.0, "peacockRate": 0.0, "hedgeRate": 0.0, "doxasticRate": 0.0, "loveNum": 0, "anxietyNum": 0, "sorrowNum": 0, "joyNum": 0, "disgustNum": 0, "fearNum": 0, "surpriseNum": 0, "angerNum": 0, "loveRate": 0.0, "anxietyRate": 0.0, "sorrowRate": 0.0, "joyRate": 0.0, "disgustRate": 0.0, "fearRate": 0.0, "surpriseRate": 0.0, "angerRate": 0.0, "slangBeGeneralNum": 0, "slangBeCigaretteNum": 0, "slangBeHumanNum": 0, "slangBeVehicleNum": 0, "slangBeDrugNum": 0, "slangBvNum": 0, "slangBeGeneralRate": 0.0, "slangBeCigaretteRate": 0.0, "slangBeHumanRate": 0.0, "slangBeVehicleRate": 0.0, "slangBeDrugRate": 0.0, "slangBvRate": 0.0, "speechactNum": 0, "quoteNum": 0, "dashNum": 0, "publicNum": 0, "privateNum": 0, "suasiveNum": 0, "discMarkerNum": 0, "smileyNum": 0, "dateNum": 0, "hesitationNum": 0, "restartNum": 0, "repeatNum": 0, "conjBeforeDiscNum": 0, "conjAfterDiscNum": 0, "wordBeforeHesitationNum": 0, "wordAfterHesitationNum": 0, "otherCollocationNum": 0, "speechactRate": 0.0, "quoteRate": 0.0, "dashRate": 0.0, "publicRate": 0.0, "privateRate": 0.0, "suasiveRate": 0.0, "discMarkerRate": 0.0, "smileyRate": 0.0, "dateRate": 0.0, "hesitationRate": 0.0, "restartRate": 0.0, "repeatRate": 0.0, "conjBeforeDiscRate": 0.0, "conjAfterDiscRate": 0.0, "wordBeforeHesitationRate": 0.0, "wordAfterHesitationRate": 0.0, "otherCollocationRate": 0.0, "easyWordNum": 509, "hardWordNum": 32, "easyWordRate": 0.9408502772643254, "hardWordRate": 0.059149722735674676, "fleschReadingEaseScore": 63.37310304990757, "gunningFogIndex": 7.7522313176657, "fleschKincaidGradeLevel": 9.220033667810934, "colemanLiauIndex": 11.973208872458411, "smogIndex": 9.029198982220553, "automatedReadabilityIndex": 10.439974914180091, "linsearWriteIndex": 0.9738579350409295, "author": "", "locationNameNum": 0, "locationNameRate": 0.0, "personNameNum": 0, "personNameRate": 0.0, "organizationNameNum": 0, "organizationNameRate": 0.0, "misspelledNum": 2, "misspelledRate": 0.0036968576709796672, "missingAccentNum": 1, "missingAccentRate": 0.0018484288354898336, "foreignAccentNum": 0, "foreignAccentRate": 0.0, "wordConcatNum": 0, "wordConcatRate": 0.0, "jLyMistakeNum": 0, "jLyMistakeRate": 0.0, "publicVNum": 0, "freqSuffixNum": 0, "partsNum": 179, "clauseWordNum": 78, "privateVNum": 0}