{"tokenNum": 525, "sentenceNum": 28, "lemmaNum": 258, "lemmaRate": 0.49142857142857144, "sentenceLength": 18.75, "allUpperNum": 0, "firstUpperNum": 28, "allUpperRate": 0.0, "firstUpperRate": 0.05333333333333334, "declarSentNum": 27, "imperSentNum": 0, "questionNum": 1, "declarSentRate": 0.9642857142857143, "imperSentRate": 0.0, "questionRate": 0.03571428571428571, "accent": true, "saturation": 3.8507462686567164, "paragraphNum": 6, "nounNum": 106, "verbNum": 56, "adjNum": 70, "infNum": 12, "partPastNum": 2, "partPresNum": 7, "partFutNum": 0, "transNum": 5, "xNum": 6, "advNum": 43, "properNounNum": 1, "numNum": 2, "conjNum": 48, "punctNum": 91, "pronNum": 29, "relPronNum": 5, "demPronNum": 15, "adposNum": 6, "multiplePunctNum": 1, "phraseNum": 0, "nounRate": 0.2019047619047619, "verbRate": 0.10666666666666667, "adjRate": 0.13333333333333333, "infRate": 0.022857142857142857, "partPastRate": 0.0038095238095238095, "partPresRate": 0.013333333333333334, "partFutRate": 0.0, "transRate": 0.009523809523809525, "xRate": 0.011428571428571429, "advRate": 0.08190476190476191, "properNounRate": 0.0019047619047619048, "numRate": 0.0038095238095238095, "conjRate": 0.09142857142857143, "punctRate": 0.17333333333333334, "pronRate": 0.05523809523809524, "relPronRate": 0.009523809523809525, "demPronRate": 0.02857142857142857, "adposRate": 0.011428571428571429, "multiplePunctRate": 0.01098901098901099, "partsDensityRate": 4.104477611940299, "contentfulness": 9.821428571428571, "phraseRate": 0.0, "pastTenseNum": 4, "presentTenseNum": 40, "condNum": 2, "impNum": 6, "freqNum": 0, "causNum": 0, "modalNum": 2, "sg1VerbNum": 56, "sg2VerbNum": 56, "sg3VerbNum": 56, "pl1VerbNum": 56, "pl2VerbNum": 56, "pl3VerbNum": 56, "superlatNum": 2, "comparatNum": 3, "specDerivSuffixNum": 0, "pluralNounNum": 23, "pastTenseRate": 0.07142857142857142, "presentTenseRate": 0.7142857142857143, "condRate": 0.03571428571428571, "impRate": 0.10714285714285714, "freqRate": 0.0, "causRate": 0.0, "modalRate": 0.03571428571428571, "sg1VerbRate": 1.0, "sg2VerbRate": 1.0, "sg3VerbRate": 1.0, "pl1VerbRate": 1.0, "pl2VerbRate": 1.0, "pl3VerbRate": 1.0, "superlatRate": 0.02857142857142857, "comparatRate": 0.04285714285714286, "specDerivSuffixRate": 0.0, "pluralNounRate": 0.2169811320754717, "subjNum": 25, "objNum": 27, "attNum": 41, "subordNum": 18, "adverbNum": 51, "coordNum": 36, "clauseNum": 67, "simpleNum": 6, "complexNum": 22, "complexity1Num": 10, "complexity2Num": 8, "complexity3Num": 3, "compoundNum": 0, "subjRate": 0.047619047619047616, "objRate": 0.05142857142857143, "attRate": 0.07809523809523809, "subordRate": 0.03428571428571429, "adverbRate": 0.09714285714285714, "coordRate": 0.06857142857142857, "partsRate": 2.6865671641791047, "clauseRate": 2.392857142857143, "simpleRate": 0.21428571428571427, "complexRate": 0.7857142857142857, "complexity1Rate": 0.35714285714285715, "complexity2Rate": 0.2857142857142857, "complexity3Rate": 0.10714285714285714, "complexClauseRate": 2.772727272727273, "sentencesPerParagraph": 4.666666666666667, "wordsLengthRate": 6.179723502304148, "compoundRate": 0.0, "positiveNum": 0, "negativeNum": 0, "precoPositiveNum": 0, "precoNegativeNum": 0, "negemoNum": 0, "negationNum": 8, "functionNum": 250, "contentNum": 275, "vulgarNum": 0, "racistNum": 0, "specStyleNum": 0, "addressingNum": 0, "closingNum": 0, "postscriptNum": 0, "brutalNum": 0, "positiveRate": 0.0, "negativeRate": 0.0, "precoPositiveRate": 0.0, "precoNegativeRate": 0.0, "negemoRate": 0.0, "negationRate": 0.015238095238095238, "functionRate": 0.47619047619047616, "contentRate": 0.5238095238095238, "vulgarRate": 0.0, "racistRate": 0.0, "specStyleRate": 0.0, "addressingRate": 0.0, "closingRate": 0.0, "postscriptRate": 0.0, "brutalRate": 0.0, "epistemicNum": 0, "investNum": 0, "conditionNum": 0, "weaselNum": 0, "peacockNum": 0, "hedgeNum": 0, "doxasticNum": 0, "epistemicRate": 0.0, "investRate": 0.0, "conditionRate": 0.0, "weaselRate": 0.0, "peacockRate": 0.0, "hedgeRate": 0.0, "doxasticRate": 0.0, "loveNum": 0, "anxietyNum": 0, "sorrowNum": 0, "joyNum": 0, "disgustNum": 0, "fearNum": 0, "surpriseNum": 0, "angerNum": 0, "loveRate": 0.0, "anxietyRate": 0.0, "sorrowRate": 0.0, "joyRate": 0.0, "disgustRate": 0.0, "fearRate": 0.0, "surpriseRate": 0.0, "angerRate": 0.0, "slangBeGeneralNum": 0, "slangBeCigaretteNum": 0, "slangBeHumanNum": 0, "slangBeVehicleNum": 0, "slangBeDrugNum": 0, "slangBvNum": 0, "slangBeGeneralRate": 0.0, "slangBeCigaretteRate": 0.0, "slangBeHumanRate": 0.0, "slangBeVehicleRate": 0.0, "slangBeDrugRate": 0.0, "slangBvRate": 0.0, "speechactNum": 0, "quoteNum": 0, "dashNum": 0, "publicNum": 0, "privateNum": 0, "suasiveNum": 0, "discMarkerNum": 0, "smileyNum": 0, "dateNum": 0, "hesitationNum": 0, "restartNum": 0, "repeatNum": 0, "conjBeforeDiscNum": 0, "conjAfterDiscNum": 0, "wordBeforeHesitationNum": 0, "wordAfterHesitationNum": 0, "otherCollocationNum": 0, "speechactRate": 0.0, "quoteRate": 0.0, "dashRate": 0.0, "publicRate": 0.0, "privateRate": 0.0, "suasiveRate": 0.0, "discMarkerRate": 0.0, "smileyRate": 0.0, "dateRate": 0.0, "hesitationRate": 0.0, "restartRate": 0.0, "repeatRate": 0.0, "conjBeforeDiscRate": 0.0, "conjAfterDiscRate": 0.0, "wordBeforeHesitationRate": 0.0, "wordAfterHesitationRate": 0.0, "otherCollocationRate": 0.0, "easyWordNum": 472, "hardWordNum": 53, "easyWordRate": 0.8990476190476191, "hardWordRate": 0.10095238095238095, "fleschReadingEaseScore": 43.74203571428572, "gunningFogIndex": 7.5403809523809535, "fleschKincaidGradeLevel": 11.816214285714288, "colemanLiauIndex": 15.198068571428564, "smogIndex": 10.72225461451958, "automatedReadabilityIndex": 12.733057142857142, "linsearWriteIndex": 1.1258503401360542, "author": "", "locationNameNum": 0, "locationNameRate": 0.0, "personNameNum": 0, "personNameRate": 0.0, "organizationNameNum": 0, "organizationNameRate": 0.0, "misspelledNum": 1, "misspelledRate": 0.0019047619047619048, "missingAccentNum": 1, "missingAccentRate": 0.0019047619047619048, "foreignAccentNum": 0, "foreignAccentRate": 0.0, "wordConcatNum": 0, "wordConcatRate": 0.0, "jLyMistakeNum": 0, "jLyMistakeRate": 0.0, "publicVNum": 0, "freqSuffixNum": 0, "partsNum": 180, "clauseWordNum": 67, "privateVNum": 0}