{"tokenNum": 490, "sentenceNum": 23, "lemmaNum": 227, "lemmaRate": 0.463265306122449, "sentenceLength": 21.304347826086957, "allUpperNum": 0, "firstUpperNum": 23, "allUpperRate": 0.0, "firstUpperRate": 0.04693877551020408, "declarSentNum": 23, "imperSentNum": 0, "questionNum": 0, "declarSentRate": 1.0, "imperSentRate": 0.0, "questionRate": 0.0, "accent": true, "saturation": 3.026666666666667, "paragraphNum": 6, "nounNum": 83, "verbNum": 65, "adjNum": 50, "infNum": 12, "partPastNum": 0, "partPresNum": 5, "partFutNum": 0, "transNum": 2, "xNum": 6, "advNum": 58, "properNounNum": 0, "numNum": 1, "conjNum": 45, "punctNum": 89, "pronNum": 36, "relPronNum": 10, "demPronNum": 18, "adposNum": 3, "multiplePunctNum": 0, "phraseNum": 0, "nounRate": 0.16938775510204082, "verbRate": 0.1326530612244898, "adjRate": 0.10204081632653061, "infRate": 0.024489795918367346, "partPastRate": 0.0, "partPresRate": 0.01020408163265306, "partFutRate": 0.0, "transRate": 0.004081632653061225, "xRate": 0.012244897959183673, "advRate": 0.11836734693877551, "properNounRate": 0.0, "numRate": 0.0020408163265306124, "conjRate": 0.09183673469387756, "punctRate": 0.1816326530612245, "pronRate": 0.07346938775510205, "relPronRate": 0.02040816326530612, "demPronRate": 0.036734693877551024, "adposRate": 0.006122448979591836, "multiplePunctRate": 0.0, "partsDensityRate": 3.4133333333333336, "contentfulness": 11.130434782608695, "phraseRate": 0.0, "pastTenseNum": 4, "presentTenseNum": 49, "condNum": 7, "impNum": 4, "freqNum": 0, "causNum": 0, "modalNum": 2, "sg1VerbNum": 65, "sg2VerbNum": 65, "sg3VerbNum": 65, "pl1VerbNum": 65, "pl2VerbNum": 65, "pl3VerbNum": 65, "superlatNum": 1, "comparatNum": 1, "specDerivSuffixNum": 0, "pluralNounNum": 22, "pastTenseRate": 0.06153846153846154, "presentTenseRate": 0.7538461538461538, "condRate": 0.1076923076923077, "impRate": 0.06153846153846154, "freqRate": 0.0, "causRate": 0.0, "modalRate": 0.03076923076923077, "sg1VerbRate": 1.0, "sg2VerbRate": 1.0, "sg3VerbRate": 1.0, "pl1VerbRate": 1.0, "pl2VerbRate": 1.0, "pl3VerbRate": 1.0, "superlatRate": 0.02, "comparatRate": 0.02, "specDerivSuffixRate": 0.0, "pluralNounRate": 0.26506024096385544, "subjNum": 33, "objNum": 26, "attNum": 28, "subordNum": 31, "adverbNum": 75, "coordNum": 31, "clauseNum": 75, "simpleNum": 1, "complexNum": 22, "complexity1Num": 5, "complexity2Num": 7, "complexity3Num": 8, "compoundNum": 0, "subjRate": 0.0673469387755102, "objRate": 0.053061224489795916, "attRate": 0.05714285714285714, "subordRate": 0.06326530612244897, "adverbRate": 0.15306122448979592, "coordRate": 0.06326530612244897, "partsRate": 2.5733333333333333, "clauseRate": 3.260869565217391, "simpleRate": 0.043478260869565216, "complexRate": 0.9565217391304348, "complexity1Rate": 0.21739130434782608, "complexity2Rate": 0.30434782608695654, "complexity3Rate": 0.34782608695652173, "complexClauseRate": 3.3636363636363638, "sentencesPerParagraph": 3.8333333333333335, "wordsLengthRate": 5.835411471321696, "compoundRate": 0.0, "positiveNum": 0, "negativeNum": 0, "precoPositiveNum": 0, "precoNegativeNum": 0, "negemoNum": 0, "negationNum": 15, "functionNum": 234, "contentNum": 256, "vulgarNum": 0, "racistNum": 0, "specStyleNum": 0, "addressingNum": 0, "closingNum": 0, "postscriptNum": 0, "brutalNum": 0, "positiveRate": 0.0, "negativeRate": 0.0, "precoPositiveRate": 0.0, "precoNegativeRate": 0.0, "negemoRate": 0.0, "negationRate": 0.030612244897959183, "functionRate": 0.4775510204081633, "contentRate": 0.5224489795918368, "vulgarRate": 0.0, "racistRate": 0.0, "specStyleRate": 0.0, "addressingRate": 0.0, "closingRate": 0.0, "postscriptRate": 0.0, "brutalRate": 0.0, "epistemicNum": 0, "investNum": 0, "conditionNum": 0, "weaselNum": 0, "peacockNum": 0, "hedgeNum": 0, "doxasticNum": 0, "epistemicRate": 0.0, "investRate": 0.0, "conditionRate": 0.0, "weaselRate": 0.0, "peacockRate": 0.0, "hedgeRate": 0.0, "doxasticRate": 0.0, "loveNum": 0, "anxietyNum": 0, "sorrowNum": 0, "joyNum": 0, "disgustNum": 0, "fearNum": 0, "surpriseNum": 0, "angerNum": 0, "loveRate": 0.0, "anxietyRate": 0.0, "sorrowRate": 0.0, "joyRate": 0.0, "disgustRate": 0.0, "fearRate": 0.0, "surpriseRate": 0.0, "angerRate": 0.0, "slangBeGeneralNum": 0, "slangBeCigaretteNum": 0, "slangBeHumanNum": 0, "slangBeVehicleNum": 0, "slangBeDrugNum": 0, "slangBvNum": 0, "slangBeGeneralRate": 0.0, "slangBeCigaretteRate": 0.0, "slangBeHumanRate": 0.0, "slangBeVehicleRate": 0.0, "slangBeDrugRate": 0.0, "slangBvRate": 0.0, "speechactNum": 0, "quoteNum": 0, "dashNum": 0, "publicNum": 0, "privateNum": 0, "suasiveNum": 0, "discMarkerNum": 0, "smileyNum": 0, "dateNum": 0, "hesitationNum": 0, "restartNum": 0, "repeatNum": 0, "conjBeforeDiscNum": 0, "conjAfterDiscNum": 0, "wordBeforeHesitationNum": 0, "wordAfterHesitationNum": 0, "otherCollocationNum": 0, "speechactRate": 0.0, "quoteRate": 0.0, "dashRate": 0.0, "publicRate": 0.0, "privateRate": 0.0, "suasiveRate": 0.0, "discMarkerRate": 0.0, "smileyRate": 0.0, "dateRate": 0.0, "hesitationRate": 0.0, "restartRate": 0.0, "repeatRate": 0.0, "conjBeforeDiscRate": 0.0, "conjAfterDiscRate": 0.0, "wordBeforeHesitationRate": 0.0, "wordAfterHesitationRate": 0.0, "otherCollocationRate": 0.0, "easyWordNum": 440, "hardWordNum": 50, "easyWordRate": 0.8979591836734694, "hardWordRate": 0.10204081632653061, "fleschReadingEaseScore": 48.46986246672583, "gunningFogIndex": 8.562555456965397, "fleschKincaidGradeLevel": 11.791348713398406, "colemanLiauIndex": 13.25318571428571, "smogIndex": 10.504223727775692, "automatedReadabilityIndex": 12.454969831410828, "linsearWriteIndex": 1.5909494232475598, "author": "", "locationNameNum": 0, "locationNameRate": 0.0, "personNameNum": 0, "personNameRate": 0.0, "organizationNameNum": 0, "organizationNameRate": 0.0, "misspelledNum": 1, "misspelledRate": 0.0020408163265306124, "missingAccentNum": 0, "missingAccentRate": 0.0, "foreignAccentNum": 0, "foreignAccentRate": 0.0, "wordConcatNum": 0, "wordConcatRate": 0.0, "jLyMistakeNum": 0, "jLyMistakeRate": 0.0, "publicVNum": 0, "freqSuffixNum": 0, "partsNum": 193, "clauseWordNum": 75, "privateVNum": 0}