{"tokenNum": 418, "sentenceNum": 19, "lemmaNum": 194, "lemmaRate": 0.46411483253588515, "sentenceLength": 22.0, "allUpperNum": 0, "firstUpperNum": 19, "allUpperRate": 0.0, "firstUpperRate": 0.045454545454545456, "declarSentNum": 18, "imperSentNum": 1, "questionNum": 0, "declarSentRate": 0.9473684210526315, "imperSentRate": 0.05263157894736842, "questionRate": 0.0, "accent": true, "saturation": 3.730769230769231, "paragraphNum": 6, "nounNum": 92, "verbNum": 44, "adjNum": 42, "infNum": 6, "partPastNum": 1, "partPresNum": 2, "partFutNum": 0, "transNum": 3, "xNum": 6, "advNum": 28, "properNounNum": 0, "numNum": 9, "conjNum": 40, "punctNum": 58, "pronNum": 27, "relPronNum": 8, "demPronNum": 21, "adposNum": 7, "multiplePunctNum": 0, "phraseNum": 0, "nounRate": 0.22009569377990432, "verbRate": 0.10526315789473684, "adjRate": 0.10047846889952153, "infRate": 0.014354066985645933, "partPastRate": 0.0023923444976076554, "partPresRate": 0.004784688995215311, "partFutRate": 0.0, "transRate": 0.007177033492822967, "xRate": 0.014354066985645933, "advRate": 0.06698564593301436, "properNounRate": 0.0, "numRate": 0.0215311004784689, "conjRate": 0.09569377990430622, "punctRate": 0.13875598086124402, "pronRate": 0.0645933014354067, "relPronRate": 0.019138755980861243, "demPronRate": 0.050239234449760764, "adposRate": 0.01674641148325359, "multiplePunctRate": 0.0, "partsDensityRate": 3.9615384615384617, "contentfulness": 10.842105263157896, "phraseRate": 0.0, "pastTenseNum": 3, "presentTenseNum": 35, "condNum": 1, "impNum": 4, "freqNum": 0, "causNum": 0, "modalNum": 2, "sg1VerbNum": 44, "sg2VerbNum": 44, "sg3VerbNum": 44, "pl1VerbNum": 44, "pl2VerbNum": 44, "pl3VerbNum": 44, "superlatNum": 0, "comparatNum": 0, "specDerivSuffixNum": 0, "pluralNounNum": 20, "pastTenseRate": 0.06818181818181818, "presentTenseRate": 0.7954545454545454, "condRate": 0.022727272727272728, "impRate": 0.09090909090909091, "freqRate": 0.0, "causRate": 0.0, "modalRate": 0.045454545454545456, "sg1VerbRate": 1.0, "sg2VerbRate": 1.0, "sg3VerbRate": 1.0, "pl1VerbRate": 1.0, "pl2VerbRate": 1.0, "pl3VerbRate": 1.0, "superlatRate": 0.0, "comparatRate": 0.0, "specDerivSuffixRate": 0.0, "pluralNounRate": 0.21739130434782608, "subjNum": 27, "objNum": 25, "attNum": 25, "subordNum": 20, "adverbNum": 44, "coordNum": 31, "clauseNum": 52, "simpleNum": 4, "complexNum": 15, "complexity1Num": 5, "complexity2Num": 5, "complexity3Num": 3, "compoundNum": 0, "subjRate": 0.0645933014354067, "objRate": 0.05980861244019139, "attRate": 0.05980861244019139, "subordRate": 0.04784688995215311, "adverbRate": 0.10526315789473684, "coordRate": 0.07416267942583732, "partsRate": 2.923076923076923, "clauseRate": 2.736842105263158, "simpleRate": 0.21052631578947367, "complexRate": 0.7894736842105263, "complexity1Rate": 0.2631578947368421, "complexity2Rate": 0.2631578947368421, "complexity3Rate": 0.15789473684210525, "complexClauseRate": 3.2, "sentencesPerParagraph": 3.1666666666666665, "wordsLengthRate": 5.983333333333333, "compoundRate": 0.0, "positiveNum": 0, "negativeNum": 0, "precoPositiveNum": 0, "precoNegativeNum": 0, "negemoNum": 0, "negationNum": 2, "functionNum": 212, "contentNum": 206, "vulgarNum": 0, "racistNum": 0, "specStyleNum": 0, "addressingNum": 0, "closingNum": 0, "postscriptNum": 0, "brutalNum": 0, "positiveRate": 0.0, "negativeRate": 0.0, "precoPositiveRate": 0.0, "precoNegativeRate": 0.0, "negemoRate": 0.0, "negationRate": 0.004784688995215311, "functionRate": 0.507177033492823, "contentRate": 0.49282296650717705, "vulgarRate": 0.0, "racistRate": 0.0, "specStyleRate": 0.0, "addressingRate": 0.0, "closingRate": 0.0, "postscriptRate": 0.0, "brutalRate": 0.0, "epistemicNum": 0, "investNum": 0, "conditionNum": 0, "weaselNum": 0, "peacockNum": 0, "hedgeNum": 0, "doxasticNum": 0, "epistemicRate": 0.0, "investRate": 0.0, "conditionRate": 0.0, "weaselRate": 0.0, "peacockRate": 0.0, "hedgeRate": 0.0, "doxasticRate": 0.0, "loveNum": 0, "anxietyNum": 0, "sorrowNum": 0, "joyNum": 0, "disgustNum": 0, "fearNum": 0, "surpriseNum": 0, "angerNum": 0, "loveRate": 0.0, "anxietyRate": 0.0, "sorrowRate": 0.0, "joyRate": 0.0, "disgustRate": 0.0, "fearRate": 0.0, "surpriseRate": 0.0, "angerRate": 0.0, "slangBeGeneralNum": 0, "slangBeCigaretteNum": 0, "slangBeHumanNum": 0, "slangBeVehicleNum": 0, "slangBeDrugNum": 0, "slangBvNum": 0, "slangBeGeneralRate": 0.0, "slangBeCigaretteRate": 0.0, "slangBeHumanRate": 0.0, "slangBeVehicleRate": 0.0, "slangBeDrugRate": 0.0, "slangBvRate": 0.0, "speechactNum": 0, "quoteNum": 0, "dashNum": 0, "publicNum": 0, "privateNum": 0, "suasiveNum": 0, "discMarkerNum": 0, "smileyNum": 0, "dateNum": 0, "hesitationNum": 0, "restartNum": 1, "repeatNum": 0, "conjBeforeDiscNum": 0, "conjAfterDiscNum": 0, "wordBeforeHesitationNum": 0, "wordAfterHesitationNum": 0, "otherCollocationNum": 0, "speechactRate": 0.0, "quoteRate": 0.0, "dashRate": 0.0, "publicRate": 0.0, "privateRate": 0.0, "suasiveRate": 0.0, "discMarkerRate": 0.0, "smileyRate": 0.0, "dateRate": 0.0, "hesitationRate": 0.0, "restartRate": 0.0023923444976076554, "repeatRate": 0.0, "conjBeforeDiscRate": 0.0, "conjAfterDiscRate": 0.0, "wordBeforeHesitationRate": 0.0, "wordAfterHesitationRate": 0.0, "otherCollocationRate": 0.0, "easyWordNum": 360, "hardWordNum": 58, "easyWordRate": 0.861244019138756, "hardWordRate": 0.13875598086124402, "fleschReadingEaseScore": 32.91313397129187, "gunningFogIndex": 8.855502392344498, "fleschKincaidGradeLevel": 14.134019138755985, "colemanLiauIndex": 15.199863636363634, "smogIndex": 11.072351349416056, "automatedReadabilityIndex": 14.359473684210528, "linsearWriteIndex": 2.3240997229916895, "author": "", "locationNameNum": 0, "locationNameRate": 0.0, "personNameNum": 0, "personNameRate": 0.0, "organizationNameNum": 0, "organizationNameRate": 0.0, "misspelledNum": 2, "misspelledRate": 0.004784688995215311, "missingAccentNum": 0, "missingAccentRate": 0.0, "foreignAccentNum": 0, "foreignAccentRate": 0.0, "wordConcatNum": 0, "wordConcatRate": 0.0, "jLyMistakeNum": 0, "jLyMistakeRate": 0.0, "publicVNum": 0, "freqSuffixNum": 0, "partsNum": 152, "clauseWordNum": 52, "privateVNum": 0}