{"tokenNum": 480, "sentenceNum": 20, "lemmaNum": 200, "lemmaRate": 0.4166666666666667, "sentenceLength": 24.0, "allUpperNum": 1, "firstUpperNum": 21, "allUpperRate": 0.0020833333333333333, "firstUpperRate": 0.04375, "declarSentNum": 17, "imperSentNum": 0, "questionNum": 3, "declarSentRate": 0.85, "imperSentRate": 0.0, "questionRate": 0.15, "accent": true, "saturation": 3.0303030303030303, "paragraphNum": 4, "nounNum": 74, "verbNum": 71, "adjNum": 41, "infNum": 14, "partPastNum": 1, "partPresNum": 4, "partFutNum": 0, "transNum": 2, "xNum": 4, "advNum": 47, "properNounNum": 1, "numNum": 0, "conjNum": 44, "punctNum": 78, "pronNum": 49, "relPronNum": 13, "demPronNum": 26, "adposNum": 4, "multiplePunctNum": 0, "phraseNum": 0, "nounRate": 0.15416666666666667, "verbRate": 0.14791666666666667, "adjRate": 0.08541666666666667, "infRate": 0.029166666666666667, "partPastRate": 0.0020833333333333333, "partPresRate": 0.008333333333333333, "partFutRate": 0.0, "transRate": 0.004166666666666667, "xRate": 0.008333333333333333, "advRate": 0.09791666666666667, "properNounRate": 0.0020833333333333333, "numRate": 0.0, "conjRate": 0.09166666666666666, "punctRate": 0.1625, "pronRate": 0.10208333333333333, "relPronRate": 0.027083333333333334, "demPronRate": 0.05416666666666667, "adposRate": 0.008333333333333333, "multiplePunctRate": 0.0, "partsDensityRate": 3.5303030303030303, "contentfulness": 11.65, "phraseRate": 0.0, "pastTenseNum": 8, "presentTenseNum": 49, "condNum": 3, "impNum": 6, "freqNum": 0, "causNum": 0, "modalNum": 4, "sg1VerbNum": 71, "sg2VerbNum": 71, "sg3VerbNum": 71, "pl1VerbNum": 71, "pl2VerbNum": 71, "pl3VerbNum": 71, "superlatNum": 4, "comparatNum": 2, "specDerivSuffixNum": 0, "pluralNounNum": 13, "pastTenseRate": 0.11267605633802817, "presentTenseRate": 0.6901408450704225, "condRate": 0.04225352112676056, "impRate": 0.08450704225352113, "freqRate": 0.0, "causRate": 0.0, "modalRate": 0.056338028169014086, "sg1VerbRate": 1.0, "sg2VerbRate": 1.0, "sg3VerbRate": 1.0, "pl1VerbRate": 1.0, "pl2VerbRate": 1.0, "pl3VerbRate": 1.0, "superlatRate": 0.0975609756097561, "comparatRate": 0.04878048780487805, "specDerivSuffixRate": 0.0, "pluralNounRate": 0.17567567567567569, "subjNum": 28, "objNum": 32, "attNum": 24, "subordNum": 27, "adverbNum": 58, "coordNum": 23, "clauseNum": 66, "simpleNum": 2, "complexNum": 18, "complexity1Num": 7, "complexity2Num": 3, "complexity3Num": 4, "compoundNum": 0, "subjRate": 0.058333333333333334, "objRate": 0.06666666666666667, "attRate": 0.05, "subordRate": 0.05625, "adverbRate": 0.12083333333333333, "coordRate": 0.04791666666666667, "partsRate": 2.5, "clauseRate": 3.3, "simpleRate": 0.1, "complexRate": 0.9, "complexity1Rate": 0.35, "complexity2Rate": 0.15, "complexity3Rate": 0.2, "complexClauseRate": 3.5555555555555554, "sentencesPerParagraph": 5.0, "wordsLengthRate": 5.402985074626866, "compoundRate": 0.0, "positiveNum": 0, "negativeNum": 0, "precoPositiveNum": 0, "precoNegativeNum": 0, "negemoNum": 0, "negationNum": 7, "functionNum": 247, "contentNum": 233, "vulgarNum": 0, "racistNum": 0, "specStyleNum": 0, "addressingNum": 0, "closingNum": 0, "postscriptNum": 0, "brutalNum": 0, "positiveRate": 0.0, "negativeRate": 0.0, "precoPositiveRate": 0.0, "precoNegativeRate": 0.0, "negemoRate": 0.0, "negationRate": 0.014583333333333334, "functionRate": 0.5145833333333333, "contentRate": 0.48541666666666666, "vulgarRate": 0.0, "racistRate": 0.0, "specStyleRate": 0.0, "addressingRate": 0.0, "closingRate": 0.0, "postscriptRate": 0.0, "brutalRate": 0.0, "epistemicNum": 0, "investNum": 0, "conditionNum": 0, "weaselNum": 0, "peacockNum": 0, "hedgeNum": 0, "doxasticNum": 0, "epistemicRate": 0.0, "investRate": 0.0, "conditionRate": 0.0, "weaselRate": 0.0, "peacockRate": 0.0, "hedgeRate": 0.0, "doxasticRate": 0.0, "loveNum": 0, "anxietyNum": 0, "sorrowNum": 0, "joyNum": 0, "disgustNum": 0, "fearNum": 0, "surpriseNum": 0, "angerNum": 0, "loveRate": 0.0, "anxietyRate": 0.0, "sorrowRate": 0.0, "joyRate": 0.0, "disgustRate": 0.0, "fearRate": 0.0, "surpriseRate": 0.0, "angerRate": 0.0, "slangBeGeneralNum": 0, "slangBeCigaretteNum": 0, "slangBeHumanNum": 0, "slangBeVehicleNum": 0, "slangBeDrugNum": 0, "slangBvNum": 0, "slangBeGeneralRate": 0.0, "slangBeCigaretteRate": 0.0, "slangBeHumanRate": 0.0, "slangBeVehicleRate": 0.0, "slangBeDrugRate": 0.0, "slangBvRate": 0.0, "speechactNum": 0, "quoteNum": 0, "dashNum": 0, "publicNum": 0, "privateNum": 0, "suasiveNum": 0, "discMarkerNum": 0, "smileyNum": 0, "dateNum": 0, "hesitationNum": 0, "restartNum": 0, "repeatNum": 0, "conjBeforeDiscNum": 0, "conjAfterDiscNum": 0, "wordBeforeHesitationNum": 0, "wordAfterHesitationNum": 0, "otherCollocationNum": 0, "speechactRate": 0.0, "quoteRate": 0.0, "dashRate": 0.0, "publicRate": 0.0, "privateRate": 0.0, "suasiveRate": 0.0, "discMarkerRate": 0.0, "smileyRate": 0.0, "dateRate": 0.0, "hesitationRate": 0.0, "restartRate": 0.0, "repeatRate": 0.0, "conjBeforeDiscRate": 0.0, "conjAfterDiscRate": 0.0, "wordBeforeHesitationRate": 0.0, "wordAfterHesitationRate": 0.0, "otherCollocationRate": 0.0, "easyWordNum": 454, "hardWordNum": 26, "easyWordRate": 0.9458333333333333, "hardWordRate": 0.05416666666666667, "fleschReadingEaseScore": 58.21875000000003, "gunningFogIndex": 9.621666666666668, "fleschKincaidGradeLevel": 11.10125, "colemanLiauIndex": 11.711083333333331, "smogIndex": 8.447377352677275, "automatedReadabilityIndex": 12.569625000000002, "linsearWriteIndex": 1.75, "author": "", "locationNameNum": 0, "locationNameRate": 0.0, "personNameNum": 0, "personNameRate": 0.0, "organizationNameNum": 0, "organizationNameRate": 0.0, "misspelledNum": 2, "misspelledRate": 0.004166666666666667, "missingAccentNum": 1, "missingAccentRate": 0.0020833333333333333, "foreignAccentNum": 0, "foreignAccentRate": 0.0, "wordConcatNum": 0, "wordConcatRate": 0.0, "jLyMistakeNum": 0, "jLyMistakeRate": 0.0, "publicVNum": 0, "freqSuffixNum": 0, "partsNum": 165, "clauseWordNum": 66, "privateVNum": 0}