{"tokenNum": 437, "sentenceNum": 15, "lemmaNum": 205, "lemmaRate": 0.4691075514874142, "sentenceLength": 29.133333333333333, "allUpperNum": 0, "firstUpperNum": 15, "allUpperRate": 0.0, "firstUpperRate": 0.034324942791762014, "declarSentNum": 15, "imperSentNum": 0, "questionNum": 0, "declarSentRate": 1.0, "imperSentRate": 0.0, "questionRate": 0.0, "accent": true, "saturation": 3.5964912280701755, "paragraphNum": 5, "nounNum": 84, "verbNum": 50, "adjNum": 59, "infNum": 6, "partPastNum": 2, "partPresNum": 10, "partFutNum": 0, "transNum": 1, "xNum": 5, "advNum": 44, "properNounNum": 1, "numNum": 0, "conjNum": 50, "punctNum": 70, "pronNum": 19, "relPronNum": 10, "demPronNum": 13, "adposNum": 4, "multiplePunctNum": 0, "phraseNum": 0, "nounRate": 0.19221967963386727, "verbRate": 0.11441647597254005, "adjRate": 0.13501144164759726, "infRate": 0.013729977116704805, "partPastRate": 0.004576659038901602, "partPresRate": 0.02288329519450801, "partFutRate": 0.0, "transRate": 0.002288329519450801, "xRate": 0.011441647597254004, "advRate": 0.10068649885583524, "properNounRate": 0.002288329519450801, "numRate": 0.0, "conjRate": 0.11441647597254005, "punctRate": 0.16018306636155608, "pronRate": 0.043478260869565216, "relPronRate": 0.02288329519450801, "demPronRate": 0.029748283752860413, "adposRate": 0.009153318077803204, "multiplePunctRate": 0.0, "partsDensityRate": 4.157894736842105, "contentfulness": 15.8, "phraseRate": 0.0, "pastTenseNum": 2, "presentTenseNum": 42, "condNum": 2, "impNum": 3, "freqNum": 0, "causNum": 0, "modalNum": 2, "sg1VerbNum": 50, "sg2VerbNum": 50, "sg3VerbNum": 50, "pl1VerbNum": 50, "pl2VerbNum": 50, "pl3VerbNum": 50, "superlatNum": 0, "comparatNum": 2, "specDerivSuffixNum": 0, "pluralNounNum": 12, "pastTenseRate": 0.04, "presentTenseRate": 0.84, "condRate": 0.04, "impRate": 0.06, "freqRate": 0.0, "causRate": 0.0, "modalRate": 0.04, "sg1VerbRate": 1.0, "sg2VerbRate": 1.0, "sg3VerbRate": 1.0, "pl1VerbRate": 1.0, "pl2VerbRate": 1.0, "pl3VerbRate": 1.0, "superlatRate": 0.0, "comparatRate": 0.03389830508474576, "specDerivSuffixRate": 0.0, "pluralNounRate": 0.14285714285714285, "subjNum": 17, "objNum": 19, "attNum": 36, "subordNum": 29, "adverbNum": 62, "coordNum": 32, "clauseNum": 57, "simpleNum": 0, "complexNum": 15, "complexity1Num": 3, "complexity2Num": 5, "complexity3Num": 2, "compoundNum": 0, "subjRate": 0.038901601830663615, "objRate": 0.043478260869565216, "attRate": 0.08237986270022883, "subordRate": 0.06636155606407322, "adverbRate": 0.14187643020594964, "coordRate": 0.07322654462242563, "partsRate": 2.912280701754386, "clauseRate": 3.8, "simpleRate": 0.0, "complexRate": 1.0, "complexity1Rate": 0.2, "complexity2Rate": 0.3333333333333333, "complexity3Rate": 0.13333333333333333, "complexClauseRate": 3.8, "sentencesPerParagraph": 3.0, "wordsLengthRate": 6.010899182561308, "compoundRate": 0.0, "positiveNum": 0, "negativeNum": 0, "precoPositiveNum": 0, "precoNegativeNum": 0, "negemoNum": 0, "negationNum": 7, "functionNum": 200, "contentNum": 237, "vulgarNum": 0, "racistNum": 0, "specStyleNum": 0, "addressingNum": 0, "closingNum": 0, "postscriptNum": 0, "brutalNum": 0, "positiveRate": 0.0, "negativeRate": 0.0, "precoPositiveRate": 0.0, "precoNegativeRate": 0.0, "negemoRate": 0.0, "negationRate": 0.016018306636155607, "functionRate": 0.4576659038901602, "contentRate": 0.5423340961098398, "vulgarRate": 0.0, "racistRate": 0.0, "specStyleRate": 0.0, "addressingRate": 0.0, "closingRate": 0.0, "postscriptRate": 0.0, "brutalRate": 0.0, "epistemicNum": 0, "investNum": 0, "conditionNum": 0, "weaselNum": 0, "peacockNum": 0, "hedgeNum": 0, "doxasticNum": 0, "epistemicRate": 0.0, "investRate": 0.0, "conditionRate": 0.0, "weaselRate": 0.0, "peacockRate": 0.0, "hedgeRate": 0.0, "doxasticRate": 0.0, "loveNum": 0, "anxietyNum": 0, "sorrowNum": 0, "joyNum": 0, "disgustNum": 0, "fearNum": 0, "surpriseNum": 0, "angerNum": 0, "loveRate": 0.0, "anxietyRate": 0.0, "sorrowRate": 0.0, "joyRate": 0.0, "disgustRate": 0.0, "fearRate": 0.0, "surpriseRate": 0.0, "angerRate": 0.0, "slangBeGeneralNum": 0, "slangBeCigaretteNum": 0, "slangBeHumanNum": 0, "slangBeVehicleNum": 0, "slangBeDrugNum": 0, "slangBvNum": 0, "slangBeGeneralRate": 0.0, "slangBeCigaretteRate": 0.0, "slangBeHumanRate": 0.0, "slangBeVehicleRate": 0.0, "slangBeDrugRate": 0.0, "slangBvRate": 0.0, "speechactNum": 0, "quoteNum": 2, "dashNum": 0, "publicNum": 0, "privateNum": 0, "suasiveNum": 0, "discMarkerNum": 0, "smileyNum": 0, "dateNum": 0, "hesitationNum": 0, "restartNum": 0, "repeatNum": 0, "conjBeforeDiscNum": 0, "conjAfterDiscNum": 0, "wordBeforeHesitationNum": 0, "wordAfterHesitationNum": 0, "otherCollocationNum": 0, "speechactRate": 0.0, "quoteRate": 0.004576659038901602, "dashRate": 0.0, "publicRate": 0.0, "privateRate": 0.0, "suasiveRate": 0.0, "discMarkerRate": 0.0, "smileyRate": 0.0, "dateRate": 0.0, "hesitationRate": 0.0, "restartRate": 0.0, "repeatRate": 0.0, "conjBeforeDiscRate": 0.0, "conjAfterDiscRate": 0.0, "wordBeforeHesitationRate": 0.0, "wordAfterHesitationRate": 0.0, "otherCollocationRate": 0.0, "easyWordNum": 391, "hardWordNum": 46, "easyWordRate": 0.8947368421052632, "hardWordRate": 0.10526315789473684, "fleschReadingEaseScore": 33.03812204424105, "gunningFogIndex": 11.695438596491229, "fleschKincaidGradeLevel": 15.888704805491994, "colemanLiauIndex": 14.741636155606407, "smogIndex": 10.203070172399654, "automatedReadabilityIndex": 17.55968726163234, "linsearWriteIndex": 2.9969488939740656, "author": "", "locationNameNum": 0, "locationNameRate": 0.0, "personNameNum": 0, "personNameRate": 0.0, "organizationNameNum": 0, "organizationNameRate": 0.0, "misspelledNum": 0, "misspelledRate": 0.0, "missingAccentNum": 0, "missingAccentRate": 0.0, "foreignAccentNum": 0, "foreignAccentRate": 0.0, "wordConcatNum": 0, "wordConcatRate": 0.0, "jLyMistakeNum": 0, "jLyMistakeRate": 0.0, "publicVNum": 0, "freqSuffixNum": 0, "partsNum": 166, "clauseWordNum": 57, "privateVNum": 0}