{"tokenNum": 473, "sentenceNum": 25, "lemmaNum": 209, "lemmaRate": 0.4418604651162791, "sentenceLength": 18.92, "allUpperNum": 0, "firstUpperNum": 25, "allUpperRate": 0.0, "firstUpperRate": 0.052854122621564484, "declarSentNum": 25, "imperSentNum": 0, "questionNum": 0, "declarSentRate": 1.0, "imperSentRate": 0.0, "questionRate": 0.0, "accent": true, "saturation": 3.265625, "paragraphNum": 7, "nounNum": 74, "verbNum": 68, "adjNum": 56, "infNum": 12, "partPastNum": 2, "partPresNum": 4, "partFutNum": 0, "transNum": 4, "xNum": 7, "advNum": 43, "properNounNum": 0, "numNum": 0, "conjNum": 51, "punctNum": 81, "pronNum": 31, "relPronNum": 7, "demPronNum": 19, "adposNum": 4, "multiplePunctNum": 0, "phraseNum": 0, "nounRate": 0.15644820295983086, "verbRate": 0.14376321353065538, "adjRate": 0.11839323467230443, "infRate": 0.02536997885835095, "partPastRate": 0.004228329809725159, "partPresRate": 0.008456659619450317, "partFutRate": 0.0, "transRate": 0.008456659619450317, "xRate": 0.014799154334038054, "advRate": 0.09090909090909091, "properNounRate": 0.0, "numRate": 0.0, "conjRate": 0.10782241014799154, "punctRate": 0.17124735729386892, "pronRate": 0.06553911205073996, "relPronRate": 0.014799154334038054, "demPronRate": 0.040169133192389, "adposRate": 0.008456659619450317, "multiplePunctRate": 0.0, "partsDensityRate": 3.765625, "contentfulness": 9.64, "phraseRate": 0.0, "pastTenseNum": 3, "presentTenseNum": 53, "condNum": 2, "impNum": 4, "freqNum": 0, "causNum": 0, "modalNum": 2, "sg1VerbNum": 68, "sg2VerbNum": 68, "sg3VerbNum": 68, "pl1VerbNum": 68, "pl2VerbNum": 68, "pl3VerbNum": 68, "superlatNum": 1, "comparatNum": 1, "specDerivSuffixNum": 0, "pluralNounNum": 12, "pastTenseRate": 0.04411764705882353, "presentTenseRate": 0.7794117647058824, "condRate": 0.029411764705882353, "impRate": 0.058823529411764705, "freqRate": 0.0, "causRate": 0.0, "modalRate": 0.029411764705882353, "sg1VerbRate": 1.0, "sg2VerbRate": 1.0, "sg3VerbRate": 1.0, "pl1VerbRate": 1.0, "pl2VerbRate": 1.0, "pl3VerbRate": 1.0, "superlatRate": 0.017857142857142856, "comparatRate": 0.017857142857142856, "specDerivSuffixRate": 0.0, "pluralNounRate": 0.16216216216216217, "subjNum": 23, "objNum": 16, "attNum": 29, "subordNum": 22, "adverbNum": 60, "coordNum": 32, "clauseNum": 64, "simpleNum": 9, "complexNum": 16, "complexity1Num": 4, "complexity2Num": 5, "complexity3Num": 4, "compoundNum": 0, "subjRate": 0.048625792811839326, "objRate": 0.03382663847780127, "attRate": 0.0613107822410148, "subordRate": 0.046511627906976744, "adverbRate": 0.12684989429175475, "coordRate": 0.06765327695560254, "partsRate": 2.5, "clauseRate": 2.56, "simpleRate": 0.36, "complexRate": 0.64, "complexity1Rate": 0.16, "complexity2Rate": 0.2, "complexity3Rate": 0.16, "complexClauseRate": 3.4375, "sentencesPerParagraph": 3.5714285714285716, "wordsLengthRate": 5.711734693877551, "compoundRate": 0.0, "positiveNum": 0, "negativeNum": 0, "precoPositiveNum": 0, "precoNegativeNum": 0, "negemoNum": 0, "negationNum": 6, "functionNum": 232, "contentNum": 241, "vulgarNum": 0, "racistNum": 0, "specStyleNum": 0, "addressingNum": 0, "closingNum": 0, "postscriptNum": 0, "brutalNum": 0, "positiveRate": 0.0, "negativeRate": 0.0, "precoPositiveRate": 0.0, "precoNegativeRate": 0.0, "negemoRate": 0.0, "negationRate": 0.012684989429175475, "functionRate": 0.4904862579281184, "contentRate": 0.5095137420718816, "vulgarRate": 0.0, "racistRate": 0.0, "specStyleRate": 0.0, "addressingRate": 0.0, "closingRate": 0.0, "postscriptRate": 0.0, "brutalRate": 0.0, "epistemicNum": 0, "investNum": 0, "conditionNum": 0, "weaselNum": 0, "peacockNum": 0, "hedgeNum": 0, "doxasticNum": 0, "epistemicRate": 0.0, "investRate": 0.0, "conditionRate": 0.0, "weaselRate": 0.0, "peacockRate": 0.0, "hedgeRate": 0.0, "doxasticRate": 0.0, "loveNum": 0, "anxietyNum": 0, "sorrowNum": 0, "joyNum": 0, "disgustNum": 0, "fearNum": 0, "surpriseNum": 0, "angerNum": 0, "loveRate": 0.0, "anxietyRate": 0.0, "sorrowRate": 0.0, "joyRate": 0.0, "disgustRate": 0.0, "fearRate": 0.0, "surpriseRate": 0.0, "angerRate": 0.0, "slangBeGeneralNum": 0, "slangBeCigaretteNum": 0, "slangBeHumanNum": 0, "slangBeVehicleNum": 0, "slangBeDrugNum": 0, "slangBvNum": 0, "slangBeGeneralRate": 0.0, "slangBeCigaretteRate": 0.0, "slangBeHumanRate": 0.0, "slangBeVehicleRate": 0.0, "slangBeDrugRate": 0.0, "slangBvRate": 0.0, "speechactNum": 0, "quoteNum": 1, "dashNum": 0, "publicNum": 0, "privateNum": 0, "suasiveNum": 0, "discMarkerNum": 0, "smileyNum": 0, "dateNum": 0, "hesitationNum": 0, "restartNum": 0, "repeatNum": 1, "conjBeforeDiscNum": 0, "conjAfterDiscNum": 0, "wordBeforeHesitationNum": 0, "wordAfterHesitationNum": 0, "otherCollocationNum": 0, "speechactRate": 0.0, "quoteRate": 0.0021141649048625794, "dashRate": 0.0, "publicRate": 0.0, "privateRate": 0.0, "suasiveRate": 0.0, "discMarkerRate": 0.0, "smileyRate": 0.0, "dateRate": 0.0, "hesitationRate": 0.0, "restartRate": 0.0, "repeatRate": 0.0021141649048625794, "conjBeforeDiscRate": 0.0, "conjAfterDiscRate": 0.0, "wordBeforeHesitationRate": 0.0, "wordAfterHesitationRate": 0.0, "otherCollocationRate": 0.0, "easyWordNum": 426, "hardWordNum": 47, "easyWordRate": 0.9006342494714588, "hardWordRate": 0.09936575052854123, "fleschReadingEaseScore": 54.56058689217761, "gunningFogIndex": 7.607746300211417, "fleschKincaidGradeLevel": 10.349476532769561, "colemanLiauIndex": 12.915147991543336, "smogIndex": 10.279547748218288, "automatedReadabilityIndex": 10.992494714587743, "linsearWriteIndex": 1.367864693446089, "author": "", "locationNameNum": 0, "locationNameRate": 0.0, "personNameNum": 0, "personNameRate": 0.0, "organizationNameNum": 0, "organizationNameRate": 0.0, "misspelledNum": 1, "misspelledRate": 0.0021141649048625794, "missingAccentNum": 1, "missingAccentRate": 0.0021141649048625794, "foreignAccentNum": 0, "foreignAccentRate": 0.0, "wordConcatNum": 0, "wordConcatRate": 0.0, "jLyMistakeNum": 0, "jLyMistakeRate": 0.0, "publicVNum": 0, "freqSuffixNum": 0, "partsNum": 160, "clauseWordNum": 64, "privateVNum": 0}