{"tokenNum": 371, "sentenceNum": 19, "lemmaNum": 217, "lemmaRate": 0.5849056603773585, "sentenceLength": 19.526315789473685, "allUpperNum": 0, "firstUpperNum": 19, "allUpperRate": 0.0, "firstUpperRate": 0.05121293800539083, "declarSentNum": 19, "imperSentNum": 0, "questionNum": 0, "declarSentRate": 1.0, "imperSentRate": 0.0, "questionRate": 0.0, "accent": true, "saturation": 4.34, "paragraphNum": 3, "nounNum": 84, "verbNum": 47, "adjNum": 44, "infNum": 7, "partPastNum": 1, "partPresNum": 8, "partFutNum": 0, "transNum": 0, "xNum": 3, "advNum": 37, "properNounNum": 0, "numNum": 2, "conjNum": 31, "punctNum": 54, "pronNum": 17, "relPronNum": 8, "demPronNum": 8, "adposNum": 6, "multiplePunctNum": 0, "phraseNum": 0, "nounRate": 0.22641509433962265, "verbRate": 0.12668463611859837, "adjRate": 0.11859838274932614, "infRate": 0.018867924528301886, "partPastRate": 0.0026954177897574125, "partPresRate": 0.0215633423180593, "partFutRate": 0.0, "transRate": 0.0, "xRate": 0.008086253369272238, "advRate": 0.09973045822102426, "properNounRate": 0.0, "numRate": 0.005390835579514825, "conjRate": 0.08355795148247978, "punctRate": 0.14555256064690028, "pronRate": 0.04582210242587601, "relPronRate": 0.0215633423180593, "demPronRate": 0.0215633423180593, "adposRate": 0.016172506738544475, "multiplePunctRate": 0.0, "partsDensityRate": 4.24, "contentfulness": 11.157894736842104, "phraseRate": 0.0, "pastTenseNum": 6, "presentTenseNum": 34, "condNum": 1, "impNum": 7, "freqNum": 0, "causNum": 0, "modalNum": 3, "sg1VerbNum": 47, "sg2VerbNum": 47, "sg3VerbNum": 47, "pl1VerbNum": 47, "pl2VerbNum": 47, "pl3VerbNum": 47, "superlatNum": 0, "comparatNum": 1, "specDerivSuffixNum": 0, "pluralNounNum": 31, "pastTenseRate": 0.1276595744680851, "presentTenseRate": 0.723404255319149, "condRate": 0.02127659574468085, "impRate": 0.14893617021276595, "freqRate": 0.0, "causRate": 0.0, "modalRate": 0.06382978723404255, "sg1VerbRate": 1.0, "sg2VerbRate": 1.0, "sg3VerbRate": 1.0, "pl1VerbRate": 1.0, "pl2VerbRate": 1.0, "pl3VerbRate": 1.0, "superlatRate": 0.0, "comparatRate": 0.022727272727272728, "specDerivSuffixRate": 0.0, "pluralNounRate": 0.36904761904761907, "subjNum": 20, "objNum": 20, "attNum": 33, "subordNum": 20, "adverbNum": 44, "coordNum": 15, "clauseNum": 50, "simpleNum": 6, "complexNum": 13, "complexity1Num": 3, "complexity2Num": 4, "complexity3Num": 4, "compoundNum": 0, "subjRate": 0.05390835579514825, "objRate": 0.05390835579514825, "attRate": 0.0889487870619946, "subordRate": 0.05390835579514825, "adverbRate": 0.11859838274932614, "coordRate": 0.04043126684636118, "partsRate": 2.64, "clauseRate": 2.6315789473684212, "simpleRate": 0.3157894736842105, "complexRate": 0.6842105263157895, "complexity1Rate": 0.15789473684210525, "complexity2Rate": 0.21052631578947367, "complexity3Rate": 0.21052631578947367, "complexClauseRate": 3.3846153846153846, "sentencesPerParagraph": 6.333333333333333, "wordsLengthRate": 6.10410094637224, "compoundRate": 0.0, "positiveNum": 0, "negativeNum": 0, "precoPositiveNum": 0, "precoNegativeNum": 0, "negemoNum": 0, "negationNum": 2, "functionNum": 159, "contentNum": 212, "vulgarNum": 0, "racistNum": 0, "specStyleNum": 0, "addressingNum": 0, "closingNum": 0, "postscriptNum": 0, "brutalNum": 0, "positiveRate": 0.0, "negativeRate": 0.0, "precoPositiveRate": 0.0, "precoNegativeRate": 0.0, "negemoRate": 0.0, "negationRate": 0.005390835579514825, "functionRate": 0.42857142857142855, "contentRate": 0.5714285714285714, "vulgarRate": 0.0, "racistRate": 0.0, "specStyleRate": 0.0, "addressingRate": 0.0, "closingRate": 0.0, "postscriptRate": 0.0, "brutalRate": 0.0, "epistemicNum": 0, "investNum": 0, "conditionNum": 0, "weaselNum": 0, "peacockNum": 0, "hedgeNum": 0, "doxasticNum": 0, "epistemicRate": 0.0, "investRate": 0.0, "conditionRate": 0.0, "weaselRate": 0.0, "peacockRate": 0.0, "hedgeRate": 0.0, "doxasticRate": 0.0, "loveNum": 0, "anxietyNum": 0, "sorrowNum": 0, "joyNum": 0, "disgustNum": 0, "fearNum": 0, "surpriseNum": 0, "angerNum": 0, "loveRate": 0.0, "anxietyRate": 0.0, "sorrowRate": 0.0, "joyRate": 0.0, "disgustRate": 0.0, "fearRate": 0.0, "surpriseRate": 0.0, "angerRate": 0.0, "slangBeGeneralNum": 0, "slangBeCigaretteNum": 0, "slangBeHumanNum": 0, "slangBeVehicleNum": 0, "slangBeDrugNum": 0, "slangBvNum": 0, "slangBeGeneralRate": 0.0, "slangBeCigaretteRate": 0.0, "slangBeHumanRate": 0.0, "slangBeVehicleRate": 0.0, "slangBeDrugRate": 0.0, "slangBvRate": 0.0, "speechactNum": 0, "quoteNum": 0, "dashNum": 0, "publicNum": 0, "privateNum": 0, "suasiveNum": 0, "discMarkerNum": 0, "smileyNum": 0, "dateNum": 0, "hesitationNum": 0, "restartNum": 1, "repeatNum": 1, "conjBeforeDiscNum": 0, "conjAfterDiscNum": 0, "wordBeforeHesitationNum": 0, "wordAfterHesitationNum": 0, "otherCollocationNum": 0, "speechactRate": 0.0, "quoteRate": 0.0, "dashRate": 0.0, "publicRate": 0.0, "privateRate": 0.0, "suasiveRate": 0.0, "discMarkerRate": 0.0, "smileyRate": 0.0, "dateRate": 0.0, "hesitationRate": 0.0, "restartRate": 0.0026954177897574125, "repeatRate": 0.0026954177897574125, "conjBeforeDiscRate": 0.0, "conjAfterDiscRate": 0.0, "wordBeforeHesitationRate": 0.0, "wordAfterHesitationRate": 0.0, "otherCollocationRate": 0.0, "easyWordNum": 337, "hardWordNum": 34, "easyWordRate": 0.9083557951482479, "hardWordRate": 0.09164420485175202, "fleschReadingEaseScore": 45.17967087530147, "gunningFogIndex": 7.847183997730174, "fleschKincaidGradeLevel": 11.808551567598244, "colemanLiauIndex": 15.681975741239889, "smogIndex": 9.210782826323648, "automatedReadabilityIndex": 13.508171371825789, "linsearWriteIndex": 2.0926372535111364, "author": "", "locationNameNum": 0, "locationNameRate": 0.0, "personNameNum": 0, "personNameRate": 0.0, "organizationNameNum": 0, "organizationNameRate": 0.0, "misspelledNum": 1, "misspelledRate": 0.0026954177897574125, "missingAccentNum": 0, "missingAccentRate": 0.0, "foreignAccentNum": 0, "foreignAccentRate": 0.0, "wordConcatNum": 0, "wordConcatRate": 0.0, "jLyMistakeNum": 0, "jLyMistakeRate": 0.0, "publicVNum": 0, "freqSuffixNum": 0, "partsNum": 132, "clauseWordNum": 50, "privateVNum": 0}