{"tokenNum": 496, "sentenceNum": 29, "lemmaNum": 238, "lemmaRate": 0.4798387096774194, "sentenceLength": 17.103448275862068, "allUpperNum": 0, "firstUpperNum": 29, "allUpperRate": 0.0, "firstUpperRate": 0.05846774193548387, "declarSentNum": 29, "imperSentNum": 0, "questionNum": 0, "declarSentRate": 1.0, "imperSentRate": 0.0, "questionRate": 0.0, "accent": true, "saturation": 3.6615384615384614, "paragraphNum": 5, "nounNum": 94, "verbNum": 49, "adjNum": 65, "infNum": 5, "partPastNum": 1, "partPresNum": 7, "partFutNum": 0, "transNum": 3, "xNum": 5, "advNum": 44, "properNounNum": 0, "numNum": 0, "conjNum": 47, "punctNum": 91, "pronNum": 24, "relPronNum": 8, "demPronNum": 15, "adposNum": 4, "multiplePunctNum": 0, "phraseNum": 0, "nounRate": 0.18951612903225806, "verbRate": 0.09879032258064516, "adjRate": 0.1310483870967742, "infRate": 0.010080645161290322, "partPastRate": 0.0020161290322580645, "partPresRate": 0.014112903225806451, "partFutRate": 0.0, "transRate": 0.006048387096774193, "xRate": 0.010080645161290322, "advRate": 0.08870967741935484, "properNounRate": 0.0, "numRate": 0.0, "conjRate": 0.09475806451612903, "punctRate": 0.18346774193548387, "pronRate": 0.04838709677419355, "relPronRate": 0.016129032258064516, "demPronRate": 0.03024193548387097, "adposRate": 0.008064516129032258, "multiplePunctRate": 0.0, "partsDensityRate": 3.876923076923077, "contentfulness": 8.689655172413794, "phraseRate": 0.0, "pastTenseNum": 2, "presentTenseNum": 42, "condNum": 0, "impNum": 8, "freqNum": 0, "causNum": 0, "modalNum": 2, "sg1VerbNum": 49, "sg2VerbNum": 49, "sg3VerbNum": 49, "pl1VerbNum": 49, "pl2VerbNum": 49, "pl3VerbNum": 49, "superlatNum": 0, "comparatNum": 2, "specDerivSuffixNum": 0, "pluralNounNum": 27, "pastTenseRate": 0.04081632653061224, "presentTenseRate": 0.8571428571428571, "condRate": 0.0, "impRate": 0.16326530612244897, "freqRate": 0.0, "causRate": 0.0, "modalRate": 0.04081632653061224, "sg1VerbRate": 1.0, "sg2VerbRate": 1.0, "sg3VerbRate": 1.0, "pl1VerbRate": 1.0, "pl2VerbRate": 1.0, "pl3VerbRate": 1.0, "superlatRate": 0.0, "comparatRate": 0.03076923076923077, "specDerivSuffixRate": 0.0, "pluralNounRate": 0.2872340425531915, "subjNum": 27, "objNum": 24, "attNum": 33, "subordNum": 27, "adverbNum": 54, "coordNum": 38, "clauseNum": 65, "simpleNum": 8, "complexNum": 21, "complexity1Num": 11, "complexity2Num": 6, "complexity3Num": 3, "compoundNum": 0, "subjRate": 0.05443548387096774, "objRate": 0.04838709677419355, "attRate": 0.06653225806451613, "subordRate": 0.05443548387096774, "adverbRate": 0.10887096774193548, "coordRate": 0.07661290322580645, "partsRate": 2.707692307692308, "clauseRate": 2.2413793103448274, "simpleRate": 0.27586206896551724, "complexRate": 0.7241379310344828, "complexity1Rate": 0.3793103448275862, "complexity2Rate": 0.20689655172413793, "complexity3Rate": 0.10344827586206896, "complexClauseRate": 2.7142857142857144, "sentencesPerParagraph": 5.8, "wordsLengthRate": 5.940740740740741, "compoundRate": 0.0, "positiveNum": 0, "negativeNum": 0, "precoPositiveNum": 0, "precoNegativeNum": 0, "negemoNum": 0, "negationNum": 13, "functionNum": 244, "contentNum": 252, "vulgarNum": 0, "racistNum": 0, "specStyleNum": 0, "addressingNum": 0, "closingNum": 0, "postscriptNum": 0, "brutalNum": 0, "positiveRate": 0.0, "negativeRate": 0.0, "precoPositiveRate": 0.0, "precoNegativeRate": 0.0, "negemoRate": 0.0, "negationRate": 0.02620967741935484, "functionRate": 0.49193548387096775, "contentRate": 0.5080645161290323, "vulgarRate": 0.0, "racistRate": 0.0, "specStyleRate": 0.0, "addressingRate": 0.0, "closingRate": 0.0, "postscriptRate": 0.0, "brutalRate": 0.0, "epistemicNum": 0, "investNum": 0, "conditionNum": 0, "weaselNum": 0, "peacockNum": 0, "hedgeNum": 0, "doxasticNum": 0, "epistemicRate": 0.0, "investRate": 0.0, "conditionRate": 0.0, "weaselRate": 0.0, "peacockRate": 0.0, "hedgeRate": 0.0, "doxasticRate": 0.0, "loveNum": 0, "anxietyNum": 0, "sorrowNum": 0, "joyNum": 0, "disgustNum": 0, "fearNum": 0, "surpriseNum": 0, "angerNum": 0, "loveRate": 0.0, "anxietyRate": 0.0, "sorrowRate": 0.0, "joyRate": 0.0, "disgustRate": 0.0, "fearRate": 0.0, "surpriseRate": 0.0, "angerRate": 0.0, "slangBeGeneralNum": 0, "slangBeCigaretteNum": 0, "slangBeHumanNum": 0, "slangBeVehicleNum": 0, "slangBeDrugNum": 0, "slangBvNum": 0, "slangBeGeneralRate": 0.0, "slangBeCigaretteRate": 0.0, "slangBeHumanRate": 0.0, "slangBeVehicleRate": 0.0, "slangBeDrugRate": 0.0, "slangBvRate": 0.0, "speechactNum": 0, "quoteNum": 1, "dashNum": 0, "publicNum": 0, "privateNum": 0, "suasiveNum": 0, "discMarkerNum": 0, "smileyNum": 0, "dateNum": 0, "hesitationNum": 0, "restartNum": 0, "repeatNum": 0, "conjBeforeDiscNum": 0, "conjAfterDiscNum": 0, "wordBeforeHesitationNum": 0, "wordAfterHesitationNum": 0, "otherCollocationNum": 0, "speechactRate": 0.0, "quoteRate": 0.0020161290322580645, "dashRate": 0.0, "publicRate": 0.0, "privateRate": 0.0, "suasiveRate": 0.0, "discMarkerRate": 0.0, "smileyRate": 0.0, "dateRate": 0.0, "hesitationRate": 0.0, "restartRate": 0.0, "repeatRate": 0.0, "conjBeforeDiscRate": 0.0, "conjAfterDiscRate": 0.0, "wordBeforeHesitationRate": 0.0, "wordAfterHesitationRate": 0.0, "otherCollocationRate": 0.0, "easyWordNum": 440, "hardWordNum": 56, "easyWordRate": 0.8870967741935484, "hardWordRate": 0.11290322580645161, "fleschReadingEaseScore": 49.78266129032261, "gunningFogIndex": 6.886540600667408, "fleschKincaidGradeLevel": 10.564619021134593, "colemanLiauIndex": 13.732949596774187, "smogIndex": 10.934197308810441, "automatedReadabilityIndex": 10.738195912124581, "linsearWriteIndex": 1.0960789766407117, "author": "", "locationNameNum": 0, "locationNameRate": 0.0, "personNameNum": 0, "personNameRate": 0.0, "organizationNameNum": 0, "organizationNameRate": 0.0, "misspelledNum": 1, "misspelledRate": 0.0020161290322580645, "missingAccentNum": 1, "missingAccentRate": 0.0020161290322580645, "foreignAccentNum": 0, "foreignAccentRate": 0.0, "wordConcatNum": 0, "wordConcatRate": 0.0, "jLyMistakeNum": 0, "jLyMistakeRate": 0.0, "publicVNum": 0, "freqSuffixNum": 0, "partsNum": 176, "clauseWordNum": 65, "privateVNum": 0}