{"tokenNum": 492, "sentenceNum": 42, "lemmaNum": 198, "lemmaRate": 0.4024390243902439, "sentenceLength": 11.714285714285714, "allUpperNum": 0, "firstUpperNum": 42, "allUpperRate": 0.0, "firstUpperRate": 0.08536585365853659, "declarSentNum": 37, "imperSentNum": 0, "questionNum": 5, "declarSentRate": 0.8809523809523809, "imperSentRate": 0.0, "questionRate": 0.11904761904761904, "accent": true, "saturation": 2.475, "paragraphNum": 5, "nounNum": 89, "verbNum": 63, "adjNum": 38, "infNum": 5, "partPastNum": 0, "partPresNum": 4, "partFutNum": 0, "transNum": 1, "xNum": 5, "advNum": 46, "properNounNum": 0, "numNum": 1, "conjNum": 32, "punctNum": 98, "pronNum": 57, "relPronNum": 15, "demPronNum": 26, "adposNum": 2, "multiplePunctNum": 0, "phraseNum": 0, "nounRate": 0.18089430894308944, "verbRate": 0.12804878048780488, "adjRate": 0.07723577235772358, "infRate": 0.01016260162601626, "partPastRate": 0.0, "partPresRate": 0.008130081300813009, "partFutRate": 0.0, "transRate": 0.0020325203252032522, "xRate": 0.01016260162601626, "advRate": 0.09349593495934959, "properNounRate": 0.0, "numRate": 0.0020325203252032522, "conjRate": 0.06504065040650407, "punctRate": 0.1991869918699187, "pronRate": 0.11585365853658537, "relPronRate": 0.03048780487804878, "demPronRate": 0.052845528455284556, "adposRate": 0.0040650406504065045, "multiplePunctRate": 0.0, "partsDensityRate": 2.95, "contentfulness": 5.619047619047619, "phraseRate": 0.0, "pastTenseNum": 0, "presentTenseNum": 58, "condNum": 8, "impNum": 3, "freqNum": 0, "causNum": 0, "modalNum": 3, "sg1VerbNum": 63, "sg2VerbNum": 63, "sg3VerbNum": 63, "pl1VerbNum": 63, "pl2VerbNum": 63, "pl3VerbNum": 63, "superlatNum": 2, "comparatNum": 0, "specDerivSuffixNum": 0, "pluralNounNum": 19, "pastTenseRate": 0.0, "presentTenseRate": 0.9206349206349206, "condRate": 0.12698412698412698, "impRate": 0.047619047619047616, "freqRate": 0.0, "causRate": 0.0, "modalRate": 0.047619047619047616, "sg1VerbRate": 1.0, "sg2VerbRate": 1.0, "sg3VerbRate": 1.0, "pl1VerbRate": 1.0, "pl2VerbRate": 1.0, "pl3VerbRate": 1.0, "superlatRate": 0.05263157894736842, "comparatRate": 0.0, "specDerivSuffixRate": 0.0, "pluralNounRate": 0.21348314606741572, "subjNum": 51, "objNum": 23, "attNum": 15, "subordNum": 26, "adverbNum": 49, "coordNum": 26, "clauseNum": 80, "simpleNum": 16, "complexNum": 26, "complexity1Num": 17, "complexity2Num": 7, "complexity3Num": 1, "compoundNum": 0, "subjRate": 0.10365853658536585, "objRate": 0.046747967479674794, "attRate": 0.03048780487804878, "subordRate": 0.052845528455284556, "adverbRate": 0.09959349593495935, "coordRate": 0.052845528455284556, "partsRate": 2.05, "clauseRate": 1.9047619047619047, "simpleRate": 0.38095238095238093, "complexRate": 0.6190476190476191, "complexity1Rate": 0.40476190476190477, "complexity2Rate": 0.16666666666666666, "complexity3Rate": 0.023809523809523808, "complexClauseRate": 2.4615384615384617, "sentencesPerParagraph": 8.4, "wordsLengthRate": 5.451776649746193, "compoundRate": 0.0, "positiveNum": 0, "negativeNum": 0, "precoPositiveNum": 0, "precoNegativeNum": 0, "negemoNum": 0, "negationNum": 13, "functionNum": 256, "contentNum": 236, "vulgarNum": 0, "racistNum": 0, "specStyleNum": 0, "addressingNum": 0, "closingNum": 0, "postscriptNum": 0, "brutalNum": 0, "positiveRate": 0.0, "negativeRate": 0.0, "precoPositiveRate": 0.0, "precoNegativeRate": 0.0, "negemoRate": 0.0, "negationRate": 0.026422764227642278, "functionRate": 0.5203252032520326, "contentRate": 0.4796747967479675, "vulgarRate": 0.0, "racistRate": 0.0, "specStyleRate": 0.0, "addressingRate": 0.0, "closingRate": 0.0, "postscriptRate": 0.0, "brutalRate": 0.0, "epistemicNum": 0, "investNum": 0, "conditionNum": 0, "weaselNum": 0, "peacockNum": 0, "hedgeNum": 0, "doxasticNum": 0, "epistemicRate": 0.0, "investRate": 0.0, "conditionRate": 0.0, "weaselRate": 0.0, "peacockRate": 0.0, "hedgeRate": 0.0, "doxasticRate": 0.0, "loveNum": 0, "anxietyNum": 0, "sorrowNum": 0, "joyNum": 0, "disgustNum": 0, "fearNum": 0, "surpriseNum": 0, "angerNum": 0, "loveRate": 0.0, "anxietyRate": 0.0, "sorrowRate": 0.0, "joyRate": 0.0, "disgustRate": 0.0, "fearRate": 0.0, "surpriseRate": 0.0, "angerRate": 0.0, "slangBeGeneralNum": 0, "slangBeCigaretteNum": 0, "slangBeHumanNum": 0, "slangBeVehicleNum": 0, "slangBeDrugNum": 0, "slangBvNum": 0, "slangBeGeneralRate": 0.0, "slangBeCigaretteRate": 0.0, "slangBeHumanRate": 0.0, "slangBeVehicleRate": 0.0, "slangBeDrugRate": 0.0, "slangBvRate": 0.0, "speechactNum": 0, "quoteNum": 0, "dashNum": 0, "publicNum": 0, "privateNum": 0, "suasiveNum": 0, "discMarkerNum": 0, "smileyNum": 0, "dateNum": 0, "hesitationNum": 0, "restartNum": 0, "repeatNum": 1, "conjBeforeDiscNum": 0, "conjAfterDiscNum": 0, "wordBeforeHesitationNum": 0, "wordAfterHesitationNum": 0, "otherCollocationNum": 0, "speechactRate": 0.0, "quoteRate": 0.0, "dashRate": 0.0, "publicRate": 0.0, "privateRate": 0.0, "suasiveRate": 0.0, "discMarkerRate": 0.0, "smileyRate": 0.0, "dateRate": 0.0, "hesitationRate": 0.0, "restartRate": 0.0, "repeatRate": 0.0020325203252032522, "conjBeforeDiscRate": 0.0, "conjAfterDiscRate": 0.0, "wordBeforeHesitationRate": 0.0, "wordAfterHesitationRate": 0.0, "otherCollocationRate": 0.0, "easyWordNum": 465, "hardWordNum": 27, "easyWordRate": 0.9451219512195121, "hardWordRate": 0.054878048780487805, "fleschReadingEaseScore": 72.85963414634149, "gunningFogIndex": 4.707665505226481, "fleschKincaidGradeLevel": 6.007026713124276, "colemanLiauIndex": 10.968117886178863, "smogIndex": 7.7094869923839395, "automatedReadabilityIndex": 5.8327526132404195, "linsearWriteIndex": 0.30903987611304684, "author": "", "locationNameNum": 0, "locationNameRate": 0.0, "personNameNum": 0, "personNameRate": 0.0, "organizationNameNum": 0, "organizationNameRate": 0.0, "misspelledNum": 1, "misspelledRate": 0.0020325203252032522, "missingAccentNum": 0, "missingAccentRate": 0.0, "foreignAccentNum": 0, "foreignAccentRate": 0.0, "wordConcatNum": 1, "wordConcatRate": 0.0020325203252032522, "jLyMistakeNum": 0, "jLyMistakeRate": 0.0, "publicVNum": 0, "freqSuffixNum": 0, "partsNum": 164, "clauseWordNum": 80, "privateVNum": 0}