{"tokenNum": 486, "sentenceNum": 24, "lemmaNum": 234, "lemmaRate": 0.48148148148148145, "sentenceLength": 20.25, "allUpperNum": 0, "firstUpperNum": 24, "allUpperRate": 0.0, "firstUpperRate": 0.04938271604938271, "declarSentNum": 23, "imperSentNum": 0, "questionNum": 1, "declarSentRate": 0.9583333333333334, "imperSentRate": 0.0, "questionRate": 0.041666666666666664, "accent": true, "saturation": 3.6, "paragraphNum": 3, "nounNum": 79, "verbNum": 69, "adjNum": 59, "infNum": 13, "partPastNum": 4, "partPresNum": 6, "partFutNum": 0, "transNum": 0, "xNum": 3, "advNum": 43, "properNounNum": 0, "numNum": 0, "conjNum": 57, "punctNum": 85, "pronNum": 33, "relPronNum": 10, "demPronNum": 28, "adposNum": 3, "multiplePunctNum": 0, "phraseNum": 0, "nounRate": 0.16255144032921812, "verbRate": 0.1419753086419753, "adjRate": 0.12139917695473251, "infRate": 0.026748971193415638, "partPastRate": 0.00823045267489712, "partPresRate": 0.012345679012345678, "partFutRate": 0.0, "transRate": 0.0, "xRate": 0.006172839506172839, "advRate": 0.08847736625514403, "properNounRate": 0.0, "numRate": 0.0, "conjRate": 0.11728395061728394, "punctRate": 0.1748971193415638, "pronRate": 0.06790123456790123, "relPronRate": 0.0205761316872428, "demPronRate": 0.05761316872427984, "adposRate": 0.006172839506172839, "multiplePunctRate": 0.0, "partsDensityRate": 3.8461538461538463, "contentfulness": 10.416666666666666, "phraseRate": 0.0, "pastTenseNum": 1, "presentTenseNum": 55, "condNum": 7, "impNum": 5, "freqNum": 0, "causNum": 0, "modalNum": 2, "sg1VerbNum": 69, "sg2VerbNum": 69, "sg3VerbNum": 69, "pl1VerbNum": 69, "pl2VerbNum": 69, "pl3VerbNum": 69, "superlatNum": 0, "comparatNum": 0, "specDerivSuffixNum": 0, "pluralNounNum": 16, "pastTenseRate": 0.014492753623188406, "presentTenseRate": 0.7971014492753623, "condRate": 0.10144927536231885, "impRate": 0.07246376811594203, "freqRate": 0.0, "causRate": 0.0, "modalRate": 0.028985507246376812, "sg1VerbRate": 1.0, "sg2VerbRate": 1.0, "sg3VerbRate": 1.0, "pl1VerbRate": 1.0, "pl2VerbRate": 1.0, "pl3VerbRate": 1.0, "superlatRate": 0.0, "comparatRate": 0.0, "specDerivSuffixRate": 0.0, "pluralNounRate": 0.20253164556962025, "subjNum": 27, "objNum": 33, "attNum": 33, "subordNum": 25, "adverbNum": 61, "coordNum": 30, "clauseNum": 65, "simpleNum": 4, "complexNum": 20, "complexity1Num": 7, "complexity2Num": 9, "complexity3Num": 1, "compoundNum": 0, "subjRate": 0.05555555555555555, "objRate": 0.06790123456790123, "attRate": 0.06790123456790123, "subordRate": 0.051440329218107, "adverbRate": 0.12551440329218108, "coordRate": 0.06172839506172839, "partsRate": 2.830769230769231, "clauseRate": 2.7083333333333335, "simpleRate": 0.16666666666666666, "complexRate": 0.8333333333333334, "complexity1Rate": 0.2916666666666667, "complexity2Rate": 0.375, "complexity3Rate": 0.041666666666666664, "complexClauseRate": 3.05, "sentencesPerParagraph": 8.0, "wordsLengthRate": 5.802992518703242, "compoundRate": 0.0, "positiveNum": 0, "negativeNum": 0, "precoPositiveNum": 0, "precoNegativeNum": 0, "negemoNum": 0, "negationNum": 9, "functionNum": 236, "contentNum": 250, "vulgarNum": 0, "racistNum": 0, "specStyleNum": 0, "addressingNum": 0, "closingNum": 0, "postscriptNum": 0, "brutalNum": 0, "positiveRate": 0.0, "negativeRate": 0.0, "precoPositiveRate": 0.0, "precoNegativeRate": 0.0, "negemoRate": 0.0, "negationRate": 0.018518518518518517, "functionRate": 0.48559670781893005, "contentRate": 0.51440329218107, "vulgarRate": 0.0, "racistRate": 0.0, "specStyleRate": 0.0, "addressingRate": 0.0, "closingRate": 0.0, "postscriptRate": 0.0, "brutalRate": 0.0, "epistemicNum": 0, "investNum": 0, "conditionNum": 0, "weaselNum": 0, "peacockNum": 0, "hedgeNum": 0, "doxasticNum": 0, "epistemicRate": 0.0, "investRate": 0.0, "conditionRate": 0.0, "weaselRate": 0.0, "peacockRate": 0.0, "hedgeRate": 0.0, "doxasticRate": 0.0, "loveNum": 0, "anxietyNum": 0, "sorrowNum": 0, "joyNum": 0, "disgustNum": 0, "fearNum": 0, "surpriseNum": 0, "angerNum": 0, "loveRate": 0.0, "anxietyRate": 0.0, "sorrowRate": 0.0, "joyRate": 0.0, "disgustRate": 0.0, "fearRate": 0.0, "surpriseRate": 0.0, "angerRate": 0.0, "slangBeGeneralNum": 0, "slangBeCigaretteNum": 0, "slangBeHumanNum": 0, "slangBeVehicleNum": 0, "slangBeDrugNum": 0, "slangBvNum": 0, "slangBeGeneralRate": 0.0, "slangBeCigaretteRate": 0.0, "slangBeHumanRate": 0.0, "slangBeVehicleRate": 0.0, "slangBeDrugRate": 0.0, "slangBvRate": 0.0, "speechactNum": 0, "quoteNum": 2, "dashNum": 0, "publicNum": 0, "privateNum": 0, "suasiveNum": 0, "discMarkerNum": 0, "smileyNum": 0, "dateNum": 0, "hesitationNum": 0, "restartNum": 0, "repeatNum": 0, "conjBeforeDiscNum": 0, "conjAfterDiscNum": 0, "wordBeforeHesitationNum": 0, "wordAfterHesitationNum": 0, "otherCollocationNum": 0, "speechactRate": 0.0, "quoteRate": 0.00411522633744856, "dashRate": 0.0, "publicRate": 0.0, "privateRate": 0.0, "suasiveRate": 0.0, "discMarkerRate": 0.0, "smileyRate": 0.0, "dateRate": 0.0, "hesitationRate": 0.0, "restartRate": 0.0, "repeatRate": 0.0, "conjBeforeDiscRate": 0.0, "conjAfterDiscRate": 0.0, "wordBeforeHesitationRate": 0.0, "wordAfterHesitationRate": 0.0, "otherCollocationRate": 0.0, "easyWordNum": 436, "hardWordNum": 50, "easyWordRate": 0.897119341563786, "hardWordRate": 0.102880658436214, "fleschReadingEaseScore": 50.6775462962963, "gunningFogIndex": 8.141152263374485, "fleschKincaidGradeLevel": 11.221491769547328, "colemanLiauIndex": 13.334748971193413, "smogIndex": 10.504223727775692, "automatedReadabilityIndex": 11.993024691358023, "linsearWriteIndex": 1.499142661179698, "author": "", "locationNameNum": 0, "locationNameRate": 0.0, "personNameNum": 0, "personNameRate": 0.0, "organizationNameNum": 0, "organizationNameRate": 0.0, "misspelledNum": 3, "misspelledRate": 0.006172839506172839, "missingAccentNum": 1, "missingAccentRate": 0.00205761316872428, "foreignAccentNum": 0, "foreignAccentRate": 0.0, "wordConcatNum": 1, "wordConcatRate": 0.00205761316872428, "jLyMistakeNum": 0, "jLyMistakeRate": 0.0, "publicVNum": 0, "freqSuffixNum": 0, "partsNum": 184, "clauseWordNum": 65, "privateVNum": 0}