{"tokenNum": 469, "sentenceNum": 20, "lemmaNum": 213, "lemmaRate": 0.4541577825159915, "sentenceLength": 23.45, "allUpperNum": 0, "firstUpperNum": 21, "allUpperRate": 0.0, "firstUpperRate": 0.04477611940298507, "declarSentNum": 20, "imperSentNum": 0, "questionNum": 0, "declarSentRate": 1.0, "imperSentRate": 0.0, "questionRate": 0.0, "accent": true, "saturation": 3.4918032786885247, "paragraphNum": 4, "nounNum": 94, "verbNum": 42, "adjNum": 49, "infNum": 3, "partPastNum": 1, "partPresNum": 1, "partFutNum": 0, "transNum": 1, "xNum": 4, "advNum": 42, "properNounNum": 0, "numNum": 1, "conjNum": 44, "punctNum": 88, "pronNum": 34, "relPronNum": 9, "demPronNum": 16, "adposNum": 3, "multiplePunctNum": 0, "phraseNum": 0, "nounRate": 0.20042643923240938, "verbRate": 0.08955223880597014, "adjRate": 0.1044776119402985, "infRate": 0.006396588486140725, "partPastRate": 0.0021321961620469083, "partPresRate": 0.0021321961620469083, "partFutRate": 0.0, "transRate": 0.0021321961620469083, "xRate": 0.008528784648187633, "advRate": 0.08955223880597014, "properNounRate": 0.0, "numRate": 0.0021321961620469083, "conjRate": 0.09381663113006397, "punctRate": 0.18763326226012794, "pronRate": 0.07249466950959488, "relPronRate": 0.019189765458422176, "demPronRate": 0.03411513859275053, "adposRate": 0.006396588486140725, "multiplePunctRate": 0.0, "partsDensityRate": 3.721311475409836, "contentfulness": 11.35, "phraseRate": 0.0, "pastTenseNum": 0, "presentTenseNum": 39, "condNum": 3, "impNum": 4, "freqNum": 0, "causNum": 0, "modalNum": 1, "sg1VerbNum": 42, "sg2VerbNum": 42, "sg3VerbNum": 42, "pl1VerbNum": 42, "pl2VerbNum": 42, "pl3VerbNum": 42, "superlatNum": 6, "comparatNum": 0, "specDerivSuffixNum": 0, "pluralNounNum": 21, "pastTenseRate": 0.0, "presentTenseRate": 0.9285714285714286, "condRate": 0.07142857142857142, "impRate": 0.09523809523809523, "freqRate": 0.0, "causRate": 0.0, "modalRate": 0.023809523809523808, "sg1VerbRate": 1.0, "sg2VerbRate": 1.0, "sg3VerbRate": 1.0, "pl1VerbRate": 1.0, "pl2VerbRate": 1.0, "pl3VerbRate": 1.0, "superlatRate": 0.12244897959183673, "comparatRate": 0.0, "specDerivSuffixRate": 0.0, "pluralNounRate": 0.22340425531914893, "subjNum": 38, "objNum": 21, "attNum": 29, "subordNum": 24, "adverbNum": 50, "coordNum": 43, "clauseNum": 61, "simpleNum": 2, "complexNum": 18, "complexity1Num": 6, "complexity2Num": 6, "complexity3Num": 3, "compoundNum": 0, "subjRate": 0.08102345415778252, "objRate": 0.04477611940298507, "attRate": 0.06183368869936034, "subordRate": 0.0511727078891258, "adverbRate": 0.10660980810234541, "coordRate": 0.09168443496801706, "partsRate": 2.9672131147540983, "clauseRate": 3.05, "simpleRate": 0.1, "complexRate": 0.9, "complexity1Rate": 0.3, "complexity2Rate": 0.3, "complexity3Rate": 0.15, "complexClauseRate": 3.2777777777777777, "sentencesPerParagraph": 5.0, "wordsLengthRate": 5.648293963254593, "compoundRate": 0.0, "positiveNum": 0, "negativeNum": 0, "precoPositiveNum": 0, "precoNegativeNum": 0, "negemoNum": 0, "negationNum": 8, "functionNum": 242, "contentNum": 227, "vulgarNum": 0, "racistNum": 0, "specStyleNum": 0, "addressingNum": 0, "closingNum": 0, "postscriptNum": 0, "brutalNum": 0, "positiveRate": 0.0, "negativeRate": 0.0, "precoPositiveRate": 0.0, "precoNegativeRate": 0.0, "negemoRate": 0.0, "negationRate": 0.017057569296375266, "functionRate": 0.5159914712153518, "contentRate": 0.4840085287846482, "vulgarRate": 0.0, "racistRate": 0.0, "specStyleRate": 0.0, "addressingRate": 0.0, "closingRate": 0.0, "postscriptRate": 0.0, "brutalRate": 0.0, "epistemicNum": 0, "investNum": 0, "conditionNum": 0, "weaselNum": 0, "peacockNum": 0, "hedgeNum": 0, "doxasticNum": 0, "epistemicRate": 0.0, "investRate": 0.0, "conditionRate": 0.0, "weaselRate": 0.0, "peacockRate": 0.0, "hedgeRate": 0.0, "doxasticRate": 0.0, "loveNum": 0, "anxietyNum": 0, "sorrowNum": 0, "joyNum": 0, "disgustNum": 0, "fearNum": 0, "surpriseNum": 0, "angerNum": 0, "loveRate": 0.0, "anxietyRate": 0.0, "sorrowRate": 0.0, "joyRate": 0.0, "disgustRate": 0.0, "fearRate": 0.0, "surpriseRate": 0.0, "angerRate": 0.0, "slangBeGeneralNum": 0, "slangBeCigaretteNum": 0, "slangBeHumanNum": 0, "slangBeVehicleNum": 0, "slangBeDrugNum": 0, "slangBvNum": 0, "slangBeGeneralRate": 0.0, "slangBeCigaretteRate": 0.0, "slangBeHumanRate": 0.0, "slangBeVehicleRate": 0.0, "slangBeDrugRate": 0.0, "slangBvRate": 0.0, "speechactNum": 0, "quoteNum": 0, "dashNum": 0, "publicNum": 0, "privateNum": 0, "suasiveNum": 0, "discMarkerNum": 0, "smileyNum": 0, "dateNum": 0, "hesitationNum": 0, "restartNum": 0, "repeatNum": 0, "conjBeforeDiscNum": 0, "conjAfterDiscNum": 0, "wordBeforeHesitationNum": 0, "wordAfterHesitationNum": 0, "otherCollocationNum": 0, "speechactRate": 0.0, "quoteRate": 0.0, "dashRate": 0.0, "publicRate": 0.0, "privateRate": 0.0, "suasiveRate": 0.0, "discMarkerRate": 0.0, "smileyRate": 0.0, "dateRate": 0.0, "hesitationRate": 0.0, "restartRate": 0.0, "repeatRate": 0.0, "conjBeforeDiscRate": 0.0, "conjAfterDiscRate": 0.0, "wordBeforeHesitationRate": 0.0, "wordAfterHesitationRate": 0.0, "otherCollocationRate": 0.0, "easyWordNum": 432, "hardWordNum": 37, "easyWordRate": 0.9211087420042644, "hardWordRate": 0.07889125799573561, "fleschReadingEaseScore": 52.796149786780404, "gunningFogIndex": 9.411556503198295, "fleschKincaidGradeLevel": 11.720958422174842, "colemanLiauIndex": 12.230746268656716, "smogIndex": 9.473421319101043, "automatedReadabilityIndex": 12.710181236673776, "linsearWriteIndex": 1.873134328358209, "author": "", "locationNameNum": 0, "locationNameRate": 0.0, "personNameNum": 0, "personNameRate": 0.0, "organizationNameNum": 0, "organizationNameRate": 0.0, "misspelledNum": 6, "misspelledRate": 0.01279317697228145, "missingAccentNum": 2, "missingAccentRate": 0.0042643923240938165, "foreignAccentNum": 2, "foreignAccentRate": 0.0042643923240938165, "wordConcatNum": 1, "wordConcatRate": 0.0021321961620469083, "jLyMistakeNum": 0, "jLyMistakeRate": 0.0, "publicVNum": 0, "freqSuffixNum": 0, "partsNum": 181, "clauseWordNum": 61, "privateVNum": 0}