{"tokenNum": 492, "sentenceNum": 24, "lemmaNum": 222, "lemmaRate": 0.45121951219512196, "sentenceLength": 20.5, "allUpperNum": 0, "firstUpperNum": 24, "allUpperRate": 0.0, "firstUpperRate": 0.04878048780487805, "declarSentNum": 23, "imperSentNum": 0, "questionNum": 1, "declarSentRate": 0.9583333333333334, "imperSentRate": 0.0, "questionRate": 0.041666666666666664, "accent": true, "saturation": 3.1714285714285713, "paragraphNum": 5, "nounNum": 95, "verbNum": 65, "adjNum": 44, "infNum": 7, "partPastNum": 2, "partPresNum": 2, "partFutNum": 0, "transNum": 2, "xNum": 6, "advNum": 24, "properNounNum": 1, "numNum": 3, "conjNum": 53, "punctNum": 85, "pronNum": 41, "relPronNum": 13, "demPronNum": 20, "adposNum": 4, "multiplePunctNum": 0, "phraseNum": 0, "nounRate": 0.19308943089430894, "verbRate": 0.13211382113821138, "adjRate": 0.08943089430894309, "infRate": 0.014227642276422764, "partPastRate": 0.0040650406504065045, "partPresRate": 0.0040650406504065045, "partFutRate": 0.0, "transRate": 0.0040650406504065045, "xRate": 0.012195121951219513, "advRate": 0.04878048780487805, "properNounRate": 0.0020325203252032522, "numRate": 0.006097560975609756, "conjRate": 0.10772357723577236, "punctRate": 0.17276422764227642, "pronRate": 0.08333333333333333, "relPronRate": 0.026422764227642278, "demPronRate": 0.04065040650406504, "adposRate": 0.008130081300813009, "multiplePunctRate": 0.0, "partsDensityRate": 3.257142857142857, "contentfulness": 9.5, "phraseRate": 0.0, "pastTenseNum": 3, "presentTenseNum": 55, "condNum": 1, "impNum": 2, "freqNum": 0, "causNum": 0, "modalNum": 0, "sg1VerbNum": 65, "sg2VerbNum": 65, "sg3VerbNum": 65, "pl1VerbNum": 65, "pl2VerbNum": 65, "pl3VerbNum": 65, "superlatNum": 3, "comparatNum": 3, "specDerivSuffixNum": 0, "pluralNounNum": 22, "pastTenseRate": 0.046153846153846156, "presentTenseRate": 0.8461538461538461, "condRate": 0.015384615384615385, "impRate": 0.03076923076923077, "freqRate": 0.0, "causRate": 0.0, "modalRate": 0.0, "sg1VerbRate": 1.0, "sg2VerbRate": 1.0, "sg3VerbRate": 1.0, "pl1VerbRate": 1.0, "pl2VerbRate": 1.0, "pl3VerbRate": 1.0, "superlatRate": 0.06818181818181818, "comparatRate": 0.06818181818181818, "specDerivSuffixRate": 0.0, "pluralNounRate": 0.23157894736842105, "subjNum": 34, "objNum": 22, "attNum": 22, "subordNum": 31, "adverbNum": 32, "coordNum": 36, "clauseNum": 70, "simpleNum": 4, "complexNum": 20, "complexity1Num": 6, "complexity2Num": 6, "complexity3Num": 4, "compoundNum": 0, "subjRate": 0.06910569105691057, "objRate": 0.044715447154471545, "attRate": 0.044715447154471545, "subordRate": 0.06300813008130081, "adverbRate": 0.06504065040650407, "coordRate": 0.07317073170731707, "partsRate": 2.085714285714286, "clauseRate": 2.9166666666666665, "simpleRate": 0.16666666666666666, "complexRate": 0.8333333333333334, "complexity1Rate": 0.25, "complexity2Rate": 0.25, "complexity3Rate": 0.16666666666666666, "complexClauseRate": 3.3, "sentencesPerParagraph": 4.8, "wordsLengthRate": 5.823095823095823, "compoundRate": 0.0, "positiveNum": 0, "negativeNum": 0, "precoPositiveNum": 0, "precoNegativeNum": 0, "negemoNum": 0, "negationNum": 3, "functionNum": 264, "contentNum": 228, "vulgarNum": 0, "racistNum": 0, "specStyleNum": 0, "addressingNum": 0, "closingNum": 0, "postscriptNum": 0, "brutalNum": 0, "positiveRate": 0.0, "negativeRate": 0.0, "precoPositiveRate": 0.0, "precoNegativeRate": 0.0, "negemoRate": 0.0, "negationRate": 0.006097560975609756, "functionRate": 0.5365853658536586, "contentRate": 0.4634146341463415, "vulgarRate": 0.0, "racistRate": 0.0, "specStyleRate": 0.0, "addressingRate": 0.0, "closingRate": 0.0, "postscriptRate": 0.0, "brutalRate": 0.0, "epistemicNum": 0, "investNum": 0, "conditionNum": 0, "weaselNum": 0, "peacockNum": 0, "hedgeNum": 0, "doxasticNum": 0, "epistemicRate": 0.0, "investRate": 0.0, "conditionRate": 0.0, "weaselRate": 0.0, "peacockRate": 0.0, "hedgeRate": 0.0, "doxasticRate": 0.0, "loveNum": 0, "anxietyNum": 0, "sorrowNum": 0, "joyNum": 0, "disgustNum": 0, "fearNum": 0, "surpriseNum": 0, "angerNum": 0, "loveRate": 0.0, "anxietyRate": 0.0, "sorrowRate": 0.0, "joyRate": 0.0, "disgustRate": 0.0, "fearRate": 0.0, "surpriseRate": 0.0, "angerRate": 0.0, "slangBeGeneralNum": 0, "slangBeCigaretteNum": 0, "slangBeHumanNum": 0, "slangBeVehicleNum": 0, "slangBeDrugNum": 0, "slangBvNum": 0, "slangBeGeneralRate": 0.0, "slangBeCigaretteRate": 0.0, "slangBeHumanRate": 0.0, "slangBeVehicleRate": 0.0, "slangBeDrugRate": 0.0, "slangBvRate": 0.0, "speechactNum": 0, "quoteNum": 0, "dashNum": 0, "publicNum": 0, "privateNum": 0, "suasiveNum": 0, "discMarkerNum": 0, "smileyNum": 0, "dateNum": 0, "hesitationNum": 0, "restartNum": 0, "repeatNum": 0, "conjBeforeDiscNum": 0, "conjAfterDiscNum": 0, "wordBeforeHesitationNum": 0, "wordAfterHesitationNum": 0, "otherCollocationNum": 0, "speechactRate": 0.0, "quoteRate": 0.0, "dashRate": 0.0, "publicRate": 0.0, "privateRate": 0.0, "suasiveRate": 0.0, "discMarkerRate": 0.0, "smileyRate": 0.0, "dateRate": 0.0, "hesitationRate": 0.0, "restartRate": 0.0, "repeatRate": 0.0, "conjBeforeDiscRate": 0.0, "conjAfterDiscRate": 0.0, "wordBeforeHesitationRate": 0.0, "wordAfterHesitationRate": 0.0, "otherCollocationRate": 0.0, "easyWordNum": 458, "hardWordNum": 34, "easyWordRate": 0.9308943089430894, "hardWordRate": 0.06910569105691057, "fleschReadingEaseScore": 58.95554878048782, "gunningFogIndex": 8.227642276422765, "fleschKincaidGradeLevel": 10.128983739837398, "colemanLiauIndex": 13.458308943089431, "smogIndex": 9.210782826323648, "automatedReadabilityIndex": 12.216829268292685, "linsearWriteIndex": 1.3458672086720864, "author": "", "locationNameNum": 0, "locationNameRate": 0.0, "personNameNum": 0, "personNameRate": 0.0, "organizationNameNum": 0, "organizationNameRate": 0.0, "misspelledNum": 1, "misspelledRate": 0.0020325203252032522, "missingAccentNum": 1, "missingAccentRate": 0.0020325203252032522, "foreignAccentNum": 0, "foreignAccentRate": 0.0, "wordConcatNum": 0, "wordConcatRate": 0.0, "jLyMistakeNum": 0, "jLyMistakeRate": 0.0, "publicVNum": 0, "freqSuffixNum": 0, "partsNum": 146, "clauseWordNum": 70, "privateVNum": 0}