{"tokenNum": 492, "sentenceNum": 26, "lemmaNum": 231, "lemmaRate": 0.4695121951219512, "sentenceLength": 18.923076923076923, "allUpperNum": 0, "firstUpperNum": 26, "allUpperRate": 0.0, "firstUpperRate": 0.052845528455284556, "declarSentNum": 23, "imperSentNum": 0, "questionNum": 3, "declarSentRate": 0.8846153846153846, "imperSentRate": 0.0, "questionRate": 0.11538461538461539, "accent": true, "saturation": 3.2083333333333335, "paragraphNum": 6, "nounNum": 86, "verbNum": 63, "adjNum": 52, "infNum": 5, "partPastNum": 1, "partPresNum": 3, "partFutNum": 0, "transNum": 2, "xNum": 6, "advNum": 56, "properNounNum": 0, "numNum": 0, "conjNum": 44, "punctNum": 86, "pronNum": 31, "relPronNum": 10, "demPronNum": 28, "adposNum": 7, "multiplePunctNum": 0, "phraseNum": 0, "nounRate": 0.17479674796747968, "verbRate": 0.12804878048780488, "adjRate": 0.10569105691056911, "infRate": 0.01016260162601626, "partPastRate": 0.0020325203252032522, "partPresRate": 0.006097560975609756, "partFutRate": 0.0, "transRate": 0.0040650406504065045, "xRate": 0.012195121951219513, "advRate": 0.11382113821138211, "properNounRate": 0.0, "numRate": 0.0, "conjRate": 0.08943089430894309, "punctRate": 0.17479674796747968, "pronRate": 0.06300813008130081, "relPronRate": 0.02032520325203252, "demPronRate": 0.056910569105691054, "adposRate": 0.014227642276422764, "multiplePunctRate": 0.0, "partsDensityRate": 3.5694444444444446, "contentfulness": 9.884615384615385, "phraseRate": 0.0, "pastTenseNum": 6, "presentTenseNum": 52, "condNum": 5, "impNum": 8, "freqNum": 0, "causNum": 0, "modalNum": 5, "sg1VerbNum": 63, "sg2VerbNum": 63, "sg3VerbNum": 63, "pl1VerbNum": 63, "pl2VerbNum": 63, "pl3VerbNum": 63, "superlatNum": 2, "comparatNum": 1, "specDerivSuffixNum": 0, "pluralNounNum": 15, "pastTenseRate": 0.09523809523809523, "presentTenseRate": 0.8253968253968254, "condRate": 0.07936507936507936, "impRate": 0.12698412698412698, "freqRate": 0.0, "causRate": 0.0, "modalRate": 0.07936507936507936, "sg1VerbRate": 1.0, "sg2VerbRate": 1.0, "sg3VerbRate": 1.0, "pl1VerbRate": 1.0, "pl2VerbRate": 1.0, "pl3VerbRate": 1.0, "superlatRate": 0.038461538461538464, "comparatRate": 0.019230769230769232, "specDerivSuffixRate": 0.0, "pluralNounRate": 0.1744186046511628, "subjNum": 31, "objNum": 19, "attNum": 31, "subordNum": 33, "adverbNum": 69, "coordNum": 17, "clauseNum": 72, "simpleNum": 3, "complexNum": 23, "complexity1Num": 10, "complexity2Num": 6, "complexity3Num": 4, "compoundNum": 0, "subjRate": 0.06300813008130081, "objRate": 0.03861788617886179, "attRate": 0.06300813008130081, "subordRate": 0.06707317073170732, "adverbRate": 0.1402439024390244, "coordRate": 0.034552845528455285, "partsRate": 2.3194444444444446, "clauseRate": 2.769230769230769, "simpleRate": 0.11538461538461539, "complexRate": 0.8846153846153846, "complexity1Rate": 0.38461538461538464, "complexity2Rate": 0.23076923076923078, "complexity3Rate": 0.15384615384615385, "complexClauseRate": 3.0, "sentencesPerParagraph": 4.333333333333333, "wordsLengthRate": 5.785714285714286, "compoundRate": 0.0, "positiveNum": 0, "negativeNum": 0, "precoPositiveNum": 0, "precoNegativeNum": 0, "negemoNum": 0, "negationNum": 10, "functionNum": 235, "contentNum": 257, "vulgarNum": 0, "racistNum": 0, "specStyleNum": 0, "addressingNum": 0, "closingNum": 0, "postscriptNum": 0, "brutalNum": 0, "positiveRate": 0.0, "negativeRate": 0.0, "precoPositiveRate": 0.0, "precoNegativeRate": 0.0, "negemoRate": 0.0, "negationRate": 0.02032520325203252, "functionRate": 0.47764227642276424, "contentRate": 0.5223577235772358, "vulgarRate": 0.0, "racistRate": 0.0, "specStyleRate": 0.0, "addressingRate": 0.0, "closingRate": 0.0, "postscriptRate": 0.0, "brutalRate": 0.0, "epistemicNum": 0, "investNum": 0, "conditionNum": 0, "weaselNum": 0, "peacockNum": 0, "hedgeNum": 0, "doxasticNum": 0, "epistemicRate": 0.0, "investRate": 0.0, "conditionRate": 0.0, "weaselRate": 0.0, "peacockRate": 0.0, "hedgeRate": 0.0, "doxasticRate": 0.0, "loveNum": 0, "anxietyNum": 0, "sorrowNum": 0, "joyNum": 0, "disgustNum": 0, "fearNum": 0, "surpriseNum": 0, "angerNum": 0, "loveRate": 0.0, "anxietyRate": 0.0, "sorrowRate": 0.0, "joyRate": 0.0, "disgustRate": 0.0, "fearRate": 0.0, "surpriseRate": 0.0, "angerRate": 0.0, "slangBeGeneralNum": 0, "slangBeCigaretteNum": 0, "slangBeHumanNum": 0, "slangBeVehicleNum": 0, "slangBeDrugNum": 0, "slangBvNum": 0, "slangBeGeneralRate": 0.0, "slangBeCigaretteRate": 0.0, "slangBeHumanRate": 0.0, "slangBeVehicleRate": 0.0, "slangBeDrugRate": 0.0, "slangBvRate": 0.0, "speechactNum": 0, "quoteNum": 1, "dashNum": 0, "publicNum": 0, "privateNum": 0, "suasiveNum": 0, "discMarkerNum": 0, "smileyNum": 0, "dateNum": 0, "hesitationNum": 0, "restartNum": 0, "repeatNum": 1, "conjBeforeDiscNum": 0, "conjAfterDiscNum": 0, "wordBeforeHesitationNum": 0, "wordAfterHesitationNum": 0, "otherCollocationNum": 0, "speechactRate": 0.0, "quoteRate": 0.0020325203252032522, "dashRate": 0.0, "publicRate": 0.0, "privateRate": 0.0, "suasiveRate": 0.0, "discMarkerRate": 0.0, "smileyRate": 0.0, "dateRate": 0.0, "hesitationRate": 0.0, "restartRate": 0.0, "repeatRate": 0.0020325203252032522, "conjBeforeDiscRate": 0.0, "conjAfterDiscRate": 0.0, "wordBeforeHesitationRate": 0.0, "wordAfterHesitationRate": 0.0, "otherCollocationRate": 0.0, "easyWordNum": 441, "hardWordNum": 51, "easyWordRate": 0.8963414634146342, "hardWordRate": 0.10365853658536585, "fleschReadingEaseScore": 52.13051594746722, "gunningFogIndex": 7.610694183864917, "fleschKincaidGradeLevel": 10.68918699186992, "colemanLiauIndex": 13.206894308943085, "smogIndex": 10.577609850970193, "automatedReadabilityIndex": 11.227331144465289, "linsearWriteIndex": 1.2983114446529083, "author": "", "locationNameNum": 0, "locationNameRate": 0.0, "personNameNum": 0, "personNameRate": 0.0, "organizationNameNum": 0, "organizationNameRate": 0.0, "misspelledNum": 1, "misspelledRate": 0.0020325203252032522, "missingAccentNum": 0, "missingAccentRate": 0.0, "foreignAccentNum": 0, "foreignAccentRate": 0.0, "wordConcatNum": 0, "wordConcatRate": 0.0, "jLyMistakeNum": 0, "jLyMistakeRate": 0.0, "publicVNum": 0, "freqSuffixNum": 0, "partsNum": 167, "clauseWordNum": 72, "privateVNum": 0}