{"tokenNum": 403, "sentenceNum": 17, "lemmaNum": 206, "lemmaRate": 0.511166253101737, "sentenceLength": 23.705882352941178, "allUpperNum": 0, "firstUpperNum": 17, "allUpperRate": 0.0, "firstUpperRate": 0.04218362282878412, "declarSentNum": 16, "imperSentNum": 0, "questionNum": 1, "declarSentRate": 0.9411764705882353, "imperSentRate": 0.0, "questionRate": 0.058823529411764705, "accent": true, "saturation": 4.790697674418604, "paragraphNum": 6, "nounNum": 96, "verbNum": 42, "adjNum": 59, "infNum": 7, "partPastNum": 1, "partPresNum": 5, "partFutNum": 0, "transNum": 3, "xNum": 6, "advNum": 23, "properNounNum": 0, "numNum": 0, "conjNum": 32, "punctNum": 58, "pronNum": 28, "relPronNum": 13, "demPronNum": 17, "adposNum": 6, "multiplePunctNum": 0, "phraseNum": 0, "nounRate": 0.23821339950372208, "verbRate": 0.10421836228287841, "adjRate": 0.14640198511166252, "infRate": 0.017369727047146403, "partPastRate": 0.0024813895781637717, "partPresRate": 0.01240694789081886, "partFutRate": 0.0, "transRate": 0.007444168734491315, "xRate": 0.01488833746898263, "advRate": 0.05707196029776675, "properNounRate": 0.0, "numRate": 0.0, "conjRate": 0.0794044665012407, "punctRate": 0.14392059553349876, "pronRate": 0.06947890818858561, "relPronRate": 0.03225806451612903, "demPronRate": 0.04218362282878412, "adposRate": 0.01488833746898263, "multiplePunctRate": 0.0, "partsDensityRate": 5.116279069767442, "contentfulness": 12.941176470588236, "phraseRate": 0.0, "pastTenseNum": 1, "presentTenseNum": 34, "condNum": 2, "impNum": 2, "freqNum": 0, "causNum": 0, "modalNum": 2, "sg1VerbNum": 42, "sg2VerbNum": 42, "sg3VerbNum": 42, "pl1VerbNum": 42, "pl2VerbNum": 42, "pl3VerbNum": 42, "superlatNum": 0, "comparatNum": 2, "specDerivSuffixNum": 0, "pluralNounNum": 33, "pastTenseRate": 0.023809523809523808, "presentTenseRate": 0.8095238095238095, "condRate": 0.047619047619047616, "impRate": 0.047619047619047616, "freqRate": 0.0, "causRate": 0.0, "modalRate": 0.047619047619047616, "sg1VerbRate": 1.0, "sg2VerbRate": 1.0, "sg3VerbRate": 1.0, "pl1VerbRate": 1.0, "pl2VerbRate": 1.0, "pl3VerbRate": 1.0, "superlatRate": 0.0, "comparatRate": 0.03389830508474576, "specDerivSuffixRate": 0.0, "pluralNounRate": 0.34375, "subjNum": 26, "objNum": 23, "attNum": 36, "subordNum": 19, "adverbNum": 32, "coordNum": 33, "clauseNum": 43, "simpleNum": 2, "complexNum": 15, "complexity1Num": 7, "complexity2Num": 5, "complexity3Num": 3, "compoundNum": 0, "subjRate": 0.06451612903225806, "objRate": 0.05707196029776675, "attRate": 0.08933002481389578, "subordRate": 0.04714640198511166, "adverbRate": 0.0794044665012407, "coordRate": 0.08188585607940446, "partsRate": 3.488372093023256, "clauseRate": 2.5294117647058822, "simpleRate": 0.11764705882352941, "complexRate": 0.8823529411764706, "complexity1Rate": 0.4117647058823529, "complexity2Rate": 0.29411764705882354, "complexity3Rate": 0.17647058823529413, "complexClauseRate": 2.7333333333333334, "sentencesPerParagraph": 2.8333333333333335, "wordsLengthRate": 6.605797101449276, "compoundRate": 0.0, "positiveNum": 0, "negativeNum": 0, "precoPositiveNum": 0, "precoNegativeNum": 0, "negemoNum": 0, "negationNum": 5, "functionNum": 183, "contentNum": 220, "vulgarNum": 0, "racistNum": 0, "specStyleNum": 0, "addressingNum": 0, "closingNum": 0, "postscriptNum": 0, "brutalNum": 0, "positiveRate": 0.0, "negativeRate": 0.0, "precoPositiveRate": 0.0, "precoNegativeRate": 0.0, "negemoRate": 0.0, "negationRate": 0.01240694789081886, "functionRate": 0.45409429280397023, "contentRate": 0.5459057071960298, "vulgarRate": 0.0, "racistRate": 0.0, "specStyleRate": 0.0, "addressingRate": 0.0, "closingRate": 0.0, "postscriptRate": 0.0, "brutalRate": 0.0, "epistemicNum": 0, "investNum": 0, "conditionNum": 0, "weaselNum": 0, "peacockNum": 0, "hedgeNum": 0, "doxasticNum": 0, "epistemicRate": 0.0, "investRate": 0.0, "conditionRate": 0.0, "weaselRate": 0.0, "peacockRate": 0.0, "hedgeRate": 0.0, "doxasticRate": 0.0, "loveNum": 0, "anxietyNum": 0, "sorrowNum": 0, "joyNum": 0, "disgustNum": 0, "fearNum": 0, "surpriseNum": 0, "angerNum": 0, "loveRate": 0.0, "anxietyRate": 0.0, "sorrowRate": 0.0, "joyRate": 0.0, "disgustRate": 0.0, "fearRate": 0.0, "surpriseRate": 0.0, "angerRate": 0.0, "slangBeGeneralNum": 0, "slangBeCigaretteNum": 0, "slangBeHumanNum": 0, "slangBeVehicleNum": 0, "slangBeDrugNum": 0, "slangBvNum": 0, "slangBeGeneralRate": 0.0, "slangBeCigaretteRate": 0.0, "slangBeHumanRate": 0.0, "slangBeVehicleRate": 0.0, "slangBeDrugRate": 0.0, "slangBvRate": 0.0, "speechactNum": 0, "quoteNum": 0, "dashNum": 0, "publicNum": 0, "privateNum": 0, "suasiveNum": 0, "discMarkerNum": 0, "smileyNum": 0, "dateNum": 0, "hesitationNum": 0, "restartNum": 0, "repeatNum": 0, "conjBeforeDiscNum": 0, "conjAfterDiscNum": 0, "wordBeforeHesitationNum": 0, "wordAfterHesitationNum": 0, "otherCollocationNum": 0, "speechactRate": 0.0, "quoteRate": 0.0, "dashRate": 0.0, "publicRate": 0.0, "privateRate": 0.0, "suasiveRate": 0.0, "discMarkerRate": 0.0, "smileyRate": 0.0, "dateRate": 0.0, "hesitationRate": 0.0, "restartRate": 0.0, "repeatRate": 0.0, "conjBeforeDiscRate": 0.0, "conjAfterDiscRate": 0.0, "wordBeforeHesitationRate": 0.0, "wordAfterHesitationRate": 0.0, "otherCollocationRate": 0.0, "easyWordNum": 343, "hardWordNum": 60, "easyWordRate": 0.8511166253101737, "hardWordRate": 0.1488833746898263, "fleschReadingEaseScore": 22.18047730258357, "gunningFogIndex": 9.541906291052403, "fleschKincaidGradeLevel": 16.054797839731428, "colemanLiauIndex": 18.18064267990074, "smogIndex": 11.20814326018867, "automatedReadabilityIndex": 17.596018099547514, "linsearWriteIndex": 2.773171799737265, "author": "", "locationNameNum": 0, "locationNameRate": 0.0, "personNameNum": 0, "personNameRate": 0.0, "organizationNameNum": 0, "organizationNameRate": 0.0, "misspelledNum": 3, "misspelledRate": 0.007444168734491315, "missingAccentNum": 1, "missingAccentRate": 0.0024813895781637717, "foreignAccentNum": 1, "foreignAccentRate": 0.0024813895781637717, "wordConcatNum": 1, "wordConcatRate": 0.0024813895781637717, "jLyMistakeNum": 0, "jLyMistakeRate": 0.0, "publicVNum": 0, "freqSuffixNum": 0, "partsNum": 150, "clauseWordNum": 43, "privateVNum": 0}