{"tokenNum": 443, "sentenceNum": 26, "lemmaNum": 211, "lemmaRate": 0.4762979683972912, "sentenceLength": 17.03846153846154, "allUpperNum": 0, "firstUpperNum": 26, "allUpperRate": 0.0, "firstUpperRate": 0.05869074492099323, "declarSentNum": 21, "imperSentNum": 0, "questionNum": 5, "declarSentRate": 0.8076923076923077, "imperSentRate": 0.0, "questionRate": 0.19230769230769232, "accent": true, "saturation": 3.403225806451613, "paragraphNum": 5, "nounNum": 94, "verbNum": 60, "adjNum": 38, "infNum": 11, "partPastNum": 2, "partPresNum": 2, "partFutNum": 0, "transNum": 0, "xNum": 5, "advNum": 44, "properNounNum": 1, "numNum": 0, "conjNum": 40, "punctNum": 70, "pronNum": 29, "relPronNum": 9, "demPronNum": 19, "adposNum": 4, "multiplePunctNum": 0, "phraseNum": 0, "nounRate": 0.21218961625282168, "verbRate": 0.13544018058690746, "adjRate": 0.08577878103837472, "infRate": 0.024830699774266364, "partPastRate": 0.004514672686230248, "partPresRate": 0.004514672686230248, "partFutRate": 0.0, "transRate": 0.0, "xRate": 0.011286681715575621, "advRate": 0.09932279909706546, "properNounRate": 0.002257336343115124, "numRate": 0.0, "conjRate": 0.09029345372460497, "punctRate": 0.1580135440180587, "pronRate": 0.0654627539503386, "relPronRate": 0.020316027088036117, "demPronRate": 0.04288939051918736, "adposRate": 0.009029345372460496, "multiplePunctRate": 0.0, "partsDensityRate": 3.806451612903226, "contentfulness": 9.076923076923077, "phraseRate": 0.0, "pastTenseNum": 0, "presentTenseNum": 50, "condNum": 2, "impNum": 1, "freqNum": 0, "causNum": 0, "modalNum": 2, "sg1VerbNum": 60, "sg2VerbNum": 60, "sg3VerbNum": 60, "pl1VerbNum": 60, "pl2VerbNum": 60, "pl3VerbNum": 60, "superlatNum": 0, "comparatNum": 0, "specDerivSuffixNum": 0, "pluralNounNum": 33, "pastTenseRate": 0.0, "presentTenseRate": 0.8333333333333334, "condRate": 0.03333333333333333, "impRate": 0.016666666666666666, "freqRate": 0.0, "causRate": 0.0, "modalRate": 0.03333333333333333, "sg1VerbRate": 1.0, "sg2VerbRate": 1.0, "sg3VerbRate": 1.0, "pl1VerbRate": 1.0, "pl2VerbRate": 1.0, "pl3VerbRate": 1.0, "superlatRate": 0.0, "comparatRate": 0.0, "specDerivSuffixRate": 0.0, "pluralNounRate": 0.35106382978723405, "subjNum": 36, "objNum": 27, "attNum": 23, "subordNum": 20, "adverbNum": 48, "coordNum": 27, "clauseNum": 62, "simpleNum": 6, "complexNum": 20, "complexity1Num": 8, "complexity2Num": 8, "complexity3Num": 4, "compoundNum": 0, "subjRate": 0.08126410835214447, "objRate": 0.060948081264108354, "attRate": 0.05191873589164785, "subordRate": 0.045146726862302484, "adverbRate": 0.10835214446952596, "coordRate": 0.060948081264108354, "partsRate": 2.596774193548387, "clauseRate": 2.3846153846153846, "simpleRate": 0.23076923076923078, "complexRate": 0.7692307692307693, "complexity1Rate": 0.3076923076923077, "complexity2Rate": 0.3076923076923077, "complexity3Rate": 0.15384615384615385, "complexClauseRate": 2.8, "sentencesPerParagraph": 5.2, "wordsLengthRate": 5.81769436997319, "compoundRate": 0.0, "positiveNum": 0, "negativeNum": 0, "precoPositiveNum": 0, "precoNegativeNum": 0, "negemoNum": 0, "negationNum": 7, "functionNum": 207, "contentNum": 236, "vulgarNum": 0, "racistNum": 0, "specStyleNum": 0, "addressingNum": 0, "closingNum": 0, "postscriptNum": 0, "brutalNum": 0, "positiveRate": 0.0, "negativeRate": 0.0, "precoPositiveRate": 0.0, "precoNegativeRate": 0.0, "negemoRate": 0.0, "negationRate": 0.01580135440180587, "functionRate": 0.4672686230248307, "contentRate": 0.5327313769751693, "vulgarRate": 0.0, "racistRate": 0.0, "specStyleRate": 0.0, "addressingRate": 0.0, "closingRate": 0.0, "postscriptRate": 0.0, "brutalRate": 0.0, "epistemicNum": 0, "investNum": 0, "conditionNum": 0, "weaselNum": 0, "peacockNum": 0, "hedgeNum": 0, "doxasticNum": 0, "epistemicRate": 0.0, "investRate": 0.0, "conditionRate": 0.0, "weaselRate": 0.0, "peacockRate": 0.0, "hedgeRate": 0.0, "doxasticRate": 0.0, "loveNum": 0, "anxietyNum": 0, "sorrowNum": 0, "joyNum": 0, "disgustNum": 0, "fearNum": 0, "surpriseNum": 0, "angerNum": 0, "loveRate": 0.0, "anxietyRate": 0.0, "sorrowRate": 0.0, "joyRate": 0.0, "disgustRate": 0.0, "fearRate": 0.0, "surpriseRate": 0.0, "angerRate": 0.0, "slangBeGeneralNum": 0, "slangBeCigaretteNum": 0, "slangBeHumanNum": 0, "slangBeVehicleNum": 0, "slangBeDrugNum": 0, "slangBvNum": 0, "slangBeGeneralRate": 0.0, "slangBeCigaretteRate": 0.0, "slangBeHumanRate": 0.0, "slangBeVehicleRate": 0.0, "slangBeDrugRate": 0.0, "slangBvRate": 0.0, "speechactNum": 0, "quoteNum": 1, "dashNum": 0, "publicNum": 0, "privateNum": 0, "suasiveNum": 0, "discMarkerNum": 0, "smileyNum": 0, "dateNum": 0, "hesitationNum": 0, "restartNum": 0, "repeatNum": 0, "conjBeforeDiscNum": 0, "conjAfterDiscNum": 0, "wordBeforeHesitationNum": 0, "wordAfterHesitationNum": 0, "otherCollocationNum": 0, "speechactRate": 0.0, "quoteRate": 0.002257336343115124, "dashRate": 0.0, "publicRate": 0.0, "privateRate": 0.0, "suasiveRate": 0.0, "discMarkerRate": 0.0, "smileyRate": 0.0, "dateRate": 0.0, "hesitationRate": 0.0, "restartRate": 0.0, "repeatRate": 0.0, "conjBeforeDiscRate": 0.0, "conjAfterDiscRate": 0.0, "wordBeforeHesitationRate": 0.0, "wordAfterHesitationRate": 0.0, "otherCollocationRate": 0.0, "easyWordNum": 410, "hardWordNum": 33, "easyWordRate": 0.9255079006772009, "hardWordRate": 0.0744920993227991, "fleschReadingEaseScore": 54.71567937141867, "gunningFogIndex": 6.845181455113736, "fleschKincaidGradeLevel": 9.860417607223479, "colemanLiauIndex": 13.84925959367946, "smogIndex": 9.120678840339163, "automatedReadabilityIndex": 10.79871158187185, "linsearWriteIndex": 1.1878798402500435, "author": "", "locationNameNum": 0, "locationNameRate": 0.0, "personNameNum": 0, "personNameRate": 0.0, "organizationNameNum": 0, "organizationNameRate": 0.0, "misspelledNum": 1, "misspelledRate": 0.002257336343115124, "missingAccentNum": 1, "missingAccentRate": 0.002257336343115124, "foreignAccentNum": 0, "foreignAccentRate": 0.0, "wordConcatNum": 0, "wordConcatRate": 0.0, "jLyMistakeNum": 0, "jLyMistakeRate": 0.0, "publicVNum": 0, "freqSuffixNum": 0, "partsNum": 161, "clauseWordNum": 62, "privateVNum": 0}