{"tokenNum": 605, "sentenceNum": 31, "lemmaNum": 240, "lemmaRate": 0.39669421487603307, "sentenceLength": 19.516129032258064, "allUpperNum": 0, "firstUpperNum": 36, "allUpperRate": 0.0, "firstUpperRate": 0.05950413223140496, "declarSentNum": 28, "imperSentNum": 0, "questionNum": 3, "declarSentRate": 0.9032258064516129, "imperSentRate": 0.0, "questionRate": 0.0967741935483871, "accent": true, "saturation": 2.7586206896551726, "paragraphNum": 7, "nounNum": 110, "verbNum": 90, "adjNum": 39, "infNum": 13, "partPastNum": 2, "partPresNum": 2, "partFutNum": 0, "transNum": 0, "xNum": 7, "advNum": 45, "properNounNum": 5, "numNum": 0, "conjNum": 51, "punctNum": 111, "pronNum": 69, "relPronNum": 17, "demPronNum": 33, "adposNum": 4, "multiplePunctNum": 0, "phraseNum": 0, "nounRate": 0.18181818181818182, "verbRate": 0.1487603305785124, "adjRate": 0.06446280991735537, "infRate": 0.021487603305785124, "partPastRate": 0.003305785123966942, "partPresRate": 0.003305785123966942, "partFutRate": 0.0, "transRate": 0.0, "xRate": 0.011570247933884297, "advRate": 0.0743801652892562, "properNounRate": 0.008264462809917356, "numRate": 0.0, "conjRate": 0.08429752066115702, "punctRate": 0.1834710743801653, "pronRate": 0.1140495867768595, "relPronRate": 0.02809917355371901, "demPronRate": 0.05454545454545454, "adposRate": 0.006611570247933884, "multiplePunctRate": 0.0, "partsDensityRate": 3.264367816091954, "contentfulness": 9.161290322580646, "phraseRate": 0.0, "pastTenseNum": 10, "presentTenseNum": 67, "condNum": 1, "impNum": 9, "freqNum": 0, "causNum": 1, "modalNum": 2, "sg1VerbNum": 90, "sg2VerbNum": 90, "sg3VerbNum": 90, "pl1VerbNum": 90, "pl2VerbNum": 90, "pl3VerbNum": 90, "superlatNum": 0, "comparatNum": 0, "specDerivSuffixNum": 0, "pluralNounNum": 29, "pastTenseRate": 0.1111111111111111, "presentTenseRate": 0.7444444444444445, "condRate": 0.011111111111111112, "impRate": 0.1, "freqRate": 0.0, "causRate": 0.011111111111111112, "modalRate": 0.022222222222222223, "sg1VerbRate": 1.0, "sg2VerbRate": 1.0, "sg3VerbRate": 1.0, "pl1VerbRate": 1.0, "pl2VerbRate": 1.0, "pl3VerbRate": 1.0, "superlatRate": 0.0, "comparatRate": 0.0, "specDerivSuffixRate": 0.0, "pluralNounRate": 0.2636363636363636, "subjNum": 47, "objNum": 38, "attNum": 23, "subordNum": 41, "adverbNum": 62, "coordNum": 35, "clauseNum": 87, "simpleNum": 5, "complexNum": 26, "complexity1Num": 11, "complexity2Num": 7, "complexity3Num": 3, "compoundNum": 0, "subjRate": 0.07768595041322314, "objRate": 0.0628099173553719, "attRate": 0.03801652892561983, "subordRate": 0.06776859504132231, "adverbRate": 0.1024793388429752, "coordRate": 0.05785123966942149, "partsRate": 2.3563218390804597, "clauseRate": 2.806451612903226, "simpleRate": 0.16129032258064516, "complexRate": 0.8387096774193549, "complexity1Rate": 0.3548387096774194, "complexity2Rate": 0.22580645161290322, "complexity3Rate": 0.0967741935483871, "complexClauseRate": 3.1538461538461537, "sentencesPerParagraph": 4.428571428571429, "wordsLengthRate": 5.445344129554656, "compoundRate": 0.0, "positiveNum": 0, "negativeNum": 0, "precoPositiveNum": 0, "precoNegativeNum": 0, "negemoNum": 0, "negationNum": 9, "functionNum": 321, "contentNum": 284, "vulgarNum": 0, "racistNum": 0, "specStyleNum": 0, "addressingNum": 0, "closingNum": 0, "postscriptNum": 0, "brutalNum": 0, "positiveRate": 0.0, "negativeRate": 0.0, "precoPositiveRate": 0.0, "precoNegativeRate": 0.0, "negemoRate": 0.0, "negationRate": 0.01487603305785124, "functionRate": 0.5305785123966942, "contentRate": 0.46942148760330576, "vulgarRate": 0.0, "racistRate": 0.0, "specStyleRate": 0.0, "addressingRate": 0.0, "closingRate": 0.0, "postscriptRate": 0.0, "brutalRate": 0.0, "epistemicNum": 0, "investNum": 0, "conditionNum": 0, "weaselNum": 0, "peacockNum": 0, "hedgeNum": 0, "doxasticNum": 0, "epistemicRate": 0.0, "investRate": 0.0, "conditionRate": 0.0, "weaselRate": 0.0, "peacockRate": 0.0, "hedgeRate": 0.0, "doxasticRate": 0.0, "loveNum": 0, "anxietyNum": 0, "sorrowNum": 0, "joyNum": 0, "disgustNum": 0, "fearNum": 0, "surpriseNum": 0, "angerNum": 0, "loveRate": 0.0, "anxietyRate": 0.0, "sorrowRate": 0.0, "joyRate": 0.0, "disgustRate": 0.0, "fearRate": 0.0, "surpriseRate": 0.0, "angerRate": 0.0, "slangBeGeneralNum": 0, "slangBeCigaretteNum": 0, "slangBeHumanNum": 0, "slangBeVehicleNum": 0, "slangBeDrugNum": 0, "slangBvNum": 0, "slangBeGeneralRate": 0.0, "slangBeCigaretteRate": 0.0, "slangBeHumanRate": 0.0, "slangBeVehicleRate": 0.0, "slangBeDrugRate": 0.0, "slangBvRate": 0.0, "speechactNum": 0, "quoteNum": 0, "dashNum": 0, "publicNum": 0, "privateNum": 0, "suasiveNum": 0, "discMarkerNum": 0, "smileyNum": 0, "dateNum": 0, "hesitationNum": 0, "restartNum": 0, "repeatNum": 0, "conjBeforeDiscNum": 0, "conjAfterDiscNum": 0, "wordBeforeHesitationNum": 0, "wordAfterHesitationNum": 0, "otherCollocationNum": 0, "speechactRate": 0.0, "quoteRate": 0.0, "dashRate": 0.0, "publicRate": 0.0, "privateRate": 0.0, "suasiveRate": 0.0, "discMarkerRate": 0.0, "smileyRate": 0.0, "dateRate": 0.0, "hesitationRate": 0.0, "restartRate": 0.0, "repeatRate": 0.0, "conjBeforeDiscRate": 0.0, "conjAfterDiscRate": 0.0, "wordBeforeHesitationRate": 0.0, "wordAfterHesitationRate": 0.0, "otherCollocationRate": 0.0, "easyWordNum": 573, "hardWordNum": 32, "easyWordRate": 0.947107438016529, "hardWordRate": 0.05289256198347107, "fleschReadingEaseScore": 65.23009597440684, "gunningFogIndex": 7.827608637696613, "fleschKincaidGradeLevel": 9.009389496134364, "colemanLiauIndex": 11.332788429752068, "smogIndex": 8.933256019334266, "automatedReadabilityIndex": 10.025205011996803, "linsearWriteIndex": 0.7648627032791258, "author": "", "locationNameNum": 5, "locationNameRate": 0.008264462809917356, "personNameNum": 0, "personNameRate": 0.0, "organizationNameNum": 0, "organizationNameRate": 0.0, "misspelledNum": 2, "misspelledRate": 0.003305785123966942, "missingAccentNum": 0, "missingAccentRate": 0.0, "foreignAccentNum": 0, "foreignAccentRate": 0.0, "wordConcatNum": 0, "wordConcatRate": 0.0, "jLyMistakeNum": 0, "jLyMistakeRate": 0.0, "publicVNum": 0, "freqSuffixNum": 0, "partsNum": 205, "clauseWordNum": 87, "privateVNum": 0}