{"tokenNum": 511, "sentenceNum": 27, "lemmaNum": 240, "lemmaRate": 0.46966731898238745, "sentenceLength": 18.925925925925927, "allUpperNum": 0, "firstUpperNum": 27, "allUpperRate": 0.0, "firstUpperRate": 0.05283757338551859, "declarSentNum": 26, "imperSentNum": 1, "questionNum": 0, "declarSentRate": 0.9629629629629629, "imperSentRate": 0.037037037037037035, "questionRate": 0.0, "accent": true, "saturation": 3.870967741935484, "paragraphNum": 7, "nounNum": 123, "verbNum": 44, "adjNum": 60, "infNum": 3, "partPastNum": 2, "partPresNum": 8, "partFutNum": 0, "transNum": 3, "xNum": 7, "advNum": 39, "properNounNum": 0, "numNum": 3, "conjNum": 38, "punctNum": 84, "pronNum": 37, "relPronNum": 11, "demPronNum": 18, "adposNum": 5, "multiplePunctNum": 0, "phraseNum": 0, "nounRate": 0.24070450097847357, "verbRate": 0.08610567514677103, "adjRate": 0.11741682974559686, "infRate": 0.005870841487279843, "partPastRate": 0.003913894324853229, "partPresRate": 0.015655577299412915, "partFutRate": 0.0, "transRate": 0.005870841487279843, "xRate": 0.0136986301369863, "advRate": 0.07632093933463796, "properNounRate": 0.0, "numRate": 0.005870841487279843, "conjRate": 0.07436399217221135, "punctRate": 0.1643835616438356, "pronRate": 0.07240704500978473, "relPronRate": 0.021526418786692758, "demPronRate": 0.03522504892367906, "adposRate": 0.009784735812133072, "multiplePunctRate": 0.0, "partsDensityRate": 4.290322580645161, "contentfulness": 9.851851851851851, "phraseRate": 0.0, "pastTenseNum": 0, "presentTenseNum": 41, "condNum": 2, "impNum": 6, "freqNum": 0, "causNum": 0, "modalNum": 1, "sg1VerbNum": 44, "sg2VerbNum": 44, "sg3VerbNum": 44, "pl1VerbNum": 44, "pl2VerbNum": 44, "pl3VerbNum": 44, "superlatNum": 2, "comparatNum": 2, "specDerivSuffixNum": 0, "pluralNounNum": 29, "pastTenseRate": 0.0, "presentTenseRate": 0.9318181818181818, "condRate": 0.045454545454545456, "impRate": 0.13636363636363635, "freqRate": 0.0, "causRate": 0.0, "modalRate": 0.022727272727272728, "sg1VerbRate": 1.0, "sg2VerbRate": 1.0, "sg3VerbRate": 1.0, "pl1VerbRate": 1.0, "pl2VerbRate": 1.0, "pl3VerbRate": 1.0, "superlatRate": 0.03333333333333333, "comparatRate": 0.03333333333333333, "specDerivSuffixRate": 0.0, "pluralNounRate": 0.23577235772357724, "subjNum": 43, "objNum": 23, "attNum": 40, "subordNum": 24, "adverbNum": 56, "coordNum": 30, "clauseNum": 62, "simpleNum": 10, "complexNum": 17, "complexity1Num": 7, "complexity2Num": 5, "complexity3Num": 3, "compoundNum": 0, "subjRate": 0.08414872798434442, "objRate": 0.04500978473581213, "attRate": 0.07827788649706457, "subordRate": 0.046966731898238745, "adverbRate": 0.1095890410958904, "coordRate": 0.05870841487279843, "partsRate": 3.096774193548387, "clauseRate": 2.2962962962962963, "simpleRate": 0.37037037037037035, "complexRate": 0.6296296296296297, "complexity1Rate": 0.25925925925925924, "complexity2Rate": 0.18518518518518517, "complexity3Rate": 0.1111111111111111, "complexClauseRate": 3.0588235294117645, "sentencesPerParagraph": 3.857142857142857, "wordsLengthRate": 6.04215456674473, "compoundRate": 0.0, "positiveNum": 0, "negativeNum": 0, "precoPositiveNum": 0, "precoNegativeNum": 0, "negemoNum": 0, "negationNum": 5, "functionNum": 245, "contentNum": 266, "vulgarNum": 0, "racistNum": 0, "specStyleNum": 0, "addressingNum": 0, "closingNum": 0, "postscriptNum": 0, "brutalNum": 0, "positiveRate": 0.0, "negativeRate": 0.0, "precoPositiveRate": 0.0, "precoNegativeRate": 0.0, "negemoRate": 0.0, "negationRate": 0.009784735812133072, "functionRate": 0.4794520547945205, "contentRate": 0.5205479452054794, "vulgarRate": 0.0, "racistRate": 0.0, "specStyleRate": 0.0, "addressingRate": 0.0, "closingRate": 0.0, "postscriptRate": 0.0, "brutalRate": 0.0, "epistemicNum": 0, "investNum": 0, "conditionNum": 0, "weaselNum": 0, "peacockNum": 0, "hedgeNum": 0, "doxasticNum": 0, "epistemicRate": 0.0, "investRate": 0.0, "conditionRate": 0.0, "weaselRate": 0.0, "peacockRate": 0.0, "hedgeRate": 0.0, "doxasticRate": 0.0, "loveNum": 0, "anxietyNum": 0, "sorrowNum": 0, "joyNum": 0, "disgustNum": 0, "fearNum": 0, "surpriseNum": 0, "angerNum": 0, "loveRate": 0.0, "anxietyRate": 0.0, "sorrowRate": 0.0, "joyRate": 0.0, "disgustRate": 0.0, "fearRate": 0.0, "surpriseRate": 0.0, "angerRate": 0.0, "slangBeGeneralNum": 0, "slangBeCigaretteNum": 0, "slangBeHumanNum": 0, "slangBeVehicleNum": 0, "slangBeDrugNum": 0, "slangBvNum": 0, "slangBeGeneralRate": 0.0, "slangBeCigaretteRate": 0.0, "slangBeHumanRate": 0.0, "slangBeVehicleRate": 0.0, "slangBeDrugRate": 0.0, "slangBvRate": 0.0, "speechactNum": 0, "quoteNum": 1, "dashNum": 0, "publicNum": 0, "privateNum": 0, "suasiveNum": 0, "discMarkerNum": 0, "smileyNum": 0, "dateNum": 0, "hesitationNum": 0, "restartNum": 0, "repeatNum": 0, "conjBeforeDiscNum": 0, "conjAfterDiscNum": 0, "wordBeforeHesitationNum": 0, "wordAfterHesitationNum": 0, "otherCollocationNum": 0, "speechactRate": 0.0, "quoteRate": 0.0019569471624266144, "dashRate": 0.0, "publicRate": 0.0, "privateRate": 0.0, "suasiveRate": 0.0, "discMarkerRate": 0.0, "smileyRate": 0.0, "dateRate": 0.0, "hesitationRate": 0.0, "restartRate": 0.0, "repeatRate": 0.0, "conjBeforeDiscRate": 0.0, "conjAfterDiscRate": 0.0, "wordBeforeHesitationRate": 0.0, "wordAfterHesitationRate": 0.0, "otherCollocationRate": 0.0, "easyWordNum": 458, "hardWordNum": 53, "easyWordRate": 0.8962818003913894, "hardWordRate": 0.10371819960861056, "fleschReadingEaseScore": 41.768825106907315, "gunningFogIndex": 7.611857650213816, "fleschKincaidGradeLevel": 12.135142422265712, "colemanLiauIndex": 14.744851272015655, "smogIndex": 10.72225461451958, "automatedReadabilityIndex": 12.458598970790753, "linsearWriteIndex": 1.2106254982967308, "author": "", "locationNameNum": 0, "locationNameRate": 0.0, "personNameNum": 0, "personNameRate": 0.0, "organizationNameNum": 0, "organizationNameRate": 0.0, "misspelledNum": 1, "misspelledRate": 0.0019569471624266144, "missingAccentNum": 0, "missingAccentRate": 0.0, "foreignAccentNum": 0, "foreignAccentRate": 0.0, "wordConcatNum": 0, "wordConcatRate": 0.0, "jLyMistakeNum": 0, "jLyMistakeRate": 0.0, "publicVNum": 0, "freqSuffixNum": 0, "partsNum": 192, "clauseWordNum": 62, "privateVNum": 0}