{"tokenNum": 421, "sentenceNum": 18, "lemmaNum": 202, "lemmaRate": 0.47980997624703087, "sentenceLength": 23.38888888888889, "allUpperNum": 0, "firstUpperNum": 18, "allUpperRate": 0.0, "firstUpperRate": 0.04275534441805225, "declarSentNum": 18, "imperSentNum": 0, "questionNum": 0, "declarSentRate": 1.0, "imperSentRate": 0.0, "questionRate": 0.0, "accent": true, "saturation": 3.4237288135593222, "paragraphNum": 4, "nounNum": 85, "verbNum": 58, "adjNum": 43, "infNum": 15, "partPastNum": 0, "partPresNum": 2, "partFutNum": 0, "transNum": 1, "xNum": 5, "advNum": 33, "properNounNum": 0, "numNum": 0, "conjNum": 43, "punctNum": 66, "pronNum": 33, "relPronNum": 8, "demPronNum": 15, "adposNum": 4, "multiplePunctNum": 0, "phraseNum": 0, "nounRate": 0.20190023752969122, "verbRate": 0.1377672209026128, "adjRate": 0.1021377672209026, "infRate": 0.035629453681710214, "partPastRate": 0.0, "partPresRate": 0.004750593824228029, "partFutRate": 0.0, "transRate": 0.0023752969121140144, "xRate": 0.011876484560570071, "advRate": 0.07838479809976247, "properNounRate": 0.0, "numRate": 0.0, "conjRate": 0.1021377672209026, "punctRate": 0.15676959619952494, "pronRate": 0.07838479809976247, "relPronRate": 0.019002375296912115, "demPronRate": 0.035629453681710214, "adposRate": 0.009501187648456057, "multiplePunctRate": 0.0, "partsDensityRate": 3.711864406779661, "contentfulness": 12.166666666666666, "phraseRate": 0.0, "pastTenseNum": 5, "presentTenseNum": 38, "condNum": 2, "impNum": 9, "freqNum": 0, "causNum": 0, "modalNum": 2, "sg1VerbNum": 58, "sg2VerbNum": 58, "sg3VerbNum": 58, "pl1VerbNum": 58, "pl2VerbNum": 58, "pl3VerbNum": 58, "superlatNum": 3, "comparatNum": 8, "specDerivSuffixNum": 0, "pluralNounNum": 15, "pastTenseRate": 0.08620689655172414, "presentTenseRate": 0.6551724137931034, "condRate": 0.034482758620689655, "impRate": 0.15517241379310345, "freqRate": 0.0, "causRate": 0.0, "modalRate": 0.034482758620689655, "sg1VerbRate": 1.0, "sg2VerbRate": 1.0, "sg3VerbRate": 1.0, "pl1VerbRate": 1.0, "pl2VerbRate": 1.0, "pl3VerbRate": 1.0, "superlatRate": 0.06976744186046512, "comparatRate": 0.18604651162790697, "specDerivSuffixRate": 0.0, "pluralNounRate": 0.17647058823529413, "subjNum": 27, "objNum": 28, "attNum": 23, "subordNum": 24, "adverbNum": 51, "coordNum": 27, "clauseNum": 59, "simpleNum": 1, "complexNum": 17, "complexity1Num": 4, "complexity2Num": 6, "complexity3Num": 4, "compoundNum": 0, "subjRate": 0.06413301662707839, "objRate": 0.0665083135391924, "attRate": 0.05463182897862233, "subordRate": 0.057007125890736345, "adverbRate": 0.12114014251781473, "coordRate": 0.06413301662707839, "partsRate": 2.6440677966101696, "clauseRate": 3.2777777777777777, "simpleRate": 0.05555555555555555, "complexRate": 0.9444444444444444, "complexity1Rate": 0.2222222222222222, "complexity2Rate": 0.3333333333333333, "complexity3Rate": 0.2222222222222222, "complexClauseRate": 3.411764705882353, "sentencesPerParagraph": 4.5, "wordsLengthRate": 6.245070422535211, "compoundRate": 0.0, "positiveNum": 0, "negativeNum": 0, "precoPositiveNum": 0, "precoNegativeNum": 0, "negemoNum": 0, "negationNum": 6, "functionNum": 202, "contentNum": 219, "vulgarNum": 0, "racistNum": 0, "specStyleNum": 0, "addressingNum": 0, "closingNum": 0, "postscriptNum": 0, "brutalNum": 0, "positiveRate": 0.0, "negativeRate": 0.0, "precoPositiveRate": 0.0, "precoNegativeRate": 0.0, "negemoRate": 0.0, "negationRate": 0.014251781472684086, "functionRate": 0.47980997624703087, "contentRate": 0.5201900237529691, "vulgarRate": 0.0, "racistRate": 0.0, "specStyleRate": 0.0, "addressingRate": 0.0, "closingRate": 0.0, "postscriptRate": 0.0, "brutalRate": 0.0, "epistemicNum": 0, "investNum": 0, "conditionNum": 0, "weaselNum": 0, "peacockNum": 0, "hedgeNum": 0, "doxasticNum": 0, "epistemicRate": 0.0, "investRate": 0.0, "conditionRate": 0.0, "weaselRate": 0.0, "peacockRate": 0.0, "hedgeRate": 0.0, "doxasticRate": 0.0, "loveNum": 0, "anxietyNum": 0, "sorrowNum": 0, "joyNum": 0, "disgustNum": 0, "fearNum": 0, "surpriseNum": 0, "angerNum": 0, "loveRate": 0.0, "anxietyRate": 0.0, "sorrowRate": 0.0, "joyRate": 0.0, "disgustRate": 0.0, "fearRate": 0.0, "surpriseRate": 0.0, "angerRate": 0.0, "slangBeGeneralNum": 0, "slangBeCigaretteNum": 0, "slangBeHumanNum": 0, "slangBeVehicleNum": 0, "slangBeDrugNum": 0, "slangBvNum": 0, "slangBeGeneralRate": 0.0, "slangBeCigaretteRate": 0.0, "slangBeHumanRate": 0.0, "slangBeVehicleRate": 0.0, "slangBeDrugRate": 0.0, "slangBvRate": 0.0, "speechactNum": 0, "quoteNum": 0, "dashNum": 0, "publicNum": 0, "privateNum": 0, "suasiveNum": 0, "discMarkerNum": 0, "smileyNum": 0, "dateNum": 0, "hesitationNum": 0, "restartNum": 0, "repeatNum": 0, "conjBeforeDiscNum": 0, "conjAfterDiscNum": 0, "wordBeforeHesitationNum": 0, "wordAfterHesitationNum": 0, "otherCollocationNum": 0, "speechactRate": 0.0, "quoteRate": 0.0, "dashRate": 0.0, "publicRate": 0.0, "privateRate": 0.0, "suasiveRate": 0.0, "discMarkerRate": 0.0, "smileyRate": 0.0, "dateRate": 0.0, "hesitationRate": 0.0, "restartRate": 0.0, "repeatRate": 0.0, "conjBeforeDiscRate": 0.0, "conjAfterDiscRate": 0.0, "wordBeforeHesitationRate": 0.0, "wordAfterHesitationRate": 0.0, "otherCollocationRate": 0.0, "easyWordNum": 385, "hardWordNum": 36, "easyWordRate": 0.9144893111638955, "hardWordRate": 0.0855106888361045, "fleschReadingEaseScore": 42.22924452362105, "gunningFogIndex": 9.389759831089998, "fleschKincaidGradeLevel": 13.17964766429137, "colemanLiauIndex": 16.028256532066507, "smogIndex": 9.3871, "automatedReadabilityIndex": 15.716344681974135, "linsearWriteIndex": 2.2264449722882023, "author": "", "locationNameNum": 0, "locationNameRate": 0.0, "personNameNum": 0, "personNameRate": 0.0, "organizationNameNum": 0, "organizationNameRate": 0.0, "misspelledNum": 2, "misspelledRate": 0.004750593824228029, "missingAccentNum": 0, "missingAccentRate": 0.0, "foreignAccentNum": 0, "foreignAccentRate": 0.0, "wordConcatNum": 1, "wordConcatRate": 0.0023752969121140144, "jLyMistakeNum": 0, "jLyMistakeRate": 0.0, "publicVNum": 0, "freqSuffixNum": 0, "partsNum": 156, "clauseWordNum": 59, "privateVNum": 0}