{"tokenNum": 408, "sentenceNum": 29, "lemmaNum": 201, "lemmaRate": 0.49264705882352944, "sentenceLength": 14.068965517241379, "allUpperNum": 0, "firstUpperNum": 29, "allUpperRate": 0.0, "firstUpperRate": 0.07107843137254902, "declarSentNum": 27, "imperSentNum": 0, "questionNum": 2, "declarSentRate": 0.9310344827586207, "imperSentRate": 0.0, "questionRate": 0.06896551724137931, "accent": true, "saturation": 3.8653846153846154, "paragraphNum": 6, "nounNum": 105, "verbNum": 43, "adjNum": 37, "infNum": 6, "partPastNum": 1, "partPresNum": 2, "partFutNum": 0, "transNum": 2, "xNum": 6, "advNum": 31, "properNounNum": 0, "numNum": 1, "conjNum": 33, "punctNum": 61, "pronNum": 19, "relPronNum": 6, "demPronNum": 12, "adposNum": 6, "multiplePunctNum": 0, "phraseNum": 0, "nounRate": 0.25735294117647056, "verbRate": 0.1053921568627451, "adjRate": 0.09068627450980392, "infRate": 0.014705882352941176, "partPastRate": 0.0024509803921568627, "partPresRate": 0.004901960784313725, "partFutRate": 0.0, "transRate": 0.004901960784313725, "xRate": 0.014705882352941176, "advRate": 0.07598039215686274, "properNounRate": 0.0, "numRate": 0.0024509803921568627, "conjRate": 0.08088235294117647, "punctRate": 0.14950980392156862, "pronRate": 0.04656862745098039, "relPronRate": 0.014705882352941176, "demPronRate": 0.029411764705882353, "adposRate": 0.014705882352941176, "multiplePunctRate": 0.0, "partsDensityRate": 4.153846153846154, "contentfulness": 7.448275862068965, "phraseRate": 0.0, "pastTenseNum": 4, "presentTenseNum": 33, "condNum": 3, "impNum": 3, "freqNum": 0, "causNum": 0, "modalNum": 4, "sg1VerbNum": 43, "sg2VerbNum": 43, "sg3VerbNum": 43, "pl1VerbNum": 43, "pl2VerbNum": 43, "pl3VerbNum": 43, "superlatNum": 0, "comparatNum": 3, "specDerivSuffixNum": 0, "pluralNounNum": 19, "pastTenseRate": 0.09302325581395349, "presentTenseRate": 0.7674418604651163, "condRate": 0.06976744186046512, "impRate": 0.06976744186046512, "freqRate": 0.0, "causRate": 0.0, "modalRate": 0.09302325581395349, "sg1VerbRate": 1.0, "sg2VerbRate": 1.0, "sg3VerbRate": 1.0, "pl1VerbRate": 1.0, "pl2VerbRate": 1.0, "pl3VerbRate": 1.0, "superlatRate": 0.0, "comparatRate": 0.08108108108108109, "specDerivSuffixRate": 0.0, "pluralNounRate": 0.18095238095238095, "subjNum": 24, "objNum": 14, "attNum": 24, "subordNum": 18, "adverbNum": 39, "coordNum": 16, "clauseNum": 52, "simpleNum": 14, "complexNum": 15, "complexity1Num": 9, "complexity2Num": 4, "complexity3Num": 2, "compoundNum": 0, "subjRate": 0.058823529411764705, "objRate": 0.03431372549019608, "attRate": 0.058823529411764705, "subordRate": 0.04411764705882353, "adverbRate": 0.09558823529411764, "coordRate": 0.0392156862745098, "partsRate": 2.25, "clauseRate": 1.793103448275862, "simpleRate": 0.4827586206896552, "complexRate": 0.5172413793103449, "complexity1Rate": 0.3103448275862069, "complexity2Rate": 0.13793103448275862, "complexity3Rate": 0.06896551724137931, "complexClauseRate": 2.533333333333333, "sentencesPerParagraph": 4.833333333333333, "wordsLengthRate": 6.1902017291066285, "compoundRate": 0.0, "positiveNum": 0, "negativeNum": 0, "precoPositiveNum": 0, "precoNegativeNum": 0, "negemoNum": 0, "negationNum": 5, "functionNum": 192, "contentNum": 216, "vulgarNum": 0, "racistNum": 0, "specStyleNum": 0, "addressingNum": 0, "closingNum": 0, "postscriptNum": 0, "brutalNum": 0, "positiveRate": 0.0, "negativeRate": 0.0, "precoPositiveRate": 0.0, "precoNegativeRate": 0.0, "negemoRate": 0.0, "negationRate": 0.012254901960784314, "functionRate": 0.47058823529411764, "contentRate": 0.5294117647058824, "vulgarRate": 0.0, "racistRate": 0.0, "specStyleRate": 0.0, "addressingRate": 0.0, "closingRate": 0.0, "postscriptRate": 0.0, "brutalRate": 0.0, "epistemicNum": 0, "investNum": 0, "conditionNum": 0, "weaselNum": 0, "peacockNum": 0, "hedgeNum": 0, "doxasticNum": 0, "epistemicRate": 0.0, "investRate": 0.0, "conditionRate": 0.0, "weaselRate": 0.0, "peacockRate": 0.0, "hedgeRate": 0.0, "doxasticRate": 0.0, "loveNum": 0, "anxietyNum": 0, "sorrowNum": 0, "joyNum": 0, "disgustNum": 0, "fearNum": 0, "surpriseNum": 0, "angerNum": 0, "loveRate": 0.0, "anxietyRate": 0.0, "sorrowRate": 0.0, "joyRate": 0.0, "disgustRate": 0.0, "fearRate": 0.0, "surpriseRate": 0.0, "angerRate": 0.0, "slangBeGeneralNum": 0, "slangBeCigaretteNum": 0, "slangBeHumanNum": 0, "slangBeVehicleNum": 0, "slangBeDrugNum": 0, "slangBvNum": 0, "slangBeGeneralRate": 0.0, "slangBeCigaretteRate": 0.0, "slangBeHumanRate": 0.0, "slangBeVehicleRate": 0.0, "slangBeDrugRate": 0.0, "slangBvRate": 0.0, "speechactNum": 0, "quoteNum": 0, "dashNum": 0, "publicNum": 0, "privateNum": 0, "suasiveNum": 0, "discMarkerNum": 0, "smileyNum": 0, "dateNum": 0, "hesitationNum": 0, "restartNum": 0, "repeatNum": 0, "conjBeforeDiscNum": 0, "conjAfterDiscNum": 0, "wordBeforeHesitationNum": 0, "wordAfterHesitationNum": 0, "otherCollocationNum": 0, "speechactRate": 0.0, "quoteRate": 0.0, "dashRate": 0.0, "publicRate": 0.0, "privateRate": 0.0, "suasiveRate": 0.0, "discMarkerRate": 0.0, "smileyRate": 0.0, "dateRate": 0.0, "hesitationRate": 0.0, "restartRate": 0.0, "repeatRate": 0.0, "conjBeforeDiscRate": 0.0, "conjAfterDiscRate": 0.0, "wordBeforeHesitationRate": 0.0, "wordAfterHesitationRate": 0.0, "otherCollocationRate": 0.0, "easyWordNum": 355, "hardWordNum": 53, "easyWordRate": 0.8700980392156863, "hardWordRate": 0.12990196078431374, "fleschReadingEaseScore": 45.12705882352944, "gunningFogIndex": 5.679546991210278, "fleschKincaidGradeLevel": 10.46013184584179, "colemanLiauIndex": 15.916281862745095, "smogIndex": 10.72225461451958, "automatedReadabilityIndex": 10.966909229208923, "linsearWriteIndex": 1.1467207572684246, "author": "", "locationNameNum": 0, "locationNameRate": 0.0, "personNameNum": 0, "personNameRate": 0.0, "organizationNameNum": 0, "organizationNameRate": 0.0, "misspelledNum": 1, "misspelledRate": 0.0024509803921568627, "missingAccentNum": 0, "missingAccentRate": 0.0, "foreignAccentNum": 0, "foreignAccentRate": 0.0, "wordConcatNum": 0, "wordConcatRate": 0.0, "jLyMistakeNum": 0, "jLyMistakeRate": 0.0, "publicVNum": 0, "freqSuffixNum": 0, "partsNum": 117, "clauseWordNum": 52, "privateVNum": 0}