{"tokenNum": 463, "sentenceNum": 21, "lemmaNum": 216, "lemmaRate": 0.46652267818574517, "sentenceLength": 22.047619047619047, "allUpperNum": 2, "firstUpperNum": 27, "allUpperRate": 0.004319654427645789, "firstUpperRate": 0.058315334773218146, "declarSentNum": 21, "imperSentNum": 0, "questionNum": 0, "declarSentRate": 1.0, "imperSentRate": 0.0, "questionRate": 0.0, "accent": true, "saturation": 4.0754716981132075, "paragraphNum": 6, "nounNum": 104, "verbNum": 41, "adjNum": 64, "infNum": 3, "partPastNum": 2, "partPresNum": 6, "partFutNum": 0, "transNum": 1, "xNum": 6, "advNum": 38, "properNounNum": 6, "numNum": 1, "conjNum": 39, "punctNum": 68, "pronNum": 25, "relPronNum": 12, "demPronNum": 14, "adposNum": 6, "multiplePunctNum": 0, "phraseNum": 0, "nounRate": 0.22462203023758098, "verbRate": 0.08855291576673865, "adjRate": 0.13822894168466524, "infRate": 0.0064794816414686825, "partPastRate": 0.004319654427645789, "partPresRate": 0.012958963282937365, "partFutRate": 0.0, "transRate": 0.0021598272138228943, "xRate": 0.012958963282937365, "advRate": 0.08207343412526998, "properNounRate": 0.012958963282937365, "numRate": 0.0021598272138228943, "conjRate": 0.08423326133909287, "punctRate": 0.1468682505399568, "pronRate": 0.05399568034557235, "relPronRate": 0.02591792656587473, "demPronRate": 0.03023758099352052, "adposRate": 0.012958963282937365, "multiplePunctRate": 0.0, "partsDensityRate": 4.660377358490566, "contentfulness": 11.761904761904763, "phraseRate": 0.0, "pastTenseNum": 0, "presentTenseNum": 38, "condNum": 0, "impNum": 2, "freqNum": 0, "causNum": 0, "modalNum": 0, "sg1VerbNum": 41, "sg2VerbNum": 41, "sg3VerbNum": 41, "pl1VerbNum": 41, "pl2VerbNum": 41, "pl3VerbNum": 41, "superlatNum": 2, "comparatNum": 1, "specDerivSuffixNum": 0, "pluralNounNum": 11, "pastTenseRate": 0.0, "presentTenseRate": 0.926829268292683, "condRate": 0.0, "impRate": 0.04878048780487805, "freqRate": 0.0, "causRate": 0.0, "modalRate": 0.0, "sg1VerbRate": 1.0, "sg2VerbRate": 1.0, "sg3VerbRate": 1.0, "pl1VerbRate": 1.0, "pl2VerbRate": 1.0, "pl3VerbRate": 1.0, "superlatRate": 0.03125, "comparatRate": 0.015625, "specDerivSuffixRate": 0.0, "pluralNounRate": 0.10576923076923077, "subjNum": 26, "objNum": 15, "attNum": 40, "subordNum": 24, "adverbNum": 52, "coordNum": 22, "clauseNum": 53, "simpleNum": 5, "complexNum": 16, "complexity1Num": 7, "complexity2Num": 4, "complexity3Num": 4, "compoundNum": 0, "subjRate": 0.056155507559395246, "objRate": 0.032397408207343416, "attRate": 0.08639308855291576, "subordRate": 0.05183585313174946, "adverbRate": 0.11231101511879049, "coordRate": 0.047516198704103674, "partsRate": 2.9245283018867925, "clauseRate": 2.5238095238095237, "simpleRate": 0.23809523809523808, "complexRate": 0.7619047619047619, "complexity1Rate": 0.3333333333333333, "complexity2Rate": 0.19047619047619047, "complexity3Rate": 0.19047619047619047, "complexClauseRate": 3.0, "sentencesPerParagraph": 3.5, "wordsLengthRate": 5.888607594936709, "compoundRate": 0.0, "positiveNum": 0, "negativeNum": 0, "precoPositiveNum": 0, "precoNegativeNum": 0, "negemoNum": 0, "negationNum": 7, "functionNum": 216, "contentNum": 247, "vulgarNum": 0, "racistNum": 0, "specStyleNum": 0, "addressingNum": 0, "closingNum": 0, "postscriptNum": 0, "brutalNum": 0, "positiveRate": 0.0, "negativeRate": 0.0, "precoPositiveRate": 0.0, "precoNegativeRate": 0.0, "negemoRate": 0.0, "negationRate": 0.01511879049676026, "functionRate": 0.46652267818574517, "contentRate": 0.5334773218142549, "vulgarRate": 0.0, "racistRate": 0.0, "specStyleRate": 0.0, "addressingRate": 0.0, "closingRate": 0.0, "postscriptRate": 0.0, "brutalRate": 0.0, "epistemicNum": 0, "investNum": 0, "conditionNum": 0, "weaselNum": 0, "peacockNum": 0, "hedgeNum": 0, "doxasticNum": 0, "epistemicRate": 0.0, "investRate": 0.0, "conditionRate": 0.0, "weaselRate": 0.0, "peacockRate": 0.0, "hedgeRate": 0.0, "doxasticRate": 0.0, "loveNum": 0, "anxietyNum": 0, "sorrowNum": 0, "joyNum": 0, "disgustNum": 0, "fearNum": 0, "surpriseNum": 0, "angerNum": 0, "loveRate": 0.0, "anxietyRate": 0.0, "sorrowRate": 0.0, "joyRate": 0.0, "disgustRate": 0.0, "fearRate": 0.0, "surpriseRate": 0.0, "angerRate": 0.0, "slangBeGeneralNum": 0, "slangBeCigaretteNum": 0, "slangBeHumanNum": 0, "slangBeVehicleNum": 0, "slangBeDrugNum": 0, "slangBvNum": 0, "slangBeGeneralRate": 0.0, "slangBeCigaretteRate": 0.0, "slangBeHumanRate": 0.0, "slangBeVehicleRate": 0.0, "slangBeDrugRate": 0.0, "slangBvRate": 0.0, "speechactNum": 0, "quoteNum": 1, "dashNum": 0, "publicNum": 0, "privateNum": 0, "suasiveNum": 0, "discMarkerNum": 0, "smileyNum": 0, "dateNum": 0, "hesitationNum": 0, "restartNum": 0, "repeatNum": 0, "conjBeforeDiscNum": 0, "conjAfterDiscNum": 0, "wordBeforeHesitationNum": 0, "wordAfterHesitationNum": 0, "otherCollocationNum": 0, "speechactRate": 0.0, "quoteRate": 0.0021598272138228943, "dashRate": 0.0, "publicRate": 0.0, "privateRate": 0.0, "suasiveRate": 0.0, "discMarkerRate": 0.0, "smileyRate": 0.0, "dateRate": 0.0, "hesitationRate": 0.0, "restartRate": 0.0, "repeatRate": 0.0, "conjBeforeDiscRate": 0.0, "conjAfterDiscRate": 0.0, "wordBeforeHesitationRate": 0.0, "wordAfterHesitationRate": 0.0, "otherCollocationRate": 0.0, "easyWordNum": 420, "hardWordNum": 43, "easyWordRate": 0.9071274298056156, "hardWordRate": 0.09287257019438445, "fleschReadingEaseScore": 35.721461483081384, "gunningFogIndex": 8.856196647125373, "fleschKincaidGradeLevel": 13.754143782783093, "colemanLiauIndex": 14.502196544276455, "smogIndex": 9.968508380846986, "automatedReadabilityIndex": 13.825386197675613, "linsearWriteIndex": 1.7923480407281702, "author": "", "locationNameNum": 0, "locationNameRate": 0.0, "personNameNum": 1, "personNameRate": 0.0021598272138228943, "organizationNameNum": 1, "organizationNameRate": 0.0021598272138228943, "misspelledNum": 2, "misspelledRate": 0.004319654427645789, "missingAccentNum": 0, "missingAccentRate": 0.0, "foreignAccentNum": 0, "foreignAccentRate": 0.0, "wordConcatNum": 0, "wordConcatRate": 0.0, "jLyMistakeNum": 0, "jLyMistakeRate": 0.0, "publicVNum": 0, "freqSuffixNum": 0, "partsNum": 155, "clauseWordNum": 53, "privateVNum": 0}