{"tokenNum": 451, "sentenceNum": 24, "lemmaNum": 246, "lemmaRate": 0.5454545454545454, "sentenceLength": 18.791666666666668, "allUpperNum": 0, "firstUpperNum": 24, "allUpperRate": 0.0, "firstUpperRate": 0.05321507760532151, "declarSentNum": 23, "imperSentNum": 1, "questionNum": 0, "declarSentRate": 0.9583333333333334, "imperSentRate": 0.041666666666666664, "questionRate": 0.0, "accent": true, "saturation": 3.4166666666666665, "paragraphNum": 6, "nounNum": 86, "verbNum": 62, "adjNum": 47, "infNum": 7, "partPastNum": 4, "partPresNum": 4, "partFutNum": 0, "transNum": 2, "xNum": 6, "advNum": 51, "properNounNum": 0, "numNum": 2, "conjNum": 38, "punctNum": 75, "pronNum": 32, "relPronNum": 10, "demPronNum": 17, "adposNum": 3, "multiplePunctNum": 0, "phraseNum": 0, "nounRate": 0.19068736141906872, "verbRate": 0.13747228381374724, "adjRate": 0.10421286031042129, "infRate": 0.015521064301552107, "partPastRate": 0.008869179600886918, "partPresRate": 0.008869179600886918, "partFutRate": 0.0, "transRate": 0.004434589800443459, "xRate": 0.013303769401330377, "advRate": 0.1130820399113082, "properNounRate": 0.0, "numRate": 0.004434589800443459, "conjRate": 0.08425720620842572, "punctRate": 0.1662971175166297, "pronRate": 0.07095343680709534, "relPronRate": 0.022172949002217297, "demPronRate": 0.037694013303769404, "adposRate": 0.0066518847006651885, "multiplePunctRate": 0.0, "partsDensityRate": 3.4166666666666665, "contentfulness": 10.25, "phraseRate": 0.0, "pastTenseNum": 6, "presentTenseNum": 49, "condNum": 2, "impNum": 4, "freqNum": 0, "causNum": 0, "modalNum": 3, "sg1VerbNum": 62, "sg2VerbNum": 62, "sg3VerbNum": 62, "pl1VerbNum": 62, "pl2VerbNum": 62, "pl3VerbNum": 62, "superlatNum": 2, "comparatNum": 1, "specDerivSuffixNum": 0, "pluralNounNum": 23, "pastTenseRate": 0.0967741935483871, "presentTenseRate": 0.7903225806451613, "condRate": 0.03225806451612903, "impRate": 0.06451612903225806, "freqRate": 0.0, "causRate": 0.0, "modalRate": 0.04838709677419355, "sg1VerbRate": 1.0, "sg2VerbRate": 1.0, "sg3VerbRate": 1.0, "pl1VerbRate": 1.0, "pl2VerbRate": 1.0, "pl3VerbRate": 1.0, "superlatRate": 0.0425531914893617, "comparatRate": 0.02127659574468085, "specDerivSuffixRate": 0.0, "pluralNounRate": 0.26744186046511625, "subjNum": 28, "objNum": 31, "attNum": 33, "subordNum": 26, "adverbNum": 61, "coordNum": 20, "clauseNum": 72, "simpleNum": 3, "complexNum": 21, "complexity1Num": 7, "complexity2Num": 6, "complexity3Num": 5, "compoundNum": 0, "subjRate": 0.06208425720620843, "objRate": 0.06873614190687362, "attRate": 0.07317073170731707, "subordRate": 0.057649667405764965, "adverbRate": 0.1352549889135255, "coordRate": 0.04434589800443459, "partsRate": 2.4027777777777777, "clauseRate": 3.0, "simpleRate": 0.125, "complexRate": 0.875, "complexity1Rate": 0.2916666666666667, "complexity2Rate": 0.25, "complexity3Rate": 0.20833333333333334, "complexClauseRate": 3.2857142857142856, "sentencesPerParagraph": 4.0, "wordsLengthRate": 6.13563829787234, "compoundRate": 0.0, "positiveNum": 0, "negativeNum": 0, "precoPositiveNum": 0, "precoNegativeNum": 0, "negemoNum": 0, "negationNum": 11, "functionNum": 205, "contentNum": 246, "vulgarNum": 0, "racistNum": 0, "specStyleNum": 0, "addressingNum": 0, "closingNum": 0, "postscriptNum": 0, "brutalNum": 0, "positiveRate": 0.0, "negativeRate": 0.0, "precoPositiveRate": 0.0, "precoNegativeRate": 0.0, "negemoRate": 0.0, "negationRate": 0.024390243902439025, "functionRate": 0.45454545454545453, "contentRate": 0.5454545454545454, "vulgarRate": 0.0, "racistRate": 0.0, "specStyleRate": 0.0, "addressingRate": 0.0, "closingRate": 0.0, "postscriptRate": 0.0, "brutalRate": 0.0, "epistemicNum": 0, "investNum": 0, "conditionNum": 0, "weaselNum": 0, "peacockNum": 0, "hedgeNum": 0, "doxasticNum": 0, "epistemicRate": 0.0, "investRate": 0.0, "conditionRate": 0.0, "weaselRate": 0.0, "peacockRate": 0.0, "hedgeRate": 0.0, "doxasticRate": 0.0, "loveNum": 0, "anxietyNum": 0, "sorrowNum": 0, "joyNum": 0, "disgustNum": 0, "fearNum": 0, "surpriseNum": 0, "angerNum": 0, "loveRate": 0.0, "anxietyRate": 0.0, "sorrowRate": 0.0, "joyRate": 0.0, "disgustRate": 0.0, "fearRate": 0.0, "surpriseRate": 0.0, "angerRate": 0.0, "slangBeGeneralNum": 0, "slangBeCigaretteNum": 0, "slangBeHumanNum": 0, "slangBeVehicleNum": 0, "slangBeDrugNum": 0, "slangBvNum": 0, "slangBeGeneralRate": 0.0, "slangBeCigaretteRate": 0.0, "slangBeHumanRate": 0.0, "slangBeVehicleRate": 0.0, "slangBeDrugRate": 0.0, "slangBvRate": 0.0, "speechactNum": 0, "quoteNum": 1, "dashNum": 0, "publicNum": 0, "privateNum": 0, "suasiveNum": 0, "discMarkerNum": 0, "smileyNum": 0, "dateNum": 0, "hesitationNum": 0, "restartNum": 0, "repeatNum": 0, "conjBeforeDiscNum": 0, "conjAfterDiscNum": 0, "wordBeforeHesitationNum": 0, "wordAfterHesitationNum": 0, "otherCollocationNum": 0, "speechactRate": 0.0, "quoteRate": 0.0022172949002217295, "dashRate": 0.0, "publicRate": 0.0, "privateRate": 0.0, "suasiveRate": 0.0, "discMarkerRate": 0.0, "smileyRate": 0.0, "dateRate": 0.0, "hesitationRate": 0.0, "restartRate": 0.0, "repeatRate": 0.0, "conjBeforeDiscRate": 0.0, "conjAfterDiscRate": 0.0, "wordBeforeHesitationRate": 0.0, "wordAfterHesitationRate": 0.0, "otherCollocationRate": 0.0, "easyWordNum": 411, "hardWordNum": 40, "easyWordRate": 0.9113082039911308, "hardWordRate": 0.08869179600886919, "fleschReadingEaseScore": 45.94859802291205, "gunningFogIndex": 7.552143385070216, "fleschKincaidGradeLevel": 11.518794345898005, "colemanLiauIndex": 15.151725055432369, "smogIndex": 9.725611199111238, "automatedReadabilityIndex": 12.716831116038435, "linsearWriteIndex": 1.4251662971175167, "author": "", "locationNameNum": 0, "locationNameRate": 0.0, "personNameNum": 0, "personNameRate": 0.0, "organizationNameNum": 0, "organizationNameRate": 0.0, "misspelledNum": 1, "misspelledRate": 0.0022172949002217295, "missingAccentNum": 0, "missingAccentRate": 0.0, "foreignAccentNum": 0, "foreignAccentRate": 0.0, "wordConcatNum": 1, "wordConcatRate": 0.0022172949002217295, "jLyMistakeNum": 0, "jLyMistakeRate": 0.0, "publicVNum": 0, "freqSuffixNum": 0, "partsNum": 173, "clauseWordNum": 72, "privateVNum": 0}