{"tokenNum": 464, "sentenceNum": 27, "lemmaNum": 210, "lemmaRate": 0.4525862068965517, "sentenceLength": 17.185185185185187, "allUpperNum": 0, "firstUpperNum": 27, "allUpperRate": 0.0, "firstUpperRate": 0.05818965517241379, "declarSentNum": 27, "imperSentNum": 0, "questionNum": 0, "declarSentRate": 1.0, "imperSentRate": 0.0, "questionRate": 0.0, "accent": true, "saturation": 3.0434782608695654, "paragraphNum": 5, "nounNum": 83, "verbNum": 64, "adjNum": 47, "infNum": 7, "partPastNum": 0, "partPresNum": 4, "partFutNum": 0, "transNum": 0, "xNum": 5, "advNum": 39, "properNounNum": 0, "numNum": 2, "conjNum": 40, "punctNum": 76, "pronNum": 43, "relPronNum": 13, "demPronNum": 22, "adposNum": 3, "multiplePunctNum": 0, "phraseNum": 0, "nounRate": 0.1788793103448276, "verbRate": 0.13793103448275862, "adjRate": 0.10129310344827586, "infRate": 0.015086206896551725, "partPastRate": 0.0, "partPresRate": 0.008620689655172414, "partFutRate": 0.0, "transRate": 0.0, "xRate": 0.010775862068965518, "advRate": 0.08405172413793104, "properNounRate": 0.0, "numRate": 0.004310344827586207, "conjRate": 0.08620689655172414, "punctRate": 0.16379310344827586, "pronRate": 0.09267241379310345, "relPronRate": 0.028017241379310345, "demPronRate": 0.04741379310344827, "adposRate": 0.00646551724137931, "multiplePunctRate": 0.0, "partsDensityRate": 3.3768115942028984, "contentfulness": 8.62962962962963, "phraseRate": 0.0, "pastTenseNum": 6, "presentTenseNum": 51, "condNum": 3, "impNum": 7, "freqNum": 0, "causNum": 0, "modalNum": 7, "sg1VerbNum": 64, "sg2VerbNum": 64, "sg3VerbNum": 64, "pl1VerbNum": 64, "pl2VerbNum": 64, "pl3VerbNum": 64, "superlatNum": 6, "comparatNum": 1, "specDerivSuffixNum": 0, "pluralNounNum": 24, "pastTenseRate": 0.09375, "presentTenseRate": 0.796875, "condRate": 0.046875, "impRate": 0.109375, "freqRate": 0.0, "causRate": 0.0, "modalRate": 0.109375, "sg1VerbRate": 1.0, "sg2VerbRate": 1.0, "sg3VerbRate": 1.0, "pl1VerbRate": 1.0, "pl2VerbRate": 1.0, "pl3VerbRate": 1.0, "superlatRate": 0.1276595744680851, "comparatRate": 0.02127659574468085, "specDerivSuffixRate": 0.0, "pluralNounRate": 0.2891566265060241, "subjNum": 31, "objNum": 31, "attNum": 25, "subordNum": 30, "adverbNum": 57, "coordNum": 28, "clauseNum": 69, "simpleNum": 3, "complexNum": 24, "complexity1Num": 13, "complexity2Num": 6, "complexity3Num": 3, "compoundNum": 0, "subjRate": 0.0668103448275862, "objRate": 0.0668103448275862, "attRate": 0.05387931034482758, "subordRate": 0.06465517241379311, "adverbRate": 0.12284482758620689, "coordRate": 0.0603448275862069, "partsRate": 2.4927536231884058, "clauseRate": 2.5555555555555554, "simpleRate": 0.1111111111111111, "complexRate": 0.8888888888888888, "complexity1Rate": 0.48148148148148145, "complexity2Rate": 0.2222222222222222, "complexity3Rate": 0.1111111111111111, "complexClauseRate": 2.75, "sentencesPerParagraph": 5.4, "wordsLengthRate": 5.693298969072165, "compoundRate": 0.0, "positiveNum": 0, "negativeNum": 0, "precoPositiveNum": 0, "precoNegativeNum": 0, "negemoNum": 0, "negationNum": 10, "functionNum": 231, "contentNum": 233, "vulgarNum": 0, "racistNum": 0, "specStyleNum": 0, "addressingNum": 0, "closingNum": 0, "postscriptNum": 0, "brutalNum": 0, "positiveRate": 0.0, "negativeRate": 0.0, "precoPositiveRate": 0.0, "precoNegativeRate": 0.0, "negemoRate": 0.0, "negationRate": 0.021551724137931036, "functionRate": 0.4978448275862069, "contentRate": 0.5021551724137931, "vulgarRate": 0.0, "racistRate": 0.0, "specStyleRate": 0.0, "addressingRate": 0.0, "closingRate": 0.0, "postscriptRate": 0.0, "brutalRate": 0.0, "epistemicNum": 0, "investNum": 0, "conditionNum": 0, "weaselNum": 0, "peacockNum": 0, "hedgeNum": 0, "doxasticNum": 0, "epistemicRate": 0.0, "investRate": 0.0, "conditionRate": 0.0, "weaselRate": 0.0, "peacockRate": 0.0, "hedgeRate": 0.0, "doxasticRate": 0.0, "loveNum": 0, "anxietyNum": 0, "sorrowNum": 0, "joyNum": 0, "disgustNum": 0, "fearNum": 0, "surpriseNum": 0, "angerNum": 0, "loveRate": 0.0, "anxietyRate": 0.0, "sorrowRate": 0.0, "joyRate": 0.0, "disgustRate": 0.0, "fearRate": 0.0, "surpriseRate": 0.0, "angerRate": 0.0, "slangBeGeneralNum": 0, "slangBeCigaretteNum": 0, "slangBeHumanNum": 0, "slangBeVehicleNum": 0, "slangBeDrugNum": 0, "slangBvNum": 0, "slangBeGeneralRate": 0.0, "slangBeCigaretteRate": 0.0, "slangBeHumanRate": 0.0, "slangBeVehicleRate": 0.0, "slangBeDrugRate": 0.0, "slangBvRate": 0.0, "speechactNum": 0, "quoteNum": 0, "dashNum": 0, "publicNum": 0, "privateNum": 0, "suasiveNum": 0, "discMarkerNum": 0, "smileyNum": 0, "dateNum": 0, "hesitationNum": 0, "restartNum": 2, "repeatNum": 0, "conjBeforeDiscNum": 0, "conjAfterDiscNum": 0, "wordBeforeHesitationNum": 0, "wordAfterHesitationNum": 0, "otherCollocationNum": 0, "speechactRate": 0.0, "quoteRate": 0.0, "dashRate": 0.0, "publicRate": 0.0, "privateRate": 0.0, "suasiveRate": 0.0, "discMarkerRate": 0.0, "smileyRate": 0.0, "dateRate": 0.0, "hesitationRate": 0.0, "restartRate": 0.004310344827586207, "repeatRate": 0.0, "conjBeforeDiscRate": 0.0, "conjAfterDiscRate": 0.0, "wordBeforeHesitationRate": 0.0, "wordAfterHesitationRate": 0.0, "otherCollocationRate": 0.0, "easyWordNum": 422, "hardWordNum": 42, "easyWordRate": 0.9094827586206896, "hardWordRate": 0.09051724137931035, "fleschReadingEaseScore": 56.65755427841637, "gunningFogIndex": 6.910280970625799, "fleschKincaidGradeLevel": 9.626015325670497, "colemanLiauIndex": 13.078596982758622, "smogIndex": 9.888512548439397, "automatedReadabilityIndex": 10.255803799489144, "linsearWriteIndex": 1.1671455938697317, "author": "", "locationNameNum": 0, "locationNameRate": 0.0, "personNameNum": 0, "personNameRate": 0.0, "organizationNameNum": 0, "organizationNameRate": 0.0, "misspelledNum": 1, "misspelledRate": 0.0021551724137931034, "missingAccentNum": 0, "missingAccentRate": 0.0, "foreignAccentNum": 0, "foreignAccentRate": 0.0, "wordConcatNum": 0, "wordConcatRate": 0.0, "jLyMistakeNum": 0, "jLyMistakeRate": 0.0, "publicVNum": 0, "freqSuffixNum": 0, "partsNum": 172, "clauseWordNum": 69, "privateVNum": 0}