{"tokenNum": 568, "sentenceNum": 28, "lemmaNum": 237, "lemmaRate": 0.41725352112676056, "sentenceLength": 20.285714285714285, "allUpperNum": 0, "firstUpperNum": 28, "allUpperRate": 0.0, "firstUpperRate": 0.04929577464788732, "declarSentNum": 26, "imperSentNum": 0, "questionNum": 2, "declarSentRate": 0.9285714285714286, "imperSentRate": 0.0, "questionRate": 0.07142857142857142, "accent": true, "saturation": 3.0, "paragraphNum": 6, "nounNum": 111, "verbNum": 72, "adjNum": 51, "infNum": 10, "partPastNum": 3, "partPresNum": 5, "partFutNum": 0, "transNum": 1, "xNum": 6, "advNum": 39, "properNounNum": 0, "numNum": 0, "conjNum": 52, "punctNum": 98, "pronNum": 33, "relPronNum": 12, "demPronNum": 22, "adposNum": 9, "multiplePunctNum": 1, "phraseNum": 0, "nounRate": 0.1954225352112676, "verbRate": 0.1267605633802817, "adjRate": 0.0897887323943662, "infRate": 0.017605633802816902, "partPastRate": 0.00528169014084507, "partPresRate": 0.008802816901408451, "partFutRate": 0.0, "transRate": 0.0017605633802816902, "xRate": 0.01056338028169014, "advRate": 0.06866197183098592, "properNounRate": 0.0, "numRate": 0.0, "conjRate": 0.09154929577464789, "punctRate": 0.17253521126760563, "pronRate": 0.058098591549295774, "relPronRate": 0.02112676056338028, "demPronRate": 0.03873239436619718, "adposRate": 0.01584507042253521, "multiplePunctRate": 0.01020408163265306, "partsDensityRate": 3.4556962025316458, "contentfulness": 9.75, "phraseRate": 0.0, "pastTenseNum": 1, "presentTenseNum": 61, "condNum": 0, "impNum": 14, "freqNum": 0, "causNum": 0, "modalNum": 3, "sg1VerbNum": 72, "sg2VerbNum": 72, "sg3VerbNum": 72, "pl1VerbNum": 72, "pl2VerbNum": 72, "pl3VerbNum": 72, "superlatNum": 2, "comparatNum": 3, "specDerivSuffixNum": 0, "pluralNounNum": 12, "pastTenseRate": 0.013888888888888888, "presentTenseRate": 0.8472222222222222, "condRate": 0.0, "impRate": 0.19444444444444445, "freqRate": 0.0, "causRate": 0.0, "modalRate": 0.041666666666666664, "sg1VerbRate": 1.0, "sg2VerbRate": 1.0, "sg3VerbRate": 1.0, "pl1VerbRate": 1.0, "pl2VerbRate": 1.0, "pl3VerbRate": 1.0, "superlatRate": 0.0392156862745098, "comparatRate": 0.058823529411764705, "specDerivSuffixRate": 0.0, "pluralNounRate": 0.10810810810810811, "subjNum": 31, "objNum": 34, "attNum": 22, "subordNum": 26, "adverbNum": 51, "coordNum": 33, "clauseNum": 79, "simpleNum": 3, "complexNum": 25, "complexity1Num": 11, "complexity2Num": 5, "complexity3Num": 6, "compoundNum": 0, "subjRate": 0.05457746478873239, "objRate": 0.05985915492957746, "attRate": 0.03873239436619718, "subordRate": 0.045774647887323945, "adverbRate": 0.0897887323943662, "coordRate": 0.058098591549295774, "partsRate": 2.1645569620253164, "clauseRate": 2.8214285714285716, "simpleRate": 0.10714285714285714, "complexRate": 0.8928571428571429, "complexity1Rate": 0.39285714285714285, "complexity2Rate": 0.17857142857142858, "complexity3Rate": 0.21428571428571427, "complexClauseRate": 3.04, "sentencesPerParagraph": 4.666666666666667, "wordsLengthRate": 5.595744680851064, "compoundRate": 0.0, "positiveNum": 0, "negativeNum": 0, "precoPositiveNum": 0, "precoNegativeNum": 0, "negemoNum": 0, "negationNum": 5, "functionNum": 295, "contentNum": 273, "vulgarNum": 0, "racistNum": 0, "specStyleNum": 0, "addressingNum": 0, "closingNum": 0, "postscriptNum": 0, "brutalNum": 0, "positiveRate": 0.0, "negativeRate": 0.0, "precoPositiveRate": 0.0, "precoNegativeRate": 0.0, "negemoRate": 0.0, "negationRate": 0.008802816901408451, "functionRate": 0.5193661971830986, "contentRate": 0.48063380281690143, "vulgarRate": 0.0, "racistRate": 0.0, "specStyleRate": 0.0, "addressingRate": 0.0, "closingRate": 0.0, "postscriptRate": 0.0, "brutalRate": 0.0, "epistemicNum": 0, "investNum": 0, "conditionNum": 0, "weaselNum": 0, "peacockNum": 0, "hedgeNum": 0, "doxasticNum": 0, "epistemicRate": 0.0, "investRate": 0.0, "conditionRate": 0.0, "weaselRate": 0.0, "peacockRate": 0.0, "hedgeRate": 0.0, "doxasticRate": 0.0, "loveNum": 0, "anxietyNum": 0, "sorrowNum": 0, "joyNum": 0, "disgustNum": 0, "fearNum": 0, "surpriseNum": 0, "angerNum": 0, "loveRate": 0.0, "anxietyRate": 0.0, "sorrowRate": 0.0, "joyRate": 0.0, "disgustRate": 0.0, "fearRate": 0.0, "surpriseRate": 0.0, "angerRate": 0.0, "slangBeGeneralNum": 0, "slangBeCigaretteNum": 0, "slangBeHumanNum": 0, "slangBeVehicleNum": 0, "slangBeDrugNum": 0, "slangBvNum": 0, "slangBeGeneralRate": 0.0, "slangBeCigaretteRate": 0.0, "slangBeHumanRate": 0.0, "slangBeVehicleRate": 0.0, "slangBeDrugRate": 0.0, "slangBvRate": 0.0, "speechactNum": 0, "quoteNum": 0, "dashNum": 0, "publicNum": 0, "privateNum": 0, "suasiveNum": 0, "discMarkerNum": 0, "smileyNum": 0, "dateNum": 0, "hesitationNum": 0, "restartNum": 0, "repeatNum": 0, "conjBeforeDiscNum": 0, "conjAfterDiscNum": 0, "wordBeforeHesitationNum": 0, "wordAfterHesitationNum": 0, "otherCollocationNum": 0, "speechactRate": 0.0, "quoteRate": 0.0, "dashRate": 0.0, "publicRate": 0.0, "privateRate": 0.0, "suasiveRate": 0.0, "discMarkerRate": 0.0, "smileyRate": 0.0, "dateRate": 0.0, "hesitationRate": 0.0, "restartRate": 0.0, "repeatRate": 0.0, "conjBeforeDiscRate": 0.0, "conjAfterDiscRate": 0.0, "wordBeforeHesitationRate": 0.0, "wordAfterHesitationRate": 0.0, "otherCollocationRate": 0.0, "easyWordNum": 525, "hardWordNum": 43, "easyWordRate": 0.9242957746478874, "hardWordRate": 0.07570422535211267, "fleschReadingEaseScore": 53.53619718309861, "gunningFogIndex": 8.144567404426558, "fleschKincaidGradeLevel": 10.831639839034207, "colemanLiauIndex": 12.384746478873236, "smogIndex": 9.968508380846986, "automatedReadabilityIndex": 11.251202213279676, "linsearWriteIndex": 1.0372233400402413, "author": "", "locationNameNum": 0, "locationNameRate": 0.0, "personNameNum": 0, "personNameRate": 0.0, "organizationNameNum": 0, "organizationNameRate": 0.0, "misspelledNum": 1, "misspelledRate": 0.0017605633802816902, "missingAccentNum": 1, "missingAccentRate": 0.0017605633802816902, "foreignAccentNum": 0, "foreignAccentRate": 0.0, "wordConcatNum": 0, "wordConcatRate": 0.0, "jLyMistakeNum": 0, "jLyMistakeRate": 0.0, "publicVNum": 0, "freqSuffixNum": 0, "partsNum": 171, "clauseWordNum": 79, "privateVNum": 0}