{"tokenNum": 478, "sentenceNum": 22, "lemmaNum": 232, "lemmaRate": 0.48535564853556484, "sentenceLength": 21.727272727272727, "allUpperNum": 0, "firstUpperNum": 22, "allUpperRate": 0.0, "firstUpperRate": 0.04602510460251046, "declarSentNum": 22, "imperSentNum": 0, "questionNum": 0, "declarSentRate": 1.0, "imperSentRate": 0.0, "questionRate": 0.0, "accent": true, "saturation": 3.80327868852459, "paragraphNum": 7, "nounNum": 85, "verbNum": 58, "adjNum": 63, "infNum": 9, "partPastNum": 1, "partPresNum": 7, "partFutNum": 0, "transNum": 2, "xNum": 7, "advNum": 38, "properNounNum": 0, "numNum": 1, "conjNum": 57, "punctNum": 69, "pronNum": 41, "relPronNum": 9, "demPronNum": 25, "adposNum": 4, "multiplePunctNum": 0, "phraseNum": 0, "nounRate": 0.17782426778242677, "verbRate": 0.12133891213389121, "adjRate": 0.13179916317991633, "infRate": 0.01882845188284519, "partPastRate": 0.0020920502092050207, "partPresRate": 0.014644351464435146, "partFutRate": 0.0, "transRate": 0.0041841004184100415, "xRate": 0.014644351464435146, "advRate": 0.0794979079497908, "properNounRate": 0.0, "numRate": 0.0020920502092050207, "conjRate": 0.1192468619246862, "punctRate": 0.14435146443514643, "pronRate": 0.08577405857740586, "relPronRate": 0.01882845188284519, "demPronRate": 0.05230125523012552, "adposRate": 0.008368200836820083, "multiplePunctRate": 0.0, "partsDensityRate": 4.0, "contentfulness": 11.090909090909092, "phraseRate": 0.0, "pastTenseNum": 6, "presentTenseNum": 43, "condNum": 0, "impNum": 5, "freqNum": 0, "causNum": 0, "modalNum": 3, "sg1VerbNum": 58, "sg2VerbNum": 58, "sg3VerbNum": 58, "pl1VerbNum": 58, "pl2VerbNum": 58, "pl3VerbNum": 58, "superlatNum": 0, "comparatNum": 1, "specDerivSuffixNum": 0, "pluralNounNum": 24, "pastTenseRate": 0.10344827586206896, "presentTenseRate": 0.7413793103448276, "condRate": 0.0, "impRate": 0.08620689655172414, "freqRate": 0.0, "causRate": 0.0, "modalRate": 0.05172413793103448, "sg1VerbRate": 1.0, "sg2VerbRate": 1.0, "sg3VerbRate": 1.0, "pl1VerbRate": 1.0, "pl2VerbRate": 1.0, "pl3VerbRate": 1.0, "superlatRate": 0.0, "comparatRate": 0.015873015873015872, "specDerivSuffixRate": 0.0, "pluralNounRate": 0.2823529411764706, "subjNum": 22, "objNum": 22, "attNum": 37, "subordNum": 26, "adverbNum": 56, "coordNum": 26, "clauseNum": 61, "simpleNum": 4, "complexNum": 18, "complexity1Num": 8, "complexity2Num": 4, "complexity3Num": 3, "compoundNum": 0, "subjRate": 0.04602510460251046, "objRate": 0.04602510460251046, "attRate": 0.07740585774058577, "subordRate": 0.05439330543933055, "adverbRate": 0.11715481171548117, "coordRate": 0.05439330543933055, "partsRate": 2.6721311475409837, "clauseRate": 2.772727272727273, "simpleRate": 0.18181818181818182, "complexRate": 0.8181818181818182, "complexity1Rate": 0.36363636363636365, "complexity2Rate": 0.18181818181818182, "complexity3Rate": 0.13636363636363635, "complexClauseRate": 3.1666666666666665, "sentencesPerParagraph": 3.142857142857143, "wordsLengthRate": 6.320293398533007, "compoundRate": 0.0, "positiveNum": 0, "negativeNum": 0, "precoPositiveNum": 0, "precoNegativeNum": 0, "negemoNum": 0, "negationNum": 7, "functionNum": 234, "contentNum": 244, "vulgarNum": 0, "racistNum": 0, "specStyleNum": 0, "addressingNum": 0, "closingNum": 0, "postscriptNum": 0, "brutalNum": 0, "positiveRate": 0.0, "negativeRate": 0.0, "precoPositiveRate": 0.0, "precoNegativeRate": 0.0, "negemoRate": 0.0, "negationRate": 0.014644351464435146, "functionRate": 0.4895397489539749, "contentRate": 0.5104602510460251, "vulgarRate": 0.0, "racistRate": 0.0, "specStyleRate": 0.0, "addressingRate": 0.0, "closingRate": 0.0, "postscriptRate": 0.0, "brutalRate": 0.0, "epistemicNum": 0, "investNum": 0, "conditionNum": 0, "weaselNum": 0, "peacockNum": 0, "hedgeNum": 0, "doxasticNum": 0, "epistemicRate": 0.0, "investRate": 0.0, "conditionRate": 0.0, "weaselRate": 0.0, "peacockRate": 0.0, "hedgeRate": 0.0, "doxasticRate": 0.0, "loveNum": 0, "anxietyNum": 0, "sorrowNum": 0, "joyNum": 0, "disgustNum": 0, "fearNum": 0, "surpriseNum": 0, "angerNum": 0, "loveRate": 0.0, "anxietyRate": 0.0, "sorrowRate": 0.0, "joyRate": 0.0, "disgustRate": 0.0, "fearRate": 0.0, "surpriseRate": 0.0, "angerRate": 0.0, "slangBeGeneralNum": 0, "slangBeCigaretteNum": 0, "slangBeHumanNum": 0, "slangBeVehicleNum": 0, "slangBeDrugNum": 0, "slangBvNum": 0, "slangBeGeneralRate": 0.0, "slangBeCigaretteRate": 0.0, "slangBeHumanRate": 0.0, "slangBeVehicleRate": 0.0, "slangBeDrugRate": 0.0, "slangBvRate": 0.0, "speechactNum": 0, "quoteNum": 0, "dashNum": 0, "publicNum": 0, "privateNum": 0, "suasiveNum": 0, "discMarkerNum": 0, "smileyNum": 0, "dateNum": 0, "hesitationNum": 0, "restartNum": 0, "repeatNum": 0, "conjBeforeDiscNum": 0, "conjAfterDiscNum": 0, "wordBeforeHesitationNum": 0, "wordAfterHesitationNum": 0, "otherCollocationNum": 0, "speechactRate": 0.0, "quoteRate": 0.0, "dashRate": 0.0, "publicRate": 0.0, "privateRate": 0.0, "suasiveRate": 0.0, "discMarkerRate": 0.0, "smileyRate": 0.0, "dateRate": 0.0, "hesitationRate": 0.0, "restartRate": 0.0, "repeatRate": 0.0, "conjBeforeDiscRate": 0.0, "conjAfterDiscRate": 0.0, "wordBeforeHesitationRate": 0.0, "wordAfterHesitationRate": 0.0, "otherCollocationRate": 0.0, "easyWordNum": 424, "hardWordNum": 54, "easyWordRate": 0.8870292887029289, "hardWordRate": 0.11297071129707113, "fleschReadingEaseScore": 36.997299353366316, "gunningFogIndex": 8.736097375427919, "fleschKincaidGradeLevel": 13.49660707493344, "colemanLiauIndex": 16.730405857740582, "smogIndex": 10.793553405168563, "automatedReadabilityIndex": 15.447025484975278, "linsearWriteIndex": 1.7529478889311525, "author": "", "locationNameNum": 0, "locationNameRate": 0.0, "personNameNum": 0, "personNameRate": 0.0, "organizationNameNum": 0, "organizationNameRate": 0.0, "misspelledNum": 2, "misspelledRate": 0.0041841004184100415, "missingAccentNum": 0, "missingAccentRate": 0.0, "foreignAccentNum": 0, "foreignAccentRate": 0.0, "wordConcatNum": 0, "wordConcatRate": 0.0, "jLyMistakeNum": 0, "jLyMistakeRate": 0.0, "publicVNum": 0, "freqSuffixNum": 0, "partsNum": 163, "clauseWordNum": 61, "privateVNum": 0}