{"tokenNum": 421, "sentenceNum": 28, "lemmaNum": 217, "lemmaRate": 0.5154394299287411, "sentenceLength": 15.035714285714286, "allUpperNum": 0, "firstUpperNum": 28, "allUpperRate": 0.0, "firstUpperRate": 0.0665083135391924, "declarSentNum": 27, "imperSentNum": 0, "questionNum": 1, "declarSentRate": 0.9642857142857143, "imperSentRate": 0.0, "questionRate": 0.03571428571428571, "accent": true, "saturation": 4.34, "paragraphNum": 8, "nounNum": 106, "verbNum": 43, "adjNum": 45, "infNum": 1, "partPastNum": 1, "partPresNum": 4, "partFutNum": 0, "transNum": 0, "xNum": 8, "advNum": 23, "properNounNum": 0, "numNum": 3, "conjNum": 38, "punctNum": 65, "pronNum": 20, "relPronNum": 8, "demPronNum": 10, "adposNum": 5, "multiplePunctNum": 0, "phraseNum": 0, "nounRate": 0.2517814726840855, "verbRate": 0.1021377672209026, "adjRate": 0.10688836104513064, "infRate": 0.0023752969121140144, "partPastRate": 0.0023752969121140144, "partPresRate": 0.009501187648456057, "partFutRate": 0.0, "transRate": 0.0, "xRate": 0.019002375296912115, "advRate": 0.05463182897862233, "properNounRate": 0.0, "numRate": 0.007125890736342043, "conjRate": 0.09026128266033254, "punctRate": 0.1543942992874109, "pronRate": 0.047505938242280284, "relPronRate": 0.019002375296912115, "demPronRate": 0.023752969121140142, "adposRate": 0.011876484560570071, "multiplePunctRate": 0.0, "partsDensityRate": 4.34, "contentfulness": 7.75, "phraseRate": 0.0, "pastTenseNum": 4, "presentTenseNum": 38, "condNum": 3, "impNum": 2, "freqNum": 0, "causNum": 0, "modalNum": 1, "sg1VerbNum": 43, "sg2VerbNum": 43, "sg3VerbNum": 43, "pl1VerbNum": 43, "pl2VerbNum": 43, "pl3VerbNum": 43, "superlatNum": 0, "comparatNum": 4, "specDerivSuffixNum": 0, "pluralNounNum": 33, "pastTenseRate": 0.09302325581395349, "presentTenseRate": 0.8837209302325582, "condRate": 0.06976744186046512, "impRate": 0.046511627906976744, "freqRate": 0.0, "causRate": 0.0, "modalRate": 0.023255813953488372, "sg1VerbRate": 1.0, "sg2VerbRate": 1.0, "sg3VerbRate": 1.0, "pl1VerbRate": 1.0, "pl2VerbRate": 1.0, "pl3VerbRate": 1.0, "superlatRate": 0.0, "comparatRate": 0.08888888888888889, "specDerivSuffixRate": 0.0, "pluralNounRate": 0.3113207547169811, "subjNum": 32, "objNum": 14, "attNum": 33, "subordNum": 16, "adverbNum": 27, "coordNum": 30, "clauseNum": 50, "simpleNum": 14, "complexNum": 14, "complexity1Num": 8, "complexity2Num": 4, "complexity3Num": 2, "compoundNum": 0, "subjRate": 0.07600950118764846, "objRate": 0.0332541567695962, "attRate": 0.07838479809976247, "subordRate": 0.03800475059382423, "adverbRate": 0.06413301662707839, "coordRate": 0.07125890736342043, "partsRate": 2.72, "clauseRate": 1.7857142857142858, "simpleRate": 0.5, "complexRate": 0.5, "complexity1Rate": 0.2857142857142857, "complexity2Rate": 0.14285714285714285, "complexity3Rate": 0.07142857142857142, "complexClauseRate": 2.5714285714285716, "sentencesPerParagraph": 3.5, "wordsLengthRate": 6.230337078651686, "compoundRate": 0.0, "positiveNum": 0, "negativeNum": 0, "precoPositiveNum": 0, "precoNegativeNum": 0, "negemoNum": 0, "negationNum": 1, "functionNum": 204, "contentNum": 217, "vulgarNum": 0, "racistNum": 0, "specStyleNum": 0, "addressingNum": 0, "closingNum": 0, "postscriptNum": 0, "brutalNum": 0, "positiveRate": 0.0, "negativeRate": 0.0, "precoPositiveRate": 0.0, "precoNegativeRate": 0.0, "negemoRate": 0.0, "negationRate": 0.0023752969121140144, "functionRate": 0.4845605700712589, "contentRate": 0.5154394299287411, "vulgarRate": 0.0, "racistRate": 0.0, "specStyleRate": 0.0, "addressingRate": 0.0, "closingRate": 0.0, "postscriptRate": 0.0, "brutalRate": 0.0, "epistemicNum": 0, "investNum": 0, "conditionNum": 0, "weaselNum": 0, "peacockNum": 0, "hedgeNum": 0, "doxasticNum": 0, "epistemicRate": 0.0, "investRate": 0.0, "conditionRate": 0.0, "weaselRate": 0.0, "peacockRate": 0.0, "hedgeRate": 0.0, "doxasticRate": 0.0, "loveNum": 0, "anxietyNum": 0, "sorrowNum": 0, "joyNum": 0, "disgustNum": 0, "fearNum": 0, "surpriseNum": 0, "angerNum": 0, "loveRate": 0.0, "anxietyRate": 0.0, "sorrowRate": 0.0, "joyRate": 0.0, "disgustRate": 0.0, "fearRate": 0.0, "surpriseRate": 0.0, "angerRate": 0.0, "slangBeGeneralNum": 0, "slangBeCigaretteNum": 0, "slangBeHumanNum": 0, "slangBeVehicleNum": 0, "slangBeDrugNum": 0, "slangBvNum": 0, "slangBeGeneralRate": 0.0, "slangBeCigaretteRate": 0.0, "slangBeHumanRate": 0.0, "slangBeVehicleRate": 0.0, "slangBeDrugRate": 0.0, "slangBvRate": 0.0, "speechactNum": 0, "quoteNum": 0, "dashNum": 0, "publicNum": 0, "privateNum": 0, "suasiveNum": 0, "discMarkerNum": 0, "smileyNum": 0, "dateNum": 0, "hesitationNum": 0, "restartNum": 0, "repeatNum": 0, "conjBeforeDiscNum": 0, "conjAfterDiscNum": 0, "wordBeforeHesitationNum": 0, "wordAfterHesitationNum": 0, "otherCollocationNum": 0, "speechactRate": 0.0, "quoteRate": 0.0, "dashRate": 0.0, "publicRate": 0.0, "privateRate": 0.0, "suasiveRate": 0.0, "discMarkerRate": 0.0, "smileyRate": 0.0, "dateRate": 0.0, "hesitationRate": 0.0, "restartRate": 0.0, "repeatRate": 0.0, "conjBeforeDiscRate": 0.0, "conjAfterDiscRate": 0.0, "wordBeforeHesitationRate": 0.0, "wordAfterHesitationRate": 0.0, "otherCollocationRate": 0.0, "easyWordNum": 363, "hardWordNum": 58, "easyWordRate": 0.8622327790973872, "hardWordRate": 0.1377672209026128, "fleschReadingEaseScore": 39.8564103325416, "gunningFogIndex": 6.06939260264676, "fleschKincaidGradeLevel": 11.435448761452324, "colemanLiauIndex": 15.91626128266033, "smogIndex": 11.072351349416056, "automatedReadabilityIndex": 11.45025619273838, "linsearWriteIndex": 1.2438072616219884, "author": "", "locationNameNum": 0, "locationNameRate": 0.0, "personNameNum": 0, "personNameRate": 0.0, "organizationNameNum": 0, "organizationNameRate": 0.0, "misspelledNum": 1, "misspelledRate": 0.0023752969121140144, "missingAccentNum": 0, "missingAccentRate": 0.0, "foreignAccentNum": 0, "foreignAccentRate": 0.0, "wordConcatNum": 0, "wordConcatRate": 0.0, "jLyMistakeNum": 0, "jLyMistakeRate": 0.0, "publicVNum": 0, "freqSuffixNum": 0, "partsNum": 136, "clauseWordNum": 50, "privateVNum": 0}