{"tokenNum": 442, "sentenceNum": 20, "lemmaNum": 226, "lemmaRate": 0.5113122171945701, "sentenceLength": 22.1, "allUpperNum": 1, "firstUpperNum": 20, "allUpperRate": 0.0022624434389140274, "firstUpperRate": 0.04524886877828054, "declarSentNum": 19, "imperSentNum": 0, "questionNum": 1, "declarSentRate": 0.95, "imperSentRate": 0.0, "questionRate": 0.05, "accent": true, "saturation": 3.5873015873015874, "paragraphNum": 4, "nounNum": 91, "verbNum": 55, "adjNum": 41, "infNum": 8, "partPastNum": 1, "partPresNum": 3, "partFutNum": 0, "transNum": 1, "xNum": 4, "advNum": 41, "properNounNum": 0, "numNum": 3, "conjNum": 34, "punctNum": 77, "pronNum": 38, "relPronNum": 12, "demPronNum": 24, "adposNum": 4, "multiplePunctNum": 0, "phraseNum": 0, "nounRate": 0.20588235294117646, "verbRate": 0.1244343891402715, "adjRate": 0.09276018099547512, "infRate": 0.01809954751131222, "partPastRate": 0.0022624434389140274, "partPresRate": 0.006787330316742082, "partFutRate": 0.0, "transRate": 0.0022624434389140274, "xRate": 0.00904977375565611, "advRate": 0.09276018099547512, "properNounRate": 0.0, "numRate": 0.006787330316742082, "conjRate": 0.07692307692307693, "punctRate": 0.17420814479638008, "pronRate": 0.08597285067873303, "relPronRate": 0.027149321266968326, "demPronRate": 0.05429864253393665, "adposRate": 0.00904977375565611, "multiplePunctRate": 0.0, "partsDensityRate": 3.619047619047619, "contentfulness": 11.4, "phraseRate": 0.0, "pastTenseNum": 3, "presentTenseNum": 45, "condNum": 3, "impNum": 4, "freqNum": 0, "causNum": 0, "modalNum": 5, "sg1VerbNum": 55, "sg2VerbNum": 55, "sg3VerbNum": 55, "pl1VerbNum": 55, "pl2VerbNum": 55, "pl3VerbNum": 55, "superlatNum": 0, "comparatNum": 3, "specDerivSuffixNum": 0, "pluralNounNum": 14, "pastTenseRate": 0.05454545454545454, "presentTenseRate": 0.8181818181818182, "condRate": 0.05454545454545454, "impRate": 0.07272727272727272, "freqRate": 0.0, "causRate": 0.0, "modalRate": 0.09090909090909091, "sg1VerbRate": 1.0, "sg2VerbRate": 1.0, "sg3VerbRate": 1.0, "pl1VerbRate": 1.0, "pl2VerbRate": 1.0, "pl3VerbRate": 1.0, "superlatRate": 0.0, "comparatRate": 0.07317073170731707, "specDerivSuffixRate": 0.0, "pluralNounRate": 0.15384615384615385, "subjNum": 29, "objNum": 21, "attNum": 26, "subordNum": 23, "adverbNum": 51, "coordNum": 27, "clauseNum": 63, "simpleNum": 2, "complexNum": 18, "complexity1Num": 4, "complexity2Num": 5, "complexity3Num": 7, "compoundNum": 0, "subjRate": 0.06561085972850679, "objRate": 0.04751131221719457, "attRate": 0.058823529411764705, "subordRate": 0.05203619909502263, "adverbRate": 0.11538461538461539, "coordRate": 0.06108597285067873, "partsRate": 2.4444444444444446, "clauseRate": 3.15, "simpleRate": 0.1, "complexRate": 0.9, "complexity1Rate": 0.2, "complexity2Rate": 0.25, "complexity3Rate": 0.35, "complexClauseRate": 3.388888888888889, "sentencesPerParagraph": 5.0, "wordsLengthRate": 5.887671232876713, "compoundRate": 0.0, "positiveNum": 0, "negativeNum": 0, "precoPositiveNum": 0, "precoNegativeNum": 0, "negemoNum": 0, "negationNum": 7, "functionNum": 214, "contentNum": 228, "vulgarNum": 0, "racistNum": 0, "specStyleNum": 0, "addressingNum": 0, "closingNum": 0, "postscriptNum": 0, "brutalNum": 0, "positiveRate": 0.0, "negativeRate": 0.0, "precoPositiveRate": 0.0, "precoNegativeRate": 0.0, "negemoRate": 0.0, "negationRate": 0.01583710407239819, "functionRate": 0.4841628959276018, "contentRate": 0.5158371040723982, "vulgarRate": 0.0, "racistRate": 0.0, "specStyleRate": 0.0, "addressingRate": 0.0, "closingRate": 0.0, "postscriptRate": 0.0, "brutalRate": 0.0, "epistemicNum": 0, "investNum": 0, "conditionNum": 0, "weaselNum": 0, "peacockNum": 0, "hedgeNum": 0, "doxasticNum": 0, "epistemicRate": 0.0, "investRate": 0.0, "conditionRate": 0.0, "weaselRate": 0.0, "peacockRate": 0.0, "hedgeRate": 0.0, "doxasticRate": 0.0, "loveNum": 0, "anxietyNum": 0, "sorrowNum": 0, "joyNum": 0, "disgustNum": 0, "fearNum": 0, "surpriseNum": 0, "angerNum": 0, "loveRate": 0.0, "anxietyRate": 0.0, "sorrowRate": 0.0, "joyRate": 0.0, "disgustRate": 0.0, "fearRate": 0.0, "surpriseRate": 0.0, "angerRate": 0.0, "slangBeGeneralNum": 0, "slangBeCigaretteNum": 0, "slangBeHumanNum": 0, "slangBeVehicleNum": 0, "slangBeDrugNum": 0, "slangBvNum": 0, "slangBeGeneralRate": 0.0, "slangBeCigaretteRate": 0.0, "slangBeHumanRate": 0.0, "slangBeVehicleRate": 0.0, "slangBeDrugRate": 0.0, "slangBvRate": 0.0, "speechactNum": 0, "quoteNum": 0, "dashNum": 1, "publicNum": 0, "privateNum": 0, "suasiveNum": 0, "discMarkerNum": 0, "smileyNum": 0, "dateNum": 0, "hesitationNum": 0, "restartNum": 0, "repeatNum": 0, "conjBeforeDiscNum": 0, "conjAfterDiscNum": 0, "wordBeforeHesitationNum": 0, "wordAfterHesitationNum": 0, "otherCollocationNum": 0, "speechactRate": 0.0, "quoteRate": 0.0, "dashRate": 0.0022624434389140274, "publicRate": 0.0, "privateRate": 0.0, "suasiveRate": 0.0, "discMarkerRate": 0.0, "smileyRate": 0.0, "dateRate": 0.0, "hesitationRate": 0.0, "restartRate": 0.0, "repeatRate": 0.0, "conjBeforeDiscRate": 0.0, "conjAfterDiscRate": 0.0, "wordBeforeHesitationRate": 0.0, "wordAfterHesitationRate": 0.0, "otherCollocationRate": 0.0, "easyWordNum": 408, "hardWordNum": 34, "easyWordRate": 0.9230769230769231, "hardWordRate": 0.07692307692307693, "fleschReadingEaseScore": 49.65598868778284, "gunningFogIndex": 8.870769230769232, "fleschKincaidGradeLevel": 11.82357013574661, "colemanLiauIndex": 13.756470588235292, "smogIndex": 9.210782826323648, "automatedReadabilityIndex": 13.255248868778281, "linsearWriteIndex": 1.8619909502262444, "author": "", "locationNameNum": 0, "locationNameRate": 0.0, "personNameNum": 0, "personNameRate": 0.0, "organizationNameNum": 0, "organizationNameRate": 0.0, "misspelledNum": 2, "misspelledRate": 0.004524886877828055, "missingAccentNum": 0, "missingAccentRate": 0.0, "foreignAccentNum": 0, "foreignAccentRate": 0.0, "wordConcatNum": 1, "wordConcatRate": 0.0022624434389140274, "jLyMistakeNum": 0, "jLyMistakeRate": 0.0, "publicVNum": 0, "freqSuffixNum": 0, "partsNum": 154, "clauseWordNum": 63, "privateVNum": 0}