{"tokenNum": 445, "sentenceNum": 19, "lemmaNum": 209, "lemmaRate": 0.4696629213483146, "sentenceLength": 23.42105263157895, "allUpperNum": 0, "firstUpperNum": 19, "allUpperRate": 0.0, "firstUpperRate": 0.04269662921348315, "declarSentNum": 19, "imperSentNum": 0, "questionNum": 0, "declarSentRate": 1.0, "imperSentRate": 0.0, "questionRate": 0.0, "accent": true, "saturation": 3.265625, "paragraphNum": 5, "nounNum": 79, "verbNum": 63, "adjNum": 59, "infNum": 9, "partPastNum": 0, "partPresNum": 2, "partFutNum": 0, "transNum": 2, "xNum": 5, "advNum": 37, "properNounNum": 0, "numNum": 1, "conjNum": 55, "punctNum": 71, "pronNum": 22, "relPronNum": 4, "demPronNum": 17, "adposNum": 7, "multiplePunctNum": 0, "phraseNum": 0, "nounRate": 0.17752808988764046, "verbRate": 0.14157303370786517, "adjRate": 0.13258426966292136, "infRate": 0.020224719101123594, "partPastRate": 0.0, "partPresRate": 0.0044943820224719105, "partFutRate": 0.0, "transRate": 0.0044943820224719105, "xRate": 0.011235955056179775, "advRate": 0.08314606741573034, "properNounRate": 0.0, "numRate": 0.0022471910112359553, "conjRate": 0.12359550561797752, "punctRate": 0.15955056179775282, "pronRate": 0.04943820224719101, "relPronRate": 0.008988764044943821, "demPronRate": 0.038202247191011236, "adposRate": 0.015730337078651686, "multiplePunctRate": 0.0, "partsDensityRate": 3.71875, "contentfulness": 12.526315789473685, "phraseRate": 0.0, "pastTenseNum": 10, "presentTenseNum": 45, "condNum": 1, "impNum": 7, "freqNum": 0, "causNum": 0, "modalNum": 2, "sg1VerbNum": 63, "sg2VerbNum": 63, "sg3VerbNum": 63, "pl1VerbNum": 63, "pl2VerbNum": 63, "pl3VerbNum": 63, "superlatNum": 0, "comparatNum": 0, "specDerivSuffixNum": 0, "pluralNounNum": 15, "pastTenseRate": 0.15873015873015872, "presentTenseRate": 0.7142857142857143, "condRate": 0.015873015873015872, "impRate": 0.1111111111111111, "freqRate": 0.0, "causRate": 0.0, "modalRate": 0.031746031746031744, "sg1VerbRate": 1.0, "sg2VerbRate": 1.0, "sg3VerbRate": 1.0, "pl1VerbRate": 1.0, "pl2VerbRate": 1.0, "pl3VerbRate": 1.0, "superlatRate": 0.0, "comparatRate": 0.0, "specDerivSuffixRate": 0.0, "pluralNounRate": 0.189873417721519, "subjNum": 27, "objNum": 17, "attNum": 24, "subordNum": 23, "adverbNum": 52, "coordNum": 29, "clauseNum": 64, "simpleNum": 1, "complexNum": 18, "complexity1Num": 5, "complexity2Num": 4, "complexity3Num": 6, "compoundNum": 0, "subjRate": 0.060674157303370786, "objRate": 0.038202247191011236, "attRate": 0.05393258426966292, "subordRate": 0.051685393258426963, "adverbRate": 0.11685393258426967, "coordRate": 0.0651685393258427, "partsRate": 2.328125, "clauseRate": 3.3684210526315788, "simpleRate": 0.05263157894736842, "complexRate": 0.9473684210526315, "complexity1Rate": 0.2631578947368421, "complexity2Rate": 0.21052631578947367, "complexity3Rate": 0.3157894736842105, "complexClauseRate": 3.5, "sentencesPerParagraph": 3.8, "wordsLengthRate": 6.066844919786096, "compoundRate": 0.0, "positiveNum": 0, "negativeNum": 0, "precoPositiveNum": 0, "precoNegativeNum": 0, "negemoNum": 0, "negationNum": 9, "functionNum": 207, "contentNum": 238, "vulgarNum": 0, "racistNum": 0, "specStyleNum": 0, "addressingNum": 0, "closingNum": 0, "postscriptNum": 0, "brutalNum": 0, "positiveRate": 0.0, "negativeRate": 0.0, "precoPositiveRate": 0.0, "precoNegativeRate": 0.0, "negemoRate": 0.0, "negationRate": 0.020224719101123594, "functionRate": 0.4651685393258427, "contentRate": 0.5348314606741573, "vulgarRate": 0.0, "racistRate": 0.0, "specStyleRate": 0.0, "addressingRate": 0.0, "closingRate": 0.0, "postscriptRate": 0.0, "brutalRate": 0.0, "epistemicNum": 0, "investNum": 0, "conditionNum": 0, "weaselNum": 0, "peacockNum": 0, "hedgeNum": 0, "doxasticNum": 0, "epistemicRate": 0.0, "investRate": 0.0, "conditionRate": 0.0, "weaselRate": 0.0, "peacockRate": 0.0, "hedgeRate": 0.0, "doxasticRate": 0.0, "loveNum": 0, "anxietyNum": 0, "sorrowNum": 0, "joyNum": 0, "disgustNum": 0, "fearNum": 0, "surpriseNum": 0, "angerNum": 0, "loveRate": 0.0, "anxietyRate": 0.0, "sorrowRate": 0.0, "joyRate": 0.0, "disgustRate": 0.0, "fearRate": 0.0, "surpriseRate": 0.0, "angerRate": 0.0, "slangBeGeneralNum": 0, "slangBeCigaretteNum": 0, "slangBeHumanNum": 0, "slangBeVehicleNum": 0, "slangBeDrugNum": 0, "slangBvNum": 0, "slangBeGeneralRate": 0.0, "slangBeCigaretteRate": 0.0, "slangBeHumanRate": 0.0, "slangBeVehicleRate": 0.0, "slangBeDrugRate": 0.0, "slangBvRate": 0.0, "speechactNum": 0, "quoteNum": 0, "dashNum": 0, "publicNum": 0, "privateNum": 0, "suasiveNum": 0, "discMarkerNum": 0, "smileyNum": 0, "dateNum": 0, "hesitationNum": 0, "restartNum": 0, "repeatNum": 0, "conjBeforeDiscNum": 0, "conjAfterDiscNum": 0, "wordBeforeHesitationNum": 0, "wordAfterHesitationNum": 0, "otherCollocationNum": 0, "speechactRate": 0.0, "quoteRate": 0.0, "dashRate": 0.0, "publicRate": 0.0, "privateRate": 0.0, "suasiveRate": 0.0, "discMarkerRate": 0.0, "smileyRate": 0.0, "dateRate": 0.0, "hesitationRate": 0.0, "restartRate": 0.0, "repeatRate": 0.0, "conjBeforeDiscRate": 0.0, "conjAfterDiscRate": 0.0, "wordBeforeHesitationRate": 0.0, "wordAfterHesitationRate": 0.0, "otherCollocationRate": 0.0, "easyWordNum": 399, "hardWordNum": 46, "easyWordRate": 0.8966292134831461, "hardWordRate": 0.10337078651685393, "fleschReadingEaseScore": 39.147575399172126, "gunningFogIndex": 9.409769367238322, "fleschKincaidGradeLevel": 13.617468953282081, "colemanLiauIndex": 15.039647191011234, "smogIndex": 10.203070172399654, "automatedReadabilityIndex": 14.941874630396214, "linsearWriteIndex": 2.146067415730337, "author": "", "locationNameNum": 0, "locationNameRate": 0.0, "personNameNum": 0, "personNameRate": 0.0, "organizationNameNum": 0, "organizationNameRate": 0.0, "misspelledNum": 3, "misspelledRate": 0.006741573033707865, "missingAccentNum": 0, "missingAccentRate": 0.0, "foreignAccentNum": 0, "foreignAccentRate": 0.0, "wordConcatNum": 0, "wordConcatRate": 0.0, "jLyMistakeNum": 0, "jLyMistakeRate": 0.0, "publicVNum": 0, "freqSuffixNum": 0, "partsNum": 149, "clauseWordNum": 64, "privateVNum": 0}