{"tokenNum": 379, "sentenceNum": 15, "lemmaNum": 196, "lemmaRate": 0.5171503957783641, "sentenceLength": 25.266666666666666, "allUpperNum": 0, "firstUpperNum": 15, "allUpperRate": 0.0, "firstUpperRate": 0.0395778364116095, "declarSentNum": 11, "imperSentNum": 0, "questionNum": 4, "declarSentRate": 0.7333333333333333, "imperSentRate": 0.0, "questionRate": 0.26666666666666666, "accent": true, "saturation": 3.92, "paragraphNum": 4, "nounNum": 88, "verbNum": 45, "adjNum": 36, "infNum": 7, "partPastNum": 0, "partPresNum": 5, "partFutNum": 0, "transNum": 3, "xNum": 4, "advNum": 30, "properNounNum": 1, "numNum": 0, "conjNum": 25, "punctNum": 63, "pronNum": 26, "relPronNum": 11, "demPronNum": 18, "adposNum": 6, "multiplePunctNum": 0, "phraseNum": 0, "nounRate": 0.23218997361477572, "verbRate": 0.11873350923482849, "adjRate": 0.09498680738786279, "infRate": 0.018469656992084433, "partPastRate": 0.0, "partPresRate": 0.013192612137203167, "partFutRate": 0.0, "transRate": 0.0079155672823219, "xRate": 0.010554089709762533, "advRate": 0.079155672823219, "properNounRate": 0.002638522427440633, "numRate": 0.0, "conjRate": 0.06596306068601583, "punctRate": 0.1662269129287599, "pronRate": 0.06860158311345646, "relPronRate": 0.029023746701846966, "demPronRate": 0.047493403693931395, "adposRate": 0.0158311345646438, "multiplePunctRate": 0.0, "partsDensityRate": 3.98, "contentfulness": 13.266666666666667, "phraseRate": 0.0, "pastTenseNum": 11, "presentTenseNum": 28, "condNum": 2, "impNum": 0, "freqNum": 0, "causNum": 0, "modalNum": 2, "sg1VerbNum": 45, "sg2VerbNum": 45, "sg3VerbNum": 45, "pl1VerbNum": 45, "pl2VerbNum": 45, "pl3VerbNum": 45, "superlatNum": 1, "comparatNum": 0, "specDerivSuffixNum": 0, "pluralNounNum": 9, "pastTenseRate": 0.24444444444444444, "presentTenseRate": 0.6222222222222222, "condRate": 0.044444444444444446, "impRate": 0.0, "freqRate": 0.0, "causRate": 0.0, "modalRate": 0.044444444444444446, "sg1VerbRate": 1.0, "sg2VerbRate": 1.0, "sg3VerbRate": 1.0, "pl1VerbRate": 1.0, "pl2VerbRate": 1.0, "pl3VerbRate": 1.0, "superlatRate": 0.027777777777777776, "comparatRate": 0.0, "specDerivSuffixRate": 0.0, "pluralNounRate": 0.10227272727272728, "subjNum": 24, "objNum": 17, "attNum": 23, "subordNum": 18, "adverbNum": 40, "coordNum": 23, "clauseNum": 50, "simpleNum": 0, "complexNum": 15, "complexity1Num": 5, "complexity2Num": 6, "complexity3Num": 1, "compoundNum": 0, "subjRate": 0.0633245382585752, "objRate": 0.044854881266490766, "attRate": 0.06068601583113457, "subordRate": 0.047493403693931395, "adverbRate": 0.10554089709762533, "coordRate": 0.06068601583113457, "partsRate": 2.54, "clauseRate": 3.3333333333333335, "simpleRate": 0.0, "complexRate": 1.0, "complexity1Rate": 0.3333333333333333, "complexity2Rate": 0.4, "complexity3Rate": 0.06666666666666667, "complexClauseRate": 3.3333333333333335, "sentencesPerParagraph": 3.75, "wordsLengthRate": 5.965189873417722, "compoundRate": 0.0, "positiveNum": 0, "negativeNum": 0, "precoPositiveNum": 0, "precoNegativeNum": 0, "negemoNum": 0, "negationNum": 1, "functionNum": 180, "contentNum": 199, "vulgarNum": 0, "racistNum": 0, "specStyleNum": 0, "addressingNum": 0, "closingNum": 0, "postscriptNum": 0, "brutalNum": 0, "positiveRate": 0.0, "negativeRate": 0.0, "precoPositiveRate": 0.0, "precoNegativeRate": 0.0, "negemoRate": 0.0, "negationRate": 0.002638522427440633, "functionRate": 0.47493403693931396, "contentRate": 0.525065963060686, "vulgarRate": 0.0, "racistRate": 0.0, "specStyleRate": 0.0, "addressingRate": 0.0, "closingRate": 0.0, "postscriptRate": 0.0, "brutalRate": 0.0, "epistemicNum": 0, "investNum": 0, "conditionNum": 0, "weaselNum": 0, "peacockNum": 0, "hedgeNum": 0, "doxasticNum": 0, "epistemicRate": 0.0, "investRate": 0.0, "conditionRate": 0.0, "weaselRate": 0.0, "peacockRate": 0.0, "hedgeRate": 0.0, "doxasticRate": 0.0, "loveNum": 0, "anxietyNum": 0, "sorrowNum": 0, "joyNum": 0, "disgustNum": 0, "fearNum": 0, "surpriseNum": 0, "angerNum": 0, "loveRate": 0.0, "anxietyRate": 0.0, "sorrowRate": 0.0, "joyRate": 0.0, "disgustRate": 0.0, "fearRate": 0.0, "surpriseRate": 0.0, "angerRate": 0.0, "slangBeGeneralNum": 0, "slangBeCigaretteNum": 0, "slangBeHumanNum": 0, "slangBeVehicleNum": 0, "slangBeDrugNum": 0, "slangBvNum": 0, "slangBeGeneralRate": 0.0, "slangBeCigaretteRate": 0.0, "slangBeHumanRate": 0.0, "slangBeVehicleRate": 0.0, "slangBeDrugRate": 0.0, "slangBvRate": 0.0, "speechactNum": 0, "quoteNum": 0, "dashNum": 1, "publicNum": 0, "privateNum": 0, "suasiveNum": 0, "discMarkerNum": 0, "smileyNum": 0, "dateNum": 0, "hesitationNum": 0, "restartNum": 0, "repeatNum": 0, "conjBeforeDiscNum": 0, "conjAfterDiscNum": 0, "wordBeforeHesitationNum": 0, "wordAfterHesitationNum": 0, "otherCollocationNum": 0, "speechactRate": 0.0, "quoteRate": 0.0, "dashRate": 0.002638522427440633, "publicRate": 0.0, "privateRate": 0.0, "suasiveRate": 0.0, "discMarkerRate": 0.0, "smileyRate": 0.0, "dateRate": 0.0, "hesitationRate": 0.0, "restartRate": 0.0, "repeatRate": 0.0, "conjBeforeDiscRate": 0.0, "conjAfterDiscRate": 0.0, "wordBeforeHesitationRate": 0.0, "wordAfterHesitationRate": 0.0, "otherCollocationRate": 0.0, "easyWordNum": 346, "hardWordNum": 33, "easyWordRate": 0.9129287598944591, "hardWordRate": 0.0870712401055409, "fleschReadingEaseScore": 41.007802990325416, "gunningFogIndex": 10.140439753737908, "fleschKincaidGradeLevel": 13.81650659630607, "colemanLiauIndex": 14.3492216358839, "smogIndex": 9.120678840339163, "automatedReadabilityIndex": 15.312568161829375, "linsearWriteIndex": 2.8786279683377307, "author": "", "locationNameNum": 0, "locationNameRate": 0.0, "personNameNum": 0, "personNameRate": 0.0, "organizationNameNum": 0, "organizationNameRate": 0.0, "misspelledNum": 2, "misspelledRate": 0.005277044854881266, "missingAccentNum": 1, "missingAccentRate": 0.002638522427440633, "foreignAccentNum": 0, "foreignAccentRate": 0.0, "wordConcatNum": 0, "wordConcatRate": 0.0, "jLyMistakeNum": 0, "jLyMistakeRate": 0.0, "publicVNum": 0, "freqSuffixNum": 0, "partsNum": 127, "clauseWordNum": 50, "privateVNum": 0}