{"tokenNum": 437, "sentenceNum": 22, "lemmaNum": 229, "lemmaRate": 0.5240274599542334, "sentenceLength": 19.863636363636363, "allUpperNum": 0, "firstUpperNum": 22, "allUpperRate": 0.0, "firstUpperRate": 0.05034324942791762, "declarSentNum": 21, "imperSentNum": 1, "questionNum": 0, "declarSentRate": 0.9545454545454546, "imperSentRate": 0.045454545454545456, "questionRate": 0.0, "accent": true, "saturation": 3.634920634920635, "paragraphNum": 6, "nounNum": 90, "verbNum": 58, "adjNum": 50, "infNum": 6, "partPastNum": 2, "partPresNum": 5, "partFutNum": 0, "transNum": 1, "xNum": 6, "advNum": 33, "properNounNum": 0, "numNum": 0, "conjNum": 34, "punctNum": 70, "pronNum": 33, "relPronNum": 11, "demPronNum": 15, "adposNum": 3, "multiplePunctNum": 0, "phraseNum": 0, "nounRate": 0.20594965675057209, "verbRate": 0.13272311212814644, "adjRate": 0.11441647597254005, "infRate": 0.013729977116704805, "partPastRate": 0.004576659038901602, "partPresRate": 0.011441647597254004, "partFutRate": 0.0, "transRate": 0.002288329519450801, "xRate": 0.013729977116704805, "advRate": 0.07551487414187644, "properNounRate": 0.0, "numRate": 0.0, "conjRate": 0.07780320366132723, "punctRate": 0.16018306636155608, "pronRate": 0.07551487414187644, "relPronRate": 0.02517162471395881, "demPronRate": 0.034324942791762014, "adposRate": 0.006864988558352402, "multiplePunctRate": 0.0, "partsDensityRate": 3.6666666666666665, "contentfulness": 10.5, "phraseRate": 0.0, "pastTenseNum": 6, "presentTenseNum": 46, "condNum": 6, "impNum": 2, "freqNum": 0, "causNum": 0, "modalNum": 0, "sg1VerbNum": 58, "sg2VerbNum": 58, "sg3VerbNum": 58, "pl1VerbNum": 58, "pl2VerbNum": 58, "pl3VerbNum": 58, "superlatNum": 3, "comparatNum": 0, "specDerivSuffixNum": 0, "pluralNounNum": 19, "pastTenseRate": 0.10344827586206896, "presentTenseRate": 0.7931034482758621, "condRate": 0.10344827586206896, "impRate": 0.034482758620689655, "freqRate": 0.0, "causRate": 0.0, "modalRate": 0.0, "sg1VerbRate": 1.0, "sg2VerbRate": 1.0, "sg3VerbRate": 1.0, "pl1VerbRate": 1.0, "pl2VerbRate": 1.0, "pl3VerbRate": 1.0, "superlatRate": 0.06, "comparatRate": 0.0, "specDerivSuffixRate": 0.0, "pluralNounRate": 0.2111111111111111, "subjNum": 25, "objNum": 21, "attNum": 37, "subordNum": 23, "adverbNum": 49, "coordNum": 28, "clauseNum": 63, "simpleNum": 4, "complexNum": 18, "complexity1Num": 4, "complexity2Num": 6, "complexity3Num": 7, "compoundNum": 0, "subjRate": 0.057208237986270026, "objRate": 0.04805491990846682, "attRate": 0.08466819221967964, "subordRate": 0.05263157894736842, "adverbRate": 0.11212814645308924, "coordRate": 0.06407322654462243, "partsRate": 2.5396825396825395, "clauseRate": 2.8636363636363638, "simpleRate": 0.18181818181818182, "complexRate": 0.8181818181818182, "complexity1Rate": 0.18181818181818182, "complexity2Rate": 0.2727272727272727, "complexity3Rate": 0.3181818181818182, "complexClauseRate": 3.2777777777777777, "sentencesPerParagraph": 3.6666666666666665, "wordsLengthRate": 5.940054495912807, "compoundRate": 0.0, "positiveNum": 0, "negativeNum": 0, "precoPositiveNum": 0, "precoNegativeNum": 0, "negemoNum": 0, "negationNum": 8, "functionNum": 206, "contentNum": 231, "vulgarNum": 0, "racistNum": 0, "specStyleNum": 0, "addressingNum": 0, "closingNum": 0, "postscriptNum": 0, "brutalNum": 0, "positiveRate": 0.0, "negativeRate": 0.0, "precoPositiveRate": 0.0, "precoNegativeRate": 0.0, "negemoRate": 0.0, "negationRate": 0.018306636155606407, "functionRate": 0.47139588100686497, "contentRate": 0.528604118993135, "vulgarRate": 0.0, "racistRate": 0.0, "specStyleRate": 0.0, "addressingRate": 0.0, "closingRate": 0.0, "postscriptRate": 0.0, "brutalRate": 0.0, "epistemicNum": 0, "investNum": 0, "conditionNum": 0, "weaselNum": 0, "peacockNum": 0, "hedgeNum": 0, "doxasticNum": 0, "epistemicRate": 0.0, "investRate": 0.0, "conditionRate": 0.0, "weaselRate": 0.0, "peacockRate": 0.0, "hedgeRate": 0.0, "doxasticRate": 0.0, "loveNum": 0, "anxietyNum": 0, "sorrowNum": 0, "joyNum": 0, "disgustNum": 0, "fearNum": 0, "surpriseNum": 0, "angerNum": 0, "loveRate": 0.0, "anxietyRate": 0.0, "sorrowRate": 0.0, "joyRate": 0.0, "disgustRate": 0.0, "fearRate": 0.0, "surpriseRate": 0.0, "angerRate": 0.0, "slangBeGeneralNum": 0, "slangBeCigaretteNum": 0, "slangBeHumanNum": 0, "slangBeVehicleNum": 0, "slangBeDrugNum": 0, "slangBvNum": 0, "slangBeGeneralRate": 0.0, "slangBeCigaretteRate": 0.0, "slangBeHumanRate": 0.0, "slangBeVehicleRate": 0.0, "slangBeDrugRate": 0.0, "slangBvRate": 0.0, "speechactNum": 0, "quoteNum": 0, "dashNum": 0, "publicNum": 0, "privateNum": 0, "suasiveNum": 0, "discMarkerNum": 0, "smileyNum": 0, "dateNum": 0, "hesitationNum": 0, "restartNum": 0, "repeatNum": 1, "conjBeforeDiscNum": 0, "conjAfterDiscNum": 0, "wordBeforeHesitationNum": 0, "wordAfterHesitationNum": 0, "otherCollocationNum": 0, "speechactRate": 0.0, "quoteRate": 0.0, "dashRate": 0.0, "publicRate": 0.0, "privateRate": 0.0, "suasiveRate": 0.0, "discMarkerRate": 0.0, "smileyRate": 0.0, "dateRate": 0.0, "hesitationRate": 0.0, "restartRate": 0.0, "repeatRate": 0.002288329519450801, "conjBeforeDiscRate": 0.0, "conjAfterDiscRate": 0.0, "wordBeforeHesitationRate": 0.0, "wordAfterHesitationRate": 0.0, "otherCollocationRate": 0.0, "easyWordNum": 404, "hardWordNum": 33, "easyWordRate": 0.9244851258581236, "hardWordRate": 0.07551487414187644, "fleschReadingEaseScore": 52.32009101310592, "gunningFogIndex": 7.975660495111296, "fleschKincaidGradeLevel": 10.896406282504682, "colemanLiauIndex": 14.364196796338671, "smogIndex": 9.120678840339163, "automatedReadabilityIndex": 12.623053879758686, "linsearWriteIndex": 1.5847722071978367, "author": "", "locationNameNum": 0, "locationNameRate": 0.0, "personNameNum": 0, "personNameRate": 0.0, "organizationNameNum": 0, "organizationNameRate": 0.0, "misspelledNum": 0, "misspelledRate": 0.0, "missingAccentNum": 0, "missingAccentRate": 0.0, "foreignAccentNum": 0, "foreignAccentRate": 0.0, "wordConcatNum": 0, "wordConcatRate": 0.0, "jLyMistakeNum": 0, "jLyMistakeRate": 0.0, "publicVNum": 0, "freqSuffixNum": 0, "partsNum": 160, "clauseWordNum": 63, "privateVNum": 0}