{"tokenNum": 441, "sentenceNum": 22, "lemmaNum": 205, "lemmaRate": 0.46485260770975056, "sentenceLength": 20.045454545454547, "allUpperNum": 0, "firstUpperNum": 23, "allUpperRate": 0.0, "firstUpperRate": 0.05215419501133787, "declarSentNum": 22, "imperSentNum": 0, "questionNum": 0, "declarSentRate": 1.0, "imperSentRate": 0.0, "questionRate": 0.0, "accent": true, "saturation": 3.360655737704918, "paragraphNum": 6, "nounNum": 86, "verbNum": 61, "adjNum": 30, "infNum": 10, "partPastNum": 0, "partPresNum": 5, "partFutNum": 0, "transNum": 1, "xNum": 6, "advNum": 39, "properNounNum": 0, "numNum": 0, "conjNum": 46, "punctNum": 70, "pronNum": 35, "relPronNum": 9, "demPronNum": 27, "adposNum": 3, "multiplePunctNum": 0, "phraseNum": 0, "nounRate": 0.19501133786848074, "verbRate": 0.1383219954648526, "adjRate": 0.06802721088435375, "infRate": 0.022675736961451247, "partPastRate": 0.0, "partPresRate": 0.011337868480725623, "partFutRate": 0.0, "transRate": 0.0022675736961451248, "xRate": 0.013605442176870748, "advRate": 0.08843537414965986, "properNounRate": 0.0, "numRate": 0.0, "conjRate": 0.10430839002267574, "punctRate": 0.15873015873015872, "pronRate": 0.07936507936507936, "relPronRate": 0.02040816326530612, "demPronRate": 0.061224489795918366, "adposRate": 0.006802721088435374, "multiplePunctRate": 0.0, "partsDensityRate": 3.540983606557377, "contentfulness": 9.818181818181818, "phraseRate": 0.0, "pastTenseNum": 2, "presentTenseNum": 49, "condNum": 0, "impNum": 14, "freqNum": 0, "causNum": 0, "modalNum": 5, "sg1VerbNum": 61, "sg2VerbNum": 61, "sg3VerbNum": 61, "pl1VerbNum": 61, "pl2VerbNum": 61, "pl3VerbNum": 61, "superlatNum": 0, "comparatNum": 0, "specDerivSuffixNum": 0, "pluralNounNum": 18, "pastTenseRate": 0.03278688524590164, "presentTenseRate": 0.8032786885245902, "condRate": 0.0, "impRate": 0.22950819672131148, "freqRate": 0.0, "causRate": 0.0, "modalRate": 0.08196721311475409, "sg1VerbRate": 1.0, "sg2VerbRate": 1.0, "sg3VerbRate": 1.0, "pl1VerbRate": 1.0, "pl2VerbRate": 1.0, "pl3VerbRate": 1.0, "superlatRate": 0.0, "comparatRate": 0.0, "specDerivSuffixRate": 0.0, "pluralNounRate": 0.20930232558139536, "subjNum": 25, "objNum": 29, "attNum": 22, "subordNum": 31, "adverbNum": 44, "coordNum": 18, "clauseNum": 61, "simpleNum": 3, "complexNum": 19, "complexity1Num": 5, "complexity2Num": 9, "complexity3Num": 4, "compoundNum": 0, "subjRate": 0.05668934240362812, "objRate": 0.06575963718820861, "attRate": 0.049886621315192746, "subordRate": 0.07029478458049887, "adverbRate": 0.09977324263038549, "coordRate": 0.04081632653061224, "partsRate": 2.262295081967213, "clauseRate": 2.772727272727273, "simpleRate": 0.13636363636363635, "complexRate": 0.8636363636363636, "complexity1Rate": 0.22727272727272727, "complexity2Rate": 0.4090909090909091, "complexity3Rate": 0.18181818181818182, "complexClauseRate": 3.0526315789473686, "sentencesPerParagraph": 3.6666666666666665, "wordsLengthRate": 5.714285714285714, "compoundRate": 0.0, "positiveNum": 0, "negativeNum": 0, "precoPositiveNum": 0, "precoNegativeNum": 0, "negemoNum": 0, "negationNum": 8, "functionNum": 225, "contentNum": 216, "vulgarNum": 0, "racistNum": 0, "specStyleNum": 0, "addressingNum": 0, "closingNum": 0, "postscriptNum": 0, "brutalNum": 0, "positiveRate": 0.0, "negativeRate": 0.0, "precoPositiveRate": 0.0, "precoNegativeRate": 0.0, "negemoRate": 0.0, "negationRate": 0.018140589569160998, "functionRate": 0.5102040816326531, "contentRate": 0.4897959183673469, "vulgarRate": 0.0, "racistRate": 0.0, "specStyleRate": 0.0, "addressingRate": 0.0, "closingRate": 0.0, "postscriptRate": 0.0, "brutalRate": 0.0, "epistemicNum": 0, "investNum": 0, "conditionNum": 0, "weaselNum": 0, "peacockNum": 0, "hedgeNum": 0, "doxasticNum": 0, "epistemicRate": 0.0, "investRate": 0.0, "conditionRate": 0.0, "weaselRate": 0.0, "peacockRate": 0.0, "hedgeRate": 0.0, "doxasticRate": 0.0, "loveNum": 0, "anxietyNum": 0, "sorrowNum": 0, "joyNum": 0, "disgustNum": 0, "fearNum": 0, "surpriseNum": 0, "angerNum": 0, "loveRate": 0.0, "anxietyRate": 0.0, "sorrowRate": 0.0, "joyRate": 0.0, "disgustRate": 0.0, "fearRate": 0.0, "surpriseRate": 0.0, "angerRate": 0.0, "slangBeGeneralNum": 0, "slangBeCigaretteNum": 0, "slangBeHumanNum": 0, "slangBeVehicleNum": 0, "slangBeDrugNum": 0, "slangBvNum": 0, "slangBeGeneralRate": 0.0, "slangBeCigaretteRate": 0.0, "slangBeHumanRate": 0.0, "slangBeVehicleRate": 0.0, "slangBeDrugRate": 0.0, "slangBvRate": 0.0, "speechactNum": 0, "quoteNum": 1, "dashNum": 0, "publicNum": 0, "privateNum": 0, "suasiveNum": 0, "discMarkerNum": 0, "smileyNum": 0, "dateNum": 0, "hesitationNum": 0, "restartNum": 0, "repeatNum": 0, "conjBeforeDiscNum": 0, "conjAfterDiscNum": 0, "wordBeforeHesitationNum": 0, "wordAfterHesitationNum": 0, "otherCollocationNum": 0, "speechactRate": 0.0, "quoteRate": 0.0022675736961451248, "dashRate": 0.0, "publicRate": 0.0, "privateRate": 0.0, "suasiveRate": 0.0, "discMarkerRate": 0.0, "smileyRate": 0.0, "dateRate": 0.0, "hesitationRate": 0.0, "restartRate": 0.0, "repeatRate": 0.0, "conjBeforeDiscRate": 0.0, "conjAfterDiscRate": 0.0, "wordBeforeHesitationRate": 0.0, "wordAfterHesitationRate": 0.0, "otherCollocationRate": 0.0, "easyWordNum": 408, "hardWordNum": 33, "easyWordRate": 0.9251700680272109, "hardWordRate": 0.07482993197278912, "fleschReadingEaseScore": 52.20314935064937, "gunningFogIndex": 8.048113790970936, "fleschKincaidGradeLevel": 10.957886002886003, "colemanLiauIndex": 13.28923809523809, "smogIndex": 9.120678840339163, "automatedReadabilityIndex": 11.854359925788494, "linsearWriteIndex": 1.5819418676561536, "author": "", "locationNameNum": 0, "locationNameRate": 0.0, "personNameNum": 0, "personNameRate": 0.0, "organizationNameNum": 0, "organizationNameRate": 0.0, "misspelledNum": 2, "misspelledRate": 0.0045351473922902496, "missingAccentNum": 1, "missingAccentRate": 0.0022675736961451248, "foreignAccentNum": 0, "foreignAccentRate": 0.0, "wordConcatNum": 0, "wordConcatRate": 0.0, "jLyMistakeNum": 0, "jLyMistakeRate": 0.0, "publicVNum": 0, "freqSuffixNum": 0, "partsNum": 138, "clauseWordNum": 61, "privateVNum": 0}