{"tokenNum": 468, "sentenceNum": 18, "lemmaNum": 218, "lemmaRate": 0.4658119658119658, "sentenceLength": 26.0, "allUpperNum": 0, "firstUpperNum": 18, "allUpperRate": 0.0, "firstUpperRate": 0.038461538461538464, "declarSentNum": 18, "imperSentNum": 0, "questionNum": 0, "declarSentRate": 1.0, "imperSentRate": 0.0, "questionRate": 0.0, "accent": true, "saturation": 4.037037037037037, "paragraphNum": 5, "nounNum": 107, "verbNum": 56, "adjNum": 68, "infNum": 15, "partPastNum": 2, "partPresNum": 3, "partFutNum": 0, "transNum": 3, "xNum": 5, "advNum": 32, "properNounNum": 0, "numNum": 0, "conjNum": 40, "punctNum": 69, "pronNum": 17, "relPronNum": 9, "demPronNum": 8, "adposNum": 3, "multiplePunctNum": 0, "phraseNum": 0, "nounRate": 0.22863247863247863, "verbRate": 0.11965811965811966, "adjRate": 0.1452991452991453, "infRate": 0.03205128205128205, "partPastRate": 0.004273504273504274, "partPresRate": 0.00641025641025641, "partFutRate": 0.0, "transRate": 0.00641025641025641, "xRate": 0.010683760683760684, "advRate": 0.06837606837606838, "properNounRate": 0.0, "numRate": 0.0, "conjRate": 0.08547008547008547, "punctRate": 0.14743589743589744, "pronRate": 0.03632478632478633, "relPronRate": 0.019230769230769232, "demPronRate": 0.017094017094017096, "adposRate": 0.00641025641025641, "multiplePunctRate": 0.0, "partsDensityRate": 4.87037037037037, "contentfulness": 14.61111111111111, "phraseRate": 0.0, "pastTenseNum": 8, "presentTenseNum": 33, "condNum": 1, "impNum": 6, "freqNum": 0, "causNum": 0, "modalNum": 6, "sg1VerbNum": 56, "sg2VerbNum": 56, "sg3VerbNum": 56, "pl1VerbNum": 56, "pl2VerbNum": 56, "pl3VerbNum": 56, "superlatNum": 0, "comparatNum": 4, "specDerivSuffixNum": 0, "pluralNounNum": 18, "pastTenseRate": 0.14285714285714285, "presentTenseRate": 0.5892857142857143, "condRate": 0.017857142857142856, "impRate": 0.10714285714285714, "freqRate": 0.0, "causRate": 0.0, "modalRate": 0.10714285714285714, "sg1VerbRate": 1.0, "sg2VerbRate": 1.0, "sg3VerbRate": 1.0, "pl1VerbRate": 1.0, "pl2VerbRate": 1.0, "pl3VerbRate": 1.0, "superlatRate": 0.0, "comparatRate": 0.058823529411764705, "specDerivSuffixRate": 0.0, "pluralNounRate": 0.16822429906542055, "subjNum": 21, "objNum": 25, "attNum": 53, "subordNum": 22, "adverbNum": 41, "coordNum": 23, "clauseNum": 54, "simpleNum": 2, "complexNum": 16, "complexity1Num": 5, "complexity2Num": 6, "complexity3Num": 3, "compoundNum": 0, "subjRate": 0.04487179487179487, "objRate": 0.053418803418803416, "attRate": 0.11324786324786325, "subordRate": 0.04700854700854701, "adverbRate": 0.0876068376068376, "coordRate": 0.049145299145299144, "partsRate": 3.0185185185185186, "clauseRate": 3.0, "simpleRate": 0.1111111111111111, "complexRate": 0.8888888888888888, "complexity1Rate": 0.2777777777777778, "complexity2Rate": 0.3333333333333333, "complexity3Rate": 0.16666666666666666, "complexClauseRate": 3.25, "sentencesPerParagraph": 3.6, "wordsLengthRate": 6.636591478696742, "compoundRate": 0.0, "positiveNum": 0, "negativeNum": 0, "precoPositiveNum": 0, "precoNegativeNum": 0, "negemoNum": 0, "negationNum": 5, "functionNum": 205, "contentNum": 263, "vulgarNum": 0, "racistNum": 0, "specStyleNum": 0, "addressingNum": 0, "closingNum": 0, "postscriptNum": 0, "brutalNum": 0, "positiveRate": 0.0, "negativeRate": 0.0, "precoPositiveRate": 0.0, "precoNegativeRate": 0.0, "negemoRate": 0.0, "negationRate": 0.010683760683760684, "functionRate": 0.43803418803418803, "contentRate": 0.561965811965812, "vulgarRate": 0.0, "racistRate": 0.0, "specStyleRate": 0.0, "addressingRate": 0.0, "closingRate": 0.0, "postscriptRate": 0.0, "brutalRate": 0.0, "epistemicNum": 0, "investNum": 0, "conditionNum": 0, "weaselNum": 0, "peacockNum": 0, "hedgeNum": 0, "doxasticNum": 0, "epistemicRate": 0.0, "investRate": 0.0, "conditionRate": 0.0, "weaselRate": 0.0, "peacockRate": 0.0, "hedgeRate": 0.0, "doxasticRate": 0.0, "loveNum": 0, "anxietyNum": 0, "sorrowNum": 0, "joyNum": 0, "disgustNum": 0, "fearNum": 0, "surpriseNum": 0, "angerNum": 0, "loveRate": 0.0, "anxietyRate": 0.0, "sorrowRate": 0.0, "joyRate": 0.0, "disgustRate": 0.0, "fearRate": 0.0, "surpriseRate": 0.0, "angerRate": 0.0, "slangBeGeneralNum": 0, "slangBeCigaretteNum": 0, "slangBeHumanNum": 0, "slangBeVehicleNum": 0, "slangBeDrugNum": 0, "slangBvNum": 0, "slangBeGeneralRate": 0.0, "slangBeCigaretteRate": 0.0, "slangBeHumanRate": 0.0, "slangBeVehicleRate": 0.0, "slangBeDrugRate": 0.0, "slangBvRate": 0.0, "speechactNum": 0, "quoteNum": 0, "dashNum": 0, "publicNum": 0, "privateNum": 0, "suasiveNum": 0, "discMarkerNum": 0, "smileyNum": 0, "dateNum": 0, "hesitationNum": 0, "restartNum": 0, "repeatNum": 0, "conjBeforeDiscNum": 0, "conjAfterDiscNum": 0, "wordBeforeHesitationNum": 0, "wordAfterHesitationNum": 0, "otherCollocationNum": 0, "speechactRate": 0.0, "quoteRate": 0.0, "dashRate": 0.0, "publicRate": 0.0, "privateRate": 0.0, "suasiveRate": 0.0, "discMarkerRate": 0.0, "smileyRate": 0.0, "dateRate": 0.0, "hesitationRate": 0.0, "restartRate": 0.0, "repeatRate": 0.0, "conjBeforeDiscRate": 0.0, "conjAfterDiscRate": 0.0, "wordBeforeHesitationRate": 0.0, "wordAfterHesitationRate": 0.0, "otherCollocationRate": 0.0, "easyWordNum": 388, "hardWordNum": 80, "easyWordRate": 0.8290598290598291, "hardWordRate": 0.17094017094017094, "fleschReadingEaseScore": 15.221923076923105, "gunningFogIndex": 10.468376068376068, "fleschKincaidGradeLevel": 17.595299145299148, "colemanLiauIndex": 18.243581196581193, "smogIndex": 12.457975602129121, "automatedReadabilityIndex": 18.79339743589744, "linsearWriteIndex": 2.6977682811016144, "author": "", "locationNameNum": 0, "locationNameRate": 0.0, "personNameNum": 0, "personNameRate": 0.0, "organizationNameNum": 0, "organizationNameRate": 0.0, "misspelledNum": 2, "misspelledRate": 0.004273504273504274, "missingAccentNum": 0, "missingAccentRate": 0.0, "foreignAccentNum": 0, "foreignAccentRate": 0.0, "wordConcatNum": 0, "wordConcatRate": 0.0, "jLyMistakeNum": 0, "jLyMistakeRate": 0.0, "publicVNum": 0, "freqSuffixNum": 0, "partsNum": 163, "clauseWordNum": 54, "privateVNum": 0}