{"tokenNum": 520, "sentenceNum": 20, "lemmaNum": 232, "lemmaRate": 0.4461538461538462, "sentenceLength": 26.0, "allUpperNum": 0, "firstUpperNum": 20, "allUpperRate": 0.0, "firstUpperRate": 0.038461538461538464, "declarSentNum": 19, "imperSentNum": 0, "questionNum": 1, "declarSentRate": 0.95, "imperSentRate": 0.0, "questionRate": 0.05, "accent": true, "saturation": 2.7951807228915664, "paragraphNum": 5, "nounNum": 77, "verbNum": 74, "adjNum": 46, "infNum": 15, "partPastNum": 0, "partPresNum": 6, "partFutNum": 0, "transNum": 2, "xNum": 5, "advNum": 54, "properNounNum": 1, "numNum": 0, "conjNum": 48, "punctNum": 97, "pronNum": 51, "relPronNum": 18, "demPronNum": 27, "adposNum": 2, "multiplePunctNum": 0, "phraseNum": 0, "nounRate": 0.14807692307692308, "verbRate": 0.1423076923076923, "adjRate": 0.08846153846153847, "infRate": 0.028846153846153848, "partPastRate": 0.0, "partPresRate": 0.011538461538461539, "partFutRate": 0.0, "transRate": 0.0038461538461538464, "xRate": 0.009615384615384616, "advRate": 0.10384615384615385, "properNounRate": 0.0019230769230769232, "numRate": 0.0, "conjRate": 0.09230769230769231, "punctRate": 0.18653846153846154, "pronRate": 0.09807692307692308, "relPronRate": 0.03461538461538462, "demPronRate": 0.051923076923076926, "adposRate": 0.0038461538461538464, "multiplePunctRate": 0.0, "partsDensityRate": 3.0240963855421685, "contentfulness": 12.55, "phraseRate": 0.0, "pastTenseNum": 2, "presentTenseNum": 57, "condNum": 4, "impNum": 10, "freqNum": 0, "causNum": 0, "modalNum": 4, "sg1VerbNum": 74, "sg2VerbNum": 74, "sg3VerbNum": 74, "pl1VerbNum": 74, "pl2VerbNum": 74, "pl3VerbNum": 74, "superlatNum": 0, "comparatNum": 0, "specDerivSuffixNum": 0, "pluralNounNum": 15, "pastTenseRate": 0.02702702702702703, "presentTenseRate": 0.7702702702702703, "condRate": 0.05405405405405406, "impRate": 0.13513513513513514, "freqRate": 0.0, "causRate": 0.0, "modalRate": 0.05405405405405406, "sg1VerbRate": 1.0, "sg2VerbRate": 1.0, "sg3VerbRate": 1.0, "pl1VerbRate": 1.0, "pl2VerbRate": 1.0, "pl3VerbRate": 1.0, "superlatRate": 0.0, "comparatRate": 0.0, "specDerivSuffixRate": 0.0, "pluralNounRate": 0.19480519480519481, "subjNum": 36, "objNum": 31, "attNum": 22, "subordNum": 34, "adverbNum": 73, "coordNum": 24, "clauseNum": 83, "simpleNum": 0, "complexNum": 20, "complexity1Num": 2, "complexity2Num": 5, "complexity3Num": 5, "compoundNum": 0, "subjRate": 0.06923076923076923, "objRate": 0.05961538461538462, "attRate": 0.04230769230769231, "subordRate": 0.06538461538461539, "adverbRate": 0.14038461538461539, "coordRate": 0.046153846153846156, "partsRate": 2.2409638554216866, "clauseRate": 4.15, "simpleRate": 0.0, "complexRate": 1.0, "complexity1Rate": 0.1, "complexity2Rate": 0.25, "complexity3Rate": 0.25, "complexClauseRate": 4.15, "sentencesPerParagraph": 4.0, "wordsLengthRate": 5.865248226950355, "compoundRate": 0.0, "positiveNum": 0, "negativeNum": 0, "precoPositiveNum": 0, "precoNegativeNum": 0, "negemoNum": 0, "negationNum": 6, "functionNum": 269, "contentNum": 251, "vulgarNum": 0, "racistNum": 0, "specStyleNum": 0, "addressingNum": 0, "closingNum": 0, "postscriptNum": 0, "brutalNum": 0, "positiveRate": 0.0, "negativeRate": 0.0, "precoPositiveRate": 0.0, "precoNegativeRate": 0.0, "negemoRate": 0.0, "negationRate": 0.011538461538461539, "functionRate": 0.5173076923076924, "contentRate": 0.4826923076923077, "vulgarRate": 0.0, "racistRate": 0.0, "specStyleRate": 0.0, "addressingRate": 0.0, "closingRate": 0.0, "postscriptRate": 0.0, "brutalRate": 0.0, "epistemicNum": 0, "investNum": 0, "conditionNum": 0, "weaselNum": 0, "peacockNum": 0, "hedgeNum": 0, "doxasticNum": 0, "epistemicRate": 0.0, "investRate": 0.0, "conditionRate": 0.0, "weaselRate": 0.0, "peacockRate": 0.0, "hedgeRate": 0.0, "doxasticRate": 0.0, "loveNum": 0, "anxietyNum": 0, "sorrowNum": 0, "joyNum": 0, "disgustNum": 0, "fearNum": 0, "surpriseNum": 0, "angerNum": 0, "loveRate": 0.0, "anxietyRate": 0.0, "sorrowRate": 0.0, "joyRate": 0.0, "disgustRate": 0.0, "fearRate": 0.0, "surpriseRate": 0.0, "angerRate": 0.0, "slangBeGeneralNum": 0, "slangBeCigaretteNum": 0, "slangBeHumanNum": 0, "slangBeVehicleNum": 0, "slangBeDrugNum": 0, "slangBvNum": 0, "slangBeGeneralRate": 0.0, "slangBeCigaretteRate": 0.0, "slangBeHumanRate": 0.0, "slangBeVehicleRate": 0.0, "slangBeDrugRate": 0.0, "slangBvRate": 0.0, "speechactNum": 0, "quoteNum": 0, "dashNum": 0, "publicNum": 0, "privateNum": 0, "suasiveNum": 0, "discMarkerNum": 0, "smileyNum": 0, "dateNum": 0, "hesitationNum": 0, "restartNum": 0, "repeatNum": 0, "conjBeforeDiscNum": 0, "conjAfterDiscNum": 0, "wordBeforeHesitationNum": 0, "wordAfterHesitationNum": 0, "otherCollocationNum": 0, "speechactRate": 0.0, "quoteRate": 0.0, "dashRate": 0.0, "publicRate": 0.0, "privateRate": 0.0, "suasiveRate": 0.0, "discMarkerRate": 0.0, "smileyRate": 0.0, "dateRate": 0.0, "hesitationRate": 0.0, "restartRate": 0.0, "repeatRate": 0.0, "conjBeforeDiscRate": 0.0, "conjAfterDiscRate": 0.0, "wordBeforeHesitationRate": 0.0, "wordAfterHesitationRate": 0.0, "otherCollocationRate": 0.0, "easyWordNum": 476, "hardWordNum": 44, "easyWordRate": 0.9153846153846154, "hardWordRate": 0.08461538461538462, "fleschReadingEaseScore": 45.41038461538463, "gunningFogIndex": 10.433846153846154, "fleschKincaidGradeLevel": 13.384615384615387, "colemanLiauIndex": 13.287423076923076, "smogIndex": 10.047579312681364, "automatedReadabilityIndex": 14.830153846153848, "linsearWriteIndex": 1.8990384615384617, "author": "", "locationNameNum": 0, "locationNameRate": 0.0, "personNameNum": 0, "personNameRate": 0.0, "organizationNameNum": 0, "organizationNameRate": 0.0, "misspelledNum": 2, "misspelledRate": 0.0038461538461538464, "missingAccentNum": 0, "missingAccentRate": 0.0, "foreignAccentNum": 0, "foreignAccentRate": 0.0, "wordConcatNum": 1, "wordConcatRate": 0.0019230769230769232, "jLyMistakeNum": 0, "jLyMistakeRate": 0.0, "publicVNum": 0, "freqSuffixNum": 0, "partsNum": 186, "clauseWordNum": 83, "privateVNum": 0}