{"tokenNum": 580, "sentenceNum": 39, "lemmaNum": 309, "lemmaRate": 0.5327586206896552, "sentenceLength": 14.871794871794872, "allUpperNum": 2, "firstUpperNum": 43, "allUpperRate": 0.0034482758620689655, "firstUpperRate": 0.07413793103448275, "declarSentNum": 36, "imperSentNum": 1, "questionNum": 2, "declarSentRate": 0.9230769230769231, "imperSentRate": 0.02564102564102564, "questionRate": 0.05128205128205128, "accent": true, "saturation": 3.768292682926829, "paragraphNum": 5, "nounNum": 115, "verbNum": 72, "adjNum": 68, "infNum": 8, "partPastNum": 5, "partPresNum": 3, "partFutNum": 0, "transNum": 4, "xNum": 5, "advNum": 52, "properNounNum": 5, "numNum": 3, "conjNum": 42, "punctNum": 100, "pronNum": 30, "relPronNum": 10, "demPronNum": 16, "adposNum": 10, "multiplePunctNum": 0, "phraseNum": 0, "nounRate": 0.19827586206896552, "verbRate": 0.12413793103448276, "adjRate": 0.11724137931034483, "infRate": 0.013793103448275862, "partPastRate": 0.008620689655172414, "partPresRate": 0.005172413793103448, "partFutRate": 0.0, "transRate": 0.006896551724137931, "xRate": 0.008620689655172414, "advRate": 0.0896551724137931, "properNounRate": 0.008620689655172414, "numRate": 0.005172413793103448, "conjRate": 0.07241379310344828, "punctRate": 0.1724137931034483, "pronRate": 0.05172413793103448, "relPronRate": 0.017241379310344827, "demPronRate": 0.027586206896551724, "adposRate": 0.017241379310344827, "multiplePunctRate": 0.0, "partsDensityRate": 3.7439024390243905, "contentfulness": 7.871794871794871, "phraseRate": 0.0, "pastTenseNum": 3, "presentTenseNum": 61, "condNum": 6, "impNum": 6, "freqNum": 0, "causNum": 0, "modalNum": 8, "sg1VerbNum": 72, "sg2VerbNum": 72, "sg3VerbNum": 72, "pl1VerbNum": 72, "pl2VerbNum": 72, "pl3VerbNum": 72, "superlatNum": 1, "comparatNum": 4, "specDerivSuffixNum": 0, "pluralNounNum": 28, "pastTenseRate": 0.041666666666666664, "presentTenseRate": 0.8472222222222222, "condRate": 0.08333333333333333, "impRate": 0.08333333333333333, "freqRate": 0.0, "causRate": 0.0, "modalRate": 0.1111111111111111, "sg1VerbRate": 1.0, "sg2VerbRate": 1.0, "sg3VerbRate": 1.0, "pl1VerbRate": 1.0, "pl2VerbRate": 1.0, "pl3VerbRate": 1.0, "superlatRate": 0.014705882352941176, "comparatRate": 0.058823529411764705, "specDerivSuffixRate": 0.0, "pluralNounRate": 0.24347826086956523, "subjNum": 31, "objNum": 22, "attNum": 46, "subordNum": 28, "adverbNum": 72, "coordNum": 21, "clauseNum": 82, "simpleNum": 13, "complexNum": 26, "complexity1Num": 16, "complexity2Num": 6, "complexity3Num": 1, "compoundNum": 0, "subjRate": 0.05344827586206897, "objRate": 0.03793103448275862, "attRate": 0.07931034482758621, "subordRate": 0.04827586206896552, "adverbRate": 0.12413793103448276, "coordRate": 0.03620689655172414, "partsRate": 2.341463414634146, "clauseRate": 2.1025641025641026, "simpleRate": 0.3333333333333333, "complexRate": 0.6666666666666666, "complexity1Rate": 0.41025641025641024, "complexity2Rate": 0.15384615384615385, "complexity3Rate": 0.02564102564102564, "complexClauseRate": 2.6538461538461537, "sentencesPerParagraph": 7.8, "wordsLengthRate": 5.952083333333333, "compoundRate": 0.0, "positiveNum": 0, "negativeNum": 0, "precoPositiveNum": 0, "precoNegativeNum": 0, "negemoNum": 0, "negationNum": 8, "functionNum": 273, "contentNum": 307, "vulgarNum": 0, "racistNum": 0, "specStyleNum": 0, "addressingNum": 0, "closingNum": 0, "postscriptNum": 0, "brutalNum": 0, "positiveRate": 0.0, "negativeRate": 0.0, "precoPositiveRate": 0.0, "precoNegativeRate": 0.0, "negemoRate": 0.0, "negationRate": 0.013793103448275862, "functionRate": 0.4706896551724138, "contentRate": 0.5293103448275862, "vulgarRate": 0.0, "racistRate": 0.0, "specStyleRate": 0.0, "addressingRate": 0.0, "closingRate": 0.0, "postscriptRate": 0.0, "brutalRate": 0.0, "epistemicNum": 0, "investNum": 0, "conditionNum": 0, "weaselNum": 0, "peacockNum": 0, "hedgeNum": 0, "doxasticNum": 0, "epistemicRate": 0.0, "investRate": 0.0, "conditionRate": 0.0, "weaselRate": 0.0, "peacockRate": 0.0, "hedgeRate": 0.0, "doxasticRate": 0.0, "loveNum": 0, "anxietyNum": 0, "sorrowNum": 0, "joyNum": 0, "disgustNum": 0, "fearNum": 0, "surpriseNum": 0, "angerNum": 0, "loveRate": 0.0, "anxietyRate": 0.0, "sorrowRate": 0.0, "joyRate": 0.0, "disgustRate": 0.0, "fearRate": 0.0, "surpriseRate": 0.0, "angerRate": 0.0, "slangBeGeneralNum": 0, "slangBeCigaretteNum": 0, "slangBeHumanNum": 0, "slangBeVehicleNum": 0, "slangBeDrugNum": 0, "slangBvNum": 0, "slangBeGeneralRate": 0.0, "slangBeCigaretteRate": 0.0, "slangBeHumanRate": 0.0, "slangBeVehicleRate": 0.0, "slangBeDrugRate": 0.0, "slangBvRate": 0.0, "speechactNum": 0, "quoteNum": 1, "dashNum": 0, "publicNum": 0, "privateNum": 0, "suasiveNum": 0, "discMarkerNum": 0, "smileyNum": 0, "dateNum": 0, "hesitationNum": 0, "restartNum": 0, "repeatNum": 0, "conjBeforeDiscNum": 0, "conjAfterDiscNum": 0, "wordBeforeHesitationNum": 0, "wordAfterHesitationNum": 0, "otherCollocationNum": 0, "speechactRate": 0.0, "quoteRate": 0.0017241379310344827, "dashRate": 0.0, "publicRate": 0.0, "privateRate": 0.0, "suasiveRate": 0.0, "discMarkerRate": 0.0, "smileyRate": 0.0, "dateRate": 0.0, "hesitationRate": 0.0, "restartRate": 0.0, "repeatRate": 0.0, "conjBeforeDiscRate": 0.0, "conjAfterDiscRate": 0.0, "wordBeforeHesitationRate": 0.0, "wordAfterHesitationRate": 0.0, "otherCollocationRate": 0.0, "easyWordNum": 529, "hardWordNum": 51, "easyWordRate": 0.9120689655172414, "hardWordRate": 0.08793103448275862, "fleschReadingEaseScore": 53.171162687886834, "gunningFogIndex": 5.983890362511053, "fleschKincaidGradeLevel": 9.537586206896556, "colemanLiauIndex": 14.127091379310343, "smogIndex": 9.661875296680812, "automatedReadabilityIndex": 9.93756984969054, "linsearWriteIndex": 0.49646330680813455, "author": "", "locationNameNum": 3, "locationNameRate": 0.005172413793103448, "personNameNum": 0, "personNameRate": 0.0, "organizationNameNum": 0, "organizationNameRate": 0.0, "misspelledNum": 6, "misspelledRate": 0.010344827586206896, "missingAccentNum": 0, "missingAccentRate": 0.0, "foreignAccentNum": 0, "foreignAccentRate": 0.0, "wordConcatNum": 2, "wordConcatRate": 0.0034482758620689655, "jLyMistakeNum": 1, "jLyMistakeRate": 0.0017241379310344827, "publicVNum": 0, "freqSuffixNum": 0, "partsNum": 192, "clauseWordNum": 82, "privateVNum": 0}