{"tokenNum": 470, "sentenceNum": 23, "lemmaNum": 226, "lemmaRate": 0.4808510638297872, "sentenceLength": 20.434782608695652, "allUpperNum": 1, "firstUpperNum": 28, "allUpperRate": 0.002127659574468085, "firstUpperRate": 0.059574468085106386, "declarSentNum": 23, "imperSentNum": 0, "questionNum": 0, "declarSentRate": 1.0, "imperSentRate": 0.0, "questionRate": 0.0, "accent": true, "saturation": 3.7049180327868854, "paragraphNum": 4, "nounNum": 101, "verbNum": 54, "adjNum": 55, "infNum": 7, "partPastNum": 0, "partPresNum": 9, "partFutNum": 0, "transNum": 0, "xNum": 4, "advNum": 42, "properNounNum": 5, "numNum": 1, "conjNum": 45, "punctNum": 69, "pronNum": 37, "relPronNum": 10, "demPronNum": 33, "adposNum": 3, "multiplePunctNum": 0, "phraseNum": 0, "nounRate": 0.2148936170212766, "verbRate": 0.1148936170212766, "adjRate": 0.11702127659574468, "infRate": 0.014893617021276596, "partPastRate": 0.0, "partPresRate": 0.019148936170212766, "partFutRate": 0.0, "transRate": 0.0, "xRate": 0.00851063829787234, "advRate": 0.08936170212765958, "properNounRate": 0.010638297872340425, "numRate": 0.002127659574468085, "conjRate": 0.09574468085106383, "punctRate": 0.14680851063829786, "pronRate": 0.07872340425531915, "relPronRate": 0.02127659574468085, "demPronRate": 0.07021276595744681, "adposRate": 0.006382978723404255, "multiplePunctRate": 0.0, "partsDensityRate": 4.131147540983607, "contentfulness": 10.956521739130435, "phraseRate": 0.0, "pastTenseNum": 5, "presentTenseNum": 42, "condNum": 1, "impNum": 7, "freqNum": 0, "causNum": 0, "modalNum": 3, "sg1VerbNum": 54, "sg2VerbNum": 54, "sg3VerbNum": 54, "pl1VerbNum": 54, "pl2VerbNum": 54, "pl3VerbNum": 54, "superlatNum": 0, "comparatNum": 1, "specDerivSuffixNum": 0, "pluralNounNum": 15, "pastTenseRate": 0.09259259259259259, "presentTenseRate": 0.7777777777777778, "condRate": 0.018518518518518517, "impRate": 0.12962962962962962, "freqRate": 0.0, "causRate": 0.0, "modalRate": 0.05555555555555555, "sg1VerbRate": 1.0, "sg2VerbRate": 1.0, "sg3VerbRate": 1.0, "pl1VerbRate": 1.0, "pl2VerbRate": 1.0, "pl3VerbRate": 1.0, "superlatRate": 0.0, "comparatRate": 0.01818181818181818, "specDerivSuffixRate": 0.0, "pluralNounRate": 0.1485148514851485, "subjNum": 35, "objNum": 22, "attNum": 44, "subordNum": 27, "adverbNum": 53, "coordNum": 20, "clauseNum": 61, "simpleNum": 4, "complexNum": 19, "complexity1Num": 6, "complexity2Num": 9, "complexity3Num": 2, "compoundNum": 0, "subjRate": 0.07446808510638298, "objRate": 0.04680851063829787, "attRate": 0.09361702127659574, "subordRate": 0.0574468085106383, "adverbRate": 0.1127659574468085, "coordRate": 0.0425531914893617, "partsRate": 2.8524590163934427, "clauseRate": 2.652173913043478, "simpleRate": 0.17391304347826086, "complexRate": 0.8260869565217391, "complexity1Rate": 0.2608695652173913, "complexity2Rate": 0.391304347826087, "complexity3Rate": 0.08695652173913043, "complexClauseRate": 3.0, "sentencesPerParagraph": 5.75, "wordsLengthRate": 5.927680798004988, "compoundRate": 0.0, "positiveNum": 0, "negativeNum": 0, "precoPositiveNum": 0, "precoNegativeNum": 0, "negemoNum": 0, "negationNum": 5, "functionNum": 218, "contentNum": 252, "vulgarNum": 0, "racistNum": 0, "specStyleNum": 0, "addressingNum": 0, "closingNum": 0, "postscriptNum": 0, "brutalNum": 0, "positiveRate": 0.0, "negativeRate": 0.0, "precoPositiveRate": 0.0, "precoNegativeRate": 0.0, "negemoRate": 0.0, "negationRate": 0.010638297872340425, "functionRate": 0.46382978723404256, "contentRate": 0.5361702127659574, "vulgarRate": 0.0, "racistRate": 0.0, "specStyleRate": 0.0, "addressingRate": 0.0, "closingRate": 0.0, "postscriptRate": 0.0, "brutalRate": 0.0, "epistemicNum": 0, "investNum": 0, "conditionNum": 0, "weaselNum": 0, "peacockNum": 0, "hedgeNum": 0, "doxasticNum": 0, "epistemicRate": 0.0, "investRate": 0.0, "conditionRate": 0.0, "weaselRate": 0.0, "peacockRate": 0.0, "hedgeRate": 0.0, "doxasticRate": 0.0, "loveNum": 0, "anxietyNum": 0, "sorrowNum": 0, "joyNum": 0, "disgustNum": 0, "fearNum": 0, "surpriseNum": 0, "angerNum": 0, "loveRate": 0.0, "anxietyRate": 0.0, "sorrowRate": 0.0, "joyRate": 0.0, "disgustRate": 0.0, "fearRate": 0.0, "surpriseRate": 0.0, "angerRate": 0.0, "slangBeGeneralNum": 0, "slangBeCigaretteNum": 0, "slangBeHumanNum": 0, "slangBeVehicleNum": 0, "slangBeDrugNum": 0, "slangBvNum": 0, "slangBeGeneralRate": 0.0, "slangBeCigaretteRate": 0.0, "slangBeHumanRate": 0.0, "slangBeVehicleRate": 0.0, "slangBeDrugRate": 0.0, "slangBvRate": 0.0, "speechactNum": 0, "quoteNum": 0, "dashNum": 0, "publicNum": 0, "privateNum": 0, "suasiveNum": 0, "discMarkerNum": 0, "smileyNum": 0, "dateNum": 0, "hesitationNum": 0, "restartNum": 0, "repeatNum": 0, "conjBeforeDiscNum": 0, "conjAfterDiscNum": 0, "wordBeforeHesitationNum": 0, "wordAfterHesitationNum": 0, "otherCollocationNum": 0, "speechactRate": 0.0, "quoteRate": 0.0, "dashRate": 0.0, "publicRate": 0.0, "privateRate": 0.0, "suasiveRate": 0.0, "discMarkerRate": 0.0, "smileyRate": 0.0, "dateRate": 0.0, "hesitationRate": 0.0, "restartRate": 0.0, "repeatRate": 0.0, "conjBeforeDiscRate": 0.0, "conjAfterDiscRate": 0.0, "wordBeforeHesitationRate": 0.0, "wordAfterHesitationRate": 0.0, "otherCollocationRate": 0.0, "easyWordNum": 420, "hardWordNum": 50, "easyWordRate": 0.8936170212765957, "hardWordRate": 0.10638297872340426, "fleschReadingEaseScore": 43.53369565217392, "gunningFogIndex": 8.216466234967623, "fleschKincaidGradeLevel": 12.26382053654024, "colemanLiauIndex": 14.752661702127657, "smogIndex": 10.504223727775692, "automatedReadabilityIndex": 13.219263644773356, "linsearWriteIndex": 1.6179463459759482, "author": "", "locationNameNum": 4, "locationNameRate": 0.00851063829787234, "personNameNum": 0, "personNameRate": 0.0, "organizationNameNum": 0, "organizationNameRate": 0.0, "misspelledNum": 1, "misspelledRate": 0.002127659574468085, "missingAccentNum": 0, "missingAccentRate": 0.0, "foreignAccentNum": 0, "foreignAccentRate": 0.0, "wordConcatNum": 0, "wordConcatRate": 0.0, "jLyMistakeNum": 0, "jLyMistakeRate": 0.0, "publicVNum": 0, "freqSuffixNum": 0, "partsNum": 174, "clauseWordNum": 61, "privateVNum": 0}