{"tokenNum": 97, "sentenceNum": 6, "lemmaNum": 70, "lemmaRate": 0.7216494845360825, "sentenceLength": 16.166666666666668, "allUpperNum": 2, "firstUpperNum": 18, "allUpperRate": 0.020618556701030927, "firstUpperRate": 0.18556701030927836, "declarSentNum": 6, "imperSentNum": 0, "questionNum": 0, "declarSentRate": 1.0, "imperSentRate": 0.0, "questionRate": 0.0, "accent": false, "saturation": 5.0, "paragraphNum": 0, "nounNum": 25, "verbNum": 10, "adjNum": 5, "infNum": 2, "partPastNum": 0, "partPresNum": 1, "partFutNum": 0, "transNum": 0, "xNum": 9, "advNum": 12, "properNounNum": 13, "numNum": 3, "conjNum": 7, "punctNum": 19, "pronNum": 1, "relPronNum": 0, "demPronNum": 4, "adposNum": 0, "multiplePunctNum": 2, "phraseNum": 0, "nounRate": 0.25773195876288657, "verbRate": 0.10309278350515463, "adjRate": 0.05154639175257732, "infRate": 0.020618556701030927, "partPastRate": 0.0, "partPresRate": 0.010309278350515464, "partFutRate": 0.0, "transRate": 0.0, "xRate": 0.09278350515463918, "advRate": 0.12371134020618557, "properNounRate": 0.13402061855670103, "numRate": 0.030927835051546393, "conjRate": 0.07216494845360824, "punctRate": 0.1958762886597938, "pronRate": 0.010309278350515464, "relPronRate": 0.0, "demPronRate": 0.041237113402061855, "adposRate": 0.0, "multiplePunctRate": 0.10526315789473684, "partsDensityRate": 3.7142857142857144, "contentfulness": 8.666666666666666, "phraseRate": 0.0, "pastTenseNum": 1, "presentTenseNum": 7, "condNum": 1, "impNum": 2, "freqNum": 0, "causNum": 0, "modalNum": 0, "sg1VerbNum": 10, "sg2VerbNum": 10, "sg3VerbNum": 10, "pl1VerbNum": 10, "pl2VerbNum": 10, "pl3VerbNum": 10, "superlatNum": 0, "comparatNum": 0, "specDerivSuffixNum": 0, "pluralNounNum": 4, "pastTenseRate": 0.1, "presentTenseRate": 0.7, "condRate": 0.1, "impRate": 0.2, "freqRate": 0.0, "causRate": 0.0, "modalRate": 0.0, "sg1VerbRate": 1.0, "sg2VerbRate": 1.0, "sg3VerbRate": 1.0, "pl1VerbRate": 1.0, "pl2VerbRate": 1.0, "pl3VerbRate": 1.0, "superlatRate": 0.0, "comparatRate": 0.0, "specDerivSuffixRate": 0.0, "pluralNounRate": 0.16, "subjNum": 5, "objNum": 1, "attNum": 4, "subordNum": 3, "adverbNum": 14, "coordNum": 3, "clauseNum": 14, "simpleNum": 5, "complexNum": 1, "complexity1Num": 0, "complexity2Num": 0, "complexity3Num": 0, "compoundNum": 0, "subjRate": 0.05154639175257732, "objRate": 0.010309278350515464, "attRate": 0.041237113402061855, "subordRate": 0.030927835051546393, "adverbRate": 0.14432989690721648, "coordRate": 0.030927835051546393, "partsRate": 1.9285714285714286, "clauseRate": 2.3333333333333335, "simpleRate": 0.8333333333333334, "complexRate": 0.16666666666666666, "complexity1Rate": 0.0, "complexity2Rate": 0.0, "complexity3Rate": 0.0, "complexClauseRate": 9.0, "sentencesPerParagraph": 0.0, "wordsLengthRate": 4.833333333333333, "compoundRate": 0.0, "positiveNum": 0, "negativeNum": 0, "precoPositiveNum": 0, "precoNegativeNum": 0, "negemoNum": 0, "negationNum": 3, "functionNum": 45, "contentNum": 52, "vulgarNum": 0, "racistNum": 0, "specStyleNum": 0, "addressingNum": 0, "closingNum": 0, "postscriptNum": 0, "brutalNum": 0, "positiveRate": 0.0, "negativeRate": 0.0, "precoPositiveRate": 0.0, "precoNegativeRate": 0.0, "negemoRate": 0.0, "negationRate": 0.030927835051546393, "functionRate": 0.4639175257731959, "contentRate": 0.5360824742268041, "vulgarRate": 0.0, "racistRate": 0.0, "specStyleRate": 0.0, "addressingRate": 0.0, "closingRate": 0.0, "postscriptRate": 0.0, "brutalRate": 0.0, "epistemicNum": 0, "investNum": 0, "conditionNum": 0, "weaselNum": 0, "peacockNum": 0, "hedgeNum": 0, "doxasticNum": 0, "epistemicRate": 0.0, "investRate": 0.0, "conditionRate": 0.0, "weaselRate": 0.0, "peacockRate": 0.0, "hedgeRate": 0.0, "doxasticRate": 0.0, "loveNum": 0, "anxietyNum": 0, "sorrowNum": 0, "joyNum": 0, "disgustNum": 0, "fearNum": 0, "surpriseNum": 0, "angerNum": 0, "loveRate": 0.0, "anxietyRate": 0.0, "sorrowRate": 0.0, "joyRate": 0.0, "disgustRate": 0.0, "fearRate": 0.0, "surpriseRate": 0.0, "angerRate": 0.0, "slangBeGeneralNum": 0, "slangBeCigaretteNum": 0, "slangBeHumanNum": 0, "slangBeVehicleNum": 0, "slangBeDrugNum": 0, "slangBvNum": 0, "slangBeGeneralRate": 0.0, "slangBeCigaretteRate": 0.0, "slangBeHumanRate": 0.0, "slangBeVehicleRate": 0.0, "slangBeDrugRate": 0.0, "slangBvRate": 0.0, "speechactNum": 0, "quoteNum": 0, "dashNum": 0, "publicNum": 0, "privateNum": 0, "suasiveNum": 0, "discMarkerNum": 0, "smileyNum": 0, "dateNum": 0, "hesitationNum": 0, "restartNum": 0, "repeatNum": 0, "conjBeforeDiscNum": 0, "conjAfterDiscNum": 0, "wordBeforeHesitationNum": 0, "wordAfterHesitationNum": 0, "otherCollocationNum": 0, "speechactRate": 0.0, "quoteRate": 0.0, "dashRate": 0.0, "publicRate": 0.0, "privateRate": 0.0, "suasiveRate": 0.0, "discMarkerRate": 0.0, "smileyRate": 0.0, "dateRate": 0.0, "hesitationRate": 0.0, "restartRate": 0.0, "repeatRate": 0.0, "conjBeforeDiscRate": 0.0, "conjAfterDiscRate": 0.0, "wordBeforeHesitationRate": 0.0, "wordAfterHesitationRate": 0.0, "otherCollocationRate": 0.0, "easyWordNum": 92, "hardWordNum": 5, "easyWordRate": 0.9484536082474226, "hardWordRate": 0.05154639175257732, "fleschReadingEaseScore": 80.5330498281787, "gunningFogIndex": 6.4872852233676985, "fleschKincaidGradeLevel": 6.042835051546394, "colemanLiauIndex": 7.881257731958762, "smogIndex": 5.46131890053228, "automatedReadabilityIndex": 5.59044673539519, "linsearWriteIndex": 7.25, "author": "", "locationNameNum": 0, "locationNameRate": 0.0, "personNameNum": 5, "personNameRate": 0.05154639175257732, "organizationNameNum": 0, "organizationNameRate": 0.0, "misspelledNum": 23, "misspelledRate": 0.23711340206185566, "missingAccentNum": 19, "missingAccentRate": 0.1958762886597938, "foreignAccentNum": 0, "foreignAccentRate": 0.0, "wordConcatNum": 0, "wordConcatRate": 0.0, "jLyMistakeNum": 0, "jLyMistakeRate": 0.0, "publicVNum": 0, "freqSuffixNum": 0, "partsNum": 27, "clauseWordNum": 14, "privateVNum": 0}