{"tokenNum": 126, "sentenceNum": 8, "lemmaNum": 78, "lemmaRate": 0.6190476190476191, "sentenceLength": 15.75, "allUpperNum": 0, "firstUpperNum": 9, "allUpperRate": 0.0, "firstUpperRate": 0.07142857142857142, "declarSentNum": 8, "imperSentNum": 0, "questionNum": 0, "declarSentRate": 1.0, "imperSentRate": 0.0, "questionRate": 0.0, "accent": true, "saturation": 3.7142857142857144, "paragraphNum": 0, "nounNum": 22, "verbNum": 15, "adjNum": 18, "infNum": 1, "partPastNum": 0, "partPresNum": 0, "partFutNum": 0, "transNum": 0, "xNum": 7, "advNum": 13, "properNounNum": 1, "numNum": 0, "conjNum": 13, "punctNum": 20, "pronNum": 3, "relPronNum": 0, "demPronNum": 4, "adposNum": 0, "multiplePunctNum": 1, "phraseNum": 0, "nounRate": 0.1746031746031746, "verbRate": 0.11904761904761904, "adjRate": 0.14285714285714285, "infRate": 0.007936507936507936, "partPastRate": 0.0, "partPresRate": 0.0, "partFutRate": 0.0, "transRate": 0.0, "xRate": 0.05555555555555555, "advRate": 0.10317460317460317, "properNounRate": 0.007936507936507936, "numRate": 0.0, "conjRate": 0.10317460317460317, "punctRate": 0.15873015873015872, "pronRate": 0.023809523809523808, "relPronRate": 0.0, "demPronRate": 0.031746031746031744, "adposRate": 0.0, "multiplePunctRate": 0.05, "partsDensityRate": 3.238095238095238, "contentfulness": 8.5, "phraseRate": 0.0, "pastTenseNum": 5, "presentTenseNum": 9, "condNum": 1, "impNum": 1, "freqNum": 0, "causNum": 0, "modalNum": 1, "sg1VerbNum": 15, "sg2VerbNum": 15, "sg3VerbNum": 15, "pl1VerbNum": 15, "pl2VerbNum": 15, "pl3VerbNum": 15, "superlatNum": 0, "comparatNum": 0, "specDerivSuffixNum": 0, "pluralNounNum": 4, "pastTenseRate": 0.3333333333333333, "presentTenseRate": 0.6, "condRate": 0.06666666666666667, "impRate": 0.06666666666666667, "freqRate": 0.0, "causRate": 0.0, "modalRate": 0.06666666666666667, "sg1VerbRate": 1.0, "sg2VerbRate": 1.0, "sg3VerbRate": 1.0, "pl1VerbRate": 1.0, "pl2VerbRate": 1.0, "pl3VerbRate": 1.0, "superlatRate": 0.0, "comparatRate": 0.0, "specDerivSuffixRate": 0.0, "pluralNounRate": 0.18181818181818182, "subjNum": 10, "objNum": 3, "attNum": 9, "subordNum": 5, "adverbNum": 20, "coordNum": 10, "clauseNum": 21, "simpleNum": 1, "complexNum": 7, "complexity1Num": 3, "complexity2Num": 3, "complexity3Num": 0, "compoundNum": 0, "subjRate": 0.07936507936507936, "objRate": 0.023809523809523808, "attRate": 0.07142857142857142, "subordRate": 0.03968253968253968, "adverbRate": 0.15873015873015872, "coordRate": 0.07936507936507936, "partsRate": 2.4761904761904763, "clauseRate": 2.625, "simpleRate": 0.125, "complexRate": 0.875, "complexity1Rate": 0.375, "complexity2Rate": 0.375, "complexity3Rate": 0.0, "complexClauseRate": 2.857142857142857, "sentencesPerParagraph": 0.0, "wordsLengthRate": 5.188679245283019, "compoundRate": 0.0, "positiveNum": 0, "negativeNum": 0, "precoPositiveNum": 0, "precoNegativeNum": 0, "negemoNum": 0, "negationNum": 6, "functionNum": 58, "contentNum": 68, "vulgarNum": 0, "racistNum": 0, "specStyleNum": 0, "addressingNum": 0, "closingNum": 0, "postscriptNum": 0, "brutalNum": 0, "positiveRate": 0.0, "negativeRate": 0.0, "precoPositiveRate": 0.0, "precoNegativeRate": 0.0, "negemoRate": 0.0, "negationRate": 0.047619047619047616, "functionRate": 0.4603174603174603, "contentRate": 0.5396825396825397, "vulgarRate": 0.0, "racistRate": 0.0, "specStyleRate": 0.0, "addressingRate": 0.0, "closingRate": 0.0, "postscriptRate": 0.0, "brutalRate": 0.0, "epistemicNum": 0, "investNum": 0, "conditionNum": 0, "weaselNum": 0, "peacockNum": 0, "hedgeNum": 0, "doxasticNum": 0, "epistemicRate": 0.0, "investRate": 0.0, "conditionRate": 0.0, "weaselRate": 0.0, "peacockRate": 0.0, "hedgeRate": 0.0, "doxasticRate": 0.0, "loveNum": 0, "anxietyNum": 0, "sorrowNum": 0, "joyNum": 0, "disgustNum": 0, "fearNum": 0, "surpriseNum": 0, "angerNum": 0, "loveRate": 0.0, "anxietyRate": 0.0, "sorrowRate": 0.0, "joyRate": 0.0, "disgustRate": 0.0, "fearRate": 0.0, "surpriseRate": 0.0, "angerRate": 0.0, "slangBeGeneralNum": 0, "slangBeCigaretteNum": 0, "slangBeHumanNum": 0, "slangBeVehicleNum": 0, "slangBeDrugNum": 0, "slangBvNum": 0, "slangBeGeneralRate": 0.0, "slangBeCigaretteRate": 0.0, "slangBeHumanRate": 0.0, "slangBeVehicleRate": 0.0, "slangBeDrugRate": 0.0, "slangBvRate": 0.0, "speechactNum": 0, "quoteNum": 0, "dashNum": 0, "publicNum": 0, "privateNum": 0, "suasiveNum": 0, "discMarkerNum": 0, "smileyNum": 0, "dateNum": 0, "hesitationNum": 0, "restartNum": 0, "repeatNum": 0, "conjBeforeDiscNum": 0, "conjAfterDiscNum": 0, "wordBeforeHesitationNum": 0, "wordAfterHesitationNum": 0, "otherCollocationNum": 0, "speechactRate": 0.0, "quoteRate": 0.0, "dashRate": 0.0, "publicRate": 0.0, "privateRate": 0.0, "suasiveRate": 0.0, "discMarkerRate": 0.0, "smileyRate": 0.0, "dateRate": 0.0, "hesitationRate": 0.0, "restartRate": 0.0, "repeatRate": 0.0, "conjBeforeDiscRate": 0.0, "conjAfterDiscRate": 0.0, "wordBeforeHesitationRate": 0.0, "wordAfterHesitationRate": 0.0, "otherCollocationRate": 0.0, "easyWordNum": 113, "hardWordNum": 13, "easyWordRate": 0.8968253968253969, "hardWordRate": 0.10317460317460317, "fleschReadingEaseScore": 59.92017857142858, "gunningFogIndex": 6.341269841269842, "fleschKincaidGradeLevel": 8.814404761904765, "colemanLiauIndex": 10.517825396825398, "smogIndex": 6.88968998030894, "automatedReadabilityIndex": 7.4904761904761905, "linsearWriteIndex": 6.192460317460317, "author": "", "locationNameNum": 0, "locationNameRate": 0.0, "personNameNum": 1, "personNameRate": 0.007936507936507936, "organizationNameNum": 0, "organizationNameRate": 0.0, "misspelledNum": 3, "misspelledRate": 0.023809523809523808, "missingAccentNum": 2, "missingAccentRate": 0.015873015873015872, "foreignAccentNum": 0, "foreignAccentRate": 0.0, "wordConcatNum": 0, "wordConcatRate": 0.0, "jLyMistakeNum": 0, "jLyMistakeRate": 0.0, "publicVNum": 0, "freqSuffixNum": 0, "partsNum": 52, "clauseWordNum": 21, "privateVNum": 0}