{"tokenNum": 157, "sentenceNum": 15, "lemmaNum": 90, "lemmaRate": 0.5732484076433121, "sentenceLength": 10.466666666666667, "allUpperNum": 4, "firstUpperNum": 20, "allUpperRate": 0.025477707006369428, "firstUpperRate": 0.12738853503184713, "declarSentNum": 15, "imperSentNum": 0, "questionNum": 0, "declarSentRate": 1.0, "imperSentRate": 0.0, "questionRate": 0.0, "accent": false, "saturation": 3.103448275862069, "paragraphNum": 0, "nounNum": 32, "verbNum": 23, "adjNum": 6, "infNum": 3, "partPastNum": 0, "partPresNum": 0, "partFutNum": 0, "transNum": 1, "xNum": 14, "advNum": 9, "properNounNum": 6, "numNum": 4, "conjNum": 11, "punctNum": 33, "pronNum": 7, "relPronNum": 1, "demPronNum": 2, "adposNum": 2, "multiplePunctNum": 0, "phraseNum": 0, "nounRate": 0.20382165605095542, "verbRate": 0.1464968152866242, "adjRate": 0.03821656050955414, "infRate": 0.01910828025477707, "partPastRate": 0.0, "partPresRate": 0.0, "partFutRate": 0.0, "transRate": 0.006369426751592357, "xRate": 0.08917197452229299, "advRate": 0.05732484076433121, "properNounRate": 0.03821656050955414, "numRate": 0.025477707006369428, "conjRate": 0.07006369426751592, "punctRate": 0.21019108280254778, "pronRate": 0.044585987261146494, "relPronRate": 0.006369426751592357, "demPronRate": 0.012738853503184714, "adposRate": 0.012738853503184714, "multiplePunctRate": 0.0, "partsDensityRate": 2.413793103448276, "contentfulness": 4.666666666666667, "phraseRate": 0.0, "pastTenseNum": 9, "presentTenseNum": 11, "condNum": 0, "impNum": 2, "freqNum": 0, "causNum": 0, "modalNum": 1, "sg1VerbNum": 23, "sg2VerbNum": 23, "sg3VerbNum": 23, "pl1VerbNum": 23, "pl2VerbNum": 23, "pl3VerbNum": 23, "superlatNum": 0, "comparatNum": 0, "specDerivSuffixNum": 0, "pluralNounNum": 5, "pastTenseRate": 0.391304347826087, "presentTenseRate": 0.4782608695652174, "condRate": 0.0, "impRate": 0.08695652173913043, "freqRate": 0.0, "causRate": 0.0, "modalRate": 0.043478260869565216, "sg1VerbRate": 1.0, "sg2VerbRate": 1.0, "sg3VerbRate": 1.0, "pl1VerbRate": 1.0, "pl2VerbRate": 1.0, "pl3VerbRate": 1.0, "superlatRate": 0.0, "comparatRate": 0.0, "specDerivSuffixRate": 0.0, "pluralNounRate": 0.15625, "subjNum": 14, "objNum": 4, "attNum": 5, "subordNum": 5, "adverbNum": 10, "coordNum": 7, "clauseNum": 29, "simpleNum": 6, "complexNum": 9, "complexity1Num": 6, "complexity2Num": 1, "complexity3Num": 2, "compoundNum": 0, "subjRate": 0.08917197452229299, "objRate": 0.025477707006369428, "attRate": 0.03184713375796178, "subordRate": 0.03184713375796178, "adverbRate": 0.06369426751592357, "coordRate": 0.044585987261146494, "partsRate": 1.3793103448275863, "clauseRate": 1.9333333333333333, "simpleRate": 0.4, "complexRate": 0.6, "complexity1Rate": 0.4, "complexity2Rate": 0.06666666666666667, "complexity3Rate": 0.13333333333333333, "complexClauseRate": 2.5555555555555554, "sentencesPerParagraph": 0.0, "wordsLengthRate": 4.42741935483871, "compoundRate": 0.0, "positiveNum": 0, "negativeNum": 0, "precoPositiveNum": 0, "precoNegativeNum": 0, "negemoNum": 0, "negationNum": 1, "functionNum": 87, "contentNum": 70, "vulgarNum": 0, "racistNum": 0, "specStyleNum": 0, "addressingNum": 0, "closingNum": 0, "postscriptNum": 0, "brutalNum": 0, "positiveRate": 0.0, "negativeRate": 0.0, "precoPositiveRate": 0.0, "precoNegativeRate": 0.0, "negemoRate": 0.0, "negationRate": 0.006369426751592357, "functionRate": 0.554140127388535, "contentRate": 0.445859872611465, "vulgarRate": 0.0, "racistRate": 0.0, "specStyleRate": 0.0, "addressingRate": 0.0, "closingRate": 0.0, "postscriptRate": 0.0, "brutalRate": 0.0, "epistemicNum": 0, "investNum": 0, "conditionNum": 0, "weaselNum": 0, "peacockNum": 0, "hedgeNum": 0, "doxasticNum": 0, "epistemicRate": 0.0, "investRate": 0.0, "conditionRate": 0.0, "weaselRate": 0.0, "peacockRate": 0.0, "hedgeRate": 0.0, "doxasticRate": 0.0, "loveNum": 0, "anxietyNum": 0, "sorrowNum": 0, "joyNum": 0, "disgustNum": 0, "fearNum": 0, "surpriseNum": 0, "angerNum": 0, "loveRate": 0.0, "anxietyRate": 0.0, "sorrowRate": 0.0, "joyRate": 0.0, "disgustRate": 0.0, "fearRate": 0.0, "surpriseRate": 0.0, "angerRate": 0.0, "slangBeGeneralNum": 0, "slangBeCigaretteNum": 0, "slangBeHumanNum": 0, "slangBeVehicleNum": 0, "slangBeDrugNum": 0, "slangBvNum": 0, "slangBeGeneralRate": 0.0, "slangBeCigaretteRate": 0.0, "slangBeHumanRate": 0.0, "slangBeVehicleRate": 0.0, "slangBeDrugRate": 0.0, "slangBvRate": 0.0, "speechactNum": 0, "quoteNum": 0, "dashNum": 0, "publicNum": 0, "privateNum": 0, "suasiveNum": 0, "discMarkerNum": 0, "smileyNum": 0, "dateNum": 0, "hesitationNum": 0, "restartNum": 0, "repeatNum": 2, "conjBeforeDiscNum": 0, "conjAfterDiscNum": 0, "wordBeforeHesitationNum": 0, "wordAfterHesitationNum": 0, "otherCollocationNum": 0, "speechactRate": 0.0, "quoteRate": 0.0, "dashRate": 0.0, "publicRate": 0.0, "privateRate": 0.0, "suasiveRate": 0.0, "discMarkerRate": 0.0, "smileyRate": 0.0, "dateRate": 0.0, "hesitationRate": 0.0, "restartRate": 0.0, "repeatRate": 0.012738853503184714, "conjBeforeDiscRate": 0.0, "conjAfterDiscRate": 0.0, "wordBeforeHesitationRate": 0.0, "wordAfterHesitationRate": 0.0, "otherCollocationRate": 0.0, "easyWordNum": 151, "hardWordNum": 6, "easyWordRate": 0.9617834394904459, "hardWordRate": 0.03821656050955414, "fleschReadingEaseScore": 101.3731167728238, "gunningFogIndex": 4.201953290870488, "fleschKincaidGradeLevel": 1.7200254777070079, "colemanLiauIndex": 5.43372611464968, "smogIndex": 5.683917801722854, "automatedReadabilityIndex": 0.783333333333335, "linsearWriteIndex": 2.2908704883227173, "author": "", "locationNameNum": 3, "locationNameRate": 0.01910828025477707, "personNameNum": 1, "personNameRate": 0.006369426751592357, "organizationNameNum": 0, "organizationNameRate": 0.0, "misspelledNum": 37, "misspelledRate": 0.2356687898089172, "missingAccentNum": 31, "missingAccentRate": 0.19745222929936307, "foreignAccentNum": 0, "foreignAccentRate": 0.0, "wordConcatNum": 2, "wordConcatRate": 0.012738853503184714, "jLyMistakeNum": 1, "jLyMistakeRate": 0.006369426751592357, "publicVNum": 0, "freqSuffixNum": 0, "partsNum": 40, "clauseWordNum": 29, "privateVNum": 0}