{"tokenNum": 127, "sentenceNum": 19, "lemmaNum": 74, "lemmaRate": 0.5826771653543307, "sentenceLength": 6.684210526315789, "allUpperNum": 0, "firstUpperNum": 20, "allUpperRate": 0.0, "firstUpperRate": 0.15748031496062992, "declarSentNum": 18, "imperSentNum": 0, "questionNum": 1, "declarSentRate": 0.9473684210526315, "imperSentRate": 0.0, "questionRate": 0.05263157894736842, "accent": true, "saturation": 3.217391304347826, "paragraphNum": 0, "nounNum": 15, "verbNum": 16, "adjNum": 7, "infNum": 2, "partPastNum": 0, "partPresNum": 0, "partFutNum": 0, "transNum": 1, "xNum": 17, "advNum": 15, "properNounNum": 2, "numNum": 1, "conjNum": 3, "punctNum": 39, "pronNum": 5, "relPronNum": 1, "demPronNum": 3, "adposNum": 0, "multiplePunctNum": 3, "phraseNum": 0, "nounRate": 0.11811023622047244, "verbRate": 0.12598425196850394, "adjRate": 0.05511811023622047, "infRate": 0.015748031496062992, "partPastRate": 0.0, "partPresRate": 0.0, "partFutRate": 0.0, "transRate": 0.007874015748031496, "xRate": 0.13385826771653545, "advRate": 0.11811023622047244, "properNounRate": 0.015748031496062992, "numRate": 0.007874015748031496, "conjRate": 0.023622047244094488, "punctRate": 0.30708661417322836, "pronRate": 0.03937007874015748, "relPronRate": 0.007874015748031496, "demPronRate": 0.023622047244094488, "adposRate": 0.0, "multiplePunctRate": 0.07692307692307693, "partsDensityRate": 2.3043478260869565, "contentfulness": 2.789473684210526, "phraseRate": 0.0, "pastTenseNum": 3, "presentTenseNum": 11, "condNum": 0, "impNum": 2, "freqNum": 0, "causNum": 0, "modalNum": 0, "sg1VerbNum": 16, "sg2VerbNum": 16, "sg3VerbNum": 16, "pl1VerbNum": 16, "pl2VerbNum": 16, "pl3VerbNum": 16, "superlatNum": 0, "comparatNum": 0, "specDerivSuffixNum": 0, "pluralNounNum": 0, "pastTenseRate": 0.1875, "presentTenseRate": 0.6875, "condRate": 0.0, "impRate": 0.125, "freqRate": 0.0, "causRate": 0.0, "modalRate": 0.0, "sg1VerbRate": 1.0, "sg2VerbRate": 1.0, "sg3VerbRate": 1.0, "pl1VerbRate": 1.0, "pl2VerbRate": 1.0, "pl3VerbRate": 1.0, "superlatRate": 0.0, "comparatRate": 0.0, "specDerivSuffixRate": 0.0, "pluralNounRate": 0.0, "subjNum": 4, "objNum": 3, "attNum": 3, "subordNum": 2, "adverbNum": 17, "coordNum": 0, "clauseNum": 23, "simpleNum": 16, "complexNum": 3, "complexity1Num": 2, "complexity2Num": 1, "complexity3Num": 0, "compoundNum": 0, "subjRate": 0.031496062992125984, "objRate": 0.023622047244094488, "attRate": 0.023622047244094488, "subordRate": 0.015748031496062992, "adverbRate": 0.13385826771653545, "coordRate": 0.0, "partsRate": 1.173913043478261, "clauseRate": 1.2105263157894737, "simpleRate": 0.8421052631578947, "complexRate": 0.15789473684210525, "complexity1Rate": 0.10526315789473684, "complexity2Rate": 0.05263157894736842, "complexity3Rate": 0.0, "complexClauseRate": 2.3333333333333335, "sentencesPerParagraph": 0.0, "wordsLengthRate": 4.5227272727272725, "compoundRate": 0.0, "positiveNum": 0, "negativeNum": 0, "precoPositiveNum": 0, "precoNegativeNum": 0, "negemoNum": 0, "negationNum": 2, "functionNum": 74, "contentNum": 53, "vulgarNum": 0, "racistNum": 0, "specStyleNum": 0, "addressingNum": 0, "closingNum": 0, "postscriptNum": 0, "brutalNum": 0, "positiveRate": 0.0, "negativeRate": 0.0, "precoPositiveRate": 0.0, "precoNegativeRate": 0.0, "negemoRate": 0.0, "negationRate": 0.015748031496062992, "functionRate": 0.5826771653543307, "contentRate": 0.41732283464566927, "vulgarRate": 0.0, "racistRate": 0.0, "specStyleRate": 0.0, "addressingRate": 0.0, "closingRate": 0.0, "postscriptRate": 0.0, "brutalRate": 0.0, "epistemicNum": 0, "investNum": 0, "conditionNum": 0, "weaselNum": 0, "peacockNum": 0, "hedgeNum": 0, "doxasticNum": 0, "epistemicRate": 0.0, "investRate": 0.0, "conditionRate": 0.0, "weaselRate": 0.0, "peacockRate": 0.0, "hedgeRate": 0.0, "doxasticRate": 0.0, "loveNum": 0, "anxietyNum": 0, "sorrowNum": 0, "joyNum": 0, "disgustNum": 0, "fearNum": 0, "surpriseNum": 0, "angerNum": 0, "loveRate": 0.0, "anxietyRate": 0.0, "sorrowRate": 0.0, "joyRate": 0.0, "disgustRate": 0.0, "fearRate": 0.0, "surpriseRate": 0.0, "angerRate": 0.0, "slangBeGeneralNum": 0, "slangBeCigaretteNum": 0, "slangBeHumanNum": 0, "slangBeVehicleNum": 0, "slangBeDrugNum": 0, "slangBvNum": 0, "slangBeGeneralRate": 0.0, "slangBeCigaretteRate": 0.0, "slangBeHumanRate": 0.0, "slangBeVehicleRate": 0.0, "slangBeDrugRate": 0.0, "slangBvRate": 0.0, "speechactNum": 0, "quoteNum": 0, "dashNum": 0, "publicNum": 0, "privateNum": 0, "suasiveNum": 0, "discMarkerNum": 0, "smileyNum": 0, "dateNum": 0, "hesitationNum": 0, "restartNum": 0, "repeatNum": 4, "conjBeforeDiscNum": 0, "conjAfterDiscNum": 0, "wordBeforeHesitationNum": 0, "wordAfterHesitationNum": 0, "otherCollocationNum": 0, "speechactRate": 0.0, "quoteRate": 0.0, "dashRate": 0.0, "publicRate": 0.0, "privateRate": 0.0, "suasiveRate": 0.0, "discMarkerRate": 0.0, "smileyRate": 0.0, "dateRate": 0.0, "hesitationRate": 0.0, "restartRate": 0.0, "repeatRate": 0.031496062992125984, "conjBeforeDiscRate": 0.0, "conjAfterDiscRate": 0.0, "wordBeforeHesitationRate": 0.0, "wordAfterHesitationRate": 0.0, "otherCollocationRate": 0.0, "easyWordNum": 124, "hardWordNum": 3, "easyWordRate": 0.9763779527559056, "hardWordRate": 0.023622047244094488, "fleschReadingEaseScore": 123.44422710319107, "gunningFogIndex": 2.6831330294239537, "fleschKincaidGradeLevel": -2.2981185246581006, "colemanLiauIndex": 3.6319133858267705, "smogIndex": 4.935628992294339, "automatedReadabilityIndex": -2.548603398259427, "linsearWriteIndex": 1.403646912556983, "author": "", "locationNameNum": 0, "locationNameRate": 0.0, "personNameNum": 0, "personNameRate": 0.0, "organizationNameNum": 0, "organizationNameRate": 0.0, "misspelledNum": 1, "misspelledRate": 0.007874015748031496, "missingAccentNum": 0, "missingAccentRate": 0.0, "foreignAccentNum": 0, "foreignAccentRate": 0.0, "wordConcatNum": 0, "wordConcatRate": 0.0, "jLyMistakeNum": 0, "jLyMistakeRate": 0.0, "publicVNum": 0, "freqSuffixNum": 0, "partsNum": 27, "clauseWordNum": 23, "privateVNum": 0}