{"tokenNum": 155, "sentenceNum": 7, "lemmaNum": 89, "lemmaRate": 0.5741935483870968, "sentenceLength": 22.142857142857142, "allUpperNum": 1, "firstUpperNum": 8, "allUpperRate": 0.0064516129032258064, "firstUpperRate": 0.05161290322580645, "declarSentNum": 6, "imperSentNum": 1, "questionNum": 0, "declarSentRate": 0.8571428571428571, "imperSentRate": 0.14285714285714285, "questionRate": 0.0, "accent": true, "saturation": 4.045454545454546, "paragraphNum": 0, "nounNum": 30, "verbNum": 20, "adjNum": 7, "infNum": 3, "partPastNum": 2, "partPresNum": 1, "partFutNum": 0, "transNum": 0, "xNum": 6, "advNum": 17, "properNounNum": 0, "numNum": 0, "conjNum": 15, "punctNum": 28, "pronNum": 10, "relPronNum": 1, "demPronNum": 7, "adposNum": 3, "multiplePunctNum": 0, "phraseNum": 0, "nounRate": 0.1935483870967742, "verbRate": 0.12903225806451613, "adjRate": 0.04516129032258064, "infRate": 0.01935483870967742, "partPastRate": 0.012903225806451613, "partPresRate": 0.0064516129032258064, "partFutRate": 0.0, "transRate": 0.0, "xRate": 0.03870967741935484, "advRate": 0.10967741935483871, "properNounRate": 0.0, "numRate": 0.0, "conjRate": 0.0967741935483871, "punctRate": 0.18064516129032257, "pronRate": 0.06451612903225806, "relPronRate": 0.0064516129032258064, "demPronRate": 0.04516129032258064, "adposRate": 0.01935483870967742, "multiplePunctRate": 0.0, "partsDensityRate": 3.3636363636363638, "contentfulness": 10.571428571428571, "phraseRate": 0.0, "pastTenseNum": 2, "presentTenseNum": 15, "condNum": 2, "impNum": 4, "freqNum": 0, "causNum": 0, "modalNum": 0, "sg1VerbNum": 20, "sg2VerbNum": 20, "sg3VerbNum": 20, "pl1VerbNum": 20, "pl2VerbNum": 20, "pl3VerbNum": 20, "superlatNum": 0, "comparatNum": 0, "specDerivSuffixNum": 0, "pluralNounNum": 2, "pastTenseRate": 0.1, "presentTenseRate": 0.75, "condRate": 0.1, "impRate": 0.2, "freqRate": 0.0, "causRate": 0.0, "modalRate": 0.0, "sg1VerbRate": 1.0, "sg2VerbRate": 1.0, "sg3VerbRate": 1.0, "pl1VerbRate": 1.0, "pl2VerbRate": 1.0, "pl3VerbRate": 1.0, "superlatRate": 0.0, "comparatRate": 0.0, "specDerivSuffixRate": 0.0, "pluralNounRate": 0.06666666666666667, "subjNum": 10, "objNum": 8, "attNum": 5, "subordNum": 9, "adverbNum": 19, "coordNum": 6, "clauseNum": 22, "simpleNum": 2, "complexNum": 5, "complexity1Num": 0, "complexity2Num": 3, "complexity3Num": 0, "compoundNum": 0, "subjRate": 0.06451612903225806, "objRate": 0.05161290322580645, "attRate": 0.03225806451612903, "subordRate": 0.05806451612903226, "adverbRate": 0.12258064516129032, "coordRate": 0.03870967741935484, "partsRate": 2.1818181818181817, "clauseRate": 3.142857142857143, "simpleRate": 0.2857142857142857, "complexRate": 0.7142857142857143, "complexity1Rate": 0.0, "complexity2Rate": 0.42857142857142855, "complexity3Rate": 0.0, "complexClauseRate": 4.0, "sentencesPerParagraph": 0.0, "wordsLengthRate": 5.4015748031496065, "compoundRate": 0.0, "positiveNum": 0, "negativeNum": 0, "precoPositiveNum": 0, "precoNegativeNum": 0, "negemoNum": 0, "negationNum": 3, "functionNum": 81, "contentNum": 74, "vulgarNum": 0, "racistNum": 0, "specStyleNum": 0, "addressingNum": 0, "closingNum": 0, "postscriptNum": 0, "brutalNum": 0, "positiveRate": 0.0, "negativeRate": 0.0, "precoPositiveRate": 0.0, "precoNegativeRate": 0.0, "negemoRate": 0.0, "negationRate": 0.01935483870967742, "functionRate": 0.5225806451612903, "contentRate": 0.4774193548387097, "vulgarRate": 0.0, "racistRate": 0.0, "specStyleRate": 0.0, "addressingRate": 0.0, "closingRate": 0.0, "postscriptRate": 0.0, "brutalRate": 0.0, "epistemicNum": 0, "investNum": 0, "conditionNum": 0, "weaselNum": 0, "peacockNum": 0, "hedgeNum": 0, "doxasticNum": 0, "epistemicRate": 0.0, "investRate": 0.0, "conditionRate": 0.0, "weaselRate": 0.0, "peacockRate": 0.0, "hedgeRate": 0.0, "doxasticRate": 0.0, "loveNum": 0, "anxietyNum": 0, "sorrowNum": 0, "joyNum": 0, "disgustNum": 0, "fearNum": 0, "surpriseNum": 0, "angerNum": 0, "loveRate": 0.0, "anxietyRate": 0.0, "sorrowRate": 0.0, "joyRate": 0.0, "disgustRate": 0.0, "fearRate": 0.0, "surpriseRate": 0.0, "angerRate": 0.0, "slangBeGeneralNum": 0, "slangBeCigaretteNum": 0, "slangBeHumanNum": 0, "slangBeVehicleNum": 0, "slangBeDrugNum": 0, "slangBvNum": 0, "slangBeGeneralRate": 0.0, "slangBeCigaretteRate": 0.0, "slangBeHumanRate": 0.0, "slangBeVehicleRate": 0.0, "slangBeDrugRate": 0.0, "slangBvRate": 0.0, "speechactNum": 0, "quoteNum": 0, "dashNum": 0, "publicNum": 0, "privateNum": 0, "suasiveNum": 0, "discMarkerNum": 0, "smileyNum": 0, "dateNum": 0, "hesitationNum": 0, "restartNum": 0, "repeatNum": 2, "conjBeforeDiscNum": 0, "conjAfterDiscNum": 0, "wordBeforeHesitationNum": 0, "wordAfterHesitationNum": 0, "otherCollocationNum": 0, "speechactRate": 0.0, "quoteRate": 0.0, "dashRate": 0.0, "publicRate": 0.0, "privateRate": 0.0, "suasiveRate": 0.0, "discMarkerRate": 0.0, "smileyRate": 0.0, "dateRate": 0.0, "hesitationRate": 0.0, "restartRate": 0.0, "repeatRate": 0.012903225806451613, "conjBeforeDiscRate": 0.0, "conjAfterDiscRate": 0.0, "wordBeforeHesitationRate": 0.0, "wordAfterHesitationRate": 0.0, "otherCollocationRate": 0.0, "easyWordNum": 142, "hardWordNum": 13, "easyWordRate": 0.9161290322580645, "hardWordRate": 0.08387096774193549, "fleschReadingEaseScore": 57.73290322580647, "gunningFogIndex": 8.890691244239632, "fleschKincaidGradeLevel": 10.707649769585256, "colemanLiauIndex": 10.989864516129032, "smogIndex": 6.88968998030894, "automatedReadabilityIndex": 11.064331797235027, "linsearWriteIndex": 7.064516129032258, "author": "", "locationNameNum": 0, "locationNameRate": 0.0, "personNameNum": 0, "personNameRate": 0.0, "organizationNameNum": 0, "organizationNameRate": 0.0, "misspelledNum": 1, "misspelledRate": 0.0064516129032258064, "missingAccentNum": 0, "missingAccentRate": 0.0, "foreignAccentNum": 0, "foreignAccentRate": 0.0, "wordConcatNum": 0, "wordConcatRate": 0.0, "jLyMistakeNum": 0, "jLyMistakeRate": 0.0, "publicVNum": 0, "freqSuffixNum": 0, "partsNum": 48, "clauseWordNum": 22, "privateVNum": 0}