{"tokenNum": 121, "sentenceNum": 11, "lemmaNum": 77, "lemmaRate": 0.6363636363636364, "sentenceLength": 11.0, "allUpperNum": 0, "firstUpperNum": 11, "allUpperRate": 0.0, "firstUpperRate": 0.09090909090909091, "declarSentNum": 10, "imperSentNum": 0, "questionNum": 1, "declarSentRate": 0.9090909090909091, "imperSentRate": 0.0, "questionRate": 0.09090909090909091, "accent": true, "saturation": 3.6666666666666665, "paragraphNum": 0, "nounNum": 25, "verbNum": 14, "adjNum": 17, "infNum": 2, "partPastNum": 2, "partPresNum": 0, "partFutNum": 0, "transNum": 0, "xNum": 9, "advNum": 12, "properNounNum": 1, "numNum": 0, "conjNum": 4, "punctNum": 24, "pronNum": 8, "relPronNum": 2, "demPronNum": 6, "adposNum": 0, "multiplePunctNum": 0, "phraseNum": 0, "nounRate": 0.2066115702479339, "verbRate": 0.11570247933884298, "adjRate": 0.14049586776859505, "infRate": 0.01652892561983471, "partPastRate": 0.01652892561983471, "partPresRate": 0.0, "partFutRate": 0.0, "transRate": 0.0, "xRate": 0.0743801652892562, "advRate": 0.09917355371900827, "properNounRate": 0.008264462809917356, "numRate": 0.0, "conjRate": 0.03305785123966942, "punctRate": 0.19834710743801653, "pronRate": 0.06611570247933884, "relPronRate": 0.01652892561983471, "demPronRate": 0.049586776859504134, "adposRate": 0.0, "multiplePunctRate": 0.0, "partsDensityRate": 3.238095238095238, "contentfulness": 6.181818181818182, "phraseRate": 0.0, "pastTenseNum": 5, "presentTenseNum": 7, "condNum": 1, "impNum": 0, "freqNum": 0, "causNum": 0, "modalNum": 2, "sg1VerbNum": 14, "sg2VerbNum": 14, "sg3VerbNum": 14, "pl1VerbNum": 14, "pl2VerbNum": 14, "pl3VerbNum": 14, "superlatNum": 0, "comparatNum": 1, "specDerivSuffixNum": 0, "pluralNounNum": 7, "pastTenseRate": 0.35714285714285715, "presentTenseRate": 0.5, "condRate": 0.07142857142857142, "impRate": 0.0, "freqRate": 0.0, "causRate": 0.0, "modalRate": 0.14285714285714285, "sg1VerbRate": 1.0, "sg2VerbRate": 1.0, "sg3VerbRate": 1.0, "pl1VerbRate": 1.0, "pl2VerbRate": 1.0, "pl3VerbRate": 1.0, "superlatRate": 0.0, "comparatRate": 0.058823529411764705, "specDerivSuffixRate": 0.0, "pluralNounRate": 0.28, "subjNum": 4, "objNum": 7, "attNum": 14, "subordNum": 5, "adverbNum": 14, "coordNum": 6, "clauseNum": 21, "simpleNum": 3, "complexNum": 8, "complexity1Num": 7, "complexity2Num": 0, "complexity3Num": 1, "compoundNum": 0, "subjRate": 0.03305785123966942, "objRate": 0.05785123966942149, "attRate": 0.11570247933884298, "subordRate": 0.04132231404958678, "adverbRate": 0.11570247933884298, "coordRate": 0.049586776859504134, "partsRate": 2.142857142857143, "clauseRate": 1.9090909090909092, "simpleRate": 0.2727272727272727, "complexRate": 0.7272727272727273, "complexity1Rate": 0.6363636363636364, "complexity2Rate": 0.0, "complexity3Rate": 0.09090909090909091, "complexClauseRate": 2.25, "sentencesPerParagraph": 0.0, "wordsLengthRate": 6.051546391752577, "compoundRate": 0.0, "positiveNum": 0, "negativeNum": 0, "precoPositiveNum": 0, "precoNegativeNum": 0, "negemoNum": 0, "negationNum": 1, "functionNum": 53, "contentNum": 68, "vulgarNum": 0, "racistNum": 0, "specStyleNum": 0, "addressingNum": 0, "closingNum": 0, "postscriptNum": 0, "brutalNum": 0, "positiveRate": 0.0, "negativeRate": 0.0, "precoPositiveRate": 0.0, "precoNegativeRate": 0.0, "negemoRate": 0.0, "negationRate": 0.008264462809917356, "functionRate": 0.4380165289256198, "contentRate": 0.5619834710743802, "vulgarRate": 0.0, "racistRate": 0.0, "specStyleRate": 0.0, "addressingRate": 0.0, "closingRate": 0.0, "postscriptRate": 0.0, "brutalRate": 0.0, "epistemicNum": 0, "investNum": 0, "conditionNum": 0, "weaselNum": 0, "peacockNum": 0, "hedgeNum": 0, "doxasticNum": 0, "epistemicRate": 0.0, "investRate": 0.0, "conditionRate": 0.0, "weaselRate": 0.0, "peacockRate": 0.0, "hedgeRate": 0.0, "doxasticRate": 0.0, "loveNum": 0, "anxietyNum": 0, "sorrowNum": 0, "joyNum": 0, "disgustNum": 0, "fearNum": 0, "surpriseNum": 0, "angerNum": 0, "loveRate": 0.0, "anxietyRate": 0.0, "sorrowRate": 0.0, "joyRate": 0.0, "disgustRate": 0.0, "fearRate": 0.0, "surpriseRate": 0.0, "angerRate": 0.0, "slangBeGeneralNum": 0, "slangBeCigaretteNum": 0, "slangBeHumanNum": 0, "slangBeVehicleNum": 0, "slangBeDrugNum": 0, "slangBvNum": 0, "slangBeGeneralRate": 0.0, "slangBeCigaretteRate": 0.0, "slangBeHumanRate": 0.0, "slangBeVehicleRate": 0.0, "slangBeDrugRate": 0.0, "slangBvRate": 0.0, "speechactNum": 0, "quoteNum": 0, "dashNum": 0, "publicNum": 0, "privateNum": 0, "suasiveNum": 0, "discMarkerNum": 0, "smileyNum": 0, "dateNum": 0, "hesitationNum": 0, "restartNum": 0, "repeatNum": 0, "conjBeforeDiscNum": 0, "conjAfterDiscNum": 0, "wordBeforeHesitationNum": 0, "wordAfterHesitationNum": 0, "otherCollocationNum": 0, "speechactRate": 0.0, "quoteRate": 0.0, "dashRate": 0.0, "publicRate": 0.0, "privateRate": 0.0, "suasiveRate": 0.0, "discMarkerRate": 0.0, "smileyRate": 0.0, "dateRate": 0.0, "hesitationRate": 0.0, "restartRate": 0.0, "repeatRate": 0.0, "conjBeforeDiscRate": 0.0, "conjAfterDiscRate": 0.0, "wordBeforeHesitationRate": 0.0, "wordAfterHesitationRate": 0.0, "otherCollocationRate": 0.0, "easyWordNum": 103, "hardWordNum": 18, "easyWordRate": 0.8512396694214877, "hardWordRate": 0.1487603305785124, "fleschReadingEaseScore": 62.82702479338843, "gunningFogIndex": 4.459504132231405, "fleschKincaidGradeLevel": 7.228925619834712, "colemanLiauIndex": 13.503694214876031, "smogIndex": 7.554174236665414, "automatedReadabilityIndex": 7.503223140495866, "linsearWriteIndex": 4.559729526671675, "author": "", "locationNameNum": 0, "locationNameRate": 0.0, "personNameNum": 0, "personNameRate": 0.0, "organizationNameNum": 0, "organizationNameRate": 0.0, "misspelledNum": 2, "misspelledRate": 0.01652892561983471, "missingAccentNum": 0, "missingAccentRate": 0.0, "foreignAccentNum": 0, "foreignAccentRate": 0.0, "wordConcatNum": 1, "wordConcatRate": 0.008264462809917356, "jLyMistakeNum": 0, "jLyMistakeRate": 0.0, "publicVNum": 0, "freqSuffixNum": 0, "partsNum": 45, "clauseWordNum": 21, "privateVNum": 0}