{"tokenNum": 165, "sentenceNum": 10, "lemmaNum": 106, "lemmaRate": 0.6424242424242425, "sentenceLength": 16.5, "allUpperNum": 1, "firstUpperNum": 13, "allUpperRate": 0.006060606060606061, "firstUpperRate": 0.07878787878787878, "declarSentNum": 10, "imperSentNum": 0, "questionNum": 0, "declarSentRate": 1.0, "imperSentRate": 0.0, "questionRate": 0.0, "accent": true, "saturation": 5.0476190476190474, "paragraphNum": 0, "nounNum": 33, "verbNum": 22, "adjNum": 13, "infNum": 1, "partPastNum": 0, "partPresNum": 1, "partFutNum": 0, "transNum": 0, "xNum": 7, "advNum": 10, "properNounNum": 7, "numNum": 8, "conjNum": 9, "punctNum": 34, "pronNum": 9, "relPronNum": 1, "demPronNum": 6, "adposNum": 4, "multiplePunctNum": 2, "phraseNum": 0, "nounRate": 0.2, "verbRate": 0.13333333333333333, "adjRate": 0.07878787878787878, "infRate": 0.006060606060606061, "partPastRate": 0.0, "partPresRate": 0.006060606060606061, "partFutRate": 0.0, "transRate": 0.0, "xRate": 0.04242424242424243, "advRate": 0.06060606060606061, "properNounRate": 0.04242424242424243, "numRate": 0.048484848484848485, "conjRate": 0.05454545454545454, "punctRate": 0.20606060606060606, "pronRate": 0.05454545454545454, "relPronRate": 0.006060606060606061, "demPronRate": 0.03636363636363636, "adposRate": 0.024242424242424242, "multiplePunctRate": 0.058823529411764705, "partsDensityRate": 3.7142857142857144, "contentfulness": 7.8, "phraseRate": 0.0, "pastTenseNum": 9, "presentTenseNum": 12, "condNum": 0, "impNum": 3, "freqNum": 0, "causNum": 0, "modalNum": 0, "sg1VerbNum": 22, "sg2VerbNum": 22, "sg3VerbNum": 22, "pl1VerbNum": 22, "pl2VerbNum": 22, "pl3VerbNum": 22, "superlatNum": 0, "comparatNum": 2, "specDerivSuffixNum": 0, "pluralNounNum": 3, "pastTenseRate": 0.4090909090909091, "presentTenseRate": 0.5454545454545454, "condRate": 0.0, "impRate": 0.13636363636363635, "freqRate": 0.0, "causRate": 0.0, "modalRate": 0.0, "sg1VerbRate": 1.0, "sg2VerbRate": 1.0, "sg3VerbRate": 1.0, "pl1VerbRate": 1.0, "pl2VerbRate": 1.0, "pl3VerbRate": 1.0, "superlatRate": 0.0, "comparatRate": 0.15384615384615385, "specDerivSuffixRate": 0.0, "pluralNounRate": 0.09090909090909091, "subjNum": 12, "objNum": 7, "attNum": 10, "subordNum": 5, "adverbNum": 13, "coordNum": 6, "clauseNum": 21, "simpleNum": 3, "complexNum": 7, "complexity1Num": 4, "complexity2Num": 2, "complexity3Num": 1, "compoundNum": 0, "subjRate": 0.07272727272727272, "objRate": 0.04242424242424243, "attRate": 0.06060606060606061, "subordRate": 0.030303030303030304, "adverbRate": 0.07878787878787878, "coordRate": 0.03636363636363636, "partsRate": 2.2857142857142856, "clauseRate": 2.1, "simpleRate": 0.3, "complexRate": 0.7, "complexity1Rate": 0.4, "complexity2Rate": 0.2, "complexity3Rate": 0.1, "complexClauseRate": 2.5714285714285716, "sentencesPerParagraph": 0.0, "wordsLengthRate": 5.312977099236641, "compoundRate": 0.0, "positiveNum": 0, "negativeNum": 0, "precoPositiveNum": 0, "precoNegativeNum": 0, "negemoNum": 0, "negationNum": 0, "functionNum": 87, "contentNum": 78, "vulgarNum": 0, "racistNum": 0, "specStyleNum": 0, "addressingNum": 0, "closingNum": 0, "postscriptNum": 0, "brutalNum": 0, "positiveRate": 0.0, "negativeRate": 0.0, "precoPositiveRate": 0.0, "precoNegativeRate": 0.0, "negemoRate": 0.0, "negationRate": 0.0, "functionRate": 0.5272727272727272, "contentRate": 0.4727272727272727, "vulgarRate": 0.0, "racistRate": 0.0, "specStyleRate": 0.0, "addressingRate": 0.0, "closingRate": 0.0, "postscriptRate": 0.0, "brutalRate": 0.0, "epistemicNum": 0, "investNum": 0, "conditionNum": 0, "weaselNum": 0, "peacockNum": 0, "hedgeNum": 0, "doxasticNum": 0, "epistemicRate": 0.0, "investRate": 0.0, "conditionRate": 0.0, "weaselRate": 0.0, "peacockRate": 0.0, "hedgeRate": 0.0, "doxasticRate": 0.0, "loveNum": 0, "anxietyNum": 0, "sorrowNum": 0, "joyNum": 0, "disgustNum": 0, "fearNum": 0, "surpriseNum": 0, "angerNum": 0, "loveRate": 0.0, "anxietyRate": 0.0, "sorrowRate": 0.0, "joyRate": 0.0, "disgustRate": 0.0, "fearRate": 0.0, "surpriseRate": 0.0, "angerRate": 0.0, "slangBeGeneralNum": 0, "slangBeCigaretteNum": 0, "slangBeHumanNum": 0, "slangBeVehicleNum": 0, "slangBeDrugNum": 0, "slangBvNum": 0, "slangBeGeneralRate": 0.0, "slangBeCigaretteRate": 0.0, "slangBeHumanRate": 0.0, "slangBeVehicleRate": 0.0, "slangBeDrugRate": 0.0, "slangBvRate": 0.0, "speechactNum": 0, "quoteNum": 0, "dashNum": 0, "publicNum": 0, "privateNum": 0, "suasiveNum": 0, "discMarkerNum": 0, "smileyNum": 0, "dateNum": 0, "hesitationNum": 0, "restartNum": 0, "repeatNum": 0, "conjBeforeDiscNum": 0, "conjAfterDiscNum": 0, "wordBeforeHesitationNum": 0, "wordAfterHesitationNum": 0, "otherCollocationNum": 0, "speechactRate": 0.0, "quoteRate": 0.0, "dashRate": 0.0, "publicRate": 0.0, "privateRate": 0.0, "suasiveRate": 0.0, "discMarkerRate": 0.0, "smileyRate": 0.0, "dateRate": 0.0, "hesitationRate": 0.0, "restartRate": 0.0, "repeatRate": 0.0, "conjBeforeDiscRate": 0.0, "conjAfterDiscRate": 0.0, "wordBeforeHesitationRate": 0.0, "wordAfterHesitationRate": 0.0, "otherCollocationRate": 0.0, "easyWordNum": 156, "hardWordNum": 9, "easyWordRate": 0.9454545454545454, "hardWordRate": 0.05454545454545454, "fleschReadingEaseScore": 71.64750000000002, "gunningFogIndex": 6.621818181818182, "fleschKincaidGradeLevel": 7.364999999999998, "colemanLiauIndex": 10.115818181818181, "smogIndex": 6.2581, "automatedReadabilityIndex": 7.5440000000000005, "linsearWriteIndex": 4.333333333333334, "author": "", "locationNameNum": 1, "locationNameRate": 0.006060606060606061, "personNameNum": 0, "personNameRate": 0.0, "organizationNameNum": 0, "organizationNameRate": 0.0, "misspelledNum": 6, "misspelledRate": 0.03636363636363636, "missingAccentNum": 1, "missingAccentRate": 0.006060606060606061, "foreignAccentNum": 0, "foreignAccentRate": 0.0, "wordConcatNum": 0, "wordConcatRate": 0.0, "jLyMistakeNum": 0, "jLyMistakeRate": 0.0, "publicVNum": 0, "freqSuffixNum": 0, "partsNum": 48, "clauseWordNum": 21, "privateVNum": 0}