{"tokenNum": 90, "sentenceNum": 6, "lemmaNum": 61, "lemmaRate": 0.6777777777777778, "sentenceLength": 15.0, "allUpperNum": 2, "firstUpperNum": 11, "allUpperRate": 0.022222222222222223, "firstUpperRate": 0.12222222222222222, "declarSentNum": 6, "imperSentNum": 0, "questionNum": 0, "declarSentRate": 1.0, "imperSentRate": 0.0, "questionRate": 0.0, "accent": false, "saturation": 5.545454545454546, "paragraphNum": 0, "nounNum": 13, "verbNum": 17, "adjNum": 5, "infNum": 5, "partPastNum": 0, "partPresNum": 0, "partFutNum": 0, "transNum": 0, "xNum": 7, "advNum": 9, "properNounNum": 2, "numNum": 1, "conjNum": 9, "punctNum": 13, "pronNum": 7, "relPronNum": 2, "demPronNum": 2, "adposNum": 1, "multiplePunctNum": 0, "phraseNum": 0, "nounRate": 0.14444444444444443, "verbRate": 0.18888888888888888, "adjRate": 0.05555555555555555, "infRate": 0.05555555555555555, "partPastRate": 0.0, "partPresRate": 0.0, "partFutRate": 0.0, "transRate": 0.0, "xRate": 0.07777777777777778, "advRate": 0.1, "properNounRate": 0.022222222222222223, "numRate": 0.011111111111111112, "conjRate": 0.1, "punctRate": 0.14444444444444443, "pronRate": 0.07777777777777778, "relPronRate": 0.022222222222222223, "demPronRate": 0.022222222222222223, "adposRate": 0.011111111111111112, "multiplePunctRate": 0.0, "partsDensityRate": 4.0, "contentfulness": 7.333333333333333, "phraseRate": 0.0, "pastTenseNum": 1, "presentTenseNum": 11, "condNum": 0, "impNum": 1, "freqNum": 0, "causNum": 0, "modalNum": 2, "sg1VerbNum": 17, "sg2VerbNum": 17, "sg3VerbNum": 17, "pl1VerbNum": 17, "pl2VerbNum": 17, "pl3VerbNum": 17, "superlatNum": 0, "comparatNum": 0, "specDerivSuffixNum": 0, "pluralNounNum": 1, "pastTenseRate": 0.058823529411764705, "presentTenseRate": 0.6470588235294118, "condRate": 0.0, "impRate": 0.058823529411764705, "freqRate": 0.0, "causRate": 0.0, "modalRate": 0.11764705882352941, "sg1VerbRate": 1.0, "sg2VerbRate": 1.0, "sg3VerbRate": 1.0, "pl1VerbRate": 1.0, "pl2VerbRate": 1.0, "pl3VerbRate": 1.0, "superlatRate": 0.0, "comparatRate": 0.0, "specDerivSuffixRate": 0.0, "pluralNounRate": 0.07692307692307693, "subjNum": 2, "objNum": 4, "attNum": 4, "subordNum": 5, "adverbNum": 13, "coordNum": 2, "clauseNum": 11, "simpleNum": 2, "complexNum": 4, "complexity1Num": 3, "complexity2Num": 1, "complexity3Num": 0, "compoundNum": 0, "subjRate": 0.022222222222222223, "objRate": 0.044444444444444446, "attRate": 0.044444444444444446, "subordRate": 0.05555555555555555, "adverbRate": 0.14444444444444443, "coordRate": 0.022222222222222223, "partsRate": 2.272727272727273, "clauseRate": 1.8333333333333333, "simpleRate": 0.3333333333333333, "complexRate": 0.6666666666666666, "complexity1Rate": 0.5, "complexity2Rate": 0.16666666666666666, "complexity3Rate": 0.0, "complexClauseRate": 2.25, "sentencesPerParagraph": 0.0, "wordsLengthRate": 4.909090909090909, "compoundRate": 0.0, "positiveNum": 0, "negativeNum": 0, "precoPositiveNum": 0, "precoNegativeNum": 0, "negemoNum": 0, "negationNum": 1, "functionNum": 46, "contentNum": 44, "vulgarNum": 0, "racistNum": 0, "specStyleNum": 0, "addressingNum": 0, "closingNum": 0, "postscriptNum": 0, "brutalNum": 0, "positiveRate": 0.0, "negativeRate": 0.0, "precoPositiveRate": 0.0, "precoNegativeRate": 0.0, "negemoRate": 0.0, "negationRate": 0.011111111111111112, "functionRate": 0.5111111111111111, "contentRate": 0.4888888888888889, "vulgarRate": 0.0, "racistRate": 0.0, "specStyleRate": 0.0, "addressingRate": 0.0, "closingRate": 0.0, "postscriptRate": 0.0, "brutalRate": 0.0, "epistemicNum": 0, "investNum": 0, "conditionNum": 0, "weaselNum": 0, "peacockNum": 0, "hedgeNum": 0, "doxasticNum": 0, "epistemicRate": 0.0, "investRate": 0.0, "conditionRate": 0.0, "weaselRate": 0.0, "peacockRate": 0.0, "hedgeRate": 0.0, "doxasticRate": 0.0, "loveNum": 0, "anxietyNum": 0, "sorrowNum": 0, "joyNum": 0, "disgustNum": 0, "fearNum": 0, "surpriseNum": 0, "angerNum": 0, "loveRate": 0.0, "anxietyRate": 0.0, "sorrowRate": 0.0, "joyRate": 0.0, "disgustRate": 0.0, "fearRate": 0.0, "surpriseRate": 0.0, "angerRate": 0.0, "slangBeGeneralNum": 0, "slangBeCigaretteNum": 0, "slangBeHumanNum": 0, "slangBeVehicleNum": 0, "slangBeDrugNum": 0, "slangBvNum": 0, "slangBeGeneralRate": 0.0, "slangBeCigaretteRate": 0.0, "slangBeHumanRate": 0.0, "slangBeVehicleRate": 0.0, "slangBeDrugRate": 0.0, "slangBvRate": 0.0, "speechactNum": 0, "quoteNum": 0, "dashNum": 0, "publicNum": 0, "privateNum": 0, "suasiveNum": 0, "discMarkerNum": 0, "smileyNum": 0, "dateNum": 0, "hesitationNum": 0, "restartNum": 0, "repeatNum": 0, "conjBeforeDiscNum": 0, "conjAfterDiscNum": 0, "wordBeforeHesitationNum": 0, "wordAfterHesitationNum": 0, "otherCollocationNum": 0, "speechactRate": 0.0, "quoteRate": 0.0, "dashRate": 0.0, "publicRate": 0.0, "privateRate": 0.0, "suasiveRate": 0.0, "discMarkerRate": 0.0, "smileyRate": 0.0, "dateRate": 0.0, "hesitationRate": 0.0, "restartRate": 0.0, "repeatRate": 0.0, "conjBeforeDiscRate": 0.0, "conjAfterDiscRate": 0.0, "wordBeforeHesitationRate": 0.0, "wordAfterHesitationRate": 0.0, "otherCollocationRate": 0.0, "easyWordNum": 85, "hardWordNum": 5, "easyWordRate": 0.9444444444444444, "hardWordRate": 0.05555555555555555, "fleschReadingEaseScore": 82.57000000000001, "gunningFogIndex": 6.022222222222222, "fleschKincaidGradeLevel": 5.468888888888891, "colemanLiauIndex": 9.06868888888889, "smogIndex": 5.46131890053228, "automatedReadabilityIndex": 5.956666666666667, "linsearWriteIndex": 6.75, "author": "", "locationNameNum": 0, "locationNameRate": 0.0, "personNameNum": 1, "personNameRate": 0.011111111111111112, "organizationNameNum": 0, "organizationNameRate": 0.0, "misspelledNum": 18, "misspelledRate": 0.2, "missingAccentNum": 18, "missingAccentRate": 0.2, "foreignAccentNum": 0, "foreignAccentRate": 0.0, "wordConcatNum": 0, "wordConcatRate": 0.0, "jLyMistakeNum": 0, "jLyMistakeRate": 0.0, "publicVNum": 0, "freqSuffixNum": 0, "partsNum": 25, "clauseWordNum": 11, "privateVNum": 0}