{"tokenNum": 95, "sentenceNum": 6, "lemmaNum": 71, "lemmaRate": 0.7473684210526316, "sentenceLength": 15.833333333333334, "allUpperNum": 0, "firstUpperNum": 13, "allUpperRate": 0.0, "firstUpperRate": 0.1368421052631579, "declarSentNum": 6, "imperSentNum": 0, "questionNum": 0, "declarSentRate": 1.0, "imperSentRate": 0.0, "questionRate": 0.0, "accent": true, "saturation": 5.071428571428571, "paragraphNum": 0, "nounNum": 17, "verbNum": 13, "adjNum": 8, "infNum": 1, "partPastNum": 1, "partPresNum": 0, "partFutNum": 0, "transNum": 0, "xNum": 7, "advNum": 11, "properNounNum": 8, "numNum": 2, "conjNum": 8, "punctNum": 14, "pronNum": 8, "relPronNum": 0, "demPronNum": 7, "adposNum": 1, "multiplePunctNum": 0, "phraseNum": 0, "nounRate": 0.17894736842105263, "verbRate": 0.1368421052631579, "adjRate": 0.08421052631578947, "infRate": 0.010526315789473684, "partPastRate": 0.010526315789473684, "partPresRate": 0.0, "partFutRate": 0.0, "transRate": 0.0, "xRate": 0.07368421052631578, "advRate": 0.11578947368421053, "properNounRate": 0.08421052631578947, "numRate": 0.021052631578947368, "conjRate": 0.08421052631578947, "punctRate": 0.14736842105263157, "pronRate": 0.08421052631578947, "relPronRate": 0.0, "demPronRate": 0.07368421052631578, "adposRate": 0.010526315789473684, "multiplePunctRate": 0.0, "partsDensityRate": 3.5, "contentfulness": 8.166666666666666, "phraseRate": 0.0, "pastTenseNum": 7, "presentTenseNum": 5, "condNum": 1, "impNum": 0, "freqNum": 0, "causNum": 0, "modalNum": 1, "sg1VerbNum": 13, "sg2VerbNum": 13, "sg3VerbNum": 13, "pl1VerbNum": 13, "pl2VerbNum": 13, "pl3VerbNum": 13, "superlatNum": 1, "comparatNum": 0, "specDerivSuffixNum": 0, "pluralNounNum": 0, "pastTenseRate": 0.5384615384615384, "presentTenseRate": 0.38461538461538464, "condRate": 0.07692307692307693, "impRate": 0.0, "freqRate": 0.0, "causRate": 0.0, "modalRate": 0.07692307692307693, "sg1VerbRate": 1.0, "sg2VerbRate": 1.0, "sg3VerbRate": 1.0, "pl1VerbRate": 1.0, "pl2VerbRate": 1.0, "pl3VerbRate": 1.0, "superlatRate": 0.125, "comparatRate": 0.0, "specDerivSuffixRate": 0.0, "pluralNounRate": 0.0, "subjNum": 8, "objNum": 4, "attNum": 5, "subordNum": 2, "adverbNum": 14, "coordNum": 6, "clauseNum": 14, "simpleNum": 3, "complexNum": 3, "complexity1Num": 1, "complexity2Num": 1, "complexity3Num": 0, "compoundNum": 0, "subjRate": 0.08421052631578947, "objRate": 0.042105263157894736, "attRate": 0.05263157894736842, "subordRate": 0.021052631578947368, "adverbRate": 0.14736842105263157, "coordRate": 0.06315789473684211, "partsRate": 2.642857142857143, "clauseRate": 2.3333333333333335, "simpleRate": 0.5, "complexRate": 0.5, "complexity1Rate": 0.16666666666666666, "complexity2Rate": 0.16666666666666666, "complexity3Rate": 0.0, "complexClauseRate": 3.6666666666666665, "sentencesPerParagraph": 0.0, "wordsLengthRate": 4.962962962962963, "compoundRate": 0.0, "positiveNum": 0, "negativeNum": 0, "precoPositiveNum": 0, "precoNegativeNum": 0, "negemoNum": 0, "negationNum": 2, "functionNum": 46, "contentNum": 49, "vulgarNum": 0, "racistNum": 0, "specStyleNum": 0, "addressingNum": 0, "closingNum": 0, "postscriptNum": 0, "brutalNum": 0, "positiveRate": 0.0, "negativeRate": 0.0, "precoPositiveRate": 0.0, "precoNegativeRate": 0.0, "negemoRate": 0.0, "negationRate": 0.021052631578947368, "functionRate": 0.4842105263157895, "contentRate": 0.5157894736842106, "vulgarRate": 0.0, "racistRate": 0.0, "specStyleRate": 0.0, "addressingRate": 0.0, "closingRate": 0.0, "postscriptRate": 0.0, "brutalRate": 0.0, "epistemicNum": 0, "investNum": 0, "conditionNum": 0, "weaselNum": 0, "peacockNum": 0, "hedgeNum": 0, "doxasticNum": 0, "epistemicRate": 0.0, "investRate": 0.0, "conditionRate": 0.0, "weaselRate": 0.0, "peacockRate": 0.0, "hedgeRate": 0.0, "doxasticRate": 0.0, "loveNum": 0, "anxietyNum": 0, "sorrowNum": 0, "joyNum": 0, "disgustNum": 0, "fearNum": 0, "surpriseNum": 0, "angerNum": 0, "loveRate": 0.0, "anxietyRate": 0.0, "sorrowRate": 0.0, "joyRate": 0.0, "disgustRate": 0.0, "fearRate": 0.0, "surpriseRate": 0.0, "angerRate": 0.0, "slangBeGeneralNum": 0, "slangBeCigaretteNum": 0, "slangBeHumanNum": 0, "slangBeVehicleNum": 0, "slangBeDrugNum": 0, "slangBvNum": 0, "slangBeGeneralRate": 0.0, "slangBeCigaretteRate": 0.0, "slangBeHumanRate": 0.0, "slangBeVehicleRate": 0.0, "slangBeDrugRate": 0.0, "slangBvRate": 0.0, "speechactNum": 0, "quoteNum": 0, "dashNum": 0, "publicNum": 0, "privateNum": 0, "suasiveNum": 0, "discMarkerNum": 0, "smileyNum": 0, "dateNum": 0, "hesitationNum": 0, "restartNum": 0, "repeatNum": 0, "conjBeforeDiscNum": 0, "conjAfterDiscNum": 0, "wordBeforeHesitationNum": 0, "wordAfterHesitationNum": 0, "otherCollocationNum": 0, "speechactRate": 0.0, "quoteRate": 0.0, "dashRate": 0.0, "publicRate": 0.0, "privateRate": 0.0, "suasiveRate": 0.0, "discMarkerRate": 0.0, "smileyRate": 0.0, "dateRate": 0.0, "hesitationRate": 0.0, "restartRate": 0.0, "repeatRate": 0.0, "conjBeforeDiscRate": 0.0, "conjAfterDiscRate": 0.0, "wordBeforeHesitationRate": 0.0, "wordAfterHesitationRate": 0.0, "otherCollocationRate": 0.0, "easyWordNum": 90, "hardWordNum": 5, "easyWordRate": 0.9473684210526315, "hardWordRate": 0.05263157894736842, "fleschReadingEaseScore": 82.1199561403509, "gunningFogIndex": 6.354385964912281, "fleschKincaidGradeLevel": 5.738684210526319, "colemanLiauIndex": 9.371810526315787, "smogIndex": 5.46131890053228, "automatedReadabilityIndex": 6.615719298245615, "linsearWriteIndex": 7.166666666666666, "author": "", "locationNameNum": 1, "locationNameRate": 0.010526315789473684, "personNameNum": 5, "personNameRate": 0.05263157894736842, "organizationNameNum": 0, "organizationNameRate": 0.0, "misspelledNum": 0, "misspelledRate": 0.0, "missingAccentNum": 0, "missingAccentRate": 0.0, "foreignAccentNum": 0, "foreignAccentRate": 0.0, "wordConcatNum": 0, "wordConcatRate": 0.0, "jLyMistakeNum": 0, "jLyMistakeRate": 0.0, "publicVNum": 0, "freqSuffixNum": 0, "partsNum": 37, "clauseWordNum": 14, "privateVNum": 0}