{"tokenNum": 130, "sentenceNum": 5, "lemmaNum": 86, "lemmaRate": 0.6615384615384615, "sentenceLength": 26.0, "allUpperNum": 0, "firstUpperNum": 7, "allUpperRate": 0.0, "firstUpperRate": 0.05384615384615385, "declarSentNum": 4, "imperSentNum": 0, "questionNum": 1, "declarSentRate": 0.8, "imperSentRate": 0.0, "questionRate": 0.2, "accent": false, "saturation": 4.777777777777778, "paragraphNum": 0, "nounNum": 28, "verbNum": 13, "adjNum": 14, "infNum": 0, "partPastNum": 2, "partPresNum": 2, "partFutNum": 0, "transNum": 0, "xNum": 5, "advNum": 13, "properNounNum": 2, "numNum": 1, "conjNum": 7, "punctNum": 26, "pronNum": 3, "relPronNum": 1, "demPronNum": 7, "adposNum": 2, "multiplePunctNum": 1, "phraseNum": 0, "nounRate": 0.2153846153846154, "verbRate": 0.1, "adjRate": 0.1076923076923077, "infRate": 0.0, "partPastRate": 0.015384615384615385, "partPresRate": 0.015384615384615385, "partFutRate": 0.0, "transRate": 0.0, "xRate": 0.038461538461538464, "advRate": 0.1, "properNounRate": 0.015384615384615385, "numRate": 0.007692307692307693, "conjRate": 0.05384615384615385, "punctRate": 0.2, "pronRate": 0.023076923076923078, "relPronRate": 0.007692307692307693, "demPronRate": 0.05384615384615385, "adposRate": 0.015384615384615385, "multiplePunctRate": 0.038461538461538464, "partsDensityRate": 3.7777777777777777, "contentfulness": 13.6, "phraseRate": 0.0, "pastTenseNum": 2, "presentTenseNum": 11, "condNum": 0, "impNum": 0, "freqNum": 0, "causNum": 0, "modalNum": 0, "sg1VerbNum": 13, "sg2VerbNum": 13, "sg3VerbNum": 13, "pl1VerbNum": 13, "pl2VerbNum": 13, "pl3VerbNum": 13, "superlatNum": 0, "comparatNum": 0, "specDerivSuffixNum": 0, "pluralNounNum": 3, "pastTenseRate": 0.15384615384615385, "presentTenseRate": 0.8461538461538461, "condRate": 0.0, "impRate": 0.0, "freqRate": 0.0, "causRate": 0.0, "modalRate": 0.0, "sg1VerbRate": 1.0, "sg2VerbRate": 1.0, "sg3VerbRate": 1.0, "pl1VerbRate": 1.0, "pl2VerbRate": 1.0, "pl3VerbRate": 1.0, "superlatRate": 0.0, "comparatRate": 0.0, "specDerivSuffixRate": 0.0, "pluralNounRate": 0.10714285714285714, "subjNum": 17, "objNum": 3, "attNum": 8, "subordNum": 4, "adverbNum": 18, "coordNum": 9, "clauseNum": 18, "simpleNum": 0, "complexNum": 5, "complexity1Num": 2, "complexity2Num": 2, "complexity3Num": 0, "compoundNum": 0, "subjRate": 0.13076923076923078, "objRate": 0.023076923076923078, "attRate": 0.06153846153846154, "subordRate": 0.03076923076923077, "adverbRate": 0.13846153846153847, "coordRate": 0.06923076923076923, "partsRate": 3.0555555555555554, "clauseRate": 3.6, "simpleRate": 0.0, "complexRate": 1.0, "complexity1Rate": 0.4, "complexity2Rate": 0.4, "complexity3Rate": 0.0, "complexClauseRate": 3.6, "sentencesPerParagraph": 0.0, "wordsLengthRate": 5.0673076923076925, "compoundRate": 0.0, "positiveNum": 0, "negativeNum": 0, "precoPositiveNum": 0, "precoNegativeNum": 0, "negemoNum": 0, "negationNum": 1, "functionNum": 62, "contentNum": 68, "vulgarNum": 0, "racistNum": 0, "specStyleNum": 0, "addressingNum": 0, "closingNum": 0, "postscriptNum": 0, "brutalNum": 0, "positiveRate": 0.0, "negativeRate": 0.0, "precoPositiveRate": 0.0, "precoNegativeRate": 0.0, "negemoRate": 0.0, "negationRate": 0.007692307692307693, "functionRate": 0.47692307692307695, "contentRate": 0.5230769230769231, "vulgarRate": 0.0, "racistRate": 0.0, "specStyleRate": 0.0, "addressingRate": 0.0, "closingRate": 0.0, "postscriptRate": 0.0, "brutalRate": 0.0, "epistemicNum": 0, "investNum": 0, "conditionNum": 0, "weaselNum": 0, "peacockNum": 0, "hedgeNum": 0, "doxasticNum": 0, "epistemicRate": 0.0, "investRate": 0.0, "conditionRate": 0.0, "weaselRate": 0.0, "peacockRate": 0.0, "hedgeRate": 0.0, "doxasticRate": 0.0, "loveNum": 0, "anxietyNum": 0, "sorrowNum": 0, "joyNum": 0, "disgustNum": 0, "fearNum": 0, "surpriseNum": 0, "angerNum": 0, "loveRate": 0.0, "anxietyRate": 0.0, "sorrowRate": 0.0, "joyRate": 0.0, "disgustRate": 0.0, "fearRate": 0.0, "surpriseRate": 0.0, "angerRate": 0.0, "slangBeGeneralNum": 0, "slangBeCigaretteNum": 0, "slangBeHumanNum": 0, "slangBeVehicleNum": 0, "slangBeDrugNum": 0, "slangBvNum": 0, "slangBeGeneralRate": 0.0, "slangBeCigaretteRate": 0.0, "slangBeHumanRate": 0.0, "slangBeVehicleRate": 0.0, "slangBeDrugRate": 0.0, "slangBvRate": 0.0, "speechactNum": 0, "quoteNum": 0, "dashNum": 0, "publicNum": 0, "privateNum": 0, "suasiveNum": 0, "discMarkerNum": 0, "smileyNum": 0, "dateNum": 0, "hesitationNum": 0, "restartNum": 1, "repeatNum": 0, "conjBeforeDiscNum": 0, "conjAfterDiscNum": 0, "wordBeforeHesitationNum": 0, "wordAfterHesitationNum": 0, "otherCollocationNum": 0, "speechactRate": 0.0, "quoteRate": 0.0, "dashRate": 0.0, "publicRate": 0.0, "privateRate": 0.0, "suasiveRate": 0.0, "discMarkerRate": 0.0, "smileyRate": 0.0, "dateRate": 0.0, "hesitationRate": 0.0, "restartRate": 0.007692307692307693, "repeatRate": 0.0, "conjBeforeDiscRate": 0.0, "conjAfterDiscRate": 0.0, "wordBeforeHesitationRate": 0.0, "wordAfterHesitationRate": 0.0, "otherCollocationRate": 0.0, "easyWordNum": 121, "hardWordNum": 9, "easyWordRate": 0.9307692307692308, "hardWordRate": 0.06923076923076923, "fleschReadingEaseScore": 52.8942307692308, "gunningFogIndex": 10.42769230769231, "fleschKincaidGradeLevel": 12.340769230769233, "colemanLiauIndex": 9.164423076923075, "smogIndex": 6.2581, "automatedReadabilityIndex": 11.533153846153844, "linsearWriteIndex": 11.0, "author": "", "locationNameNum": 0, "locationNameRate": 0.0, "personNameNum": 1, "personNameRate": 0.007692307692307693, "organizationNameNum": 0, "organizationNameRate": 0.0, "misspelledNum": 39, "misspelledRate": 0.3, "missingAccentNum": 37, "missingAccentRate": 0.2846153846153846, "foreignAccentNum": 0, "foreignAccentRate": 0.0, "wordConcatNum": 0, "wordConcatRate": 0.0, "jLyMistakeNum": 0, "jLyMistakeRate": 0.0, "publicVNum": 0, "freqSuffixNum": 0, "partsNum": 55, "clauseWordNum": 18, "privateVNum": 0}