{"tokenNum": 117, "sentenceNum": 7, "lemmaNum": 85, "lemmaRate": 0.7264957264957265, "sentenceLength": 16.714285714285715, "allUpperNum": 0, "firstUpperNum": 11, "allUpperRate": 0.0, "firstUpperRate": 0.09401709401709402, "declarSentNum": 6, "imperSentNum": 1, "questionNum": 0, "declarSentRate": 0.8571428571428571, "imperSentRate": 0.14285714285714285, "questionRate": 0.0, "accent": true, "saturation": 4.722222222222222, "paragraphNum": 0, "nounNum": 20, "verbNum": 14, "adjNum": 13, "infNum": 1, "partPastNum": 0, "partPresNum": 1, "partFutNum": 0, "transNum": 0, "xNum": 6, "advNum": 9, "properNounNum": 2, "numNum": 1, "conjNum": 8, "punctNum": 22, "pronNum": 12, "relPronNum": 2, "demPronNum": 4, "adposNum": 2, "multiplePunctNum": 0, "phraseNum": 0, "nounRate": 0.17094017094017094, "verbRate": 0.11965811965811966, "adjRate": 0.1111111111111111, "infRate": 0.008547008547008548, "partPastRate": 0.0, "partPresRate": 0.008547008547008548, "partFutRate": 0.0, "transRate": 0.0, "xRate": 0.05128205128205128, "advRate": 0.07692307692307693, "properNounRate": 0.017094017094017096, "numRate": 0.008547008547008548, "conjRate": 0.06837606837606838, "punctRate": 0.18803418803418803, "pronRate": 0.10256410256410256, "relPronRate": 0.017094017094017096, "demPronRate": 0.03418803418803419, "adposRate": 0.017094017094017096, "multiplePunctRate": 0.0, "partsDensityRate": 3.111111111111111, "contentfulness": 8.0, "phraseRate": 0.0, "pastTenseNum": 1, "presentTenseNum": 12, "condNum": 1, "impNum": 1, "freqNum": 0, "causNum": 0, "modalNum": 4, "sg1VerbNum": 14, "sg2VerbNum": 14, "sg3VerbNum": 14, "pl1VerbNum": 14, "pl2VerbNum": 14, "pl3VerbNum": 14, "superlatNum": 0, "comparatNum": 1, "specDerivSuffixNum": 0, "pluralNounNum": 5, "pastTenseRate": 0.07142857142857142, "presentTenseRate": 0.8571428571428571, "condRate": 0.07142857142857142, "impRate": 0.07142857142857142, "freqRate": 0.0, "causRate": 0.0, "modalRate": 0.2857142857142857, "sg1VerbRate": 1.0, "sg2VerbRate": 1.0, "sg3VerbRate": 1.0, "pl1VerbRate": 1.0, "pl2VerbRate": 1.0, "pl3VerbRate": 1.0, "superlatRate": 0.0, "comparatRate": 0.07692307692307693, "specDerivSuffixRate": 0.0, "pluralNounRate": 0.25, "subjNum": 12, "objNum": 2, "attNum": 10, "subordNum": 5, "adverbNum": 11, "coordNum": 6, "clauseNum": 18, "simpleNum": 3, "complexNum": 4, "complexity1Num": 2, "complexity2Num": 1, "complexity3Num": 0, "compoundNum": 0, "subjRate": 0.10256410256410256, "objRate": 0.017094017094017096, "attRate": 0.08547008547008547, "subordRate": 0.042735042735042736, "adverbRate": 0.09401709401709402, "coordRate": 0.05128205128205128, "partsRate": 2.2777777777777777, "clauseRate": 2.5714285714285716, "simpleRate": 0.42857142857142855, "complexRate": 0.5714285714285714, "complexity1Rate": 0.2857142857142857, "complexity2Rate": 0.14285714285714285, "complexity3Rate": 0.0, "complexClauseRate": 3.75, "sentencesPerParagraph": 0.0, "wordsLengthRate": 5.978947368421053, "compoundRate": 0.0, "positiveNum": 0, "negativeNum": 0, "precoPositiveNum": 0, "precoNegativeNum": 0, "negemoNum": 0, "negationNum": 2, "functionNum": 61, "contentNum": 56, "vulgarNum": 0, "racistNum": 0, "specStyleNum": 0, "addressingNum": 0, "closingNum": 0, "postscriptNum": 0, "brutalNum": 0, "positiveRate": 0.0, "negativeRate": 0.0, "precoPositiveRate": 0.0, "precoNegativeRate": 0.0, "negemoRate": 0.0, "negationRate": 0.017094017094017096, "functionRate": 0.5213675213675214, "contentRate": 0.47863247863247865, "vulgarRate": 0.0, "racistRate": 0.0, "specStyleRate": 0.0, "addressingRate": 0.0, "closingRate": 0.0, "postscriptRate": 0.0, "brutalRate": 0.0, "epistemicNum": 0, "investNum": 0, "conditionNum": 0, "weaselNum": 0, "peacockNum": 0, "hedgeNum": 0, "doxasticNum": 0, "epistemicRate": 0.0, "investRate": 0.0, "conditionRate": 0.0, "weaselRate": 0.0, "peacockRate": 0.0, "hedgeRate": 0.0, "doxasticRate": 0.0, "loveNum": 0, "anxietyNum": 0, "sorrowNum": 0, "joyNum": 0, "disgustNum": 0, "fearNum": 0, "surpriseNum": 0, "angerNum": 0, "loveRate": 0.0, "anxietyRate": 0.0, "sorrowRate": 0.0, "joyRate": 0.0, "disgustRate": 0.0, "fearRate": 0.0, "surpriseRate": 0.0, "angerRate": 0.0, "slangBeGeneralNum": 0, "slangBeCigaretteNum": 0, "slangBeHumanNum": 0, "slangBeVehicleNum": 0, "slangBeDrugNum": 0, "slangBvNum": 0, "slangBeGeneralRate": 0.0, "slangBeCigaretteRate": 0.0, "slangBeHumanRate": 0.0, "slangBeVehicleRate": 0.0, "slangBeDrugRate": 0.0, "slangBvRate": 0.0, "speechactNum": 0, "quoteNum": 0, "dashNum": 0, "publicNum": 0, "privateNum": 0, "suasiveNum": 0, "discMarkerNum": 0, "smileyNum": 0, "dateNum": 0, "hesitationNum": 0, "restartNum": 0, "repeatNum": 0, "conjBeforeDiscNum": 0, "conjAfterDiscNum": 0, "wordBeforeHesitationNum": 0, "wordAfterHesitationNum": 0, "otherCollocationNum": 0, "speechactRate": 0.0, "quoteRate": 0.0, "dashRate": 0.0, "publicRate": 0.0, "privateRate": 0.0, "suasiveRate": 0.0, "discMarkerRate": 0.0, "smileyRate": 0.0, "dateRate": 0.0, "hesitationRate": 0.0, "restartRate": 0.0, "repeatRate": 0.0, "conjBeforeDiscRate": 0.0, "conjAfterDiscRate": 0.0, "wordBeforeHesitationRate": 0.0, "wordAfterHesitationRate": 0.0, "otherCollocationRate": 0.0, "easyWordNum": 102, "hardWordNum": 15, "easyWordRate": 0.8717948717948718, "hardWordRate": 0.1282051282051282, "fleschReadingEaseScore": 53.93153846153848, "gunningFogIndex": 6.736996336996338, "fleschKincaidGradeLevel": 9.889255189255191, "colemanLiauIndex": 13.498794871794871, "smogIndex": 7.168621630094336, "automatedReadabilityIndex": 10.356373626373628, "linsearWriteIndex": 7.608058608058608, "author": "", "locationNameNum": 1, "locationNameRate": 0.008547008547008548, "personNameNum": 1, "personNameRate": 0.008547008547008548, "organizationNameNum": 0, "organizationNameRate": 0.0, "misspelledNum": 1, "misspelledRate": 0.008547008547008548, "missingAccentNum": 0, "missingAccentRate": 0.0, "foreignAccentNum": 0, "foreignAccentRate": 0.0, "wordConcatNum": 0, "wordConcatRate": 0.0, "jLyMistakeNum": 1, "jLyMistakeRate": 0.008547008547008548, "publicVNum": 0, "freqSuffixNum": 0, "partsNum": 41, "clauseWordNum": 18, "privateVNum": 0}