{"tokenNum": 147, "sentenceNum": 17, "lemmaNum": 93, "lemmaRate": 0.6326530612244898, "sentenceLength": 8.647058823529411, "allUpperNum": 2, "firstUpperNum": 27, "allUpperRate": 0.013605442176870748, "firstUpperRate": 0.1836734693877551, "declarSentNum": 17, "imperSentNum": 0, "questionNum": 0, "declarSentRate": 1.0, "imperSentRate": 0.0, "questionRate": 0.0, "accent": false, "saturation": 4.65, "paragraphNum": 0, "nounNum": 44, "verbNum": 4, "adjNum": 16, "infNum": 0, "partPastNum": 0, "partPresNum": 2, "partFutNum": 0, "transNum": 0, "xNum": 13, "advNum": 9, "properNounNum": 15, "numNum": 6, "conjNum": 3, "punctNum": 41, "pronNum": 0, "relPronNum": 0, "demPronNum": 1, "adposNum": 0, "multiplePunctNum": 2, "phraseNum": 0, "nounRate": 0.29931972789115646, "verbRate": 0.027210884353741496, "adjRate": 0.10884353741496598, "infRate": 0.0, "partPastRate": 0.0, "partPresRate": 0.013605442176870748, "partFutRate": 0.0, "transRate": 0.0, "xRate": 0.08843537414965986, "advRate": 0.061224489795918366, "properNounRate": 0.10204081632653061, "numRate": 0.04081632653061224, "conjRate": 0.02040816326530612, "punctRate": 0.2789115646258503, "pronRate": 0.0, "relPronRate": 0.0, "demPronRate": 0.006802721088435374, "adposRate": 0.0, "multiplePunctRate": 0.04878048780487805, "partsDensityRate": 3.65, "contentfulness": 4.294117647058823, "phraseRate": 0.0, "pastTenseNum": 1, "presentTenseNum": 3, "condNum": 0, "impNum": 2, "freqNum": 0, "causNum": 0, "modalNum": 0, "sg1VerbNum": 4, "sg2VerbNum": 4, "sg3VerbNum": 4, "pl1VerbNum": 4, "pl2VerbNum": 4, "pl3VerbNum": 4, "superlatNum": 0, "comparatNum": 0, "specDerivSuffixNum": 0, "pluralNounNum": 3, "pastTenseRate": 0.25, "presentTenseRate": 0.75, "condRate": 0.0, "impRate": 0.5, "freqRate": 0.0, "causRate": 0.0, "modalRate": 0.0, "sg1VerbRate": 1.0, "sg2VerbRate": 1.0, "sg3VerbRate": 1.0, "pl1VerbRate": 1.0, "pl2VerbRate": 1.0, "pl3VerbRate": 1.0, "superlatRate": 0.0, "comparatRate": 0.0, "specDerivSuffixRate": 0.0, "pluralNounRate": 0.06818181818181818, "subjNum": 5, "objNum": 1, "attNum": 12, "subordNum": 1, "adverbNum": 9, "coordNum": 6, "clauseNum": 20, "simpleNum": 11, "complexNum": 4, "complexity1Num": 3, "complexity2Num": 1, "complexity3Num": 0, "compoundNum": 0, "subjRate": 0.034013605442176874, "objRate": 0.006802721088435374, "attRate": 0.08163265306122448, "subordRate": 0.006802721088435374, "adverbRate": 0.061224489795918366, "coordRate": 0.04081632653061224, "partsRate": 1.65, "clauseRate": 1.1764705882352942, "simpleRate": 0.6470588235294118, "complexRate": 0.23529411764705882, "complexity1Rate": 0.17647058823529413, "complexity2Rate": 0.058823529411764705, "complexity3Rate": 0.0, "complexClauseRate": 2.25, "sentencesPerParagraph": 0.0, "wordsLengthRate": 5.056603773584905, "compoundRate": 0.0, "positiveNum": 0, "negativeNum": 0, "precoPositiveNum": 0, "precoNegativeNum": 0, "negemoNum": 0, "negationNum": 2, "functionNum": 74, "contentNum": 73, "vulgarNum": 0, "racistNum": 0, "specStyleNum": 0, "addressingNum": 0, "closingNum": 0, "postscriptNum": 0, "brutalNum": 0, "positiveRate": 0.0, "negativeRate": 0.0, "precoPositiveRate": 0.0, "precoNegativeRate": 0.0, "negemoRate": 0.0, "negationRate": 0.013605442176870748, "functionRate": 0.5034013605442177, "contentRate": 0.4965986394557823, "vulgarRate": 0.0, "racistRate": 0.0, "specStyleRate": 0.0, "addressingRate": 0.0, "closingRate": 0.0, "postscriptRate": 0.0, "brutalRate": 0.0, "epistemicNum": 0, "investNum": 0, "conditionNum": 0, "weaselNum": 0, "peacockNum": 0, "hedgeNum": 0, "doxasticNum": 0, "epistemicRate": 0.0, "investRate": 0.0, "conditionRate": 0.0, "weaselRate": 0.0, "peacockRate": 0.0, "hedgeRate": 0.0, "doxasticRate": 0.0, "loveNum": 0, "anxietyNum": 0, "sorrowNum": 0, "joyNum": 0, "disgustNum": 0, "fearNum": 0, "surpriseNum": 0, "angerNum": 0, "loveRate": 0.0, "anxietyRate": 0.0, "sorrowRate": 0.0, "joyRate": 0.0, "disgustRate": 0.0, "fearRate": 0.0, "surpriseRate": 0.0, "angerRate": 0.0, "slangBeGeneralNum": 0, "slangBeCigaretteNum": 0, "slangBeHumanNum": 0, "slangBeVehicleNum": 0, "slangBeDrugNum": 0, "slangBvNum": 0, "slangBeGeneralRate": 0.0, "slangBeCigaretteRate": 0.0, "slangBeHumanRate": 0.0, "slangBeVehicleRate": 0.0, "slangBeDrugRate": 0.0, "slangBvRate": 0.0, "speechactNum": 0, "quoteNum": 0, "dashNum": 0, "publicNum": 0, "privateNum": 0, "suasiveNum": 0, "discMarkerNum": 0, "smileyNum": 0, "dateNum": 0, "hesitationNum": 0, "restartNum": 0, "repeatNum": 0, "conjBeforeDiscNum": 0, "conjAfterDiscNum": 0, "wordBeforeHesitationNum": 0, "wordAfterHesitationNum": 0, "otherCollocationNum": 0, "speechactRate": 0.0, "quoteRate": 0.0, "dashRate": 0.0, "publicRate": 0.0, "privateRate": 0.0, "suasiveRate": 0.0, "discMarkerRate": 0.0, "smileyRate": 0.0, "dateRate": 0.0, "hesitationRate": 0.0, "restartRate": 0.0, "repeatRate": 0.0, "conjBeforeDiscRate": 0.0, "conjAfterDiscRate": 0.0, "wordBeforeHesitationRate": 0.0, "wordAfterHesitationRate": 0.0, "otherCollocationRate": 0.0, "easyWordNum": 135, "hardWordNum": 12, "easyWordRate": 0.9183673469387755, "hardWordRate": 0.08163265306122448, "fleschReadingEaseScore": 88.71129651860744, "gunningFogIndex": 3.491476590636254, "fleschKincaidGradeLevel": 3.0340536214485816, "colemanLiauIndex": 6.878156462585029, "smogIndex": 6.742157984588678, "automatedReadabilityIndex": 1.0286314525810312, "linsearWriteIndex": 2.1612645058023205, "author": "", "locationNameNum": 2, "locationNameRate": 0.013605442176870748, "personNameNum": 3, "personNameRate": 0.02040816326530612, "organizationNameNum": 0, "organizationNameRate": 0.0, "misspelledNum": 36, "misspelledRate": 0.24489795918367346, "missingAccentNum": 33, "missingAccentRate": 0.22448979591836735, "foreignAccentNum": 0, "foreignAccentRate": 0.0, "wordConcatNum": 0, "wordConcatRate": 0.0, "jLyMistakeNum": 0, "jLyMistakeRate": 0.0, "publicVNum": 0, "freqSuffixNum": 0, "partsNum": 33, "clauseWordNum": 20, "privateVNum": 0}