{"tokenNum": 89, "sentenceNum": 7, "lemmaNum": 61, "lemmaRate": 0.6853932584269663, "sentenceLength": 12.714285714285714, "allUpperNum": 0, "firstUpperNum": 7, "allUpperRate": 0.0, "firstUpperRate": 0.07865168539325842, "declarSentNum": 6, "imperSentNum": 1, "questionNum": 0, "declarSentRate": 0.8571428571428571, "imperSentRate": 0.14285714285714285, "questionRate": 0.0, "accent": true, "saturation": 3.8125, "paragraphNum": 0, "nounNum": 18, "verbNum": 14, "adjNum": 6, "infNum": 1, "partPastNum": 0, "partPresNum": 0, "partFutNum": 0, "transNum": 0, "xNum": 5, "advNum": 9, "properNounNum": 2, "numNum": 0, "conjNum": 7, "punctNum": 16, "pronNum": 2, "relPronNum": 0, "demPronNum": 2, "adposNum": 1, "multiplePunctNum": 1, "phraseNum": 0, "nounRate": 0.20224719101123595, "verbRate": 0.15730337078651685, "adjRate": 0.06741573033707865, "infRate": 0.011235955056179775, "partPastRate": 0.0, "partPresRate": 0.0, "partFutRate": 0.0, "transRate": 0.0, "xRate": 0.056179775280898875, "advRate": 0.10112359550561797, "properNounRate": 0.02247191011235955, "numRate": 0.0, "conjRate": 0.07865168539325842, "punctRate": 0.1797752808988764, "pronRate": 0.02247191011235955, "relPronRate": 0.0, "demPronRate": 0.02247191011235955, "adposRate": 0.011235955056179775, "multiplePunctRate": 0.0625, "partsDensityRate": 2.9375, "contentfulness": 6.714285714285714, "phraseRate": 0.0, "pastTenseNum": 1, "presentTenseNum": 12, "condNum": 1, "impNum": 1, "freqNum": 0, "causNum": 0, "modalNum": 0, "sg1VerbNum": 14, "sg2VerbNum": 14, "sg3VerbNum": 14, "pl1VerbNum": 14, "pl2VerbNum": 14, "pl3VerbNum": 14, "superlatNum": 1, "comparatNum": 0, "specDerivSuffixNum": 0, "pluralNounNum": 2, "pastTenseRate": 0.07142857142857142, "presentTenseRate": 0.8571428571428571, "condRate": 0.07142857142857142, "impRate": 0.07142857142857142, "freqRate": 0.0, "causRate": 0.0, "modalRate": 0.0, "sg1VerbRate": 1.0, "sg2VerbRate": 1.0, "sg3VerbRate": 1.0, "pl1VerbRate": 1.0, "pl2VerbRate": 1.0, "pl3VerbRate": 1.0, "superlatRate": 0.16666666666666666, "comparatRate": 0.0, "specDerivSuffixRate": 0.0, "pluralNounRate": 0.1111111111111111, "subjNum": 7, "objNum": 5, "attNum": 6, "subordNum": 3, "adverbNum": 10, "coordNum": 5, "clauseNum": 16, "simpleNum": 2, "complexNum": 5, "complexity1Num": 2, "complexity2Num": 2, "complexity3Num": 1, "compoundNum": 0, "subjRate": 0.07865168539325842, "objRate": 0.056179775280898875, "attRate": 0.06741573033707865, "subordRate": 0.033707865168539325, "adverbRate": 0.11235955056179775, "coordRate": 0.056179775280898875, "partsRate": 2.0625, "clauseRate": 2.2857142857142856, "simpleRate": 0.2857142857142857, "complexRate": 0.7142857142857143, "complexity1Rate": 0.2857142857142857, "complexity2Rate": 0.2857142857142857, "complexity3Rate": 0.14285714285714285, "complexClauseRate": 2.8, "sentencesPerParagraph": 0.0, "wordsLengthRate": 5.013698630136986, "compoundRate": 0.0, "positiveNum": 0, "negativeNum": 0, "precoPositiveNum": 0, "precoNegativeNum": 0, "negemoNum": 0, "negationNum": 1, "functionNum": 42, "contentNum": 47, "vulgarNum": 0, "racistNum": 0, "specStyleNum": 0, "addressingNum": 0, "closingNum": 0, "postscriptNum": 0, "brutalNum": 0, "positiveRate": 0.0, "negativeRate": 0.0, "precoPositiveRate": 0.0, "precoNegativeRate": 0.0, "negemoRate": 0.0, "negationRate": 0.011235955056179775, "functionRate": 0.47191011235955055, "contentRate": 0.5280898876404494, "vulgarRate": 0.0, "racistRate": 0.0, "specStyleRate": 0.0, "addressingRate": 0.0, "closingRate": 0.0, "postscriptRate": 0.0, "brutalRate": 0.0, "epistemicNum": 0, "investNum": 0, "conditionNum": 0, "weaselNum": 0, "peacockNum": 0, "hedgeNum": 0, "doxasticNum": 0, "epistemicRate": 0.0, "investRate": 0.0, "conditionRate": 0.0, "weaselRate": 0.0, "peacockRate": 0.0, "hedgeRate": 0.0, "doxasticRate": 0.0, "loveNum": 0, "anxietyNum": 0, "sorrowNum": 0, "joyNum": 0, "disgustNum": 0, "fearNum": 0, "surpriseNum": 0, "angerNum": 0, "loveRate": 0.0, "anxietyRate": 0.0, "sorrowRate": 0.0, "joyRate": 0.0, "disgustRate": 0.0, "fearRate": 0.0, "surpriseRate": 0.0, "angerRate": 0.0, "slangBeGeneralNum": 0, "slangBeCigaretteNum": 0, "slangBeHumanNum": 0, "slangBeVehicleNum": 0, "slangBeDrugNum": 0, "slangBvNum": 0, "slangBeGeneralRate": 0.0, "slangBeCigaretteRate": 0.0, "slangBeHumanRate": 0.0, "slangBeVehicleRate": 0.0, "slangBeDrugRate": 0.0, "slangBvRate": 0.0, "speechactNum": 0, "quoteNum": 0, "dashNum": 0, "publicNum": 0, "privateNum": 0, "suasiveNum": 0, "discMarkerNum": 0, "smileyNum": 0, "dateNum": 0, "hesitationNum": 0, "restartNum": 0, "repeatNum": 0, "conjBeforeDiscNum": 0, "conjAfterDiscNum": 0, "wordBeforeHesitationNum": 0, "wordAfterHesitationNum": 0, "otherCollocationNum": 0, "speechactRate": 0.0, "quoteRate": 0.0, "dashRate": 0.0, "publicRate": 0.0, "privateRate": 0.0, "suasiveRate": 0.0, "discMarkerRate": 0.0, "smileyRate": 0.0, "dateRate": 0.0, "hesitationRate": 0.0, "restartRate": 0.0, "repeatRate": 0.0, "conjBeforeDiscRate": 0.0, "conjAfterDiscRate": 0.0, "wordBeforeHesitationRate": 0.0, "wordAfterHesitationRate": 0.0, "otherCollocationRate": 0.0, "easyWordNum": 84, "hardWordNum": 5, "easyWordRate": 0.9438202247191011, "hardWordRate": 0.056179775280898875, "fleschReadingEaseScore": 82.71426966292135, "gunningFogIndex": 5.1081861958266455, "fleschKincaidGradeLevel": 4.880930979133229, "colemanLiauIndex": 9.281898876404494, "smogIndex": 5.46131890053228, "automatedReadabilityIndex": 4.984333868378815, "linsearWriteIndex": 5.714285714285714, "author": "", "locationNameNum": 0, "locationNameRate": 0.0, "personNameNum": 2, "personNameRate": 0.02247191011235955, "organizationNameNum": 0, "organizationNameRate": 0.0, "misspelledNum": 1, "misspelledRate": 0.011235955056179775, "missingAccentNum": 0, "missingAccentRate": 0.0, "foreignAccentNum": 0, "foreignAccentRate": 0.0, "wordConcatNum": 0, "wordConcatRate": 0.0, "jLyMistakeNum": 0, "jLyMistakeRate": 0.0, "publicVNum": 0, "freqSuffixNum": 0, "partsNum": 33, "clauseWordNum": 16, "privateVNum": 0}