{"tokenNum": 295, "sentenceNum": 20, "lemmaNum": 159, "lemmaRate": 0.5389830508474577, "sentenceLength": 14.75, "allUpperNum": 0, "firstUpperNum": 27, "allUpperRate": 0.0, "firstUpperRate": 0.09152542372881356, "declarSentNum": 17, "imperSentNum": 2, "questionNum": 1, "declarSentRate": 0.85, "imperSentRate": 0.1, "questionRate": 0.05, "accent": true, "saturation": 3.7857142857142856, "paragraphNum": 0, "nounNum": 48, "verbNum": 32, "adjNum": 27, "infNum": 6, "partPastNum": 0, "partPresNum": 0, "partFutNum": 0, "transNum": 0, "xNum": 20, "advNum": 28, "properNounNum": 9, "numNum": 5, "conjNum": 25, "punctNum": 64, "pronNum": 12, "relPronNum": 3, "demPronNum": 6, "adposNum": 5, "multiplePunctNum": 14, "phraseNum": 0, "nounRate": 0.16271186440677965, "verbRate": 0.10847457627118644, "adjRate": 0.09152542372881356, "infRate": 0.020338983050847456, "partPastRate": 0.0, "partPresRate": 0.0, "partFutRate": 0.0, "transRate": 0.0, "xRate": 0.06779661016949153, "advRate": 0.09491525423728814, "properNounRate": 0.030508474576271188, "numRate": 0.01694915254237288, "conjRate": 0.0847457627118644, "punctRate": 0.21694915254237288, "pronRate": 0.04067796610169491, "relPronRate": 0.010169491525423728, "demPronRate": 0.020338983050847456, "adposRate": 0.01694915254237288, "multiplePunctRate": 0.21875, "partsDensityRate": 3.2142857142857144, "contentfulness": 6.75, "phraseRate": 0.0, "pastTenseNum": 3, "presentTenseNum": 23, "condNum": 3, "impNum": 4, "freqNum": 0, "causNum": 1, "modalNum": 0, "sg1VerbNum": 32, "sg2VerbNum": 32, "sg3VerbNum": 32, "pl1VerbNum": 32, "pl2VerbNum": 32, "pl3VerbNum": 32, "superlatNum": 0, "comparatNum": 0, "specDerivSuffixNum": 0, "pluralNounNum": 9, "pastTenseRate": 0.09375, "presentTenseRate": 0.71875, "condRate": 0.09375, "impRate": 0.125, "freqRate": 0.0, "causRate": 0.03125, "modalRate": 0.0, "sg1VerbRate": 1.0, "sg2VerbRate": 1.0, "sg3VerbRate": 1.0, "pl1VerbRate": 1.0, "pl2VerbRate": 1.0, "pl3VerbRate": 1.0, "superlatRate": 0.0, "comparatRate": 0.0, "specDerivSuffixRate": 0.0, "pluralNounRate": 0.1875, "subjNum": 11, "objNum": 11, "attNum": 11, "subordNum": 8, "adverbNum": 39, "coordNum": 15, "clauseNum": 42, "simpleNum": 9, "complexNum": 11, "complexity1Num": 5, "complexity2Num": 5, "complexity3Num": 0, "compoundNum": 0, "subjRate": 0.03728813559322034, "objRate": 0.03728813559322034, "attRate": 0.03728813559322034, "subordRate": 0.02711864406779661, "adverbRate": 0.13220338983050847, "coordRate": 0.05084745762711865, "partsRate": 2.0714285714285716, "clauseRate": 2.1, "simpleRate": 0.45, "complexRate": 0.55, "complexity1Rate": 0.25, "complexity2Rate": 0.25, "complexity3Rate": 0.0, "complexClauseRate": 3.0, "sentencesPerParagraph": 0.0, "wordsLengthRate": 5.025974025974026, "compoundRate": 0.0, "positiveNum": 0, "negativeNum": 0, "precoPositiveNum": 0, "precoNegativeNum": 0, "negemoNum": 0, "negationNum": 8, "functionNum": 160, "contentNum": 135, "vulgarNum": 0, "racistNum": 0, "specStyleNum": 0, "addressingNum": 0, "closingNum": 0, "postscriptNum": 0, "brutalNum": 0, "positiveRate": 0.0, "negativeRate": 0.0, "precoPositiveRate": 0.0, "precoNegativeRate": 0.0, "negemoRate": 0.0, "negationRate": 0.02711864406779661, "functionRate": 0.5423728813559322, "contentRate": 0.4576271186440678, "vulgarRate": 0.0, "racistRate": 0.0, "specStyleRate": 0.0, "addressingRate": 0.0, "closingRate": 0.0, "postscriptRate": 0.0, "brutalRate": 0.0, "epistemicNum": 0, "investNum": 0, "conditionNum": 0, "weaselNum": 0, "peacockNum": 0, "hedgeNum": 0, "doxasticNum": 0, "epistemicRate": 0.0, "investRate": 0.0, "conditionRate": 0.0, "weaselRate": 0.0, "peacockRate": 0.0, "hedgeRate": 0.0, "doxasticRate": 0.0, "loveNum": 0, "anxietyNum": 0, "sorrowNum": 0, "joyNum": 0, "disgustNum": 0, "fearNum": 0, "surpriseNum": 0, "angerNum": 0, "loveRate": 0.0, "anxietyRate": 0.0, "sorrowRate": 0.0, "joyRate": 0.0, "disgustRate": 0.0, "fearRate": 0.0, "surpriseRate": 0.0, "angerRate": 0.0, "slangBeGeneralNum": 0, "slangBeCigaretteNum": 0, "slangBeHumanNum": 0, "slangBeVehicleNum": 0, "slangBeDrugNum": 0, "slangBvNum": 0, "slangBeGeneralRate": 0.0, "slangBeCigaretteRate": 0.0, "slangBeHumanRate": 0.0, "slangBeVehicleRate": 0.0, "slangBeDrugRate": 0.0, "slangBvRate": 0.0, "speechactNum": 0, "quoteNum": 0, "dashNum": 0, "publicNum": 0, "privateNum": 0, "suasiveNum": 0, "discMarkerNum": 0, "smileyNum": 4, "dateNum": 0, "hesitationNum": 0, "restartNum": 0, "repeatNum": 3, "conjBeforeDiscNum": 0, "conjAfterDiscNum": 0, "wordBeforeHesitationNum": 0, "wordAfterHesitationNum": 0, "otherCollocationNum": 0, "speechactRate": 0.0, "quoteRate": 0.0, "dashRate": 0.0, "publicRate": 0.0, "privateRate": 0.0, "suasiveRate": 0.0, "discMarkerRate": 0.0, "smileyRate": 0.013559322033898305, "dateRate": 0.0, "hesitationRate": 0.0, "restartRate": 0.0, "repeatRate": 0.010169491525423728, "conjBeforeDiscRate": 0.0, "conjAfterDiscRate": 0.0, "wordBeforeHesitationRate": 0.0, "wordAfterHesitationRate": 0.0, "otherCollocationRate": 0.0, "easyWordNum": 278, "hardWordNum": 17, "easyWordRate": 0.9423728813559322, "hardWordRate": 0.0576271186440678, "fleschReadingEaseScore": 86.32883474576272, "gunningFogIndex": 5.9230508474576276, "fleschKincaidGradeLevel": 4.882500000000004, "colemanLiauIndex": 8.718169491525419, "smogIndex": 7.42949916751922, "automatedReadabilityIndex": 5.551372881355931, "linsearWriteIndex": 1.6271186440677967, "author": "", "locationNameNum": 2, "locationNameRate": 0.006779661016949152, "personNameNum": 5, "personNameRate": 0.01694915254237288, "organizationNameNum": 0, "organizationNameRate": 0.0, "misspelledNum": 15, "misspelledRate": 0.05084745762711865, "missingAccentNum": 4, "missingAccentRate": 0.013559322033898305, "foreignAccentNum": 0, "foreignAccentRate": 0.0, "wordConcatNum": 5, "wordConcatRate": 0.01694915254237288, "jLyMistakeNum": 0, "jLyMistakeRate": 0.0, "publicVNum": 0, "freqSuffixNum": 0, "partsNum": 87, "clauseWordNum": 42, "privateVNum": 0}