{"tokenNum": 71, "sentenceNum": 5, "lemmaNum": 56, "lemmaRate": 0.7887323943661971, "sentenceLength": 14.2, "allUpperNum": 0, "firstUpperNum": 5, "allUpperRate": 0.0, "firstUpperRate": 0.07042253521126761, "declarSentNum": 5, "imperSentNum": 0, "questionNum": 0, "declarSentRate": 1.0, "imperSentRate": 0.0, "questionRate": 0.0, "accent": true, "saturation": 7.0, "paragraphNum": 0, "nounNum": 23, "verbNum": 6, "adjNum": 6, "infNum": 0, "partPastNum": 2, "partPresNum": 0, "partFutNum": 0, "transNum": 0, "xNum": 2, "advNum": 7, "properNounNum": 7, "numNum": 1, "conjNum": 2, "punctNum": 15, "pronNum": 3, "relPronNum": 1, "demPronNum": 1, "adposNum": 0, "multiplePunctNum": 2, "phraseNum": 0, "nounRate": 0.323943661971831, "verbRate": 0.08450704225352113, "adjRate": 0.08450704225352113, "infRate": 0.0, "partPastRate": 0.028169014084507043, "partPresRate": 0.0, "partFutRate": 0.0, "transRate": 0.0, "xRate": 0.028169014084507043, "advRate": 0.09859154929577464, "properNounRate": 0.09859154929577464, "numRate": 0.014084507042253521, "conjRate": 0.028169014084507043, "punctRate": 0.2112676056338028, "pronRate": 0.04225352112676056, "relPronRate": 0.014084507042253521, "demPronRate": 0.014084507042253521, "adposRate": 0.0, "multiplePunctRate": 0.13333333333333333, "partsDensityRate": 5.25, "contentfulness": 8.4, "phraseRate": 0.0, "pastTenseNum": 1, "presentTenseNum": 5, "condNum": 0, "impNum": 0, "freqNum": 0, "causNum": 0, "modalNum": 0, "sg1VerbNum": 6, "sg2VerbNum": 6, "sg3VerbNum": 6, "pl1VerbNum": 6, "pl2VerbNum": 6, "pl3VerbNum": 6, "superlatNum": 0, "comparatNum": 0, "specDerivSuffixNum": 0, "pluralNounNum": 0, "pastTenseRate": 0.16666666666666666, "presentTenseRate": 0.8333333333333334, "condRate": 0.0, "impRate": 0.0, "freqRate": 0.0, "causRate": 0.0, "modalRate": 0.0, "sg1VerbRate": 1.0, "sg2VerbRate": 1.0, "sg3VerbRate": 1.0, "pl1VerbRate": 1.0, "pl2VerbRate": 1.0, "pl3VerbRate": 1.0, "superlatRate": 0.0, "comparatRate": 0.0, "specDerivSuffixRate": 0.0, "pluralNounRate": 0.0, "subjNum": 3, "objNum": 1, "attNum": 4, "subordNum": 1, "adverbNum": 9, "coordNum": 4, "clauseNum": 8, "simpleNum": 2, "complexNum": 3, "complexity1Num": 3, "complexity2Num": 0, "complexity3Num": 0, "compoundNum": 0, "subjRate": 0.04225352112676056, "objRate": 0.014084507042253521, "attRate": 0.056338028169014086, "subordRate": 0.014084507042253521, "adverbRate": 0.1267605633802817, "coordRate": 0.056338028169014086, "partsRate": 2.625, "clauseRate": 1.6, "simpleRate": 0.4, "complexRate": 0.6, "complexity1Rate": 0.6, "complexity2Rate": 0.0, "complexity3Rate": 0.0, "complexClauseRate": 2.0, "sentencesPerParagraph": 0.0, "wordsLengthRate": 6.267857142857143, "compoundRate": 0.0, "positiveNum": 0, "negativeNum": 0, "precoPositiveNum": 0, "precoNegativeNum": 0, "negemoNum": 0, "negationNum": 0, "functionNum": 29, "contentNum": 42, "vulgarNum": 0, "racistNum": 0, "specStyleNum": 0, "addressingNum": 0, "closingNum": 0, "postscriptNum": 0, "brutalNum": 0, "positiveRate": 0.0, "negativeRate": 0.0, "precoPositiveRate": 0.0, "precoNegativeRate": 0.0, "negemoRate": 0.0, "negationRate": 0.0, "functionRate": 0.4084507042253521, "contentRate": 0.5915492957746479, "vulgarRate": 0.0, "racistRate": 0.0, "specStyleRate": 0.0, "addressingRate": 0.0, "closingRate": 0.0, "postscriptRate": 0.0, "brutalRate": 0.0, "epistemicNum": 0, "investNum": 0, "conditionNum": 0, "weaselNum": 0, "peacockNum": 0, "hedgeNum": 0, "doxasticNum": 0, "epistemicRate": 0.0, "investRate": 0.0, "conditionRate": 0.0, "weaselRate": 0.0, "peacockRate": 0.0, "hedgeRate": 0.0, "doxasticRate": 0.0, "loveNum": 0, "anxietyNum": 0, "sorrowNum": 0, "joyNum": 0, "disgustNum": 0, "fearNum": 0, "surpriseNum": 0, "angerNum": 0, "loveRate": 0.0, "anxietyRate": 0.0, "sorrowRate": 0.0, "joyRate": 0.0, "disgustRate": 0.0, "fearRate": 0.0, "surpriseRate": 0.0, "angerRate": 0.0, "slangBeGeneralNum": 0, "slangBeCigaretteNum": 0, "slangBeHumanNum": 0, "slangBeVehicleNum": 0, "slangBeDrugNum": 0, "slangBvNum": 0, "slangBeGeneralRate": 0.0, "slangBeCigaretteRate": 0.0, "slangBeHumanRate": 0.0, "slangBeVehicleRate": 0.0, "slangBeDrugRate": 0.0, "slangBvRate": 0.0, "speechactNum": 0, "quoteNum": 0, "dashNum": 0, "publicNum": 0, "privateNum": 0, "suasiveNum": 0, "discMarkerNum": 0, "smileyNum": 2, "dateNum": 0, "hesitationNum": 0, "restartNum": 0, "repeatNum": 0, "conjBeforeDiscNum": 0, "conjAfterDiscNum": 0, "wordBeforeHesitationNum": 0, "wordAfterHesitationNum": 0, "otherCollocationNum": 0, "speechactRate": 0.0, "quoteRate": 0.0, "dashRate": 0.0, "publicRate": 0.0, "privateRate": 0.0, "suasiveRate": 0.0, "discMarkerRate": 0.0, "smileyRate": 0.028169014084507043, "dateRate": 0.0, "hesitationRate": 0.0, "restartRate": 0.0, "repeatRate": 0.0, "conjBeforeDiscRate": 0.0, "conjAfterDiscRate": 0.0, "wordBeforeHesitationRate": 0.0, "wordAfterHesitationRate": 0.0, "otherCollocationRate": 0.0, "easyWordNum": 64, "hardWordNum": 7, "easyWordRate": 0.9014084507042254, "hardWordRate": 0.09859154929577464, "fleschReadingEaseScore": 56.585380281690135, "gunningFogIndex": 5.7194366197183095, "fleschKincaidGradeLevel": 8.89447887323944, "colemanLiauIndex": 14.562323943661973, "smogIndex": 5.888618617440368, "automatedReadabilityIndex": 9.949718309859158, "linsearWriteIndex": 7.300000000000001, "author": "", "locationNameNum": 2, "locationNameRate": 0.028169014084507043, "personNameNum": 1, "personNameRate": 0.014084507042253521, "organizationNameNum": 0, "organizationNameRate": 0.0, "misspelledNum": 2, "misspelledRate": 0.028169014084507043, "missingAccentNum": 1, "missingAccentRate": 0.014084507042253521, "foreignAccentNum": 0, "foreignAccentRate": 0.0, "wordConcatNum": 0, "wordConcatRate": 0.0, "jLyMistakeNum": 0, "jLyMistakeRate": 0.0, "publicVNum": 0, "freqSuffixNum": 0, "partsNum": 21, "clauseWordNum": 8, "privateVNum": 0}