{"tokenNum": 119, "sentenceNum": 10, "lemmaNum": 81, "lemmaRate": 0.680672268907563, "sentenceLength": 11.9, "allUpperNum": 1, "firstUpperNum": 18, "allUpperRate": 0.008403361344537815, "firstUpperRate": 0.15126050420168066, "declarSentNum": 9, "imperSentNum": 0, "questionNum": 1, "declarSentRate": 0.9, "imperSentRate": 0.0, "questionRate": 0.1, "accent": true, "saturation": 5.785714285714286, "paragraphNum": 0, "nounNum": 32, "verbNum": 11, "adjNum": 10, "infNum": 1, "partPastNum": 1, "partPresNum": 2, "partFutNum": 0, "transNum": 0, "xNum": 8, "advNum": 8, "properNounNum": 8, "numNum": 1, "conjNum": 10, "punctNum": 16, "pronNum": 6, "relPronNum": 1, "demPronNum": 1, "adposNum": 0, "multiplePunctNum": 0, "phraseNum": 0, "nounRate": 0.2689075630252101, "verbRate": 0.09243697478991597, "adjRate": 0.08403361344537816, "infRate": 0.008403361344537815, "partPastRate": 0.008403361344537815, "partPresRate": 0.01680672268907563, "partFutRate": 0.0, "transRate": 0.0, "xRate": 0.06722689075630252, "advRate": 0.06722689075630252, "properNounRate": 0.06722689075630252, "numRate": 0.008403361344537815, "conjRate": 0.08403361344537816, "punctRate": 0.13445378151260504, "pronRate": 0.05042016806722689, "relPronRate": 0.008403361344537815, "demPronRate": 0.008403361344537815, "adposRate": 0.0, "multiplePunctRate": 0.0, "partsDensityRate": 4.357142857142857, "contentfulness": 6.1, "phraseRate": 0.0, "pastTenseNum": 5, "presentTenseNum": 5, "condNum": 0, "impNum": 0, "freqNum": 0, "causNum": 0, "modalNum": 0, "sg1VerbNum": 11, "sg2VerbNum": 11, "sg3VerbNum": 11, "pl1VerbNum": 11, "pl2VerbNum": 11, "pl3VerbNum": 11, "superlatNum": 0, "comparatNum": 0, "specDerivSuffixNum": 0, "pluralNounNum": 3, "pastTenseRate": 0.45454545454545453, "presentTenseRate": 0.45454545454545453, "condRate": 0.0, "impRate": 0.0, "freqRate": 0.0, "causRate": 0.0, "modalRate": 0.0, "sg1VerbRate": 1.0, "sg2VerbRate": 1.0, "sg3VerbRate": 1.0, "pl1VerbRate": 1.0, "pl2VerbRate": 1.0, "pl3VerbRate": 1.0, "superlatRate": 0.0, "comparatRate": 0.0, "specDerivSuffixRate": 0.0, "pluralNounRate": 0.09375, "subjNum": 8, "objNum": 2, "attNum": 9, "subordNum": 3, "adverbNum": 10, "coordNum": 5, "clauseNum": 14, "simpleNum": 8, "complexNum": 2, "complexity1Num": 1, "complexity2Num": 0, "complexity3Num": 1, "compoundNum": 0, "subjRate": 0.06722689075630252, "objRate": 0.01680672268907563, "attRate": 0.07563025210084033, "subordRate": 0.025210084033613446, "adverbRate": 0.08403361344537816, "coordRate": 0.04201680672268908, "partsRate": 2.4285714285714284, "clauseRate": 1.4, "simpleRate": 0.8, "complexRate": 0.2, "complexity1Rate": 0.1, "complexity2Rate": 0.0, "complexity3Rate": 0.1, "complexClauseRate": 3.0, "sentencesPerParagraph": 0.0, "wordsLengthRate": 5.174757281553398, "compoundRate": 0.0, "positiveNum": 0, "negativeNum": 0, "precoPositiveNum": 0, "precoNegativeNum": 0, "negemoNum": 0, "negationNum": 1, "functionNum": 58, "contentNum": 61, "vulgarNum": 0, "racistNum": 0, "specStyleNum": 0, "addressingNum": 0, "closingNum": 0, "postscriptNum": 0, "brutalNum": 0, "positiveRate": 0.0, "negativeRate": 0.0, "precoPositiveRate": 0.0, "precoNegativeRate": 0.0, "negemoRate": 0.0, "negationRate": 0.008403361344537815, "functionRate": 0.48739495798319327, "contentRate": 0.5126050420168067, "vulgarRate": 0.0, "racistRate": 0.0, "specStyleRate": 0.0, "addressingRate": 0.0, "closingRate": 0.0, "postscriptRate": 0.0, "brutalRate": 0.0, "epistemicNum": 0, "investNum": 0, "conditionNum": 0, "weaselNum": 0, "peacockNum": 0, "hedgeNum": 0, "doxasticNum": 0, "epistemicRate": 0.0, "investRate": 0.0, "conditionRate": 0.0, "weaselRate": 0.0, "peacockRate": 0.0, "hedgeRate": 0.0, "doxasticRate": 0.0, "loveNum": 0, "anxietyNum": 0, "sorrowNum": 0, "joyNum": 0, "disgustNum": 0, "fearNum": 0, "surpriseNum": 0, "angerNum": 0, "loveRate": 0.0, "anxietyRate": 0.0, "sorrowRate": 0.0, "joyRate": 0.0, "disgustRate": 0.0, "fearRate": 0.0, "surpriseRate": 0.0, "angerRate": 0.0, "slangBeGeneralNum": 0, "slangBeCigaretteNum": 0, "slangBeHumanNum": 0, "slangBeVehicleNum": 0, "slangBeDrugNum": 0, "slangBvNum": 0, "slangBeGeneralRate": 0.0, "slangBeCigaretteRate": 0.0, "slangBeHumanRate": 0.0, "slangBeVehicleRate": 0.0, "slangBeDrugRate": 0.0, "slangBvRate": 0.0, "speechactNum": 0, "quoteNum": 0, "dashNum": 0, "publicNum": 0, "privateNum": 0, "suasiveNum": 0, "discMarkerNum": 0, "smileyNum": 0, "dateNum": 0, "hesitationNum": 0, "restartNum": 0, "repeatNum": 0, "conjBeforeDiscNum": 0, "conjAfterDiscNum": 0, "wordBeforeHesitationNum": 0, "wordAfterHesitationNum": 0, "otherCollocationNum": 0, "speechactRate": 0.0, "quoteRate": 0.0, "dashRate": 0.0, "publicRate": 0.0, "privateRate": 0.0, "suasiveRate": 0.0, "discMarkerRate": 0.0, "smileyRate": 0.0, "dateRate": 0.0, "hesitationRate": 0.0, "restartRate": 0.0, "repeatRate": 0.0, "conjBeforeDiscRate": 0.0, "conjAfterDiscRate": 0.0, "wordBeforeHesitationRate": 0.0, "wordAfterHesitationRate": 0.0, "otherCollocationRate": 0.0, "easyWordNum": 108, "hardWordNum": 11, "easyWordRate": 0.907563025210084, "hardWordRate": 0.09243697478991597, "fleschReadingEaseScore": 65.36826470588238, "gunningFogIndex": 4.796974789915967, "fleschKincaidGradeLevel": 7.09805882352941, "colemanLiauIndex": 10.976974789915964, "smogIndex": 6.588339656340683, "automatedReadabilityIndex": 5.93268907563025, "linsearWriteIndex": 4.588235294117647, "author": "", "locationNameNum": 0, "locationNameRate": 0.0, "personNameNum": 1, "personNameRate": 0.008403361344537815, "organizationNameNum": 0, "organizationNameRate": 0.0, "misspelledNum": 3, "misspelledRate": 0.025210084033613446, "missingAccentNum": 1, "missingAccentRate": 0.008403361344537815, "foreignAccentNum": 0, "foreignAccentRate": 0.0, "wordConcatNum": 1, "wordConcatRate": 0.008403361344537815, "jLyMistakeNum": 0, "jLyMistakeRate": 0.0, "publicVNum": 0, "freqSuffixNum": 0, "partsNum": 34, "clauseWordNum": 14, "privateVNum": 0}