{"tokenNum": 108, "sentenceNum": 5, "lemmaNum": 74, "lemmaRate": 0.6851851851851852, "sentenceLength": 21.6, "allUpperNum": 1, "firstUpperNum": 13, "allUpperRate": 0.009259259259259259, "firstUpperRate": 0.12037037037037036, "declarSentNum": 5, "imperSentNum": 0, "questionNum": 0, "declarSentRate": 1.0, "imperSentRate": 0.0, "questionRate": 0.0, "accent": true, "saturation": 5.6923076923076925, "paragraphNum": 0, "nounNum": 25, "verbNum": 18, "adjNum": 6, "infNum": 1, "partPastNum": 0, "partPresNum": 0, "partFutNum": 0, "transNum": 0, "xNum": 4, "advNum": 14, "properNounNum": 8, "numNum": 0, "conjNum": 8, "punctNum": 13, "pronNum": 3, "relPronNum": 2, "demPronNum": 4, "adposNum": 1, "multiplePunctNum": 0, "phraseNum": 0, "nounRate": 0.23148148148148148, "verbRate": 0.16666666666666666, "adjRate": 0.05555555555555555, "infRate": 0.009259259259259259, "partPastRate": 0.0, "partPresRate": 0.0, "partFutRate": 0.0, "transRate": 0.0, "xRate": 0.037037037037037035, "advRate": 0.12962962962962962, "properNounRate": 0.07407407407407407, "numRate": 0.0, "conjRate": 0.07407407407407407, "punctRate": 0.12037037037037036, "pronRate": 0.027777777777777776, "relPronRate": 0.018518518518518517, "demPronRate": 0.037037037037037035, "adposRate": 0.009259259259259259, "multiplePunctRate": 0.0, "partsDensityRate": 4.846153846153846, "contentfulness": 12.6, "phraseRate": 0.0, "pastTenseNum": 6, "presentTenseNum": 11, "condNum": 5, "impNum": 0, "freqNum": 0, "causNum": 0, "modalNum": 0, "sg1VerbNum": 18, "sg2VerbNum": 18, "sg3VerbNum": 18, "pl1VerbNum": 18, "pl2VerbNum": 18, "pl3VerbNum": 18, "superlatNum": 0, "comparatNum": 0, "specDerivSuffixNum": 0, "pluralNounNum": 2, "pastTenseRate": 0.3333333333333333, "presentTenseRate": 0.6111111111111112, "condRate": 0.2777777777777778, "impRate": 0.0, "freqRate": 0.0, "causRate": 0.0, "modalRate": 0.0, "sg1VerbRate": 1.0, "sg2VerbRate": 1.0, "sg3VerbRate": 1.0, "pl1VerbRate": 1.0, "pl2VerbRate": 1.0, "pl3VerbRate": 1.0, "superlatRate": 0.0, "comparatRate": 0.0, "specDerivSuffixRate": 0.0, "pluralNounRate": 0.08, "subjNum": 6, "objNum": 6, "attNum": 2, "subordNum": 4, "adverbNum": 21, "coordNum": 5, "clauseNum": 13, "simpleNum": 1, "complexNum": 4, "complexity1Num": 2, "complexity2Num": 1, "complexity3Num": 0, "compoundNum": 0, "subjRate": 0.05555555555555555, "objRate": 0.05555555555555555, "attRate": 0.018518518518518517, "subordRate": 0.037037037037037035, "adverbRate": 0.19444444444444445, "coordRate": 0.046296296296296294, "partsRate": 3.076923076923077, "clauseRate": 2.6, "simpleRate": 0.2, "complexRate": 0.8, "complexity1Rate": 0.4, "complexity2Rate": 0.2, "complexity3Rate": 0.0, "complexClauseRate": 3.0, "sentencesPerParagraph": 0.0, "wordsLengthRate": 5.021052631578947, "compoundRate": 0.0, "positiveNum": 0, "negativeNum": 0, "precoPositiveNum": 0, "precoNegativeNum": 0, "negemoNum": 0, "negationNum": 1, "functionNum": 45, "contentNum": 63, "vulgarNum": 0, "racistNum": 0, "specStyleNum": 0, "addressingNum": 0, "closingNum": 0, "postscriptNum": 0, "brutalNum": 0, "positiveRate": 0.0, "negativeRate": 0.0, "precoPositiveRate": 0.0, "precoNegativeRate": 0.0, "negemoRate": 0.0, "negationRate": 0.009259259259259259, "functionRate": 0.4166666666666667, "contentRate": 0.5833333333333334, "vulgarRate": 0.0, "racistRate": 0.0, "specStyleRate": 0.0, "addressingRate": 0.0, "closingRate": 0.0, "postscriptRate": 0.0, "brutalRate": 0.0, "epistemicNum": 0, "investNum": 0, "conditionNum": 0, "weaselNum": 0, "peacockNum": 0, "hedgeNum": 0, "doxasticNum": 0, "epistemicRate": 0.0, "investRate": 0.0, "conditionRate": 0.0, "weaselRate": 0.0, "peacockRate": 0.0, "hedgeRate": 0.0, "doxasticRate": 0.0, "loveNum": 0, "anxietyNum": 0, "sorrowNum": 0, "joyNum": 0, "disgustNum": 0, "fearNum": 0, "surpriseNum": 0, "angerNum": 0, "loveRate": 0.0, "anxietyRate": 0.0, "sorrowRate": 0.0, "joyRate": 0.0, "disgustRate": 0.0, "fearRate": 0.0, "surpriseRate": 0.0, "angerRate": 0.0, "slangBeGeneralNum": 0, "slangBeCigaretteNum": 0, "slangBeHumanNum": 0, "slangBeVehicleNum": 0, "slangBeDrugNum": 0, "slangBvNum": 0, "slangBeGeneralRate": 0.0, "slangBeCigaretteRate": 0.0, "slangBeHumanRate": 0.0, "slangBeVehicleRate": 0.0, "slangBeDrugRate": 0.0, "slangBvRate": 0.0, "speechactNum": 0, "quoteNum": 0, "dashNum": 0, "publicNum": 0, "privateNum": 0, "suasiveNum": 0, "discMarkerNum": 0, "smileyNum": 0, "dateNum": 0, "hesitationNum": 0, "restartNum": 0, "repeatNum": 0, "conjBeforeDiscNum": 0, "conjAfterDiscNum": 0, "wordBeforeHesitationNum": 0, "wordAfterHesitationNum": 0, "otherCollocationNum": 0, "speechactRate": 0.0, "quoteRate": 0.0, "dashRate": 0.0, "publicRate": 0.0, "privateRate": 0.0, "suasiveRate": 0.0, "discMarkerRate": 0.0, "smileyRate": 0.0, "dateRate": 0.0, "hesitationRate": 0.0, "restartRate": 0.0, "repeatRate": 0.0, "conjBeforeDiscRate": 0.0, "conjAfterDiscRate": 0.0, "wordBeforeHesitationRate": 0.0, "wordAfterHesitationRate": 0.0, "otherCollocationRate": 0.0, "easyWordNum": 104, "hardWordNum": 4, "easyWordRate": 0.9629629629629629, "hardWordRate": 0.037037037037037035, "fleschReadingEaseScore": 58.79433333333334, "gunningFogIndex": 8.654814814814817, "fleschKincaidGradeLevel": 10.424740740740742, "colemanLiauIndex": 10.70486111111111, "smogIndex": 5.2151, "automatedReadabilityIndex": 10.565000000000001, "linsearWriteIndex": 10.37037037037037, "author": "", "locationNameNum": 1, "locationNameRate": 0.009259259259259259, "personNameNum": 3, "personNameRate": 0.027777777777777776, "organizationNameNum": 3, "organizationNameRate": 0.027777777777777776, "misspelledNum": 1, "misspelledRate": 0.009259259259259259, "missingAccentNum": 0, "missingAccentRate": 0.0, "foreignAccentNum": 0, "foreignAccentRate": 0.0, "wordConcatNum": 0, "wordConcatRate": 0.0, "jLyMistakeNum": 0, "jLyMistakeRate": 0.0, "publicVNum": 0, "freqSuffixNum": 0, "partsNum": 40, "clauseWordNum": 13, "privateVNum": 0}