{"tokenNum": 117, "sentenceNum": 8, "lemmaNum": 70, "lemmaRate": 0.5982905982905983, "sentenceLength": 14.625, "allUpperNum": 0, "firstUpperNum": 9, "allUpperRate": 0.0, "firstUpperRate": 0.07692307692307693, "declarSentNum": 8, "imperSentNum": 0, "questionNum": 0, "declarSentRate": 1.0, "imperSentRate": 0.0, "questionRate": 0.0, "accent": true, "saturation": 4.375, "paragraphNum": 0, "nounNum": 19, "verbNum": 13, "adjNum": 12, "infNum": 0, "partPastNum": 1, "partPresNum": 0, "partFutNum": 0, "transNum": 0, "xNum": 7, "advNum": 11, "properNounNum": 1, "numNum": 1, "conjNum": 8, "punctNum": 17, "pronNum": 11, "relPronNum": 3, "demPronNum": 4, "adposNum": 2, "multiplePunctNum": 0, "phraseNum": 0, "nounRate": 0.1623931623931624, "verbRate": 0.1111111111111111, "adjRate": 0.10256410256410256, "infRate": 0.0, "partPastRate": 0.008547008547008548, "partPresRate": 0.0, "partFutRate": 0.0, "transRate": 0.0, "xRate": 0.05982905982905983, "advRate": 0.09401709401709402, "properNounRate": 0.008547008547008548, "numRate": 0.008547008547008548, "conjRate": 0.06837606837606838, "punctRate": 0.1452991452991453, "pronRate": 0.09401709401709402, "relPronRate": 0.02564102564102564, "demPronRate": 0.03418803418803419, "adposRate": 0.017094017094017096, "multiplePunctRate": 0.0, "partsDensityRate": 3.4375, "contentfulness": 6.875, "phraseRate": 0.0, "pastTenseNum": 10, "presentTenseNum": 3, "condNum": 0, "impNum": 0, "freqNum": 0, "causNum": 0, "modalNum": 0, "sg1VerbNum": 13, "sg2VerbNum": 13, "sg3VerbNum": 13, "pl1VerbNum": 13, "pl2VerbNum": 13, "pl3VerbNum": 13, "superlatNum": 0, "comparatNum": 1, "specDerivSuffixNum": 0, "pluralNounNum": 2, "pastTenseRate": 0.7692307692307693, "presentTenseRate": 0.23076923076923078, "condRate": 0.0, "impRate": 0.0, "freqRate": 0.0, "causRate": 0.0, "modalRate": 0.0, "sg1VerbRate": 1.0, "sg2VerbRate": 1.0, "sg3VerbRate": 1.0, "pl1VerbRate": 1.0, "pl2VerbRate": 1.0, "pl3VerbRate": 1.0, "superlatRate": 0.0, "comparatRate": 0.08333333333333333, "specDerivSuffixRate": 0.0, "pluralNounRate": 0.10526315789473684, "subjNum": 11, "objNum": 3, "attNum": 5, "subordNum": 6, "adverbNum": 18, "coordNum": 3, "clauseNum": 16, "simpleNum": 4, "complexNum": 4, "complexity1Num": 0, "complexity2Num": 4, "complexity3Num": 0, "compoundNum": 0, "subjRate": 0.09401709401709402, "objRate": 0.02564102564102564, "attRate": 0.042735042735042736, "subordRate": 0.05128205128205128, "adverbRate": 0.15384615384615385, "coordRate": 0.02564102564102564, "partsRate": 2.5, "clauseRate": 2.0, "simpleRate": 0.5, "complexRate": 0.5, "complexity1Rate": 0.0, "complexity2Rate": 0.5, "complexity3Rate": 0.0, "complexClauseRate": 3.0, "sentencesPerParagraph": 0.0, "wordsLengthRate": 5.29, "compoundRate": 0.0, "positiveNum": 0, "negativeNum": 0, "precoPositiveNum": 0, "precoNegativeNum": 0, "negemoNum": 0, "negationNum": 2, "functionNum": 62, "contentNum": 55, "vulgarNum": 0, "racistNum": 0, "specStyleNum": 0, "addressingNum": 0, "closingNum": 0, "postscriptNum": 0, "brutalNum": 0, "positiveRate": 0.0, "negativeRate": 0.0, "precoPositiveRate": 0.0, "precoNegativeRate": 0.0, "negemoRate": 0.0, "negationRate": 0.017094017094017096, "functionRate": 0.5299145299145299, "contentRate": 0.4700854700854701, "vulgarRate": 0.0, "racistRate": 0.0, "specStyleRate": 0.0, "addressingRate": 0.0, "closingRate": 0.0, "postscriptRate": 0.0, "brutalRate": 0.0, "epistemicNum": 0, "investNum": 0, "conditionNum": 0, "weaselNum": 0, "peacockNum": 0, "hedgeNum": 0, "doxasticNum": 0, "epistemicRate": 0.0, "investRate": 0.0, "conditionRate": 0.0, "weaselRate": 0.0, "peacockRate": 0.0, "hedgeRate": 0.0, "doxasticRate": 0.0, "loveNum": 0, "anxietyNum": 0, "sorrowNum": 0, "joyNum": 0, "disgustNum": 0, "fearNum": 0, "surpriseNum": 0, "angerNum": 0, "loveRate": 0.0, "anxietyRate": 0.0, "sorrowRate": 0.0, "joyRate": 0.0, "disgustRate": 0.0, "fearRate": 0.0, "surpriseRate": 0.0, "angerRate": 0.0, "slangBeGeneralNum": 0, "slangBeCigaretteNum": 0, "slangBeHumanNum": 0, "slangBeVehicleNum": 0, "slangBeDrugNum": 0, "slangBvNum": 0, "slangBeGeneralRate": 0.0, "slangBeCigaretteRate": 0.0, "slangBeHumanRate": 0.0, "slangBeVehicleRate": 0.0, "slangBeDrugRate": 0.0, "slangBvRate": 0.0, "speechactNum": 0, "quoteNum": 0, "dashNum": 0, "publicNum": 0, "privateNum": 0, "suasiveNum": 0, "discMarkerNum": 0, "smileyNum": 0, "dateNum": 0, "hesitationNum": 0, "restartNum": 0, "repeatNum": 0, "conjBeforeDiscNum": 0, "conjAfterDiscNum": 0, "wordBeforeHesitationNum": 0, "wordAfterHesitationNum": 0, "otherCollocationNum": 0, "speechactRate": 0.0, "quoteRate": 0.0, "dashRate": 0.0, "publicRate": 0.0, "privateRate": 0.0, "suasiveRate": 0.0, "discMarkerRate": 0.0, "smileyRate": 0.0, "dateRate": 0.0, "hesitationRate": 0.0, "restartRate": 0.0, "repeatRate": 0.0, "conjBeforeDiscRate": 0.0, "conjAfterDiscRate": 0.0, "wordBeforeHesitationRate": 0.0, "wordAfterHesitationRate": 0.0, "otherCollocationRate": 0.0, "easyWordNum": 110, "hardWordNum": 7, "easyWordRate": 0.9401709401709402, "hardWordRate": 0.05982905982905983, "fleschReadingEaseScore": 64.72908653846157, "gunningFogIndex": 5.873931623931624, "fleschKincaidGradeLevel": 7.864177350427351, "colemanLiauIndex": 11.334068376068373, "smogIndex": 5.888618617440368, "automatedReadabilityIndex": 7.580705128205125, "linsearWriteIndex": 5.6239316239316235, "author": "", "locationNameNum": 0, "locationNameRate": 0.0, "personNameNum": 1, "personNameRate": 0.008547008547008548, "organizationNameNum": 0, "organizationNameRate": 0.0, "misspelledNum": 3, "misspelledRate": 0.02564102564102564, "missingAccentNum": 0, "missingAccentRate": 0.0, "foreignAccentNum": 0, "foreignAccentRate": 0.0, "wordConcatNum": 2, "wordConcatRate": 0.017094017094017096, "jLyMistakeNum": 0, "jLyMistakeRate": 0.0, "publicVNum": 0, "freqSuffixNum": 0, "partsNum": 40, "clauseWordNum": 16, "privateVNum": 0}