{"tokenNum": 90, "sentenceNum": 5, "lemmaNum": 59, "lemmaRate": 0.6555555555555556, "sentenceLength": 18.0, "allUpperNum": 0, "firstUpperNum": 5, "allUpperRate": 0.0, "firstUpperRate": 0.05555555555555555, "declarSentNum": 4, "imperSentNum": 0, "questionNum": 1, "declarSentRate": 0.8, "imperSentRate": 0.0, "questionRate": 0.2, "accent": true, "saturation": 4.916666666666667, "paragraphNum": 0, "nounNum": 12, "verbNum": 13, "adjNum": 6, "infNum": 2, "partPastNum": 0, "partPresNum": 0, "partFutNum": 0, "transNum": 0, "xNum": 5, "advNum": 10, "properNounNum": 0, "numNum": 3, "conjNum": 9, "punctNum": 11, "pronNum": 14, "relPronNum": 1, "demPronNum": 10, "adposNum": 0, "multiplePunctNum": 0, "phraseNum": 0, "nounRate": 0.13333333333333333, "verbRate": 0.14444444444444443, "adjRate": 0.06666666666666667, "infRate": 0.022222222222222223, "partPastRate": 0.0, "partPresRate": 0.0, "partFutRate": 0.0, "transRate": 0.0, "xRate": 0.05555555555555555, "advRate": 0.1111111111111111, "properNounRate": 0.0, "numRate": 0.03333333333333333, "conjRate": 0.1, "punctRate": 0.12222222222222222, "pronRate": 0.15555555555555556, "relPronRate": 0.011111111111111112, "demPronRate": 0.1111111111111111, "adposRate": 0.0, "multiplePunctRate": 0.0, "partsDensityRate": 3.4166666666666665, "contentfulness": 8.2, "phraseRate": 0.0, "pastTenseNum": 9, "presentTenseNum": 2, "condNum": 2, "impNum": 0, "freqNum": 0, "causNum": 1, "modalNum": 0, "sg1VerbNum": 13, "sg2VerbNum": 13, "sg3VerbNum": 13, "pl1VerbNum": 13, "pl2VerbNum": 13, "pl3VerbNum": 13, "superlatNum": 0, "comparatNum": 0, "specDerivSuffixNum": 0, "pluralNounNum": 2, "pastTenseRate": 0.6923076923076923, "presentTenseRate": 0.15384615384615385, "condRate": 0.15384615384615385, "impRate": 0.0, "freqRate": 0.0, "causRate": 0.07692307692307693, "modalRate": 0.0, "sg1VerbRate": 1.0, "sg2VerbRate": 1.0, "sg3VerbRate": 1.0, "pl1VerbRate": 1.0, "pl2VerbRate": 1.0, "pl3VerbRate": 1.0, "superlatRate": 0.0, "comparatRate": 0.0, "specDerivSuffixRate": 0.0, "pluralNounRate": 0.16666666666666666, "subjNum": 11, "objNum": 4, "attNum": 2, "subordNum": 2, "adverbNum": 10, "coordNum": 5, "clauseNum": 12, "simpleNum": 1, "complexNum": 4, "complexity1Num": 1, "complexity2Num": 3, "complexity3Num": 0, "compoundNum": 0, "subjRate": 0.12222222222222222, "objRate": 0.044444444444444446, "attRate": 0.022222222222222223, "subordRate": 0.022222222222222223, "adverbRate": 0.1111111111111111, "coordRate": 0.05555555555555555, "partsRate": 2.6666666666666665, "clauseRate": 2.4, "simpleRate": 0.2, "complexRate": 0.8, "complexity1Rate": 0.2, "complexity2Rate": 0.6, "complexity3Rate": 0.0, "complexClauseRate": 2.75, "sentencesPerParagraph": 0.0, "wordsLengthRate": 4.822784810126582, "compoundRate": 0.0, "positiveNum": 0, "negativeNum": 0, "precoPositiveNum": 0, "precoNegativeNum": 0, "negemoNum": 0, "negationNum": 3, "functionNum": 49, "contentNum": 41, "vulgarNum": 0, "racistNum": 0, "specStyleNum": 0, "addressingNum": 0, "closingNum": 0, "postscriptNum": 0, "brutalNum": 0, "positiveRate": 0.0, "negativeRate": 0.0, "precoPositiveRate": 0.0, "precoNegativeRate": 0.0, "negemoRate": 0.0, "negationRate": 0.03333333333333333, "functionRate": 0.5444444444444444, "contentRate": 0.45555555555555555, "vulgarRate": 0.0, "racistRate": 0.0, "specStyleRate": 0.0, "addressingRate": 0.0, "closingRate": 0.0, "postscriptRate": 0.0, "brutalRate": 0.0, "epistemicNum": 0, "investNum": 0, "conditionNum": 0, "weaselNum": 0, "peacockNum": 0, "hedgeNum": 0, "doxasticNum": 0, "epistemicRate": 0.0, "investRate": 0.0, "conditionRate": 0.0, "weaselRate": 0.0, "peacockRate": 0.0, "hedgeRate": 0.0, "doxasticRate": 0.0, "loveNum": 0, "anxietyNum": 0, "sorrowNum": 0, "joyNum": 0, "disgustNum": 0, "fearNum": 0, "surpriseNum": 0, "angerNum": 0, "loveRate": 0.0, "anxietyRate": 0.0, "sorrowRate": 0.0, "joyRate": 0.0, "disgustRate": 0.0, "fearRate": 0.0, "surpriseRate": 0.0, "angerRate": 0.0, "slangBeGeneralNum": 0, "slangBeCigaretteNum": 0, "slangBeHumanNum": 0, "slangBeVehicleNum": 0, "slangBeDrugNum": 0, "slangBvNum": 0, "slangBeGeneralRate": 0.0, "slangBeCigaretteRate": 0.0, "slangBeHumanRate": 0.0, "slangBeVehicleRate": 0.0, "slangBeDrugRate": 0.0, "slangBvRate": 0.0, "speechactNum": 0, "quoteNum": 0, "dashNum": 0, "publicNum": 0, "privateNum": 0, "suasiveNum": 0, "discMarkerNum": 0, "smileyNum": 0, "dateNum": 0, "hesitationNum": 0, "restartNum": 0, "repeatNum": 0, "conjBeforeDiscNum": 0, "conjAfterDiscNum": 0, "wordBeforeHesitationNum": 0, "wordAfterHesitationNum": 0, "otherCollocationNum": 0, "speechactRate": 0.0, "quoteRate": 0.0, "dashRate": 0.0, "publicRate": 0.0, "privateRate": 0.0, "suasiveRate": 0.0, "discMarkerRate": 0.0, "smileyRate": 0.0, "dateRate": 0.0, "hesitationRate": 0.0, "restartRate": 0.0, "repeatRate": 0.0, "conjBeforeDiscRate": 0.0, "conjAfterDiscRate": 0.0, "wordBeforeHesitationRate": 0.0, "wordAfterHesitationRate": 0.0, "otherCollocationRate": 0.0, "easyWordNum": 86, "hardWordNum": 4, "easyWordRate": 0.9555555555555556, "hardWordRate": 0.044444444444444446, "fleschReadingEaseScore": 69.185, "gunningFogIndex": 7.217777777777778, "fleschKincaidGradeLevel": 8.081111111111113, "colemanLiauIndex": 9.592277777777777, "smogIndex": 5.2151, "automatedReadabilityIndex": 7.875333333333334, "linsearWriteIndex": 8.4, "author": "", "locationNameNum": 0, "locationNameRate": 0.0, "personNameNum": 0, "personNameRate": 0.0, "organizationNameNum": 0, "organizationNameRate": 0.0, "misspelledNum": 2, "misspelledRate": 0.022222222222222223, "missingAccentNum": 0, "missingAccentRate": 0.0, "foreignAccentNum": 0, "foreignAccentRate": 0.0, "wordConcatNum": 0, "wordConcatRate": 0.0, "jLyMistakeNum": 0, "jLyMistakeRate": 0.0, "publicVNum": 0, "freqSuffixNum": 0, "partsNum": 32, "clauseWordNum": 12, "privateVNum": 0}