{"tokenNum": 169, "sentenceNum": 18, "lemmaNum": 101, "lemmaRate": 0.5976331360946746, "sentenceLength": 9.38888888888889, "allUpperNum": 1, "firstUpperNum": 24, "allUpperRate": 0.005917159763313609, "firstUpperRate": 0.14201183431952663, "declarSentNum": 18, "imperSentNum": 0, "questionNum": 0, "declarSentRate": 1.0, "imperSentRate": 0.0, "questionRate": 0.0, "accent": true, "saturation": 3.740740740740741, "paragraphNum": 0, "nounNum": 33, "verbNum": 16, "adjNum": 13, "infNum": 1, "partPastNum": 0, "partPresNum": 1, "partFutNum": 0, "transNum": 1, "xNum": 17, "advNum": 16, "properNounNum": 7, "numNum": 6, "conjNum": 8, "punctNum": 36, "pronNum": 5, "relPronNum": 1, "demPronNum": 3, "adposNum": 2, "multiplePunctNum": 2, "phraseNum": 0, "nounRate": 0.1952662721893491, "verbRate": 0.09467455621301775, "adjRate": 0.07692307692307693, "infRate": 0.005917159763313609, "partPastRate": 0.0, "partPresRate": 0.005917159763313609, "partFutRate": 0.0, "transRate": 0.005917159763313609, "xRate": 0.10059171597633136, "advRate": 0.09467455621301775, "properNounRate": 0.04142011834319527, "numRate": 0.03550295857988166, "conjRate": 0.047337278106508875, "punctRate": 0.21301775147928995, "pronRate": 0.029585798816568046, "relPronRate": 0.005917159763313609, "demPronRate": 0.01775147928994083, "adposRate": 0.011834319526627219, "multiplePunctRate": 0.05555555555555555, "partsDensityRate": 2.888888888888889, "contentfulness": 4.333333333333333, "phraseRate": 0.0, "pastTenseNum": 6, "presentTenseNum": 9, "condNum": 0, "impNum": 1, "freqNum": 0, "causNum": 0, "modalNum": 0, "sg1VerbNum": 16, "sg2VerbNum": 16, "sg3VerbNum": 16, "pl1VerbNum": 16, "pl2VerbNum": 16, "pl3VerbNum": 16, "superlatNum": 0, "comparatNum": 1, "specDerivSuffixNum": 0, "pluralNounNum": 6, "pastTenseRate": 0.375, "presentTenseRate": 0.5625, "condRate": 0.0, "impRate": 0.0625, "freqRate": 0.0, "causRate": 0.0, "modalRate": 0.0, "sg1VerbRate": 1.0, "sg2VerbRate": 1.0, "sg3VerbRate": 1.0, "pl1VerbRate": 1.0, "pl2VerbRate": 1.0, "pl3VerbRate": 1.0, "superlatRate": 0.0, "comparatRate": 0.07692307692307693, "specDerivSuffixRate": 0.0, "pluralNounRate": 0.18181818181818182, "subjNum": 10, "objNum": 2, "attNum": 6, "subordNum": 3, "adverbNum": 20, "coordNum": 11, "clauseNum": 27, "simpleNum": 13, "complexNum": 5, "complexity1Num": 2, "complexity2Num": 2, "complexity3Num": 1, "compoundNum": 0, "subjRate": 0.05917159763313609, "objRate": 0.011834319526627219, "attRate": 0.03550295857988166, "subordRate": 0.01775147928994083, "adverbRate": 0.11834319526627218, "coordRate": 0.0650887573964497, "partsRate": 1.8148148148148149, "clauseRate": 1.5, "simpleRate": 0.7222222222222222, "complexRate": 0.2777777777777778, "complexity1Rate": 0.1111111111111111, "complexity2Rate": 0.1111111111111111, "complexity3Rate": 0.05555555555555555, "complexClauseRate": 2.8, "sentencesPerParagraph": 0.0, "wordsLengthRate": 4.616541353383458, "compoundRate": 0.0, "positiveNum": 0, "negativeNum": 0, "precoPositiveNum": 0, "precoNegativeNum": 0, "negemoNum": 0, "negationNum": 2, "functionNum": 91, "contentNum": 78, "vulgarNum": 0, "racistNum": 0, "specStyleNum": 0, "addressingNum": 0, "closingNum": 0, "postscriptNum": 0, "brutalNum": 0, "positiveRate": 0.0, "negativeRate": 0.0, "precoPositiveRate": 0.0, "precoNegativeRate": 0.0, "negemoRate": 0.0, "negationRate": 0.011834319526627219, "functionRate": 0.5384615384615384, "contentRate": 0.46153846153846156, "vulgarRate": 0.0, "racistRate": 0.0, "specStyleRate": 0.0, "addressingRate": 0.0, "closingRate": 0.0, "postscriptRate": 0.0, "brutalRate": 0.0, "epistemicNum": 0, "investNum": 0, "conditionNum": 0, "weaselNum": 0, "peacockNum": 0, "hedgeNum": 0, "doxasticNum": 0, "epistemicRate": 0.0, "investRate": 0.0, "conditionRate": 0.0, "weaselRate": 0.0, "peacockRate": 0.0, "hedgeRate": 0.0, "doxasticRate": 0.0, "loveNum": 0, "anxietyNum": 0, "sorrowNum": 0, "joyNum": 0, "disgustNum": 0, "fearNum": 0, "surpriseNum": 0, "angerNum": 0, "loveRate": 0.0, "anxietyRate": 0.0, "sorrowRate": 0.0, "joyRate": 0.0, "disgustRate": 0.0, "fearRate": 0.0, "surpriseRate": 0.0, "angerRate": 0.0, "slangBeGeneralNum": 0, "slangBeCigaretteNum": 0, "slangBeHumanNum": 0, "slangBeVehicleNum": 0, "slangBeDrugNum": 0, "slangBvNum": 0, "slangBeGeneralRate": 0.0, "slangBeCigaretteRate": 0.0, "slangBeHumanRate": 0.0, "slangBeVehicleRate": 0.0, "slangBeDrugRate": 0.0, "slangBvRate": 0.0, "speechactNum": 0, "quoteNum": 0, "dashNum": 0, "publicNum": 0, "privateNum": 0, "suasiveNum": 0, "discMarkerNum": 0, "smileyNum": 0, "dateNum": 0, "hesitationNum": 0, "restartNum": 0, "repeatNum": 0, "conjBeforeDiscNum": 0, "conjAfterDiscNum": 0, "wordBeforeHesitationNum": 0, "wordAfterHesitationNum": 0, "otherCollocationNum": 0, "speechactRate": 0.0, "quoteRate": 0.0, "dashRate": 0.0, "publicRate": 0.0, "privateRate": 0.0, "suasiveRate": 0.0, "discMarkerRate": 0.0, "smileyRate": 0.0, "dateRate": 0.0, "hesitationRate": 0.0, "restartRate": 0.0, "repeatRate": 0.0, "conjBeforeDiscRate": 0.0, "conjAfterDiscRate": 0.0, "wordBeforeHesitationRate": 0.0, "wordAfterHesitationRate": 0.0, "otherCollocationRate": 0.0, "easyWordNum": 160, "hardWordNum": 9, "easyWordRate": 0.9467455621301775, "hardWordRate": 0.05325443786982249, "fleschReadingEaseScore": 97.68752629848784, "gunningFogIndex": 3.776857330703485, "fleschKincaidGradeLevel": 1.966341222879688, "colemanLiauIndex": 6.400449704142009, "smogIndex": 6.2581, "automatedReadabilityIndex": 1.0175213675213683, "linsearWriteIndex": 1.7942143326758715, "author": "", "locationNameNum": 4, "locationNameRate": 0.023668639053254437, "personNameNum": 1, "personNameRate": 0.005917159763313609, "organizationNameNum": 0, "organizationNameRate": 0.0, "misspelledNum": 2, "misspelledRate": 0.011834319526627219, "missingAccentNum": 1, "missingAccentRate": 0.005917159763313609, "foreignAccentNum": 0, "foreignAccentRate": 0.0, "wordConcatNum": 0, "wordConcatRate": 0.0, "jLyMistakeNum": 0, "jLyMistakeRate": 0.0, "publicVNum": 0, "freqSuffixNum": 0, "partsNum": 49, "clauseWordNum": 27, "privateVNum": 0}