{"tokenNum": 226, "sentenceNum": 14, "lemmaNum": 110, "lemmaRate": 0.48672566371681414, "sentenceLength": 16.142857142857142, "allUpperNum": 21, "firstUpperNum": 37, "allUpperRate": 0.09292035398230089, "firstUpperRate": 0.16371681415929204, "declarSentNum": 13, "imperSentNum": 1, "questionNum": 0, "declarSentRate": 0.9285714285714286, "imperSentRate": 0.07142857142857142, "questionRate": 0.0, "accent": true, "saturation": 3.793103448275862, "paragraphNum": 0, "nounNum": 40, "verbNum": 19, "adjNum": 15, "infNum": 2, "partPastNum": 0, "partPresNum": 0, "partFutNum": 0, "transNum": 0, "xNum": 17, "advNum": 19, "properNounNum": 13, "numNum": 1, "conjNum": 16, "punctNum": 67, "pronNum": 16, "relPronNum": 3, "demPronNum": 11, "adposNum": 2, "multiplePunctNum": 4, "phraseNum": 0, "nounRate": 0.17699115044247787, "verbRate": 0.084070796460177, "adjRate": 0.06637168141592921, "infRate": 0.008849557522123894, "partPastRate": 0.0, "partPresRate": 0.0, "partFutRate": 0.0, "transRate": 0.0, "xRate": 0.0752212389380531, "advRate": 0.084070796460177, "properNounRate": 0.05752212389380531, "numRate": 0.004424778761061947, "conjRate": 0.07079646017699115, "punctRate": 0.29646017699115046, "pronRate": 0.07079646017699115, "relPronRate": 0.01327433628318584, "demPronRate": 0.048672566371681415, "adposRate": 0.008849557522123894, "multiplePunctRate": 0.05970149253731343, "partsDensityRate": 3.206896551724138, "contentfulness": 6.642857142857143, "phraseRate": 0.0, "pastTenseNum": 4, "presentTenseNum": 13, "condNum": 1, "impNum": 1, "freqNum": 0, "causNum": 0, "modalNum": 0, "sg1VerbNum": 19, "sg2VerbNum": 19, "sg3VerbNum": 19, "pl1VerbNum": 19, "pl2VerbNum": 19, "pl3VerbNum": 19, "superlatNum": 0, "comparatNum": 0, "specDerivSuffixNum": 0, "pluralNounNum": 7, "pastTenseRate": 0.21052631578947367, "presentTenseRate": 0.6842105263157895, "condRate": 0.05263157894736842, "impRate": 0.05263157894736842, "freqRate": 0.0, "causRate": 0.0, "modalRate": 0.0, "sg1VerbRate": 1.0, "sg2VerbRate": 1.0, "sg3VerbRate": 1.0, "pl1VerbRate": 1.0, "pl2VerbRate": 1.0, "pl3VerbRate": 1.0, "superlatRate": 0.0, "comparatRate": 0.0, "specDerivSuffixRate": 0.0, "pluralNounRate": 0.175, "subjNum": 9, "objNum": 10, "attNum": 3, "subordNum": 8, "adverbNum": 28, "coordNum": 7, "clauseNum": 29, "simpleNum": 5, "complexNum": 9, "complexity1Num": 6, "complexity2Num": 1, "complexity3Num": 1, "compoundNum": 0, "subjRate": 0.03982300884955752, "objRate": 0.04424778761061947, "attRate": 0.01327433628318584, "subordRate": 0.035398230088495575, "adverbRate": 0.12389380530973451, "coordRate": 0.030973451327433628, "partsRate": 1.9655172413793103, "clauseRate": 2.0714285714285716, "simpleRate": 0.35714285714285715, "complexRate": 0.6428571428571429, "complexity1Rate": 0.42857142857142855, "complexity2Rate": 0.07142857142857142, "complexity3Rate": 0.07142857142857142, "complexClauseRate": 2.6666666666666665, "sentencesPerParagraph": 0.0, "wordsLengthRate": 4.786163522012578, "compoundRate": 0.0, "positiveNum": 0, "negativeNum": 0, "precoPositiveNum": 0, "precoNegativeNum": 0, "negemoNum": 0, "negationNum": 3, "functionNum": 133, "contentNum": 93, "vulgarNum": 0, "racistNum": 0, "specStyleNum": 0, "addressingNum": 0, "closingNum": 0, "postscriptNum": 0, "brutalNum": 0, "positiveRate": 0.0, "negativeRate": 0.0, "precoPositiveRate": 0.0, "precoNegativeRate": 0.0, "negemoRate": 0.0, "negationRate": 0.01327433628318584, "functionRate": 0.588495575221239, "contentRate": 0.41150442477876104, "vulgarRate": 0.0, "racistRate": 0.0, "specStyleRate": 0.0, "addressingRate": 0.0, "closingRate": 0.0, "postscriptRate": 0.0, "brutalRate": 0.0, "epistemicNum": 0, "investNum": 0, "conditionNum": 0, "weaselNum": 0, "peacockNum": 0, "hedgeNum": 0, "doxasticNum": 0, "epistemicRate": 0.0, "investRate": 0.0, "conditionRate": 0.0, "weaselRate": 0.0, "peacockRate": 0.0, "hedgeRate": 0.0, "doxasticRate": 0.0, "loveNum": 0, "anxietyNum": 0, "sorrowNum": 0, "joyNum": 0, "disgustNum": 0, "fearNum": 0, "surpriseNum": 0, "angerNum": 0, "loveRate": 0.0, "anxietyRate": 0.0, "sorrowRate": 0.0, "joyRate": 0.0, "disgustRate": 0.0, "fearRate": 0.0, "surpriseRate": 0.0, "angerRate": 0.0, "slangBeGeneralNum": 0, "slangBeCigaretteNum": 0, "slangBeHumanNum": 0, "slangBeVehicleNum": 0, "slangBeDrugNum": 0, "slangBvNum": 0, "slangBeGeneralRate": 0.0, "slangBeCigaretteRate": 0.0, "slangBeHumanRate": 0.0, "slangBeVehicleRate": 0.0, "slangBeDrugRate": 0.0, "slangBvRate": 0.0, "speechactNum": 0, "quoteNum": 0, "dashNum": 0, "publicNum": 0, "privateNum": 0, "suasiveNum": 0, "discMarkerNum": 0, "smileyNum": 0, "dateNum": 0, "hesitationNum": 0, "restartNum": 0, "repeatNum": 18, "conjBeforeDiscNum": 0, "conjAfterDiscNum": 0, "wordBeforeHesitationNum": 0, "wordAfterHesitationNum": 0, "otherCollocationNum": 0, "speechactRate": 0.0, "quoteRate": 0.0, "dashRate": 0.0, "publicRate": 0.0, "privateRate": 0.0, "suasiveRate": 0.0, "discMarkerRate": 0.0, "smileyRate": 0.0, "dateRate": 0.0, "hesitationRate": 0.0, "restartRate": 0.0, "repeatRate": 0.07964601769911504, "conjBeforeDiscRate": 0.0, "conjAfterDiscRate": 0.0, "wordBeforeHesitationRate": 0.0, "wordAfterHesitationRate": 0.0, "otherCollocationRate": 0.0, "easyWordNum": 215, "hardWordNum": 11, "easyWordRate": 0.9513274336283186, "hardWordRate": 0.048672566371681415, "fleschReadingEaseScore": 98.36327433628321, "gunningFogIndex": 6.47661188369153, "fleschKincaidGradeLevel": 3.549962073324906, "colemanLiauIndex": 5.544548672566371, "smogIndex": 6.588339656340683, "automatedReadabilityIndex": 3.709968394437425, "linsearWriteIndex": 2.6820480404551206, "author": "", "locationNameNum": 0, "locationNameRate": 0.0, "personNameNum": 1, "personNameRate": 0.004424778761061947, "organizationNameNum": 0, "organizationNameRate": 0.0, "misspelledNum": 4, "misspelledRate": 0.017699115044247787, "missingAccentNum": 0, "missingAccentRate": 0.0, "foreignAccentNum": 0, "foreignAccentRate": 0.0, "wordConcatNum": 0, "wordConcatRate": 0.0, "jLyMistakeNum": 0, "jLyMistakeRate": 0.0, "publicVNum": 0, "freqSuffixNum": 0, "partsNum": 57, "clauseWordNum": 29, "privateVNum": 0}