{"tokenNum": 104, "sentenceNum": 9, "lemmaNum": 70, "lemmaRate": 0.6730769230769231, "sentenceLength": 11.555555555555555, "allUpperNum": 0, "firstUpperNum": 11, "allUpperRate": 0.0, "firstUpperRate": 0.10576923076923077, "declarSentNum": 9, "imperSentNum": 0, "questionNum": 0, "declarSentRate": 1.0, "imperSentRate": 0.0, "questionRate": 0.0, "accent": true, "saturation": 6.363636363636363, "paragraphNum": 0, "nounNum": 20, "verbNum": 10, "adjNum": 13, "infNum": 1, "partPastNum": 1, "partPresNum": 0, "partFutNum": 0, "transNum": 0, "xNum": 8, "advNum": 6, "properNounNum": 4, "numNum": 4, "conjNum": 5, "punctNum": 18, "pronNum": 7, "relPronNum": 0, "demPronNum": 2, "adposNum": 1, "multiplePunctNum": 0, "phraseNum": 0, "nounRate": 0.19230769230769232, "verbRate": 0.09615384615384616, "adjRate": 0.125, "infRate": 0.009615384615384616, "partPastRate": 0.009615384615384616, "partPresRate": 0.0, "partFutRate": 0.0, "transRate": 0.0, "xRate": 0.07692307692307693, "advRate": 0.057692307692307696, "properNounRate": 0.038461538461538464, "numRate": 0.038461538461538464, "conjRate": 0.04807692307692308, "punctRate": 0.17307692307692307, "pronRate": 0.0673076923076923, "relPronRate": 0.0, "demPronRate": 0.019230769230769232, "adposRate": 0.009615384615384616, "multiplePunctRate": 0.0, "partsDensityRate": 4.454545454545454, "contentfulness": 5.444444444444445, "phraseRate": 0.0, "pastTenseNum": 0, "presentTenseNum": 9, "condNum": 0, "impNum": 1, "freqNum": 0, "causNum": 0, "modalNum": 0, "sg1VerbNum": 10, "sg2VerbNum": 10, "sg3VerbNum": 10, "pl1VerbNum": 10, "pl2VerbNum": 10, "pl3VerbNum": 10, "superlatNum": 0, "comparatNum": 0, "specDerivSuffixNum": 0, "pluralNounNum": 1, "pastTenseRate": 0.0, "presentTenseRate": 0.9, "condRate": 0.0, "impRate": 0.1, "freqRate": 0.0, "causRate": 0.0, "modalRate": 0.0, "sg1VerbRate": 1.0, "sg2VerbRate": 1.0, "sg3VerbRate": 1.0, "pl1VerbRate": 1.0, "pl2VerbRate": 1.0, "pl3VerbRate": 1.0, "superlatRate": 0.0, "comparatRate": 0.0, "specDerivSuffixRate": 0.0, "pluralNounRate": 0.05, "subjNum": 8, "objNum": 4, "attNum": 10, "subordNum": 1, "adverbNum": 9, "coordNum": 3, "clauseNum": 11, "simpleNum": 5, "complexNum": 3, "complexity1Num": 3, "complexity2Num": 0, "complexity3Num": 0, "compoundNum": 0, "subjRate": 0.07692307692307693, "objRate": 0.038461538461538464, "attRate": 0.09615384615384616, "subordRate": 0.009615384615384616, "adverbRate": 0.08653846153846154, "coordRate": 0.028846153846153848, "partsRate": 3.090909090909091, "clauseRate": 1.2222222222222223, "simpleRate": 0.5555555555555556, "complexRate": 0.3333333333333333, "complexity1Rate": 0.3333333333333333, "complexity2Rate": 0.0, "complexity3Rate": 0.0, "complexClauseRate": 2.0, "sentencesPerParagraph": 0.0, "wordsLengthRate": 4.616279069767442, "compoundRate": 0.0, "positiveNum": 0, "negativeNum": 0, "precoPositiveNum": 0, "precoNegativeNum": 0, "negemoNum": 0, "negationNum": 0, "functionNum": 55, "contentNum": 49, "vulgarNum": 0, "racistNum": 0, "specStyleNum": 0, "addressingNum": 0, "closingNum": 0, "postscriptNum": 0, "brutalNum": 0, "positiveRate": 0.0, "negativeRate": 0.0, "precoPositiveRate": 0.0, "precoNegativeRate": 0.0, "negemoRate": 0.0, "negationRate": 0.0, "functionRate": 0.5288461538461539, "contentRate": 0.47115384615384615, "vulgarRate": 0.0, "racistRate": 0.0, "specStyleRate": 0.0, "addressingRate": 0.0, "closingRate": 0.0, "postscriptRate": 0.0, "brutalRate": 0.0, "epistemicNum": 0, "investNum": 0, "conditionNum": 0, "weaselNum": 0, "peacockNum": 0, "hedgeNum": 0, "doxasticNum": 0, "epistemicRate": 0.0, "investRate": 0.0, "conditionRate": 0.0, "weaselRate": 0.0, "peacockRate": 0.0, "hedgeRate": 0.0, "doxasticRate": 0.0, "loveNum": 0, "anxietyNum": 0, "sorrowNum": 0, "joyNum": 0, "disgustNum": 0, "fearNum": 0, "surpriseNum": 0, "angerNum": 0, "loveRate": 0.0, "anxietyRate": 0.0, "sorrowRate": 0.0, "joyRate": 0.0, "disgustRate": 0.0, "fearRate": 0.0, "surpriseRate": 0.0, "angerRate": 0.0, "slangBeGeneralNum": 0, "slangBeCigaretteNum": 0, "slangBeHumanNum": 0, "slangBeVehicleNum": 0, "slangBeDrugNum": 0, "slangBvNum": 0, "slangBeGeneralRate": 0.0, "slangBeCigaretteRate": 0.0, "slangBeHumanRate": 0.0, "slangBeVehicleRate": 0.0, "slangBeDrugRate": 0.0, "slangBvRate": 0.0, "speechactNum": 0, "quoteNum": 0, "dashNum": 0, "publicNum": 0, "privateNum": 0, "suasiveNum": 0, "discMarkerNum": 0, "smileyNum": 0, "dateNum": 0, "hesitationNum": 0, "restartNum": 0, "repeatNum": 0, "conjBeforeDiscNum": 0, "conjAfterDiscNum": 0, "wordBeforeHesitationNum": 0, "wordAfterHesitationNum": 0, "otherCollocationNum": 0, "speechactRate": 0.0, "quoteRate": 0.0, "dashRate": 0.0, "publicRate": 0.0, "privateRate": 0.0, "suasiveRate": 0.0, "discMarkerRate": 0.0, "smileyRate": 0.0, "dateRate": 0.0, "hesitationRate": 0.0, "restartRate": 0.0, "repeatRate": 0.0, "conjBeforeDiscRate": 0.0, "conjAfterDiscRate": 0.0, "wordBeforeHesitationRate": 0.0, "wordAfterHesitationRate": 0.0, "otherCollocationRate": 0.0, "easyWordNum": 102, "hardWordNum": 2, "easyWordRate": 0.9807692307692307, "hardWordRate": 0.019230769230769232, "fleschReadingEaseScore": 92.60995726495729, "gunningFogIndex": 4.62991452991453, "fleschKincaidGradeLevel": 3.212820512820514, "colemanLiauIndex": 7.080124999999999, "smogIndex": 4.604124745555138, "automatedReadabilityIndex": 2.6443162393162396, "linsearWriteIndex": 4.395299145299145, "author": "", "locationNameNum": 2, "locationNameRate": 0.019230769230769232, "personNameNum": 1, "personNameRate": 0.009615384615384616, "organizationNameNum": 0, "organizationNameRate": 0.0, "misspelledNum": 2, "misspelledRate": 0.019230769230769232, "missingAccentNum": 2, "missingAccentRate": 0.019230769230769232, "foreignAccentNum": 0, "foreignAccentRate": 0.0, "wordConcatNum": 0, "wordConcatRate": 0.0, "jLyMistakeNum": 0, "jLyMistakeRate": 0.0, "publicVNum": 0, "freqSuffixNum": 0, "partsNum": 34, "clauseWordNum": 11, "privateVNum": 0}