{"tokenNum": 123, "sentenceNum": 11, "lemmaNum": 83, "lemmaRate": 0.6747967479674797, "sentenceLength": 11.181818181818182, "allUpperNum": 1, "firstUpperNum": 15, "allUpperRate": 0.008130081300813009, "firstUpperRate": 0.12195121951219512, "declarSentNum": 11, "imperSentNum": 0, "questionNum": 0, "declarSentRate": 1.0, "imperSentRate": 0.0, "questionRate": 0.0, "accent": true, "saturation": 4.882352941176471, "paragraphNum": 0, "nounNum": 22, "verbNum": 15, "adjNum": 10, "infNum": 3, "partPastNum": 5, "partPresNum": 0, "partFutNum": 0, "transNum": 0, "xNum": 10, "advNum": 17, "properNounNum": 2, "numNum": 7, "conjNum": 4, "punctNum": 21, "pronNum": 4, "relPronNum": 1, "demPronNum": 2, "adposNum": 0, "multiplePunctNum": 2, "phraseNum": 0, "nounRate": 0.17886178861788618, "verbRate": 0.12195121951219512, "adjRate": 0.08130081300813008, "infRate": 0.024390243902439025, "partPastRate": 0.04065040650406504, "partPresRate": 0.0, "partFutRate": 0.0, "transRate": 0.0, "xRate": 0.08130081300813008, "advRate": 0.13821138211382114, "properNounRate": 0.016260162601626018, "numRate": 0.056910569105691054, "conjRate": 0.032520325203252036, "punctRate": 0.17073170731707318, "pronRate": 0.032520325203252036, "relPronRate": 0.008130081300813009, "demPronRate": 0.016260162601626018, "adposRate": 0.0, "multiplePunctRate": 0.09523809523809523, "partsDensityRate": 3.764705882352941, "contentfulness": 5.818181818181818, "phraseRate": 0.0, "pastTenseNum": 7, "presentTenseNum": 5, "condNum": 1, "impNum": 0, "freqNum": 0, "causNum": 0, "modalNum": 0, "sg1VerbNum": 15, "sg2VerbNum": 15, "sg3VerbNum": 15, "pl1VerbNum": 15, "pl2VerbNum": 15, "pl3VerbNum": 15, "superlatNum": 0, "comparatNum": 1, "specDerivSuffixNum": 0, "pluralNounNum": 2, "pastTenseRate": 0.4666666666666667, "presentTenseRate": 0.3333333333333333, "condRate": 0.06666666666666667, "impRate": 0.0, "freqRate": 0.0, "causRate": 0.0, "modalRate": 0.0, "sg1VerbRate": 1.0, "sg2VerbRate": 1.0, "sg3VerbRate": 1.0, "pl1VerbRate": 1.0, "pl2VerbRate": 1.0, "pl3VerbRate": 1.0, "superlatRate": 0.0, "comparatRate": 0.1, "specDerivSuffixRate": 0.0, "pluralNounRate": 0.09090909090909091, "subjNum": 10, "objNum": 4, "attNum": 8, "subordNum": 3, "adverbNum": 14, "coordNum": 2, "clauseNum": 17, "simpleNum": 6, "complexNum": 5, "complexity1Num": 4, "complexity2Num": 1, "complexity3Num": 0, "compoundNum": 0, "subjRate": 0.08130081300813008, "objRate": 0.032520325203252036, "attRate": 0.06504065040650407, "subordRate": 0.024390243902439025, "adverbRate": 0.11382113821138211, "coordRate": 0.016260162601626018, "partsRate": 2.235294117647059, "clauseRate": 1.5454545454545454, "simpleRate": 0.5454545454545454, "complexRate": 0.45454545454545453, "complexity1Rate": 0.36363636363636365, "complexity2Rate": 0.09090909090909091, "complexity3Rate": 0.0, "complexClauseRate": 2.2, "sentencesPerParagraph": 0.0, "wordsLengthRate": 5.6568627450980395, "compoundRate": 0.0, "positiveNum": 0, "negativeNum": 0, "precoPositiveNum": 0, "precoNegativeNum": 0, "negemoNum": 0, "negationNum": 3, "functionNum": 59, "contentNum": 64, "vulgarNum": 0, "racistNum": 0, "specStyleNum": 0, "addressingNum": 0, "closingNum": 0, "postscriptNum": 0, "brutalNum": 0, "positiveRate": 0.0, "negativeRate": 0.0, "precoPositiveRate": 0.0, "precoNegativeRate": 0.0, "negemoRate": 0.0, "negationRate": 0.024390243902439025, "functionRate": 0.4796747967479675, "contentRate": 0.5203252032520326, "vulgarRate": 0.0, "racistRate": 0.0, "specStyleRate": 0.0, "addressingRate": 0.0, "closingRate": 0.0, "postscriptRate": 0.0, "brutalRate": 0.0, "epistemicNum": 0, "investNum": 0, "conditionNum": 0, "weaselNum": 0, "peacockNum": 0, "hedgeNum": 0, "doxasticNum": 0, "epistemicRate": 0.0, "investRate": 0.0, "conditionRate": 0.0, "weaselRate": 0.0, "peacockRate": 0.0, "hedgeRate": 0.0, "doxasticRate": 0.0, "loveNum": 0, "anxietyNum": 0, "sorrowNum": 0, "joyNum": 0, "disgustNum": 0, "fearNum": 0, "surpriseNum": 0, "angerNum": 0, "loveRate": 0.0, "anxietyRate": 0.0, "sorrowRate": 0.0, "joyRate": 0.0, "disgustRate": 0.0, "fearRate": 0.0, "surpriseRate": 0.0, "angerRate": 0.0, "slangBeGeneralNum": 0, "slangBeCigaretteNum": 0, "slangBeHumanNum": 0, "slangBeVehicleNum": 0, "slangBeDrugNum": 0, "slangBvNum": 0, "slangBeGeneralRate": 0.0, "slangBeCigaretteRate": 0.0, "slangBeHumanRate": 0.0, "slangBeVehicleRate": 0.0, "slangBeDrugRate": 0.0, "slangBvRate": 0.0, "speechactNum": 0, "quoteNum": 0, "dashNum": 0, "publicNum": 0, "privateNum": 0, "suasiveNum": 0, "discMarkerNum": 0, "smileyNum": 0, "dateNum": 0, "hesitationNum": 0, "restartNum": 0, "repeatNum": 0, "conjBeforeDiscNum": 0, "conjAfterDiscNum": 0, "wordBeforeHesitationNum": 0, "wordAfterHesitationNum": 0, "otherCollocationNum": 0, "speechactRate": 0.0, "quoteRate": 0.0, "dashRate": 0.0, "publicRate": 0.0, "privateRate": 0.0, "suasiveRate": 0.0, "discMarkerRate": 0.0, "smileyRate": 0.0, "dateRate": 0.0, "hesitationRate": 0.0, "restartRate": 0.0, "repeatRate": 0.0, "conjBeforeDiscRate": 0.0, "conjAfterDiscRate": 0.0, "wordBeforeHesitationRate": 0.0, "wordAfterHesitationRate": 0.0, "otherCollocationRate": 0.0, "easyWordNum": 109, "hardWordNum": 14, "easyWordRate": 0.8861788617886179, "hardWordRate": 0.11382113821138211, "fleschReadingEaseScore": 69.61716186252774, "gunningFogIndex": 4.518255728011826, "fleschKincaidGradeLevel": 6.327006651884705, "colemanLiauIndex": 12.548349593495939, "smogIndex": 7.03164865440522, "automatedReadabilityIndex": 6.830177383592019, "linsearWriteIndex": 4.210643015521064, "author": "", "locationNameNum": 1, "locationNameRate": 0.008130081300813009, "personNameNum": 0, "personNameRate": 0.0, "organizationNameNum": 0, "organizationNameRate": 0.0, "misspelledNum": 0, "misspelledRate": 0.0, "missingAccentNum": 0, "missingAccentRate": 0.0, "foreignAccentNum": 0, "foreignAccentRate": 0.0, "wordConcatNum": 0, "wordConcatRate": 0.0, "jLyMistakeNum": 0, "jLyMistakeRate": 0.0, "publicVNum": 0, "freqSuffixNum": 0, "partsNum": 38, "clauseWordNum": 17, "privateVNum": 0}