{"tokenNum": 121, "sentenceNum": 7, "lemmaNum": 70, "lemmaRate": 0.5785123966942148, "sentenceLength": 17.285714285714285, "allUpperNum": 0, "firstUpperNum": 10, "allUpperRate": 0.0, "firstUpperRate": 0.08264462809917356, "declarSentNum": 7, "imperSentNum": 0, "questionNum": 0, "declarSentRate": 1.0, "imperSentRate": 0.0, "questionRate": 0.0, "accent": true, "saturation": 3.888888888888889, "paragraphNum": 0, "nounNum": 16, "verbNum": 14, "adjNum": 6, "infNum": 0, "partPastNum": 1, "partPresNum": 0, "partFutNum": 0, "transNum": 1, "xNum": 5, "advNum": 17, "properNounNum": 3, "numNum": 2, "conjNum": 8, "punctNum": 37, "pronNum": 10, "relPronNum": 2, "demPronNum": 5, "adposNum": 0, "multiplePunctNum": 2, "phraseNum": 0, "nounRate": 0.1322314049586777, "verbRate": 0.11570247933884298, "adjRate": 0.049586776859504134, "infRate": 0.0, "partPastRate": 0.008264462809917356, "partPresRate": 0.0, "partFutRate": 0.0, "transRate": 0.008264462809917356, "xRate": 0.04132231404958678, "advRate": 0.14049586776859505, "properNounRate": 0.024793388429752067, "numRate": 0.01652892561983471, "conjRate": 0.06611570247933884, "punctRate": 0.30578512396694213, "pronRate": 0.08264462809917356, "relPronRate": 0.01652892561983471, "demPronRate": 0.04132231404958678, "adposRate": 0.0, "multiplePunctRate": 0.05405405405405406, "partsDensityRate": 2.9444444444444446, "contentfulness": 7.571428571428571, "phraseRate": 0.0, "pastTenseNum": 10, "presentTenseNum": 4, "condNum": 0, "impNum": 0, "freqNum": 0, "causNum": 0, "modalNum": 0, "sg1VerbNum": 14, "sg2VerbNum": 14, "sg3VerbNum": 14, "pl1VerbNum": 14, "pl2VerbNum": 14, "pl3VerbNum": 14, "superlatNum": 0, "comparatNum": 1, "specDerivSuffixNum": 0, "pluralNounNum": 0, "pastTenseRate": 0.7142857142857143, "presentTenseRate": 0.2857142857142857, "condRate": 0.0, "impRate": 0.0, "freqRate": 0.0, "causRate": 0.0, "modalRate": 0.0, "sg1VerbRate": 1.0, "sg2VerbRate": 1.0, "sg3VerbRate": 1.0, "pl1VerbRate": 1.0, "pl2VerbRate": 1.0, "pl3VerbRate": 1.0, "superlatRate": 0.0, "comparatRate": 0.16666666666666666, "specDerivSuffixRate": 0.0, "pluralNounRate": 0.0, "subjNum": 11, "objNum": 2, "attNum": 3, "subordNum": 3, "adverbNum": 19, "coordNum": 7, "clauseNum": 18, "simpleNum": 3, "complexNum": 4, "complexity1Num": 1, "complexity2Num": 2, "complexity3Num": 0, "compoundNum": 0, "subjRate": 0.09090909090909091, "objRate": 0.01652892561983471, "attRate": 0.024793388429752067, "subordRate": 0.024793388429752067, "adverbRate": 0.15702479338842976, "coordRate": 0.05785123966942149, "partsRate": 2.3333333333333335, "clauseRate": 2.5714285714285716, "simpleRate": 0.42857142857142855, "complexRate": 0.5714285714285714, "complexity1Rate": 0.14285714285714285, "complexity2Rate": 0.2857142857142857, "complexity3Rate": 0.0, "complexClauseRate": 3.75, "sentencesPerParagraph": 0.0, "wordsLengthRate": 5.083333333333333, "compoundRate": 0.0, "positiveNum": 0, "negativeNum": 0, "precoPositiveNum": 0, "precoNegativeNum": 0, "negemoNum": 0, "negationNum": 3, "functionNum": 68, "contentNum": 53, "vulgarNum": 0, "racistNum": 0, "specStyleNum": 0, "addressingNum": 0, "closingNum": 0, "postscriptNum": 0, "brutalNum": 0, "positiveRate": 0.0, "negativeRate": 0.0, "precoPositiveRate": 0.0, "precoNegativeRate": 0.0, "negemoRate": 0.0, "negationRate": 0.024793388429752067, "functionRate": 0.5619834710743802, "contentRate": 0.4380165289256198, "vulgarRate": 0.0, "racistRate": 0.0, "specStyleRate": 0.0, "addressingRate": 0.0, "closingRate": 0.0, "postscriptRate": 0.0, "brutalRate": 0.0, "epistemicNum": 0, "investNum": 0, "conditionNum": 0, "weaselNum": 0, "peacockNum": 0, "hedgeNum": 0, "doxasticNum": 0, "epistemicRate": 0.0, "investRate": 0.0, "conditionRate": 0.0, "weaselRate": 0.0, "peacockRate": 0.0, "hedgeRate": 0.0, "doxasticRate": 0.0, "loveNum": 0, "anxietyNum": 0, "sorrowNum": 0, "joyNum": 0, "disgustNum": 0, "fearNum": 0, "surpriseNum": 0, "angerNum": 0, "loveRate": 0.0, "anxietyRate": 0.0, "sorrowRate": 0.0, "joyRate": 0.0, "disgustRate": 0.0, "fearRate": 0.0, "surpriseRate": 0.0, "angerRate": 0.0, "slangBeGeneralNum": 0, "slangBeCigaretteNum": 0, "slangBeHumanNum": 0, "slangBeVehicleNum": 0, "slangBeDrugNum": 0, "slangBvNum": 0, "slangBeGeneralRate": 0.0, "slangBeCigaretteRate": 0.0, "slangBeHumanRate": 0.0, "slangBeVehicleRate": 0.0, "slangBeDrugRate": 0.0, "slangBvRate": 0.0, "speechactNum": 0, "quoteNum": 0, "dashNum": 0, "publicNum": 0, "privateNum": 0, "suasiveNum": 0, "discMarkerNum": 0, "smileyNum": 0, "dateNum": 0, "hesitationNum": 0, "restartNum": 0, "repeatNum": 3, "conjBeforeDiscNum": 0, "conjAfterDiscNum": 0, "wordBeforeHesitationNum": 0, "wordAfterHesitationNum": 0, "otherCollocationNum": 0, "speechactRate": 0.0, "quoteRate": 0.0, "dashRate": 0.0, "publicRate": 0.0, "privateRate": 0.0, "suasiveRate": 0.0, "discMarkerRate": 0.0, "smileyRate": 0.0, "dateRate": 0.0, "hesitationRate": 0.0, "restartRate": 0.0, "repeatRate": 0.024793388429752067, "conjBeforeDiscRate": 0.0, "conjAfterDiscRate": 0.0, "wordBeforeHesitationRate": 0.0, "wordAfterHesitationRate": 0.0, "otherCollocationRate": 0.0, "easyWordNum": 114, "hardWordNum": 7, "easyWordRate": 0.9421487603305785, "hardWordRate": 0.05785123966942149, "fleschReadingEaseScore": 89.30818181818184, "gunningFogIndex": 6.9374262101534825, "fleschKincaidGradeLevel": 5.096883116883117, "colemanLiauIndex": 6.737595041322312, "smogIndex": 5.888618617440368, "automatedReadabilityIndex": 5.2354191263282175, "linsearWriteIndex": 6.674144037780402, "author": "", "locationNameNum": 1, "locationNameRate": 0.008264462809917356, "personNameNum": 2, "personNameRate": 0.01652892561983471, "organizationNameNum": 0, "organizationNameRate": 0.0, "misspelledNum": 8, "misspelledRate": 0.06611570247933884, "missingAccentNum": 2, "missingAccentRate": 0.01652892561983471, "foreignAccentNum": 0, "foreignAccentRate": 0.0, "wordConcatNum": 1, "wordConcatRate": 0.008264462809917356, "jLyMistakeNum": 0, "jLyMistakeRate": 0.0, "publicVNum": 0, "freqSuffixNum": 0, "partsNum": 42, "clauseWordNum": 18, "privateVNum": 0}