{"tokenNum": 85, "sentenceNum": 8, "lemmaNum": 59, "lemmaRate": 0.6941176470588235, "sentenceLength": 10.625, "allUpperNum": 2, "firstUpperNum": 11, "allUpperRate": 0.023529411764705882, "firstUpperRate": 0.12941176470588237, "declarSentNum": 8, "imperSentNum": 0, "questionNum": 0, "declarSentRate": 1.0, "imperSentRate": 0.0, "questionRate": 0.0, "accent": true, "saturation": 3.933333333333333, "paragraphNum": 0, "nounNum": 17, "verbNum": 8, "adjNum": 9, "infNum": 1, "partPastNum": 0, "partPresNum": 1, "partFutNum": 0, "transNum": 3, "xNum": 7, "advNum": 11, "properNounNum": 3, "numNum": 1, "conjNum": 4, "punctNum": 19, "pronNum": 4, "relPronNum": 1, "demPronNum": 2, "adposNum": 1, "multiplePunctNum": 0, "phraseNum": 0, "nounRate": 0.2, "verbRate": 0.09411764705882353, "adjRate": 0.10588235294117647, "infRate": 0.011764705882352941, "partPastRate": 0.0, "partPresRate": 0.011764705882352941, "partFutRate": 0.0, "transRate": 0.03529411764705882, "xRate": 0.08235294117647059, "advRate": 0.12941176470588237, "properNounRate": 0.03529411764705882, "numRate": 0.011764705882352941, "conjRate": 0.047058823529411764, "punctRate": 0.2235294117647059, "pronRate": 0.047058823529411764, "relPronRate": 0.011764705882352941, "demPronRate": 0.023529411764705882, "adposRate": 0.011764705882352941, "multiplePunctRate": 0.0, "partsDensityRate": 3.0, "contentfulness": 5.625, "phraseRate": 0.0, "pastTenseNum": 1, "presentTenseNum": 6, "condNum": 0, "impNum": 0, "freqNum": 0, "causNum": 0, "modalNum": 1, "sg1VerbNum": 8, "sg2VerbNum": 8, "sg3VerbNum": 8, "pl1VerbNum": 8, "pl2VerbNum": 8, "pl3VerbNum": 8, "superlatNum": 0, "comparatNum": 0, "specDerivSuffixNum": 0, "pluralNounNum": 1, "pastTenseRate": 0.125, "presentTenseRate": 0.75, "condRate": 0.0, "impRate": 0.0, "freqRate": 0.0, "causRate": 0.0, "modalRate": 0.125, "sg1VerbRate": 1.0, "sg2VerbRate": 1.0, "sg3VerbRate": 1.0, "pl1VerbRate": 1.0, "pl2VerbRate": 1.0, "pl3VerbRate": 1.0, "superlatRate": 0.0, "comparatRate": 0.0, "specDerivSuffixRate": 0.0, "pluralNounRate": 0.058823529411764705, "subjNum": 5, "objNum": 4, "attNum": 4, "subordNum": 4, "adverbNum": 14, "coordNum": 2, "clauseNum": 15, "simpleNum": 3, "complexNum": 5, "complexity1Num": 3, "complexity2Num": 2, "complexity3Num": 0, "compoundNum": 0, "subjRate": 0.058823529411764705, "objRate": 0.047058823529411764, "attRate": 0.047058823529411764, "subordRate": 0.047058823529411764, "adverbRate": 0.16470588235294117, "coordRate": 0.023529411764705882, "partsRate": 1.9333333333333333, "clauseRate": 1.875, "simpleRate": 0.375, "complexRate": 0.625, "complexity1Rate": 0.375, "complexity2Rate": 0.25, "complexity3Rate": 0.0, "complexClauseRate": 2.4, "sentencesPerParagraph": 0.0, "wordsLengthRate": 5.96969696969697, "compoundRate": 0.0, "positiveNum": 0, "negativeNum": 0, "precoPositiveNum": 0, "precoNegativeNum": 0, "negemoNum": 0, "negationNum": 1, "functionNum": 40, "contentNum": 45, "vulgarNum": 0, "racistNum": 0, "specStyleNum": 0, "addressingNum": 0, "closingNum": 0, "postscriptNum": 0, "brutalNum": 0, "positiveRate": 0.0, "negativeRate": 0.0, "precoPositiveRate": 0.0, "precoNegativeRate": 0.0, "negemoRate": 0.0, "negationRate": 0.011764705882352941, "functionRate": 0.47058823529411764, "contentRate": 0.5294117647058824, "vulgarRate": 0.0, "racistRate": 0.0, "specStyleRate": 0.0, "addressingRate": 0.0, "closingRate": 0.0, "postscriptRate": 0.0, "brutalRate": 0.0, "epistemicNum": 0, "investNum": 0, "conditionNum": 0, "weaselNum": 0, "peacockNum": 0, "hedgeNum": 0, "doxasticNum": 0, "epistemicRate": 0.0, "investRate": 0.0, "conditionRate": 0.0, "weaselRate": 0.0, "peacockRate": 0.0, "hedgeRate": 0.0, "doxasticRate": 0.0, "loveNum": 0, "anxietyNum": 0, "sorrowNum": 0, "joyNum": 0, "disgustNum": 0, "fearNum": 0, "surpriseNum": 0, "angerNum": 0, "loveRate": 0.0, "anxietyRate": 0.0, "sorrowRate": 0.0, "joyRate": 0.0, "disgustRate": 0.0, "fearRate": 0.0, "surpriseRate": 0.0, "angerRate": 0.0, "slangBeGeneralNum": 0, "slangBeCigaretteNum": 0, "slangBeHumanNum": 0, "slangBeVehicleNum": 0, "slangBeDrugNum": 0, "slangBvNum": 0, "slangBeGeneralRate": 0.0, "slangBeCigaretteRate": 0.0, "slangBeHumanRate": 0.0, "slangBeVehicleRate": 0.0, "slangBeDrugRate": 0.0, "slangBvRate": 0.0, "speechactNum": 0, "quoteNum": 0, "dashNum": 0, "publicNum": 0, "privateNum": 0, "suasiveNum": 0, "discMarkerNum": 0, "smileyNum": 0, "dateNum": 0, "hesitationNum": 0, "restartNum": 0, "repeatNum": 0, "conjBeforeDiscNum": 0, "conjAfterDiscNum": 0, "wordBeforeHesitationNum": 0, "wordAfterHesitationNum": 0, "otherCollocationNum": 0, "speechactRate": 0.0, "quoteRate": 0.0, "dashRate": 0.0, "publicRate": 0.0, "privateRate": 0.0, "suasiveRate": 0.0, "discMarkerRate": 0.0, "smileyRate": 0.0, "dateRate": 0.0, "hesitationRate": 0.0, "restartRate": 0.0, "repeatRate": 0.0, "conjBeforeDiscRate": 0.0, "conjAfterDiscRate": 0.0, "wordBeforeHesitationRate": 0.0, "wordAfterHesitationRate": 0.0, "otherCollocationRate": 0.0, "easyWordNum": 76, "hardWordNum": 9, "easyWordRate": 0.8941176470588236, "hardWordRate": 0.10588235294117647, "fleschReadingEaseScore": 74.62474264705882, "gunningFogIndex": 4.29235294117647, "fleschKincaidGradeLevel": 5.490220588235296, "colemanLiauIndex": 12.333129411764702, "smogIndex": 6.2581, "automatedReadabilityIndex": 6.379676470588237, "linsearWriteIndex": 5.0, "author": "", "locationNameNum": 0, "locationNameRate": 0.0, "personNameNum": 1, "personNameRate": 0.011764705882352941, "organizationNameNum": 0, "organizationNameRate": 0.0, "misspelledNum": 0, "misspelledRate": 0.0, "missingAccentNum": 0, "missingAccentRate": 0.0, "foreignAccentNum": 0, "foreignAccentRate": 0.0, "wordConcatNum": 0, "wordConcatRate": 0.0, "jLyMistakeNum": 0, "jLyMistakeRate": 0.0, "publicVNum": 0, "freqSuffixNum": 0, "partsNum": 29, "clauseWordNum": 15, "privateVNum": 0}