{"tokenNum": 367, "sentenceNum": 17, "lemmaNum": 189, "lemmaRate": 0.5149863760217984, "sentenceLength": 21.58823529411765, "allUpperNum": 3, "firstUpperNum": 33, "allUpperRate": 0.008174386920980926, "firstUpperRate": 0.08991825613079019, "declarSentNum": 14, "imperSentNum": 1, "questionNum": 2, "declarSentRate": 0.8235294117647058, "imperSentRate": 0.058823529411764705, "questionRate": 0.11764705882352941, "accent": true, "saturation": 3.78, "paragraphNum": 0, "nounNum": 73, "verbNum": 51, "adjNum": 32, "infNum": 6, "partPastNum": 1, "partPresNum": 1, "partFutNum": 0, "transNum": 1, "xNum": 20, "advNum": 30, "properNounNum": 16, "numNum": 1, "conjNum": 31, "punctNum": 66, "pronNum": 23, "relPronNum": 2, "demPronNum": 8, "adposNum": 0, "multiplePunctNum": 10, "phraseNum": 0, "nounRate": 0.1989100817438692, "verbRate": 0.13896457765667575, "adjRate": 0.08719346049046321, "infRate": 0.01634877384196185, "partPastRate": 0.0027247956403269754, "partPresRate": 0.0027247956403269754, "partFutRate": 0.0, "transRate": 0.0027247956403269754, "xRate": 0.05449591280653951, "advRate": 0.08174386920980926, "properNounRate": 0.043596730245231606, "numRate": 0.0027247956403269754, "conjRate": 0.08446866485013624, "punctRate": 0.17983651226158037, "pronRate": 0.06267029972752043, "relPronRate": 0.005449591280653951, "demPronRate": 0.021798365122615803, "adposRate": 0.0, "multiplePunctRate": 0.15151515151515152, "partsDensityRate": 3.7, "contentfulness": 10.882352941176471, "phraseRate": 0.0, "pastTenseNum": 28, "presentTenseNum": 17, "condNum": 0, "impNum": 2, "freqNum": 0, "causNum": 0, "modalNum": 1, "sg1VerbNum": 51, "sg2VerbNum": 51, "sg3VerbNum": 51, "pl1VerbNum": 51, "pl2VerbNum": 51, "pl3VerbNum": 51, "superlatNum": 1, "comparatNum": 0, "specDerivSuffixNum": 0, "pluralNounNum": 6, "pastTenseRate": 0.5490196078431373, "presentTenseRate": 0.3333333333333333, "condRate": 0.0, "impRate": 0.0392156862745098, "freqRate": 0.0, "causRate": 0.0, "modalRate": 0.0196078431372549, "sg1VerbRate": 1.0, "sg2VerbRate": 1.0, "sg3VerbRate": 1.0, "pl1VerbRate": 1.0, "pl2VerbRate": 1.0, "pl3VerbRate": 1.0, "superlatRate": 0.03125, "comparatRate": 0.0, "specDerivSuffixRate": 0.0, "pluralNounRate": 0.0821917808219178, "subjNum": 28, "objNum": 9, "attNum": 24, "subordNum": 10, "adverbNum": 36, "coordNum": 21, "clauseNum": 50, "simpleNum": 4, "complexNum": 13, "complexity1Num": 4, "complexity2Num": 6, "complexity3Num": 1, "compoundNum": 0, "subjRate": 0.07629427792915532, "objRate": 0.02452316076294278, "attRate": 0.0653950953678474, "subordRate": 0.027247956403269755, "adverbRate": 0.09809264305177112, "coordRate": 0.05722070844686648, "partsRate": 2.36, "clauseRate": 2.9411764705882355, "simpleRate": 0.23529411764705882, "complexRate": 0.7647058823529411, "complexity1Rate": 0.23529411764705882, "complexity2Rate": 0.35294117647058826, "complexity3Rate": 0.058823529411764705, "complexClauseRate": 3.5384615384615383, "sentencesPerParagraph": 0.0, "wordsLengthRate": 5.033222591362127, "compoundRate": 0.0, "positiveNum": 0, "negativeNum": 0, "precoPositiveNum": 0, "precoNegativeNum": 0, "negemoNum": 0, "negationNum": 3, "functionNum": 182, "contentNum": 185, "vulgarNum": 0, "racistNum": 0, "specStyleNum": 0, "addressingNum": 0, "closingNum": 0, "postscriptNum": 0, "brutalNum": 0, "positiveRate": 0.0, "negativeRate": 0.0, "precoPositiveRate": 0.0, "precoNegativeRate": 0.0, "negemoRate": 0.0, "negationRate": 0.008174386920980926, "functionRate": 0.49591280653950953, "contentRate": 0.5040871934604905, "vulgarRate": 0.0, "racistRate": 0.0, "specStyleRate": 0.0, "addressingRate": 0.0, "closingRate": 0.0, "postscriptRate": 0.0, "brutalRate": 0.0, "epistemicNum": 0, "investNum": 0, "conditionNum": 0, "weaselNum": 0, "peacockNum": 0, "hedgeNum": 0, "doxasticNum": 0, "epistemicRate": 0.0, "investRate": 0.0, "conditionRate": 0.0, "weaselRate": 0.0, "peacockRate": 0.0, "hedgeRate": 0.0, "doxasticRate": 0.0, "loveNum": 0, "anxietyNum": 0, "sorrowNum": 0, "joyNum": 0, "disgustNum": 0, "fearNum": 0, "surpriseNum": 0, "angerNum": 0, "loveRate": 0.0, "anxietyRate": 0.0, "sorrowRate": 0.0, "joyRate": 0.0, "disgustRate": 0.0, "fearRate": 0.0, "surpriseRate": 0.0, "angerRate": 0.0, "slangBeGeneralNum": 0, "slangBeCigaretteNum": 0, "slangBeHumanNum": 0, "slangBeVehicleNum": 0, "slangBeDrugNum": 0, "slangBvNum": 0, "slangBeGeneralRate": 0.0, "slangBeCigaretteRate": 0.0, "slangBeHumanRate": 0.0, "slangBeVehicleRate": 0.0, "slangBeDrugRate": 0.0, "slangBvRate": 0.0, "speechactNum": 0, "quoteNum": 0, "dashNum": 0, "publicNum": 0, "privateNum": 0, "suasiveNum": 0, "discMarkerNum": 0, "smileyNum": 0, "dateNum": 0, "hesitationNum": 0, "restartNum": 2, "repeatNum": 0, "conjBeforeDiscNum": 0, "conjAfterDiscNum": 0, "wordBeforeHesitationNum": 0, "wordAfterHesitationNum": 0, "otherCollocationNum": 0, "speechactRate": 0.0, "quoteRate": 0.0, "dashRate": 0.0, "publicRate": 0.0, "privateRate": 0.0, "suasiveRate": 0.0, "discMarkerRate": 0.0, "smileyRate": 0.0, "dateRate": 0.0, "hesitationRate": 0.0, "restartRate": 0.005449591280653951, "repeatRate": 0.0, "conjBeforeDiscRate": 0.0, "conjAfterDiscRate": 0.0, "wordBeforeHesitationRate": 0.0, "wordAfterHesitationRate": 0.0, "otherCollocationRate": 0.0, "easyWordNum": 350, "hardWordNum": 17, "easyWordRate": 0.9536784741144414, "hardWordRate": 0.04632152588555858, "fleschReadingEaseScore": 68.74201474595289, "gunningFogIndex": 8.64946305497676, "fleschKincaidGradeLevel": 9.034316396858475, "colemanLiauIndex": 9.44501089918256, "smogIndex": 7.42949916751922, "automatedReadabilityIndex": 9.55166533098253, "linsearWriteIndex": 2.0694021477800932, "author": "", "locationNameNum": 0, "locationNameRate": 0.0, "personNameNum": 2, "personNameRate": 0.005449591280653951, "organizationNameNum": 0, "organizationNameRate": 0.0, "misspelledNum": 5, "misspelledRate": 0.013623978201634877, "missingAccentNum": 0, "missingAccentRate": 0.0, "foreignAccentNum": 0, "foreignAccentRate": 0.0, "wordConcatNum": 0, "wordConcatRate": 0.0, "jLyMistakeNum": 0, "jLyMistakeRate": 0.0, "publicVNum": 0, "freqSuffixNum": 0, "partsNum": 118, "clauseWordNum": 50, "privateVNum": 0}