{"tokenNum": 243, "sentenceNum": 17, "lemmaNum": 145, "lemmaRate": 0.5967078189300411, "sentenceLength": 14.294117647058824, "allUpperNum": 6, "firstUpperNum": 27, "allUpperRate": 0.024691358024691357, "firstUpperRate": 0.1111111111111111, "declarSentNum": 17, "imperSentNum": 0, "questionNum": 0, "declarSentRate": 1.0, "imperSentRate": 0.0, "questionRate": 0.0, "accent": true, "saturation": 4.264705882352941, "paragraphNum": 0, "nounNum": 51, "verbNum": 27, "adjNum": 21, "infNum": 3, "partPastNum": 0, "partPresNum": 0, "partFutNum": 0, "transNum": 0, "xNum": 19, "advNum": 25, "properNounNum": 9, "numNum": 2, "conjNum": 16, "punctNum": 50, "pronNum": 4, "relPronNum": 1, "demPronNum": 13, "adposNum": 2, "multiplePunctNum": 1, "phraseNum": 0, "nounRate": 0.20987654320987653, "verbRate": 0.1111111111111111, "adjRate": 0.08641975308641975, "infRate": 0.012345679012345678, "partPastRate": 0.0, "partPresRate": 0.0, "partFutRate": 0.0, "transRate": 0.0, "xRate": 0.07818930041152264, "advRate": 0.102880658436214, "properNounRate": 0.037037037037037035, "numRate": 0.00823045267489712, "conjRate": 0.06584362139917696, "punctRate": 0.205761316872428, "pronRate": 0.01646090534979424, "relPronRate": 0.00411522633744856, "demPronRate": 0.053497942386831275, "adposRate": 0.00823045267489712, "multiplePunctRate": 0.02, "partsDensityRate": 3.6470588235294117, "contentfulness": 7.294117647058823, "phraseRate": 0.0, "pastTenseNum": 3, "presentTenseNum": 22, "condNum": 1, "impNum": 0, "freqNum": 0, "causNum": 0, "modalNum": 0, "sg1VerbNum": 27, "sg2VerbNum": 27, "sg3VerbNum": 27, "pl1VerbNum": 27, "pl2VerbNum": 27, "pl3VerbNum": 27, "superlatNum": 3, "comparatNum": 0, "specDerivSuffixNum": 0, "pluralNounNum": 7, "pastTenseRate": 0.1111111111111111, "presentTenseRate": 0.8148148148148148, "condRate": 0.037037037037037035, "impRate": 0.0, "freqRate": 0.0, "causRate": 0.0, "modalRate": 0.0, "sg1VerbRate": 1.0, "sg2VerbRate": 1.0, "sg3VerbRate": 1.0, "pl1VerbRate": 1.0, "pl2VerbRate": 1.0, "pl3VerbRate": 1.0, "superlatRate": 0.14285714285714285, "comparatRate": 0.0, "specDerivSuffixRate": 0.0, "pluralNounRate": 0.13725490196078433, "subjNum": 15, "objNum": 7, "attNum": 13, "subordNum": 9, "adverbNum": 28, "coordNum": 13, "clauseNum": 34, "simpleNum": 9, "complexNum": 8, "complexity1Num": 5, "complexity2Num": 1, "complexity3Num": 0, "compoundNum": 0, "subjRate": 0.06172839506172839, "objRate": 0.02880658436213992, "attRate": 0.053497942386831275, "subordRate": 0.037037037037037035, "adverbRate": 0.11522633744855967, "coordRate": 0.053497942386831275, "partsRate": 2.235294117647059, "clauseRate": 2.0, "simpleRate": 0.5294117647058824, "complexRate": 0.47058823529411764, "complexity1Rate": 0.29411764705882354, "complexity2Rate": 0.058823529411764705, "complexity3Rate": 0.0, "complexClauseRate": 3.125, "sentencesPerParagraph": 0.0, "wordsLengthRate": 5.331606217616581, "compoundRate": 0.0, "positiveNum": 0, "negativeNum": 0, "precoPositiveNum": 0, "precoNegativeNum": 0, "negemoNum": 0, "negationNum": 3, "functionNum": 119, "contentNum": 124, "vulgarNum": 0, "racistNum": 0, "specStyleNum": 0, "addressingNum": 0, "closingNum": 0, "postscriptNum": 0, "brutalNum": 0, "positiveRate": 0.0, "negativeRate": 0.0, "precoPositiveRate": 0.0, "precoNegativeRate": 0.0, "negemoRate": 0.0, "negationRate": 0.012345679012345678, "functionRate": 0.4897119341563786, "contentRate": 0.5102880658436214, "vulgarRate": 0.0, "racistRate": 0.0, "specStyleRate": 0.0, "addressingRate": 0.0, "closingRate": 0.0, "postscriptRate": 0.0, "brutalRate": 0.0, "epistemicNum": 0, "investNum": 0, "conditionNum": 0, "weaselNum": 0, "peacockNum": 0, "hedgeNum": 0, "doxasticNum": 0, "epistemicRate": 0.0, "investRate": 0.0, "conditionRate": 0.0, "weaselRate": 0.0, "peacockRate": 0.0, "hedgeRate": 0.0, "doxasticRate": 0.0, "loveNum": 0, "anxietyNum": 0, "sorrowNum": 0, "joyNum": 0, "disgustNum": 0, "fearNum": 0, "surpriseNum": 0, "angerNum": 0, "loveRate": 0.0, "anxietyRate": 0.0, "sorrowRate": 0.0, "joyRate": 0.0, "disgustRate": 0.0, "fearRate": 0.0, "surpriseRate": 0.0, "angerRate": 0.0, "slangBeGeneralNum": 0, "slangBeCigaretteNum": 0, "slangBeHumanNum": 0, "slangBeVehicleNum": 0, "slangBeDrugNum": 0, "slangBvNum": 0, "slangBeGeneralRate": 0.0, "slangBeCigaretteRate": 0.0, "slangBeHumanRate": 0.0, "slangBeVehicleRate": 0.0, "slangBeDrugRate": 0.0, "slangBvRate": 0.0, "speechactNum": 0, "quoteNum": 0, "dashNum": 0, "publicNum": 0, "privateNum": 0, "suasiveNum": 0, "discMarkerNum": 0, "smileyNum": 0, "dateNum": 0, "hesitationNum": 0, "restartNum": 0, "repeatNum": 3, "conjBeforeDiscNum": 0, "conjAfterDiscNum": 0, "wordBeforeHesitationNum": 0, "wordAfterHesitationNum": 0, "otherCollocationNum": 0, "speechactRate": 0.0, "quoteRate": 0.0, "dashRate": 0.0, "publicRate": 0.0, "privateRate": 0.0, "suasiveRate": 0.0, "discMarkerRate": 0.0, "smileyRate": 0.0, "dateRate": 0.0, "hesitationRate": 0.0, "restartRate": 0.0, "repeatRate": 0.012345679012345678, "conjBeforeDiscRate": 0.0, "conjAfterDiscRate": 0.0, "wordBeforeHesitationRate": 0.0, "wordAfterHesitationRate": 0.0, "otherCollocationRate": 0.0, "easyWordNum": 217, "hardWordNum": 26, "easyWordRate": 0.8930041152263375, "hardWordRate": 0.10699588477366255, "fleschReadingEaseScore": 72.2153594771242, "gunningFogIndex": 5.760445412732995, "fleschKincaidGradeLevel": 6.73779230210603, "colemanLiauIndex": 9.941271604938269, "smogIndex": 8.447377352677275, "automatedReadabilityIndex": 6.301503267973857, "linsearWriteIndex": 2.376906318082789, "author": "", "locationNameNum": 0, "locationNameRate": 0.0, "personNameNum": 2, "personNameRate": 0.00823045267489712, "organizationNameNum": 0, "organizationNameRate": 0.0, "misspelledNum": 8, "misspelledRate": 0.03292181069958848, "missingAccentNum": 1, "missingAccentRate": 0.00411522633744856, "foreignAccentNum": 0, "foreignAccentRate": 0.0, "wordConcatNum": 0, "wordConcatRate": 0.0, "jLyMistakeNum": 0, "jLyMistakeRate": 0.0, "publicVNum": 0, "freqSuffixNum": 0, "partsNum": 76, "clauseWordNum": 34, "privateVNum": 0}