{"tokenNum": 127, "sentenceNum": 7, "lemmaNum": 84, "lemmaRate": 0.6614173228346457, "sentenceLength": 18.142857142857142, "allUpperNum": 1, "firstUpperNum": 13, "allUpperRate": 0.007874015748031496, "firstUpperRate": 0.10236220472440945, "declarSentNum": 7, "imperSentNum": 0, "questionNum": 0, "declarSentRate": 1.0, "imperSentRate": 0.0, "questionRate": 0.0, "accent": true, "saturation": 4.421052631578948, "paragraphNum": 0, "nounNum": 24, "verbNum": 17, "adjNum": 6, "infNum": 1, "partPastNum": 0, "partPresNum": 0, "partFutNum": 0, "transNum": 0, "xNum": 5, "advNum": 14, "properNounNum": 5, "numNum": 4, "conjNum": 11, "punctNum": 32, "pronNum": 9, "relPronNum": 3, "demPronNum": 5, "adposNum": 0, "multiplePunctNum": 0, "phraseNum": 0, "nounRate": 0.1889763779527559, "verbRate": 0.13385826771653545, "adjRate": 0.047244094488188976, "infRate": 0.007874015748031496, "partPastRate": 0.0, "partPresRate": 0.0, "partFutRate": 0.0, "transRate": 0.0, "xRate": 0.03937007874015748, "advRate": 0.11023622047244094, "properNounRate": 0.03937007874015748, "numRate": 0.031496062992125984, "conjRate": 0.08661417322834646, "punctRate": 0.25196850393700787, "pronRate": 0.07086614173228346, "relPronRate": 0.023622047244094488, "demPronRate": 0.03937007874015748, "adposRate": 0.0, "multiplePunctRate": 0.0, "partsDensityRate": 3.210526315789474, "contentfulness": 8.714285714285714, "phraseRate": 0.0, "pastTenseNum": 2, "presentTenseNum": 14, "condNum": 0, "impNum": 2, "freqNum": 0, "causNum": 0, "modalNum": 1, "sg1VerbNum": 17, "sg2VerbNum": 17, "sg3VerbNum": 17, "pl1VerbNum": 17, "pl2VerbNum": 17, "pl3VerbNum": 17, "superlatNum": 0, "comparatNum": 0, "specDerivSuffixNum": 0, "pluralNounNum": 2, "pastTenseRate": 0.11764705882352941, "presentTenseRate": 0.8235294117647058, "condRate": 0.0, "impRate": 0.11764705882352941, "freqRate": 0.0, "causRate": 0.0, "modalRate": 0.058823529411764705, "sg1VerbRate": 1.0, "sg2VerbRate": 1.0, "sg3VerbRate": 1.0, "pl1VerbRate": 1.0, "pl2VerbRate": 1.0, "pl3VerbRate": 1.0, "superlatRate": 0.0, "comparatRate": 0.0, "specDerivSuffixRate": 0.0, "pluralNounRate": 0.08333333333333333, "subjNum": 7, "objNum": 3, "attNum": 4, "subordNum": 9, "adverbNum": 16, "coordNum": 7, "clauseNum": 19, "simpleNum": 2, "complexNum": 4, "complexity1Num": 0, "complexity2Num": 2, "complexity3Num": 0, "compoundNum": 0, "subjRate": 0.05511811023622047, "objRate": 0.023622047244094488, "attRate": 0.031496062992125984, "subordRate": 0.07086614173228346, "adverbRate": 0.12598425196850394, "coordRate": 0.05511811023622047, "partsRate": 1.9473684210526316, "clauseRate": 2.7142857142857144, "simpleRate": 0.2857142857142857, "complexRate": 0.5714285714285714, "complexity1Rate": 0.0, "complexity2Rate": 0.2857142857142857, "complexity3Rate": 0.0, "complexClauseRate": 4.25, "sentencesPerParagraph": 0.0, "wordsLengthRate": 5.4, "compoundRate": 0.0, "positiveNum": 0, "negativeNum": 0, "precoPositiveNum": 0, "precoNegativeNum": 0, "negemoNum": 0, "negationNum": 2, "functionNum": 66, "contentNum": 61, "vulgarNum": 0, "racistNum": 0, "specStyleNum": 0, "addressingNum": 0, "closingNum": 0, "postscriptNum": 0, "brutalNum": 0, "positiveRate": 0.0, "negativeRate": 0.0, "precoPositiveRate": 0.0, "precoNegativeRate": 0.0, "negemoRate": 0.0, "negationRate": 0.015748031496062992, "functionRate": 0.5196850393700787, "contentRate": 0.48031496062992124, "vulgarRate": 0.0, "racistRate": 0.0, "specStyleRate": 0.0, "addressingRate": 0.0, "closingRate": 0.0, "postscriptRate": 0.0, "brutalRate": 0.0, "epistemicNum": 0, "investNum": 0, "conditionNum": 0, "weaselNum": 0, "peacockNum": 0, "hedgeNum": 0, "doxasticNum": 0, "epistemicRate": 0.0, "investRate": 0.0, "conditionRate": 0.0, "weaselRate": 0.0, "peacockRate": 0.0, "hedgeRate": 0.0, "doxasticRate": 0.0, "loveNum": 0, "anxietyNum": 0, "sorrowNum": 0, "joyNum": 0, "disgustNum": 0, "fearNum": 0, "surpriseNum": 0, "angerNum": 0, "loveRate": 0.0, "anxietyRate": 0.0, "sorrowRate": 0.0, "joyRate": 0.0, "disgustRate": 0.0, "fearRate": 0.0, "surpriseRate": 0.0, "angerRate": 0.0, "slangBeGeneralNum": 0, "slangBeCigaretteNum": 0, "slangBeHumanNum": 0, "slangBeVehicleNum": 0, "slangBeDrugNum": 0, "slangBvNum": 0, "slangBeGeneralRate": 0.0, "slangBeCigaretteRate": 0.0, "slangBeHumanRate": 0.0, "slangBeVehicleRate": 0.0, "slangBeDrugRate": 0.0, "slangBvRate": 0.0, "speechactNum": 0, "quoteNum": 0, "dashNum": 0, "publicNum": 0, "privateNum": 0, "suasiveNum": 0, "discMarkerNum": 0, "smileyNum": 0, "dateNum": 0, "hesitationNum": 0, "restartNum": 0, "repeatNum": 2, "conjBeforeDiscNum": 0, "conjAfterDiscNum": 0, "wordBeforeHesitationNum": 0, "wordAfterHesitationNum": 0, "otherCollocationNum": 0, "speechactRate": 0.0, "quoteRate": 0.0, "dashRate": 0.0, "publicRate": 0.0, "privateRate": 0.0, "suasiveRate": 0.0, "discMarkerRate": 0.0, "smileyRate": 0.0, "dateRate": 0.0, "hesitationRate": 0.0, "restartRate": 0.0, "repeatRate": 0.015748031496062992, "conjBeforeDiscRate": 0.0, "conjAfterDiscRate": 0.0, "wordBeforeHesitationRate": 0.0, "wordAfterHesitationRate": 0.0, "otherCollocationRate": 0.0, "easyWordNum": 117, "hardWordNum": 10, "easyWordRate": 0.9212598425196851, "hardWordRate": 0.07874015748031496, "fleschReadingEaseScore": 72.51133858267718, "gunningFogIndex": 7.288638920134983, "fleschKincaidGradeLevel": 7.652643419572552, "colemanLiauIndex": 9.197551181102359, "smogIndex": 6.42735559955562, "automatedReadabilityIndex": 7.63111361079865, "linsearWriteIndex": 6.986501687289089, "author": "", "locationNameNum": 0, "locationNameRate": 0.0, "personNameNum": 3, "personNameRate": 0.023622047244094488, "organizationNameNum": 0, "organizationNameRate": 0.0, "misspelledNum": 10, "misspelledRate": 0.07874015748031496, "missingAccentNum": 9, "missingAccentRate": 0.07086614173228346, "foreignAccentNum": 0, "foreignAccentRate": 0.0, "wordConcatNum": 0, "wordConcatRate": 0.0, "jLyMistakeNum": 1, "jLyMistakeRate": 0.007874015748031496, "publicVNum": 0, "freqSuffixNum": 0, "partsNum": 37, "clauseWordNum": 19, "privateVNum": 0}