{"tokenNum": 182, "sentenceNum": 13, "lemmaNum": 101, "lemmaRate": 0.554945054945055, "sentenceLength": 14.0, "allUpperNum": 3, "firstUpperNum": 31, "allUpperRate": 0.016483516483516484, "firstUpperRate": 0.17032967032967034, "declarSentNum": 12, "imperSentNum": 0, "questionNum": 1, "declarSentRate": 0.9230769230769231, "imperSentRate": 0.0, "questionRate": 0.07692307692307693, "accent": true, "saturation": 4.391304347826087, "paragraphNum": 0, "nounNum": 55, "verbNum": 17, "adjNum": 8, "infNum": 1, "partPastNum": 1, "partPresNum": 0, "partFutNum": 0, "transNum": 1, "xNum": 12, "advNum": 7, "properNounNum": 21, "numNum": 3, "conjNum": 7, "punctNum": 43, "pronNum": 5, "relPronNum": 0, "demPronNum": 4, "adposNum": 0, "multiplePunctNum": 0, "phraseNum": 0, "nounRate": 0.3021978021978022, "verbRate": 0.09340659340659341, "adjRate": 0.04395604395604396, "infRate": 0.005494505494505495, "partPastRate": 0.005494505494505495, "partPresRate": 0.0, "partFutRate": 0.0, "transRate": 0.005494505494505495, "xRate": 0.06593406593406594, "advRate": 0.038461538461538464, "properNounRate": 0.11538461538461539, "numRate": 0.016483516483516484, "conjRate": 0.038461538461538464, "punctRate": 0.23626373626373626, "pronRate": 0.027472527472527472, "relPronRate": 0.0, "demPronRate": 0.02197802197802198, "adposRate": 0.0, "multiplePunctRate": 0.0, "partsDensityRate": 3.782608695652174, "contentfulness": 6.6923076923076925, "phraseRate": 0.0, "pastTenseNum": 13, "presentTenseNum": 3, "condNum": 0, "impNum": 0, "freqNum": 0, "causNum": 0, "modalNum": 0, "sg1VerbNum": 17, "sg2VerbNum": 17, "sg3VerbNum": 17, "pl1VerbNum": 17, "pl2VerbNum": 17, "pl3VerbNum": 17, "superlatNum": 1, "comparatNum": 0, "specDerivSuffixNum": 0, "pluralNounNum": 2, "pastTenseRate": 0.7647058823529411, "presentTenseRate": 0.17647058823529413, "condRate": 0.0, "impRate": 0.0, "freqRate": 0.0, "causRate": 0.0, "modalRate": 0.0, "sg1VerbRate": 1.0, "sg2VerbRate": 1.0, "sg3VerbRate": 1.0, "pl1VerbRate": 1.0, "pl2VerbRate": 1.0, "pl3VerbRate": 1.0, "superlatRate": 0.125, "comparatRate": 0.0, "specDerivSuffixRate": 0.0, "pluralNounRate": 0.03636363636363636, "subjNum": 9, "objNum": 2, "attNum": 8, "subordNum": 1, "adverbNum": 7, "coordNum": 8, "clauseNum": 23, "simpleNum": 8, "complexNum": 5, "complexity1Num": 3, "complexity2Num": 0, "complexity3Num": 1, "compoundNum": 0, "subjRate": 0.04945054945054945, "objRate": 0.01098901098901099, "attRate": 0.04395604395604396, "subordRate": 0.005494505494505495, "adverbRate": 0.038461538461538464, "coordRate": 0.04395604395604396, "partsRate": 1.4782608695652173, "clauseRate": 1.7692307692307692, "simpleRate": 0.6153846153846154, "complexRate": 0.38461538461538464, "complexity1Rate": 0.23076923076923078, "complexity2Rate": 0.0, "complexity3Rate": 0.07692307692307693, "complexClauseRate": 3.0, "sentencesPerParagraph": 0.0, "wordsLengthRate": 5.194244604316546, "compoundRate": 0.0, "positiveNum": 0, "negativeNum": 0, "precoPositiveNum": 0, "precoNegativeNum": 0, "negemoNum": 0, "negationNum": 0, "functionNum": 95, "contentNum": 87, "vulgarNum": 0, "racistNum": 0, "specStyleNum": 0, "addressingNum": 0, "closingNum": 0, "postscriptNum": 0, "brutalNum": 0, "positiveRate": 0.0, "negativeRate": 0.0, "precoPositiveRate": 0.0, "precoNegativeRate": 0.0, "negemoRate": 0.0, "negationRate": 0.0, "functionRate": 0.521978021978022, "contentRate": 0.47802197802197804, "vulgarRate": 0.0, "racistRate": 0.0, "specStyleRate": 0.0, "addressingRate": 0.0, "closingRate": 0.0, "postscriptRate": 0.0, "brutalRate": 0.0, "epistemicNum": 0, "investNum": 0, "conditionNum": 0, "weaselNum": 0, "peacockNum": 0, "hedgeNum": 0, "doxasticNum": 0, "epistemicRate": 0.0, "investRate": 0.0, "conditionRate": 0.0, "weaselRate": 0.0, "peacockRate": 0.0, "hedgeRate": 0.0, "doxasticRate": 0.0, "loveNum": 0, "anxietyNum": 0, "sorrowNum": 0, "joyNum": 0, "disgustNum": 0, "fearNum": 0, "surpriseNum": 0, "angerNum": 0, "loveRate": 0.0, "anxietyRate": 0.0, "sorrowRate": 0.0, "joyRate": 0.0, "disgustRate": 0.0, "fearRate": 0.0, "surpriseRate": 0.0, "angerRate": 0.0, "slangBeGeneralNum": 0, "slangBeCigaretteNum": 0, "slangBeHumanNum": 0, "slangBeVehicleNum": 0, "slangBeDrugNum": 0, "slangBvNum": 0, "slangBeGeneralRate": 0.0, "slangBeCigaretteRate": 0.0, "slangBeHumanRate": 0.0, "slangBeVehicleRate": 0.0, "slangBeDrugRate": 0.0, "slangBvRate": 0.0, "speechactNum": 0, "quoteNum": 0, "dashNum": 0, "publicNum": 0, "privateNum": 0, "suasiveNum": 0, "discMarkerNum": 0, "smileyNum": 0, "dateNum": 0, "hesitationNum": 0, "restartNum": 0, "repeatNum": 4, "conjBeforeDiscNum": 0, "conjAfterDiscNum": 0, "wordBeforeHesitationNum": 0, "wordAfterHesitationNum": 0, "otherCollocationNum": 0, "speechactRate": 0.0, "quoteRate": 0.0, "dashRate": 0.0, "publicRate": 0.0, "privateRate": 0.0, "suasiveRate": 0.0, "discMarkerRate": 0.0, "smileyRate": 0.0, "dateRate": 0.0, "hesitationRate": 0.0, "restartRate": 0.0, "repeatRate": 0.02197802197802198, "conjBeforeDiscRate": 0.0, "conjAfterDiscRate": 0.0, "wordBeforeHesitationRate": 0.0, "wordAfterHesitationRate": 0.0, "otherCollocationRate": 0.0, "easyWordNum": 163, "hardWordNum": 19, "easyWordRate": 0.8956043956043956, "hardWordRate": 0.1043956043956044, "fleschReadingEaseScore": 72.23269230769232, "gunningFogIndex": 5.641758241758242, "fleschKincaidGradeLevel": 6.662307692307696, "colemanLiauIndex": 8.439401098901094, "smogIndex": 7.675431598112922, "automatedReadabilityIndex": 4.953461538461536, "linsearWriteIndex": 3.416737109044802, "author": "", "locationNameNum": 1, "locationNameRate": 0.005494505494505495, "personNameNum": 6, "personNameRate": 0.03296703296703297, "organizationNameNum": 1, "organizationNameRate": 0.005494505494505495, "misspelledNum": 8, "misspelledRate": 0.04395604395604396, "missingAccentNum": 1, "missingAccentRate": 0.005494505494505495, "foreignAccentNum": 0, "foreignAccentRate": 0.0, "wordConcatNum": 1, "wordConcatRate": 0.005494505494505495, "jLyMistakeNum": 0, "jLyMistakeRate": 0.0, "publicVNum": 0, "freqSuffixNum": 0, "partsNum": 34, "clauseWordNum": 23, "privateVNum": 0}