{"tokenNum": 163, "sentenceNum": 13, "lemmaNum": 103, "lemmaRate": 0.6319018404907976, "sentenceLength": 12.538461538461538, "allUpperNum": 1, "firstUpperNum": 14, "allUpperRate": 0.006134969325153374, "firstUpperRate": 0.08588957055214724, "declarSentNum": 13, "imperSentNum": 0, "questionNum": 0, "declarSentRate": 1.0, "imperSentRate": 0.0, "questionRate": 0.0, "accent": true, "saturation": 4.681818181818182, "paragraphNum": 0, "nounNum": 28, "verbNum": 21, "adjNum": 11, "infNum": 2, "partPastNum": 1, "partPresNum": 2, "partFutNum": 0, "transNum": 2, "xNum": 11, "advNum": 20, "properNounNum": 1, "numNum": 3, "conjNum": 12, "punctNum": 23, "pronNum": 12, "relPronNum": 0, "demPronNum": 7, "adposNum": 2, "multiplePunctNum": 0, "phraseNum": 0, "nounRate": 0.17177914110429449, "verbRate": 0.12883435582822086, "adjRate": 0.06748466257668712, "infRate": 0.012269938650306749, "partPastRate": 0.006134969325153374, "partPresRate": 0.012269938650306749, "partFutRate": 0.0, "transRate": 0.012269938650306749, "xRate": 0.06748466257668712, "advRate": 0.12269938650306748, "properNounRate": 0.006134969325153374, "numRate": 0.018404907975460124, "conjRate": 0.0736196319018405, "punctRate": 0.1411042944785276, "pronRate": 0.0736196319018405, "relPronRate": 0.0, "demPronRate": 0.04294478527607362, "adposRate": 0.012269938650306749, "multiplePunctRate": 0.0, "partsDensityRate": 3.6363636363636362, "contentfulness": 6.153846153846154, "phraseRate": 0.0, "pastTenseNum": 12, "presentTenseNum": 7, "condNum": 0, "impNum": 0, "freqNum": 0, "causNum": 0, "modalNum": 1, "sg1VerbNum": 21, "sg2VerbNum": 21, "sg3VerbNum": 21, "pl1VerbNum": 21, "pl2VerbNum": 21, "pl3VerbNum": 21, "superlatNum": 0, "comparatNum": 0, "specDerivSuffixNum": 0, "pluralNounNum": 5, "pastTenseRate": 0.5714285714285714, "presentTenseRate": 0.3333333333333333, "condRate": 0.0, "impRate": 0.0, "freqRate": 0.0, "causRate": 0.0, "modalRate": 0.047619047619047616, "sg1VerbRate": 1.0, "sg2VerbRate": 1.0, "sg3VerbRate": 1.0, "pl1VerbRate": 1.0, "pl2VerbRate": 1.0, "pl3VerbRate": 1.0, "superlatRate": 0.0, "comparatRate": 0.0, "specDerivSuffixRate": 0.0, "pluralNounRate": 0.17857142857142858, "subjNum": 10, "objNum": 5, "attNum": 10, "subordNum": 4, "adverbNum": 23, "coordNum": 7, "clauseNum": 22, "simpleNum": 7, "complexNum": 6, "complexity1Num": 3, "complexity2Num": 3, "complexity3Num": 0, "compoundNum": 0, "subjRate": 0.06134969325153374, "objRate": 0.03067484662576687, "attRate": 0.06134969325153374, "subordRate": 0.024539877300613498, "adverbRate": 0.1411042944785276, "coordRate": 0.04294478527607362, "partsRate": 2.5, "clauseRate": 1.6923076923076923, "simpleRate": 0.5384615384615384, "complexRate": 0.46153846153846156, "complexity1Rate": 0.23076923076923078, "complexity2Rate": 0.23076923076923078, "complexity3Rate": 0.0, "complexClauseRate": 2.5, "sentencesPerParagraph": 0.0, "wordsLengthRate": 4.935714285714286, "compoundRate": 0.0, "positiveNum": 0, "negativeNum": 0, "precoPositiveNum": 0, "precoNegativeNum": 0, "negemoNum": 0, "negationNum": 5, "functionNum": 83, "contentNum": 80, "vulgarNum": 0, "racistNum": 0, "specStyleNum": 0, "addressingNum": 0, "closingNum": 0, "postscriptNum": 0, "brutalNum": 0, "positiveRate": 0.0, "negativeRate": 0.0, "precoPositiveRate": 0.0, "precoNegativeRate": 0.0, "negemoRate": 0.0, "negationRate": 0.03067484662576687, "functionRate": 0.50920245398773, "contentRate": 0.49079754601226994, "vulgarRate": 0.0, "racistRate": 0.0, "specStyleRate": 0.0, "addressingRate": 0.0, "closingRate": 0.0, "postscriptRate": 0.0, "brutalRate": 0.0, "epistemicNum": 0, "investNum": 0, "conditionNum": 0, "weaselNum": 0, "peacockNum": 0, "hedgeNum": 0, "doxasticNum": 0, "epistemicRate": 0.0, "investRate": 0.0, "conditionRate": 0.0, "weaselRate": 0.0, "peacockRate": 0.0, "hedgeRate": 0.0, "doxasticRate": 0.0, "loveNum": 0, "anxietyNum": 0, "sorrowNum": 0, "joyNum": 0, "disgustNum": 0, "fearNum": 0, "surpriseNum": 0, "angerNum": 0, "loveRate": 0.0, "anxietyRate": 0.0, "sorrowRate": 0.0, "joyRate": 0.0, "disgustRate": 0.0, "fearRate": 0.0, "surpriseRate": 0.0, "angerRate": 0.0, "slangBeGeneralNum": 0, "slangBeCigaretteNum": 0, "slangBeHumanNum": 0, "slangBeVehicleNum": 0, "slangBeDrugNum": 0, "slangBvNum": 0, "slangBeGeneralRate": 0.0, "slangBeCigaretteRate": 0.0, "slangBeHumanRate": 0.0, "slangBeVehicleRate": 0.0, "slangBeDrugRate": 0.0, "slangBvRate": 0.0, "speechactNum": 0, "quoteNum": 0, "dashNum": 0, "publicNum": 0, "privateNum": 0, "suasiveNum": 0, "discMarkerNum": 0, "smileyNum": 0, "dateNum": 0, "hesitationNum": 0, "restartNum": 0, "repeatNum": 1, "conjBeforeDiscNum": 0, "conjAfterDiscNum": 0, "wordBeforeHesitationNum": 0, "wordAfterHesitationNum": 0, "otherCollocationNum": 0, "speechactRate": 0.0, "quoteRate": 0.0, "dashRate": 0.0, "publicRate": 0.0, "privateRate": 0.0, "suasiveRate": 0.0, "discMarkerRate": 0.0, "smileyRate": 0.0, "dateRate": 0.0, "hesitationRate": 0.0, "restartRate": 0.0, "repeatRate": 0.006134969325153374, "conjBeforeDiscRate": 0.0, "conjAfterDiscRate": 0.0, "wordBeforeHesitationRate": 0.0, "wordAfterHesitationRate": 0.0, "otherCollocationRate": 0.0, "easyWordNum": 153, "hardWordNum": 10, "easyWordRate": 0.9386503067484663, "hardWordRate": 0.06134969325153374, "fleschReadingEaseScore": 79.92441245870695, "gunningFogIndex": 5.03992449268523, "fleschKincaidGradeLevel": 5.226380368098159, "colemanLiauIndex": 9.60264417177914, "smogIndex": 6.42735559955562, "automatedReadabilityIndex": 5.152911750825865, "linsearWriteIndex": 3.058518168947616, "author": "", "locationNameNum": 1, "locationNameRate": 0.006134969325153374, "personNameNum": 0, "personNameRate": 0.0, "organizationNameNum": 0, "organizationNameRate": 0.0, "misspelledNum": 1, "misspelledRate": 0.006134969325153374, "missingAccentNum": 1, "missingAccentRate": 0.006134969325153374, "foreignAccentNum": 0, "foreignAccentRate": 0.0, "wordConcatNum": 0, "wordConcatRate": 0.0, "jLyMistakeNum": 0, "jLyMistakeRate": 0.0, "publicVNum": 0, "freqSuffixNum": 0, "partsNum": 55, "clauseWordNum": 22, "privateVNum": 0}