{"tokenNum": 513, "sentenceNum": 20, "lemmaNum": 287, "lemmaRate": 0.5594541910331384, "sentenceLength": 25.65, "allUpperNum": 10, "firstUpperNum": 35, "allUpperRate": 0.01949317738791423, "firstUpperRate": 0.0682261208576998, "declarSentNum": 20, "imperSentNum": 0, "questionNum": 0, "declarSentRate": 1.0, "imperSentRate": 0.0, "questionRate": 0.0, "accent": true, "saturation": 5.415094339622642, "paragraphNum": 0, "nounNum": 99, "verbNum": 43, "adjNum": 86, "infNum": 4, "partPastNum": 3, "partPresNum": 21, "partFutNum": 0, "transNum": 1, "xNum": 21, "advNum": 65, "properNounNum": 4, "numNum": 10, "conjNum": 34, "punctNum": 77, "pronNum": 23, "relPronNum": 6, "demPronNum": 14, "adposNum": 7, "multiplePunctNum": 4, "phraseNum": 0, "nounRate": 0.19298245614035087, "verbRate": 0.08382066276803118, "adjRate": 0.16764132553606237, "infRate": 0.007797270955165692, "partPastRate": 0.005847953216374269, "partPresRate": 0.04093567251461988, "partFutRate": 0.0, "transRate": 0.001949317738791423, "xRate": 0.04093567251461988, "advRate": 0.1267056530214425, "properNounRate": 0.007797270955165692, "numRate": 0.01949317738791423, "conjRate": 0.06627680311890838, "punctRate": 0.15009746588693956, "pronRate": 0.04483430799220273, "relPronRate": 0.011695906432748537, "demPronRate": 0.02729044834307992, "adposRate": 0.01364522417153996, "multiplePunctRate": 0.05194805194805195, "partsDensityRate": 5.528301886792453, "contentfulness": 14.65, "phraseRate": 0.0, "pastTenseNum": 10, "presentTenseNum": 29, "condNum": 7, "impNum": 0, "freqNum": 0, "causNum": 0, "modalNum": 3, "sg1VerbNum": 43, "sg2VerbNum": 43, "sg3VerbNum": 43, "pl1VerbNum": 43, "pl2VerbNum": 43, "pl3VerbNum": 43, "superlatNum": 0, "comparatNum": 4, "specDerivSuffixNum": 0, "pluralNounNum": 31, "pastTenseRate": 0.23255813953488372, "presentTenseRate": 0.6744186046511628, "condRate": 0.16279069767441862, "impRate": 0.0, "freqRate": 0.0, "causRate": 0.0, "modalRate": 0.06976744186046512, "sg1VerbRate": 1.0, "sg2VerbRate": 1.0, "sg3VerbRate": 1.0, "pl1VerbRate": 1.0, "pl2VerbRate": 1.0, "pl3VerbRate": 1.0, "superlatRate": 0.0, "comparatRate": 0.046511627906976744, "specDerivSuffixRate": 0.0, "pluralNounRate": 0.31313131313131315, "subjNum": 30, "objNum": 25, "attNum": 56, "subordNum": 18, "adverbNum": 75, "coordNum": 37, "clauseNum": 53, "simpleNum": 7, "complexNum": 13, "complexity1Num": 4, "complexity2Num": 2, "complexity3Num": 4, "compoundNum": 0, "subjRate": 0.05847953216374269, "objRate": 0.04873294346978557, "attRate": 0.10916179337231968, "subordRate": 0.03508771929824561, "adverbRate": 0.14619883040935672, "coordRate": 0.07212475633528265, "partsRate": 4.2075471698113205, "clauseRate": 2.65, "simpleRate": 0.35, "complexRate": 0.65, "complexity1Rate": 0.2, "complexity2Rate": 0.1, "complexity3Rate": 0.2, "complexClauseRate": 3.5384615384615383, "sentencesPerParagraph": 0.0, "wordsLengthRate": 5.589449541284404, "compoundRate": 0.0, "positiveNum": 0, "negativeNum": 0, "precoPositiveNum": 0, "precoNegativeNum": 0, "negemoNum": 0, "negationNum": 9, "functionNum": 220, "contentNum": 293, "vulgarNum": 0, "racistNum": 0, "specStyleNum": 0, "addressingNum": 0, "closingNum": 0, "postscriptNum": 0, "brutalNum": 0, "positiveRate": 0.0, "negativeRate": 0.0, "precoPositiveRate": 0.0, "precoNegativeRate": 0.0, "negemoRate": 0.0, "negationRate": 0.017543859649122806, "functionRate": 0.42884990253411304, "contentRate": 0.571150097465887, "vulgarRate": 0.0, "racistRate": 0.0, "specStyleRate": 0.0, "addressingRate": 0.0, "closingRate": 0.0, "postscriptRate": 0.0, "brutalRate": 0.0, "epistemicNum": 0, "investNum": 0, "conditionNum": 0, "weaselNum": 0, "peacockNum": 0, "hedgeNum": 0, "doxasticNum": 0, "epistemicRate": 0.0, "investRate": 0.0, "conditionRate": 0.0, "weaselRate": 0.0, "peacockRate": 0.0, "hedgeRate": 0.0, "doxasticRate": 0.0, "loveNum": 0, "anxietyNum": 0, "sorrowNum": 0, "joyNum": 0, "disgustNum": 0, "fearNum": 0, "surpriseNum": 0, "angerNum": 0, "loveRate": 0.0, "anxietyRate": 0.0, "sorrowRate": 0.0, "joyRate": 0.0, "disgustRate": 0.0, "fearRate": 0.0, "surpriseRate": 0.0, "angerRate": 0.0, "slangBeGeneralNum": 0, "slangBeCigaretteNum": 0, "slangBeHumanNum": 0, "slangBeVehicleNum": 0, "slangBeDrugNum": 0, "slangBvNum": 0, "slangBeGeneralRate": 0.0, "slangBeCigaretteRate": 0.0, "slangBeHumanRate": 0.0, "slangBeVehicleRate": 0.0, "slangBeDrugRate": 0.0, "slangBvRate": 0.0, "speechactNum": 0, "quoteNum": 0, "dashNum": 0, "publicNum": 0, "privateNum": 0, "suasiveNum": 0, "discMarkerNum": 0, "smileyNum": 0, "dateNum": 0, "hesitationNum": 0, "restartNum": 1, "repeatNum": 0, "conjBeforeDiscNum": 0, "conjAfterDiscNum": 0, "wordBeforeHesitationNum": 0, "wordAfterHesitationNum": 0, "otherCollocationNum": 0, "speechactRate": 0.0, "quoteRate": 0.0, "dashRate": 0.0, "publicRate": 0.0, "privateRate": 0.0, "suasiveRate": 0.0, "discMarkerRate": 0.0, "smileyRate": 0.0, "dateRate": 0.0, "hesitationRate": 0.0, "restartRate": 0.001949317738791423, "repeatRate": 0.0, "conjBeforeDiscRate": 0.0, "conjAfterDiscRate": 0.0, "wordBeforeHesitationRate": 0.0, "wordAfterHesitationRate": 0.0, "otherCollocationRate": 0.0, "easyWordNum": 460, "hardWordNum": 53, "easyWordRate": 0.8966861598440545, "hardWordRate": 0.10331384015594541, "fleschReadingEaseScore": 44.08796929824564, "gunningFogIndex": 10.300545808966861, "fleschKincaidGradeLevel": 13.482115984405457, "colemanLiauIndex": 12.926549707602337, "smogIndex": 10.72225461451958, "automatedReadabilityIndex": 14.366578947368417, "linsearWriteIndex": 1.9239766081871346, "author": "", "locationNameNum": 0, "locationNameRate": 0.0, "personNameNum": 2, "personNameRate": 0.003898635477582846, "organizationNameNum": 0, "organizationNameRate": 0.0, "misspelledNum": 8, "misspelledRate": 0.015594541910331383, "missingAccentNum": 1, "missingAccentRate": 0.001949317738791423, "foreignAccentNum": 0, "foreignAccentRate": 0.0, "wordConcatNum": 2, "wordConcatRate": 0.003898635477582846, "jLyMistakeNum": 0, "jLyMistakeRate": 0.0, "publicVNum": 0, "freqSuffixNum": 0, "partsNum": 223, "clauseWordNum": 53, "privateVNum": 0}