{"tokenNum": 115, "sentenceNum": 11, "lemmaNum": 73, "lemmaRate": 0.6347826086956522, "sentenceLength": 10.454545454545455, "allUpperNum": 1, "firstUpperNum": 12, "allUpperRate": 0.008695652173913044, "firstUpperRate": 0.10434782608695652, "declarSentNum": 11, "imperSentNum": 0, "questionNum": 0, "declarSentRate": 1.0, "imperSentRate": 0.0, "questionRate": 0.0, "accent": false, "saturation": 4.294117647058823, "paragraphNum": 0, "nounNum": 22, "verbNum": 12, "adjNum": 5, "infNum": 0, "partPastNum": 0, "partPresNum": 0, "partFutNum": 0, "transNum": 0, "xNum": 9, "advNum": 9, "properNounNum": 2, "numNum": 0, "conjNum": 10, "punctNum": 33, "pronNum": 3, "relPronNum": 0, "demPronNum": 4, "adposNum": 1, "multiplePunctNum": 3, "phraseNum": 0, "nounRate": 0.19130434782608696, "verbRate": 0.10434782608695652, "adjRate": 0.043478260869565216, "infRate": 0.0, "partPastRate": 0.0, "partPresRate": 0.0, "partFutRate": 0.0, "transRate": 0.0, "xRate": 0.0782608695652174, "advRate": 0.0782608695652174, "properNounRate": 0.017391304347826087, "numRate": 0.0, "conjRate": 0.08695652173913043, "punctRate": 0.28695652173913044, "pronRate": 0.02608695652173913, "relPronRate": 0.0, "demPronRate": 0.034782608695652174, "adposRate": 0.008695652173913044, "multiplePunctRate": 0.09090909090909091, "partsDensityRate": 2.823529411764706, "contentfulness": 4.363636363636363, "phraseRate": 0.0, "pastTenseNum": 5, "presentTenseNum": 7, "condNum": 0, "impNum": 0, "freqNum": 0, "causNum": 0, "modalNum": 0, "sg1VerbNum": 12, "sg2VerbNum": 12, "sg3VerbNum": 12, "pl1VerbNum": 12, "pl2VerbNum": 12, "pl3VerbNum": 12, "superlatNum": 0, "comparatNum": 1, "specDerivSuffixNum": 0, "pluralNounNum": 3, "pastTenseRate": 0.4166666666666667, "presentTenseRate": 0.5833333333333334, "condRate": 0.0, "impRate": 0.0, "freqRate": 0.0, "causRate": 0.0, "modalRate": 0.0, "sg1VerbRate": 1.0, "sg2VerbRate": 1.0, "sg3VerbRate": 1.0, "pl1VerbRate": 1.0, "pl2VerbRate": 1.0, "pl3VerbRate": 1.0, "superlatRate": 0.0, "comparatRate": 0.2, "specDerivSuffixRate": 0.0, "pluralNounRate": 0.13636363636363635, "subjNum": 7, "objNum": 4, "attNum": 2, "subordNum": 1, "adverbNum": 11, "coordNum": 7, "clauseNum": 17, "simpleNum": 4, "complexNum": 6, "complexity1Num": 5, "complexity2Num": 1, "complexity3Num": 0, "compoundNum": 0, "subjRate": 0.06086956521739131, "objRate": 0.034782608695652174, "attRate": 0.017391304347826087, "subordRate": 0.008695652173913044, "adverbRate": 0.09565217391304348, "coordRate": 0.06086956521739131, "partsRate": 1.8235294117647058, "clauseRate": 1.5454545454545454, "simpleRate": 0.36363636363636365, "complexRate": 0.5454545454545454, "complexity1Rate": 0.45454545454545453, "complexity2Rate": 0.09090909090909091, "complexity3Rate": 0.0, "complexClauseRate": 2.1666666666666665, "sentencesPerParagraph": 0.0, "wordsLengthRate": 5.182926829268292, "compoundRate": 0.0, "positiveNum": 0, "negativeNum": 0, "precoPositiveNum": 0, "precoNegativeNum": 0, "negemoNum": 0, "negationNum": 2, "functionNum": 67, "contentNum": 48, "vulgarNum": 0, "racistNum": 0, "specStyleNum": 0, "addressingNum": 0, "closingNum": 0, "postscriptNum": 0, "brutalNum": 0, "positiveRate": 0.0, "negativeRate": 0.0, "precoPositiveRate": 0.0, "precoNegativeRate": 0.0, "negemoRate": 0.0, "negationRate": 0.017391304347826087, "functionRate": 0.5826086956521739, "contentRate": 0.41739130434782606, "vulgarRate": 0.0, "racistRate": 0.0, "specStyleRate": 0.0, "addressingRate": 0.0, "closingRate": 0.0, "postscriptRate": 0.0, "brutalRate": 0.0, "epistemicNum": 0, "investNum": 0, "conditionNum": 0, "weaselNum": 0, "peacockNum": 0, "hedgeNum": 0, "doxasticNum": 0, "epistemicRate": 0.0, "investRate": 0.0, "conditionRate": 0.0, "weaselRate": 0.0, "peacockRate": 0.0, "hedgeRate": 0.0, "doxasticRate": 0.0, "loveNum": 0, "anxietyNum": 0, "sorrowNum": 0, "joyNum": 0, "disgustNum": 0, "fearNum": 0, "surpriseNum": 0, "angerNum": 0, "loveRate": 0.0, "anxietyRate": 0.0, "sorrowRate": 0.0, "joyRate": 0.0, "disgustRate": 0.0, "fearRate": 0.0, "surpriseRate": 0.0, "angerRate": 0.0, "slangBeGeneralNum": 0, "slangBeCigaretteNum": 0, "slangBeHumanNum": 0, "slangBeVehicleNum": 0, "slangBeDrugNum": 0, "slangBvNum": 0, "slangBeGeneralRate": 0.0, "slangBeCigaretteRate": 0.0, "slangBeHumanRate": 0.0, "slangBeVehicleRate": 0.0, "slangBeDrugRate": 0.0, "slangBvRate": 0.0, "speechactNum": 0, "quoteNum": 0, "dashNum": 0, "publicNum": 0, "privateNum": 0, "suasiveNum": 0, "discMarkerNum": 0, "smileyNum": 0, "dateNum": 0, "hesitationNum": 0, "restartNum": 0, "repeatNum": 4, "conjBeforeDiscNum": 0, "conjAfterDiscNum": 0, "wordBeforeHesitationNum": 0, "wordAfterHesitationNum": 0, "otherCollocationNum": 0, "speechactRate": 0.0, "quoteRate": 0.0, "dashRate": 0.0, "publicRate": 0.0, "privateRate": 0.0, "suasiveRate": 0.0, "discMarkerRate": 0.0, "smileyRate": 0.0, "dateRate": 0.0, "hesitationRate": 0.0, "restartRate": 0.0, "repeatRate": 0.034782608695652174, "conjBeforeDiscRate": 0.0, "conjAfterDiscRate": 0.0, "wordBeforeHesitationRate": 0.0, "wordAfterHesitationRate": 0.0, "otherCollocationRate": 0.0, "easyWordNum": 104, "hardWordNum": 11, "easyWordRate": 0.9043478260869565, "hardWordRate": 0.09565217391304348, "fleschReadingEaseScore": 91.02537549407116, "gunningFogIndex": 4.2200790513834, "fleschKincaidGradeLevel": 3.160316205533597, "colemanLiauIndex": 7.503626086956519, "smogIndex": 6.588339656340683, "automatedReadabilityIndex": 2.432490118577075, "linsearWriteIndex": 4.059288537549407, "author": "", "locationNameNum": 0, "locationNameRate": 0.0, "personNameNum": 2, "personNameRate": 0.017391304347826087, "organizationNameNum": 0, "organizationNameRate": 0.0, "misspelledNum": 30, "misspelledRate": 0.2608695652173913, "missingAccentNum": 24, "missingAccentRate": 0.20869565217391303, "foreignAccentNum": 0, "foreignAccentRate": 0.0, "wordConcatNum": 0, "wordConcatRate": 0.0, "jLyMistakeNum": 0, "jLyMistakeRate": 0.0, "publicVNum": 0, "freqSuffixNum": 0, "partsNum": 31, "clauseWordNum": 17, "privateVNum": 0}