{"tokenNum": 105, "sentenceNum": 7, "lemmaNum": 58, "lemmaRate": 0.5523809523809524, "sentenceLength": 15.0, "allUpperNum": 1, "firstUpperNum": 9, "allUpperRate": 0.009523809523809525, "firstUpperRate": 0.08571428571428572, "declarSentNum": 7, "imperSentNum": 0, "questionNum": 0, "declarSentRate": 1.0, "imperSentRate": 0.0, "questionRate": 0.0, "accent": true, "saturation": 3.8666666666666667, "paragraphNum": 0, "nounNum": 15, "verbNum": 10, "adjNum": 7, "infNum": 0, "partPastNum": 0, "partPresNum": 1, "partFutNum": 0, "transNum": 0, "xNum": 6, "advNum": 13, "properNounNum": 3, "numNum": 0, "conjNum": 7, "punctNum": 25, "pronNum": 14, "relPronNum": 1, "demPronNum": 6, "adposNum": 1, "multiplePunctNum": 0, "phraseNum": 0, "nounRate": 0.14285714285714285, "verbRate": 0.09523809523809523, "adjRate": 0.06666666666666667, "infRate": 0.0, "partPastRate": 0.0, "partPresRate": 0.009523809523809525, "partFutRate": 0.0, "transRate": 0.0, "xRate": 0.05714285714285714, "advRate": 0.12380952380952381, "properNounRate": 0.02857142857142857, "numRate": 0.0, "conjRate": 0.06666666666666667, "punctRate": 0.23809523809523808, "pronRate": 0.13333333333333333, "relPronRate": 0.009523809523809525, "demPronRate": 0.05714285714285714, "adposRate": 0.009523809523809525, "multiplePunctRate": 0.0, "partsDensityRate": 3.0, "contentfulness": 6.428571428571429, "phraseRate": 0.0, "pastTenseNum": 3, "presentTenseNum": 7, "condNum": 1, "impNum": 0, "freqNum": 0, "causNum": 0, "modalNum": 0, "sg1VerbNum": 10, "sg2VerbNum": 10, "sg3VerbNum": 10, "pl1VerbNum": 10, "pl2VerbNum": 10, "pl3VerbNum": 10, "superlatNum": 2, "comparatNum": 0, "specDerivSuffixNum": 0, "pluralNounNum": 1, "pastTenseRate": 0.3, "presentTenseRate": 0.7, "condRate": 0.1, "impRate": 0.0, "freqRate": 0.0, "causRate": 0.0, "modalRate": 0.0, "sg1VerbRate": 1.0, "sg2VerbRate": 1.0, "sg3VerbRate": 1.0, "pl1VerbRate": 1.0, "pl2VerbRate": 1.0, "pl3VerbRate": 1.0, "superlatRate": 0.2857142857142857, "comparatRate": 0.0, "specDerivSuffixRate": 0.0, "pluralNounRate": 0.06666666666666667, "subjNum": 10, "objNum": 3, "attNum": 4, "subordNum": 6, "adverbNum": 16, "coordNum": 1, "clauseNum": 15, "simpleNum": 2, "complexNum": 5, "complexity1Num": 2, "complexity2Num": 3, "complexity3Num": 0, "compoundNum": 0, "subjRate": 0.09523809523809523, "objRate": 0.02857142857142857, "attRate": 0.0380952380952381, "subordRate": 0.05714285714285714, "adverbRate": 0.1523809523809524, "coordRate": 0.009523809523809525, "partsRate": 2.2666666666666666, "clauseRate": 2.142857142857143, "simpleRate": 0.2857142857142857, "complexRate": 0.7142857142857143, "complexity1Rate": 0.2857142857142857, "complexity2Rate": 0.42857142857142855, "complexity3Rate": 0.0, "complexClauseRate": 2.6, "sentencesPerParagraph": 0.0, "wordsLengthRate": 5.3, "compoundRate": 0.0, "positiveNum": 0, "negativeNum": 0, "precoPositiveNum": 0, "precoNegativeNum": 0, "negemoNum": 0, "negationNum": 6, "functionNum": 60, "contentNum": 45, "vulgarNum": 0, "racistNum": 0, "specStyleNum": 0, "addressingNum": 0, "closingNum": 0, "postscriptNum": 0, "brutalNum": 0, "positiveRate": 0.0, "negativeRate": 0.0, "precoPositiveRate": 0.0, "precoNegativeRate": 0.0, "negemoRate": 0.0, "negationRate": 0.05714285714285714, "functionRate": 0.5714285714285714, "contentRate": 0.42857142857142855, "vulgarRate": 0.0, "racistRate": 0.0, "specStyleRate": 0.0, "addressingRate": 0.0, "closingRate": 0.0, "postscriptRate": 0.0, "brutalRate": 0.0, "epistemicNum": 0, "investNum": 0, "conditionNum": 0, "weaselNum": 0, "peacockNum": 0, "hedgeNum": 0, "doxasticNum": 0, "epistemicRate": 0.0, "investRate": 0.0, "conditionRate": 0.0, "weaselRate": 0.0, "peacockRate": 0.0, "hedgeRate": 0.0, "doxasticRate": 0.0, "loveNum": 0, "anxietyNum": 0, "sorrowNum": 0, "joyNum": 0, "disgustNum": 0, "fearNum": 0, "surpriseNum": 0, "angerNum": 0, "loveRate": 0.0, "anxietyRate": 0.0, "sorrowRate": 0.0, "joyRate": 0.0, "disgustRate": 0.0, "fearRate": 0.0, "surpriseRate": 0.0, "angerRate": 0.0, "slangBeGeneralNum": 0, "slangBeCigaretteNum": 0, "slangBeHumanNum": 0, "slangBeVehicleNum": 0, "slangBeDrugNum": 0, "slangBvNum": 0, "slangBeGeneralRate": 0.0, "slangBeCigaretteRate": 0.0, "slangBeHumanRate": 0.0, "slangBeVehicleRate": 0.0, "slangBeDrugRate": 0.0, "slangBvRate": 0.0, "speechactNum": 0, "quoteNum": 0, "dashNum": 0, "publicNum": 0, "privateNum": 0, "suasiveNum": 0, "discMarkerNum": 0, "smileyNum": 0, "dateNum": 0, "hesitationNum": 0, "restartNum": 0, "repeatNum": 0, "conjBeforeDiscNum": 0, "conjAfterDiscNum": 0, "wordBeforeHesitationNum": 0, "wordAfterHesitationNum": 0, "otherCollocationNum": 0, "speechactRate": 0.0, "quoteRate": 0.0, "dashRate": 0.0, "publicRate": 0.0, "privateRate": 0.0, "suasiveRate": 0.0, "discMarkerRate": 0.0, "smileyRate": 0.0, "dateRate": 0.0, "hesitationRate": 0.0, "restartRate": 0.0, "repeatRate": 0.0, "conjBeforeDiscRate": 0.0, "conjAfterDiscRate": 0.0, "wordBeforeHesitationRate": 0.0, "wordAfterHesitationRate": 0.0, "otherCollocationRate": 0.0, "easyWordNum": 100, "hardWordNum": 5, "easyWordRate": 0.9523809523809523, "hardWordRate": 0.047619047619047616, "fleschReadingEaseScore": 83.64428571428574, "gunningFogIndex": 6.019047619047619, "fleschKincaidGradeLevel": 5.31904761904762, "colemanLiauIndex": 9.049990476190477, "smogIndex": 5.46131890053228, "automatedReadabilityIndex": 5.941714285714287, "linsearWriteIndex": 6.414965986394558, "author": "", "locationNameNum": 0, "locationNameRate": 0.0, "personNameNum": 2, "personNameRate": 0.01904761904761905, "organizationNameNum": 1, "organizationNameRate": 0.009523809523809525, "misspelledNum": 0, "misspelledRate": 0.0, "missingAccentNum": 0, "missingAccentRate": 0.0, "foreignAccentNum": 0, "foreignAccentRate": 0.0, "wordConcatNum": 0, "wordConcatRate": 0.0, "jLyMistakeNum": 0, "jLyMistakeRate": 0.0, "publicVNum": 0, "freqSuffixNum": 0, "partsNum": 34, "clauseWordNum": 15, "privateVNum": 0}