{"tokenNum": 83, "sentenceNum": 6, "lemmaNum": 62, "lemmaRate": 0.7469879518072289, "sentenceLength": 13.833333333333334, "allUpperNum": 0, "firstUpperNum": 15, "allUpperRate": 0.0, "firstUpperRate": 0.18072289156626506, "declarSentNum": 6, "imperSentNum": 0, "questionNum": 0, "declarSentRate": 1.0, "imperSentRate": 0.0, "questionRate": 0.0, "accent": true, "saturation": 6.2, "paragraphNum": 0, "nounNum": 21, "verbNum": 7, "adjNum": 11, "infNum": 1, "partPastNum": 0, "partPresNum": 1, "partFutNum": 0, "transNum": 0, "xNum": 7, "advNum": 6, "properNounNum": 7, "numNum": 1, "conjNum": 7, "punctNum": 17, "pronNum": 0, "relPronNum": 1, "demPronNum": 1, "adposNum": 1, "multiplePunctNum": 3, "phraseNum": 0, "nounRate": 0.25301204819277107, "verbRate": 0.08433734939759036, "adjRate": 0.13253012048192772, "infRate": 0.012048192771084338, "partPastRate": 0.0, "partPresRate": 0.012048192771084338, "partFutRate": 0.0, "transRate": 0.0, "xRate": 0.08433734939759036, "advRate": 0.07228915662650602, "properNounRate": 0.08433734939759036, "numRate": 0.012048192771084338, "conjRate": 0.08433734939759036, "punctRate": 0.20481927710843373, "pronRate": 0.0, "relPronRate": 0.012048192771084338, "demPronRate": 0.012048192771084338, "adposRate": 0.012048192771084338, "multiplePunctRate": 0.17647058823529413, "partsDensityRate": 4.5, "contentfulness": 7.5, "phraseRate": 0.0, "pastTenseNum": 4, "presentTenseNum": 2, "condNum": 0, "impNum": 1, "freqNum": 0, "causNum": 0, "modalNum": 0, "sg1VerbNum": 7, "sg2VerbNum": 7, "sg3VerbNum": 7, "pl1VerbNum": 7, "pl2VerbNum": 7, "pl3VerbNum": 7, "superlatNum": 0, "comparatNum": 1, "specDerivSuffixNum": 0, "pluralNounNum": 1, "pastTenseRate": 0.5714285714285714, "presentTenseRate": 0.2857142857142857, "condRate": 0.0, "impRate": 0.14285714285714285, "freqRate": 0.0, "causRate": 0.0, "modalRate": 0.0, "sg1VerbRate": 1.0, "sg2VerbRate": 1.0, "sg3VerbRate": 1.0, "pl1VerbRate": 1.0, "pl2VerbRate": 1.0, "pl3VerbRate": 1.0, "superlatRate": 0.0, "comparatRate": 0.09090909090909091, "specDerivSuffixRate": 0.0, "pluralNounRate": 0.047619047619047616, "subjNum": 4, "objNum": 1, "attNum": 7, "subordNum": 2, "adverbNum": 10, "coordNum": 5, "clauseNum": 10, "simpleNum": 3, "complexNum": 3, "complexity1Num": 2, "complexity2Num": 1, "complexity3Num": 0, "compoundNum": 0, "subjRate": 0.04819277108433735, "objRate": 0.012048192771084338, "attRate": 0.08433734939759036, "subordRate": 0.024096385542168676, "adverbRate": 0.12048192771084337, "coordRate": 0.060240963855421686, "partsRate": 2.7, "clauseRate": 1.6666666666666667, "simpleRate": 0.5, "complexRate": 0.5, "complexity1Rate": 0.3333333333333333, "complexity2Rate": 0.16666666666666666, "complexity3Rate": 0.0, "complexClauseRate": 2.3333333333333335, "sentencesPerParagraph": 0.0, "wordsLengthRate": 5.681818181818182, "compoundRate": 0.0, "positiveNum": 0, "negativeNum": 0, "precoPositiveNum": 0, "precoNegativeNum": 0, "negemoNum": 0, "negationNum": 0, "functionNum": 38, "contentNum": 45, "vulgarNum": 0, "racistNum": 0, "specStyleNum": 0, "addressingNum": 0, "closingNum": 0, "postscriptNum": 0, "brutalNum": 0, "positiveRate": 0.0, "negativeRate": 0.0, "precoPositiveRate": 0.0, "precoNegativeRate": 0.0, "negemoRate": 0.0, "negationRate": 0.0, "functionRate": 0.4578313253012048, "contentRate": 0.5421686746987951, "vulgarRate": 0.0, "racistRate": 0.0, "specStyleRate": 0.0, "addressingRate": 0.0, "closingRate": 0.0, "postscriptRate": 0.0, "brutalRate": 0.0, "epistemicNum": 0, "investNum": 0, "conditionNum": 0, "weaselNum": 0, "peacockNum": 0, "hedgeNum": 0, "doxasticNum": 0, "epistemicRate": 0.0, "investRate": 0.0, "conditionRate": 0.0, "weaselRate": 0.0, "peacockRate": 0.0, "hedgeRate": 0.0, "doxasticRate": 0.0, "loveNum": 0, "anxietyNum": 0, "sorrowNum": 0, "joyNum": 0, "disgustNum": 0, "fearNum": 0, "surpriseNum": 0, "angerNum": 0, "loveRate": 0.0, "anxietyRate": 0.0, "sorrowRate": 0.0, "joyRate": 0.0, "disgustRate": 0.0, "fearRate": 0.0, "surpriseRate": 0.0, "angerRate": 0.0, "slangBeGeneralNum": 0, "slangBeCigaretteNum": 0, "slangBeHumanNum": 0, "slangBeVehicleNum": 0, "slangBeDrugNum": 0, "slangBvNum": 0, "slangBeGeneralRate": 0.0, "slangBeCigaretteRate": 0.0, "slangBeHumanRate": 0.0, "slangBeVehicleRate": 0.0, "slangBeDrugRate": 0.0, "slangBvRate": 0.0, "speechactNum": 0, "quoteNum": 0, "dashNum": 0, "publicNum": 0, "privateNum": 0, "suasiveNum": 0, "discMarkerNum": 0, "smileyNum": 1, "dateNum": 0, "hesitationNum": 0, "restartNum": 0, "repeatNum": 0, "conjBeforeDiscNum": 0, "conjAfterDiscNum": 0, "wordBeforeHesitationNum": 0, "wordAfterHesitationNum": 0, "otherCollocationNum": 0, "speechactRate": 0.0, "quoteRate": 0.0, "dashRate": 0.0, "publicRate": 0.0, "privateRate": 0.0, "suasiveRate": 0.0, "discMarkerRate": 0.0, "smileyRate": 0.012048192771084338, "dateRate": 0.0, "hesitationRate": 0.0, "restartRate": 0.0, "repeatRate": 0.0, "conjBeforeDiscRate": 0.0, "conjAfterDiscRate": 0.0, "wordBeforeHesitationRate": 0.0, "wordAfterHesitationRate": 0.0, "otherCollocationRate": 0.0, "easyWordNum": 70, "hardWordNum": 13, "easyWordRate": 0.8433734939759037, "hardWordRate": 0.1566265060240964, "fleschReadingEaseScore": 49.07609437751006, "gunningFogIndex": 5.595983935742972, "fleschKincaidGradeLevel": 9.850783132530122, "colemanLiauIndex": 11.733759036144576, "smogIndex": 6.88968998030894, "automatedReadabilityIndex": 7.504497991967874, "linsearWriteIndex": 7.5, "author": "", "locationNameNum": 1, "locationNameRate": 0.012048192771084338, "personNameNum": 5, "personNameRate": 0.060240963855421686, "organizationNameNum": 0, "organizationNameRate": 0.0, "misspelledNum": 3, "misspelledRate": 0.03614457831325301, "missingAccentNum": 1, "missingAccentRate": 0.012048192771084338, "foreignAccentNum": 0, "foreignAccentRate": 0.0, "wordConcatNum": 1, "wordConcatRate": 0.012048192771084338, "jLyMistakeNum": 0, "jLyMistakeRate": 0.0, "publicVNum": 0, "freqSuffixNum": 0, "partsNum": 27, "clauseWordNum": 10, "privateVNum": 0}