{"tokenNum": 149, "sentenceNum": 11, "lemmaNum": 95, "lemmaRate": 0.6375838926174496, "sentenceLength": 13.545454545454545, "allUpperNum": 5, "firstUpperNum": 20, "allUpperRate": 0.03355704697986577, "firstUpperRate": 0.1342281879194631, "declarSentNum": 11, "imperSentNum": 0, "questionNum": 0, "declarSentRate": 1.0, "imperSentRate": 0.0, "questionRate": 0.0, "accent": true, "saturation": 4.523809523809524, "paragraphNum": 0, "nounNum": 24, "verbNum": 15, "adjNum": 12, "infNum": 2, "partPastNum": 2, "partPresNum": 0, "partFutNum": 0, "transNum": 0, "xNum": 11, "advNum": 21, "properNounNum": 9, "numNum": 2, "conjNum": 12, "punctNum": 25, "pronNum": 16, "relPronNum": 0, "demPronNum": 11, "adposNum": 0, "multiplePunctNum": 2, "phraseNum": 0, "nounRate": 0.1610738255033557, "verbRate": 0.10067114093959731, "adjRate": 0.08053691275167785, "infRate": 0.013422818791946308, "partPastRate": 0.013422818791946308, "partPresRate": 0.0, "partFutRate": 0.0, "transRate": 0.0, "xRate": 0.0738255033557047, "advRate": 0.14093959731543623, "properNounRate": 0.06040268456375839, "numRate": 0.013422818791946308, "conjRate": 0.08053691275167785, "punctRate": 0.16778523489932887, "pronRate": 0.10738255033557047, "relPronRate": 0.0, "demPronRate": 0.0738255033557047, "adposRate": 0.0, "multiplePunctRate": 0.08, "partsDensityRate": 3.4285714285714284, "contentfulness": 6.545454545454546, "phraseRate": 0.0, "pastTenseNum": 3, "presentTenseNum": 10, "condNum": 0, "impNum": 4, "freqNum": 0, "causNum": 0, "modalNum": 2, "sg1VerbNum": 15, "sg2VerbNum": 15, "sg3VerbNum": 15, "pl1VerbNum": 15, "pl2VerbNum": 15, "pl3VerbNum": 15, "superlatNum": 0, "comparatNum": 0, "specDerivSuffixNum": 0, "pluralNounNum": 2, "pastTenseRate": 0.2, "presentTenseRate": 0.6666666666666666, "condRate": 0.0, "impRate": 0.26666666666666666, "freqRate": 0.0, "causRate": 0.0, "modalRate": 0.13333333333333333, "sg1VerbRate": 1.0, "sg2VerbRate": 1.0, "sg3VerbRate": 1.0, "pl1VerbRate": 1.0, "pl2VerbRate": 1.0, "pl3VerbRate": 1.0, "superlatRate": 0.0, "comparatRate": 0.0, "specDerivSuffixRate": 0.0, "pluralNounRate": 0.08333333333333333, "subjNum": 14, "objNum": 6, "attNum": 7, "subordNum": 6, "adverbNum": 22, "coordNum": 5, "clauseNum": 21, "simpleNum": 7, "complexNum": 4, "complexity1Num": 2, "complexity2Num": 0, "complexity3Num": 1, "compoundNum": 0, "subjRate": 0.09395973154362416, "objRate": 0.040268456375838924, "attRate": 0.04697986577181208, "subordRate": 0.040268456375838924, "adverbRate": 0.1476510067114094, "coordRate": 0.03355704697986577, "partsRate": 2.5714285714285716, "clauseRate": 1.9090909090909092, "simpleRate": 0.6363636363636364, "complexRate": 0.36363636363636365, "complexity1Rate": 0.18181818181818182, "complexity2Rate": 0.0, "complexity3Rate": 0.09090909090909091, "complexClauseRate": 3.5, "sentencesPerParagraph": 0.0, "wordsLengthRate": 4.991935483870968, "compoundRate": 0.0, "positiveNum": 0, "negativeNum": 0, "precoPositiveNum": 0, "precoNegativeNum": 0, "negemoNum": 0, "negationNum": 4, "functionNum": 77, "contentNum": 72, "vulgarNum": 0, "racistNum": 0, "specStyleNum": 0, "addressingNum": 0, "closingNum": 0, "postscriptNum": 0, "brutalNum": 0, "positiveRate": 0.0, "negativeRate": 0.0, "precoPositiveRate": 0.0, "precoNegativeRate": 0.0, "negemoRate": 0.0, "negationRate": 0.026845637583892617, "functionRate": 0.5167785234899329, "contentRate": 0.48322147651006714, "vulgarRate": 0.0, "racistRate": 0.0, "specStyleRate": 0.0, "addressingRate": 0.0, "closingRate": 0.0, "postscriptRate": 0.0, "brutalRate": 0.0, "epistemicNum": 0, "investNum": 0, "conditionNum": 0, "weaselNum": 0, "peacockNum": 0, "hedgeNum": 0, "doxasticNum": 0, "epistemicRate": 0.0, "investRate": 0.0, "conditionRate": 0.0, "weaselRate": 0.0, "peacockRate": 0.0, "hedgeRate": 0.0, "doxasticRate": 0.0, "loveNum": 0, "anxietyNum": 0, "sorrowNum": 0, "joyNum": 0, "disgustNum": 0, "fearNum": 0, "surpriseNum": 0, "angerNum": 0, "loveRate": 0.0, "anxietyRate": 0.0, "sorrowRate": 0.0, "joyRate": 0.0, "disgustRate": 0.0, "fearRate": 0.0, "surpriseRate": 0.0, "angerRate": 0.0, "slangBeGeneralNum": 0, "slangBeCigaretteNum": 0, "slangBeHumanNum": 0, "slangBeVehicleNum": 0, "slangBeDrugNum": 0, "slangBvNum": 0, "slangBeGeneralRate": 0.0, "slangBeCigaretteRate": 0.0, "slangBeHumanRate": 0.0, "slangBeVehicleRate": 0.0, "slangBeDrugRate": 0.0, "slangBvRate": 0.0, "speechactNum": 0, "quoteNum": 0, "dashNum": 0, "publicNum": 0, "privateNum": 0, "suasiveNum": 0, "discMarkerNum": 0, "smileyNum": 0, "dateNum": 0, "hesitationNum": 0, "restartNum": 1, "repeatNum": 0, "conjBeforeDiscNum": 0, "conjAfterDiscNum": 0, "wordBeforeHesitationNum": 0, "wordAfterHesitationNum": 0, "otherCollocationNum": 0, "speechactRate": 0.0, "quoteRate": 0.0, "dashRate": 0.0, "publicRate": 0.0, "privateRate": 0.0, "suasiveRate": 0.0, "discMarkerRate": 0.0, "smileyRate": 0.0, "dateRate": 0.0, "hesitationRate": 0.0, "restartRate": 0.006711409395973154, "repeatRate": 0.0, "conjBeforeDiscRate": 0.0, "conjAfterDiscRate": 0.0, "wordBeforeHesitationRate": 0.0, "wordAfterHesitationRate": 0.0, "otherCollocationRate": 0.0, "easyWordNum": 139, "hardWordNum": 10, "easyWordRate": 0.9328859060402684, "hardWordRate": 0.06711409395973154, "fleschReadingEaseScore": 72.71589383770593, "gunningFogIndex": 5.445027455765711, "fleschKincaidGradeLevel": 6.481989017693717, "colemanLiauIndex": 9.380516778523486, "smogIndex": 6.42735559955562, "automatedReadabilityIndex": 5.478767541183647, "linsearWriteIndex": 3.8200122025625385, "author": "", "locationNameNum": 1, "locationNameRate": 0.006711409395973154, "personNameNum": 2, "personNameRate": 0.013422818791946308, "organizationNameNum": 2, "organizationNameRate": 0.013422818791946308, "misspelledNum": 1, "misspelledRate": 0.006711409395973154, "missingAccentNum": 0, "missingAccentRate": 0.0, "foreignAccentNum": 0, "foreignAccentRate": 0.0, "wordConcatNum": 1, "wordConcatRate": 0.006711409395973154, "jLyMistakeNum": 0, "jLyMistakeRate": 0.0, "publicVNum": 0, "freqSuffixNum": 0, "partsNum": 54, "clauseWordNum": 21, "privateVNum": 0}