{"tokenNum": 82, "sentenceNum": 8, "lemmaNum": 62, "lemmaRate": 0.7560975609756098, "sentenceLength": 10.25, "allUpperNum": 1, "firstUpperNum": 13, "allUpperRate": 0.012195121951219513, "firstUpperRate": 0.15853658536585366, "declarSentNum": 8, "imperSentNum": 0, "questionNum": 0, "declarSentRate": 1.0, "imperSentRate": 0.0, "questionRate": 0.0, "accent": true, "saturation": 6.2, "paragraphNum": 0, "nounNum": 22, "verbNum": 9, "adjNum": 8, "infNum": 1, "partPastNum": 1, "partPresNum": 1, "partFutNum": 0, "transNum": 1, "xNum": 10, "advNum": 3, "properNounNum": 6, "numNum": 0, "conjNum": 3, "punctNum": 18, "pronNum": 3, "relPronNum": 1, "demPronNum": 3, "adposNum": 1, "multiplePunctNum": 0, "phraseNum": 0, "nounRate": 0.2682926829268293, "verbRate": 0.10975609756097561, "adjRate": 0.0975609756097561, "infRate": 0.012195121951219513, "partPastRate": 0.012195121951219513, "partPresRate": 0.012195121951219513, "partFutRate": 0.0, "transRate": 0.012195121951219513, "xRate": 0.12195121951219512, "advRate": 0.036585365853658534, "properNounRate": 0.07317073170731707, "numRate": 0.0, "conjRate": 0.036585365853658534, "punctRate": 0.21951219512195122, "pronRate": 0.036585365853658534, "relPronRate": 0.012195121951219513, "demPronRate": 0.036585365853658534, "adposRate": 0.012195121951219513, "multiplePunctRate": 0.0, "partsDensityRate": 4.2, "contentfulness": 5.25, "phraseRate": 0.0, "pastTenseNum": 2, "presentTenseNum": 6, "condNum": 1, "impNum": 0, "freqNum": 0, "causNum": 0, "modalNum": 0, "sg1VerbNum": 9, "sg2VerbNum": 9, "sg3VerbNum": 9, "pl1VerbNum": 9, "pl2VerbNum": 9, "pl3VerbNum": 9, "superlatNum": 0, "comparatNum": 0, "specDerivSuffixNum": 0, "pluralNounNum": 1, "pastTenseRate": 0.2222222222222222, "presentTenseRate": 0.6666666666666666, "condRate": 0.1111111111111111, "impRate": 0.0, "freqRate": 0.0, "causRate": 0.0, "modalRate": 0.0, "sg1VerbRate": 1.0, "sg2VerbRate": 1.0, "sg3VerbRate": 1.0, "pl1VerbRate": 1.0, "pl2VerbRate": 1.0, "pl3VerbRate": 1.0, "superlatRate": 0.0, "comparatRate": 0.0, "specDerivSuffixRate": 0.0, "pluralNounRate": 0.045454545454545456, "subjNum": 6, "objNum": 4, "attNum": 7, "subordNum": 4, "adverbNum": 4, "coordNum": 1, "clauseNum": 10, "simpleNum": 6, "complexNum": 2, "complexity1Num": 2, "complexity2Num": 0, "complexity3Num": 0, "compoundNum": 0, "subjRate": 0.07317073170731707, "objRate": 0.04878048780487805, "attRate": 0.08536585365853659, "subordRate": 0.04878048780487805, "adverbRate": 0.04878048780487805, "coordRate": 0.012195121951219513, "partsRate": 2.2, "clauseRate": 1.25, "simpleRate": 0.75, "complexRate": 0.25, "complexity1Rate": 0.25, "complexity2Rate": 0.0, "complexity3Rate": 0.0, "complexClauseRate": 2.0, "sentencesPerParagraph": 0.0, "wordsLengthRate": 5.578125, "compoundRate": 0.0, "positiveNum": 0, "negativeNum": 0, "precoPositiveNum": 0, "precoNegativeNum": 0, "negemoNum": 0, "negationNum": 0, "functionNum": 40, "contentNum": 42, "vulgarNum": 0, "racistNum": 0, "specStyleNum": 0, "addressingNum": 0, "closingNum": 0, "postscriptNum": 0, "brutalNum": 0, "positiveRate": 0.0, "negativeRate": 0.0, "precoPositiveRate": 0.0, "precoNegativeRate": 0.0, "negemoRate": 0.0, "negationRate": 0.0, "functionRate": 0.4878048780487805, "contentRate": 0.5121951219512195, "vulgarRate": 0.0, "racistRate": 0.0, "specStyleRate": 0.0, "addressingRate": 0.0, "closingRate": 0.0, "postscriptRate": 0.0, "brutalRate": 0.0, "epistemicNum": 0, "investNum": 0, "conditionNum": 0, "weaselNum": 0, "peacockNum": 0, "hedgeNum": 0, "doxasticNum": 0, "epistemicRate": 0.0, "investRate": 0.0, "conditionRate": 0.0, "weaselRate": 0.0, "peacockRate": 0.0, "hedgeRate": 0.0, "doxasticRate": 0.0, "loveNum": 0, "anxietyNum": 0, "sorrowNum": 0, "joyNum": 0, "disgustNum": 0, "fearNum": 0, "surpriseNum": 0, "angerNum": 0, "loveRate": 0.0, "anxietyRate": 0.0, "sorrowRate": 0.0, "joyRate": 0.0, "disgustRate": 0.0, "fearRate": 0.0, "surpriseRate": 0.0, "angerRate": 0.0, "slangBeGeneralNum": 0, "slangBeCigaretteNum": 0, "slangBeHumanNum": 0, "slangBeVehicleNum": 0, "slangBeDrugNum": 0, "slangBvNum": 0, "slangBeGeneralRate": 0.0, "slangBeCigaretteRate": 0.0, "slangBeHumanRate": 0.0, "slangBeVehicleRate": 0.0, "slangBeDrugRate": 0.0, "slangBvRate": 0.0, "speechactNum": 0, "quoteNum": 0, "dashNum": 0, "publicNum": 0, "privateNum": 0, "suasiveNum": 0, "discMarkerNum": 0, "smileyNum": 0, "dateNum": 0, "hesitationNum": 0, "restartNum": 0, "repeatNum": 1, "conjBeforeDiscNum": 0, "conjAfterDiscNum": 0, "wordBeforeHesitationNum": 0, "wordAfterHesitationNum": 0, "otherCollocationNum": 0, "speechactRate": 0.0, "quoteRate": 0.0, "dashRate": 0.0, "publicRate": 0.0, "privateRate": 0.0, "suasiveRate": 0.0, "discMarkerRate": 0.0, "smileyRate": 0.0, "dateRate": 0.0, "hesitationRate": 0.0, "restartRate": 0.0, "repeatRate": 0.012195121951219513, "conjBeforeDiscRate": 0.0, "conjAfterDiscRate": 0.0, "wordBeforeHesitationRate": 0.0, "wordAfterHesitationRate": 0.0, "otherCollocationRate": 0.0, "easyWordNum": 77, "hardWordNum": 5, "easyWordRate": 0.9390243902439024, "hardWordRate": 0.06097560975609756, "fleschReadingEaseScore": 79.84832317073173, "gunningFogIndex": 4.124390243902439, "fleschKincaidGradeLevel": 4.668475609756097, "colemanLiauIndex": 10.20190243902439, "smogIndex": 5.46131890053228, "automatedReadabilityIndex": 4.487926829268293, "linsearWriteIndex": 4.1875, "author": "", "locationNameNum": 0, "locationNameRate": 0.0, "personNameNum": 4, "personNameRate": 0.04878048780487805, "organizationNameNum": 0, "organizationNameRate": 0.0, "misspelledNum": 5, "misspelledRate": 0.06097560975609756, "missingAccentNum": 1, "missingAccentRate": 0.012195121951219513, "foreignAccentNum": 0, "foreignAccentRate": 0.0, "wordConcatNum": 0, "wordConcatRate": 0.0, "jLyMistakeNum": 0, "jLyMistakeRate": 0.0, "publicVNum": 0, "freqSuffixNum": 0, "partsNum": 22, "clauseWordNum": 10, "privateVNum": 0}