{"tokenNum": 333, "sentenceNum": 26, "lemmaNum": 191, "lemmaRate": 0.5735735735735735, "sentenceLength": 12.807692307692308, "allUpperNum": 2, "firstUpperNum": 54, "allUpperRate": 0.006006006006006006, "firstUpperRate": 0.16216216216216217, "declarSentNum": 26, "imperSentNum": 0, "questionNum": 0, "declarSentRate": 1.0, "imperSentRate": 0.0, "questionRate": 0.0, "accent": true, "saturation": 4.0638297872340425, "paragraphNum": 0, "nounNum": 83, "verbNum": 30, "adjNum": 27, "infNum": 6, "partPastNum": 1, "partPresNum": 1, "partFutNum": 0, "transNum": 0, "xNum": 26, "advNum": 20, "properNounNum": 35, "numNum": 6, "conjNum": 14, "punctNum": 95, "pronNum": 10, "relPronNum": 4, "demPronNum": 2, "adposNum": 2, "multiplePunctNum": 3, "phraseNum": 0, "nounRate": 0.24924924924924924, "verbRate": 0.09009009009009009, "adjRate": 0.08108108108108109, "infRate": 0.018018018018018018, "partPastRate": 0.003003003003003003, "partPresRate": 0.003003003003003003, "partFutRate": 0.0, "transRate": 0.0, "xRate": 0.07807807807807808, "advRate": 0.06006006006006006, "properNounRate": 0.10510510510510511, "numRate": 0.018018018018018018, "conjRate": 0.042042042042042045, "punctRate": 0.2852852852852853, "pronRate": 0.03003003003003003, "relPronRate": 0.012012012012012012, "demPronRate": 0.006006006006006006, "adposRate": 0.006006006006006006, "multiplePunctRate": 0.031578947368421054, "partsDensityRate": 3.382978723404255, "contentfulness": 6.115384615384615, "phraseRate": 0.0, "pastTenseNum": 12, "presentTenseNum": 12, "condNum": 0, "impNum": 0, "freqNum": 0, "causNum": 0, "modalNum": 0, "sg1VerbNum": 30, "sg2VerbNum": 30, "sg3VerbNum": 30, "pl1VerbNum": 30, "pl2VerbNum": 30, "pl3VerbNum": 30, "superlatNum": 0, "comparatNum": 0, "specDerivSuffixNum": 0, "pluralNounNum": 10, "pastTenseRate": 0.4, "presentTenseRate": 0.4, "condRate": 0.0, "impRate": 0.0, "freqRate": 0.0, "causRate": 0.0, "modalRate": 0.0, "sg1VerbRate": 1.0, "sg2VerbRate": 1.0, "sg3VerbRate": 1.0, "pl1VerbRate": 1.0, "pl2VerbRate": 1.0, "pl3VerbRate": 1.0, "superlatRate": 0.0, "comparatRate": 0.0, "specDerivSuffixRate": 0.0, "pluralNounRate": 0.12048192771084337, "subjNum": 7, "objNum": 6, "attNum": 18, "subordNum": 10, "adverbNum": 30, "coordNum": 30, "clauseNum": 47, "simpleNum": 12, "complexNum": 14, "complexity1Num": 8, "complexity2Num": 5, "complexity3Num": 1, "compoundNum": 0, "subjRate": 0.021021021021021023, "objRate": 0.018018018018018018, "attRate": 0.05405405405405406, "subordRate": 0.03003003003003003, "adverbRate": 0.09009009009009009, "coordRate": 0.09009009009009009, "partsRate": 1.9361702127659575, "clauseRate": 1.8076923076923077, "simpleRate": 0.46153846153846156, "complexRate": 0.5384615384615384, "complexity1Rate": 0.3076923076923077, "complexity2Rate": 0.19230769230769232, "complexity3Rate": 0.038461538461538464, "complexClauseRate": 2.5, "sentencesPerParagraph": 0.0, "wordsLengthRate": 5.298319327731092, "compoundRate": 0.0, "positiveNum": 0, "negativeNum": 0, "precoPositiveNum": 0, "precoNegativeNum": 0, "negemoNum": 0, "negationNum": 3, "functionNum": 174, "contentNum": 159, "vulgarNum": 0, "racistNum": 0, "specStyleNum": 0, "addressingNum": 0, "closingNum": 0, "postscriptNum": 0, "brutalNum": 0, "positiveRate": 0.0, "negativeRate": 0.0, "precoPositiveRate": 0.0, "precoNegativeRate": 0.0, "negemoRate": 0.0, "negationRate": 0.009009009009009009, "functionRate": 0.5225225225225225, "contentRate": 0.4774774774774775, "vulgarRate": 0.0, "racistRate": 0.0, "specStyleRate": 0.0, "addressingRate": 0.0, "closingRate": 0.0, "postscriptRate": 0.0, "brutalRate": 0.0, "epistemicNum": 0, "investNum": 0, "conditionNum": 0, "weaselNum": 0, "peacockNum": 0, "hedgeNum": 0, "doxasticNum": 0, "epistemicRate": 0.0, "investRate": 0.0, "conditionRate": 0.0, "weaselRate": 0.0, "peacockRate": 0.0, "hedgeRate": 0.0, "doxasticRate": 0.0, "loveNum": 0, "anxietyNum": 0, "sorrowNum": 0, "joyNum": 0, "disgustNum": 0, "fearNum": 0, "surpriseNum": 0, "angerNum": 0, "loveRate": 0.0, "anxietyRate": 0.0, "sorrowRate": 0.0, "joyRate": 0.0, "disgustRate": 0.0, "fearRate": 0.0, "surpriseRate": 0.0, "angerRate": 0.0, "slangBeGeneralNum": 0, "slangBeCigaretteNum": 0, "slangBeHumanNum": 0, "slangBeVehicleNum": 0, "slangBeDrugNum": 0, "slangBvNum": 0, "slangBeGeneralRate": 0.0, "slangBeCigaretteRate": 0.0, "slangBeHumanRate": 0.0, "slangBeVehicleRate": 0.0, "slangBeDrugRate": 0.0, "slangBvRate": 0.0, "speechactNum": 0, "quoteNum": 0, "dashNum": 0, "publicNum": 0, "privateNum": 0, "suasiveNum": 0, "discMarkerNum": 0, "smileyNum": 0, "dateNum": 0, "hesitationNum": 0, "restartNum": 0, "repeatNum": 2, "conjBeforeDiscNum": 0, "conjAfterDiscNum": 0, "wordBeforeHesitationNum": 0, "wordAfterHesitationNum": 0, "otherCollocationNum": 0, "speechactRate": 0.0, "quoteRate": 0.0, "dashRate": 0.0, "publicRate": 0.0, "privateRate": 0.0, "suasiveRate": 0.0, "discMarkerRate": 0.0, "smileyRate": 0.0, "dateRate": 0.0, "hesitationRate": 0.0, "restartRate": 0.0, "repeatRate": 0.006006006006006006, "conjBeforeDiscRate": 0.0, "conjAfterDiscRate": 0.0, "wordBeforeHesitationRate": 0.0, "wordAfterHesitationRate": 0.0, "otherCollocationRate": 0.0, "easyWordNum": 307, "hardWordNum": 26, "easyWordRate": 0.9219219219219219, "hardWordRate": 0.07807807807807808, "fleschReadingEaseScore": 85.1000571725572, "gunningFogIndex": 5.154308154308155, "fleschKincaidGradeLevel": 4.571366366366366, "colemanLiauIndex": 7.830516516516514, "smogIndex": 8.447377352677275, "automatedReadabilityIndex": 3.8704227304227317, "linsearWriteIndex": 1.0790020790020791, "author": "", "locationNameNum": 2, "locationNameRate": 0.006006006006006006, "personNameNum": 17, "personNameRate": 0.05105105105105105, "organizationNameNum": 0, "organizationNameRate": 0.0, "misspelledNum": 12, "misspelledRate": 0.036036036036036036, "missingAccentNum": 2, "missingAccentRate": 0.006006006006006006, "foreignAccentNum": 0, "foreignAccentRate": 0.0, "wordConcatNum": 0, "wordConcatRate": 0.0, "jLyMistakeNum": 1, "jLyMistakeRate": 0.003003003003003003, "publicVNum": 0, "freqSuffixNum": 0, "partsNum": 91, "clauseWordNum": 47, "privateVNum": 0}