{"tokenNum": 82, "sentenceNum": 10, "lemmaNum": 57, "lemmaRate": 0.6951219512195121, "sentenceLength": 8.2, "allUpperNum": 1, "firstUpperNum": 10, "allUpperRate": 0.012195121951219513, "firstUpperRate": 0.12195121951219512, "declarSentNum": 9, "imperSentNum": 1, "questionNum": 0, "declarSentRate": 0.9, "imperSentRate": 0.1, "questionRate": 0.0, "accent": true, "saturation": 4.384615384615385, "paragraphNum": 0, "nounNum": 10, "verbNum": 10, "adjNum": 9, "infNum": 1, "partPastNum": 0, "partPresNum": 0, "partFutNum": 0, "transNum": 0, "xNum": 9, "advNum": 9, "properNounNum": 0, "numNum": 3, "conjNum": 5, "punctNum": 15, "pronNum": 2, "relPronNum": 0, "demPronNum": 1, "adposNum": 0, "multiplePunctNum": 2, "phraseNum": 0, "nounRate": 0.12195121951219512, "verbRate": 0.12195121951219512, "adjRate": 0.10975609756097561, "infRate": 0.012195121951219513, "partPastRate": 0.0, "partPresRate": 0.0, "partFutRate": 0.0, "transRate": 0.0, "xRate": 0.10975609756097561, "advRate": 0.10975609756097561, "properNounRate": 0.0, "numRate": 0.036585365853658534, "conjRate": 0.06097560975609756, "punctRate": 0.18292682926829268, "pronRate": 0.024390243902439025, "relPronRate": 0.0, "demPronRate": 0.012195121951219513, "adposRate": 0.0, "multiplePunctRate": 0.13333333333333333, "partsDensityRate": 2.923076923076923, "contentfulness": 3.8, "phraseRate": 0.0, "pastTenseNum": 6, "presentTenseNum": 3, "condNum": 0, "impNum": 0, "freqNum": 0, "causNum": 1, "modalNum": 0, "sg1VerbNum": 10, "sg2VerbNum": 10, "sg3VerbNum": 10, "pl1VerbNum": 10, "pl2VerbNum": 10, "pl3VerbNum": 10, "superlatNum": 1, "comparatNum": 0, "specDerivSuffixNum": 0, "pluralNounNum": 1, "pastTenseRate": 0.6, "presentTenseRate": 0.3, "condRate": 0.0, "impRate": 0.0, "freqRate": 0.0, "causRate": 0.1, "modalRate": 0.0, "sg1VerbRate": 1.0, "sg2VerbRate": 1.0, "sg3VerbRate": 1.0, "pl1VerbRate": 1.0, "pl2VerbRate": 1.0, "pl3VerbRate": 1.0, "superlatRate": 0.1111111111111111, "comparatRate": 0.0, "specDerivSuffixRate": 0.0, "pluralNounRate": 0.1, "subjNum": 3, "objNum": 2, "attNum": 2, "subordNum": 0, "adverbNum": 11, "coordNum": 4, "clauseNum": 13, "simpleNum": 8, "complexNum": 2, "complexity1Num": 1, "complexity2Num": 1, "complexity3Num": 0, "compoundNum": 0, "subjRate": 0.036585365853658534, "objRate": 0.024390243902439025, "attRate": 0.024390243902439025, "subordRate": 0.0, "adverbRate": 0.13414634146341464, "coordRate": 0.04878048780487805, "partsRate": 1.6923076923076923, "clauseRate": 1.3, "simpleRate": 0.8, "complexRate": 0.2, "complexity1Rate": 0.1, "complexity2Rate": 0.1, "complexity3Rate": 0.0, "complexClauseRate": 2.5, "sentencesPerParagraph": 0.0, "wordsLengthRate": 5.104477611940299, "compoundRate": 0.0, "positiveNum": 0, "negativeNum": 0, "precoPositiveNum": 0, "precoNegativeNum": 0, "negemoNum": 0, "negationNum": 1, "functionNum": 44, "contentNum": 38, "vulgarNum": 0, "racistNum": 0, "specStyleNum": 0, "addressingNum": 0, "closingNum": 0, "postscriptNum": 0, "brutalNum": 0, "positiveRate": 0.0, "negativeRate": 0.0, "precoPositiveRate": 0.0, "precoNegativeRate": 0.0, "negemoRate": 0.0, "negationRate": 0.012195121951219513, "functionRate": 0.5365853658536586, "contentRate": 0.4634146341463415, "vulgarRate": 0.0, "racistRate": 0.0, "specStyleRate": 0.0, "addressingRate": 0.0, "closingRate": 0.0, "postscriptRate": 0.0, "brutalRate": 0.0, "epistemicNum": 0, "investNum": 0, "conditionNum": 0, "weaselNum": 0, "peacockNum": 0, "hedgeNum": 0, "doxasticNum": 0, "epistemicRate": 0.0, "investRate": 0.0, "conditionRate": 0.0, "weaselRate": 0.0, "peacockRate": 0.0, "hedgeRate": 0.0, "doxasticRate": 0.0, "loveNum": 0, "anxietyNum": 0, "sorrowNum": 0, "joyNum": 0, "disgustNum": 0, "fearNum": 0, "surpriseNum": 0, "angerNum": 0, "loveRate": 0.0, "anxietyRate": 0.0, "sorrowRate": 0.0, "joyRate": 0.0, "disgustRate": 0.0, "fearRate": 0.0, "surpriseRate": 0.0, "angerRate": 0.0, "slangBeGeneralNum": 0, "slangBeCigaretteNum": 0, "slangBeHumanNum": 0, "slangBeVehicleNum": 0, "slangBeDrugNum": 0, "slangBvNum": 0, "slangBeGeneralRate": 0.0, "slangBeCigaretteRate": 0.0, "slangBeHumanRate": 0.0, "slangBeVehicleRate": 0.0, "slangBeDrugRate": 0.0, "slangBvRate": 0.0, "speechactNum": 0, "quoteNum": 0, "dashNum": 0, "publicNum": 0, "privateNum": 0, "suasiveNum": 0, "discMarkerNum": 0, "smileyNum": 0, "dateNum": 0, "hesitationNum": 0, "restartNum": 0, "repeatNum": 0, "conjBeforeDiscNum": 0, "conjAfterDiscNum": 0, "wordBeforeHesitationNum": 0, "wordAfterHesitationNum": 0, "otherCollocationNum": 0, "speechactRate": 0.0, "quoteRate": 0.0, "dashRate": 0.0, "publicRate": 0.0, "privateRate": 0.0, "suasiveRate": 0.0, "discMarkerRate": 0.0, "smileyRate": 0.0, "dateRate": 0.0, "hesitationRate": 0.0, "restartRate": 0.0, "repeatRate": 0.0, "conjBeforeDiscRate": 0.0, "conjAfterDiscRate": 0.0, "wordBeforeHesitationRate": 0.0, "wordAfterHesitationRate": 0.0, "otherCollocationRate": 0.0, "easyWordNum": 74, "hardWordNum": 8, "easyWordRate": 0.9024390243902439, "hardWordRate": 0.0975609756097561, "fleschReadingEaseScore": 81.92907317073173, "gunningFogIndex": 3.3190243902439023, "fleschKincaidGradeLevel": 3.8689756097560988, "colemanLiauIndex": 9.483536585365854, "smogIndex": 6.079149491110277, "automatedReadabilityIndex": 2.8885365853658556, "linsearWriteIndex": 3.45, "author": "", "locationNameNum": 0, "locationNameRate": 0.0, "personNameNum": 0, "personNameRate": 0.0, "organizationNameNum": 0, "organizationNameRate": 0.0, "misspelledNum": 2, "misspelledRate": 0.024390243902439025, "missingAccentNum": 0, "missingAccentRate": 0.0, "foreignAccentNum": 0, "foreignAccentRate": 0.0, "wordConcatNum": 0, "wordConcatRate": 0.0, "jLyMistakeNum": 0, "jLyMistakeRate": 0.0, "publicVNum": 0, "freqSuffixNum": 0, "partsNum": 22, "clauseWordNum": 13, "privateVNum": 0}