{"tokenNum": 159, "sentenceNum": 5, "lemmaNum": 109, "lemmaRate": 0.6855345911949685, "sentenceLength": 31.8, "allUpperNum": 2, "firstUpperNum": 18, "allUpperRate": 0.012578616352201259, "firstUpperRate": 0.11320754716981132, "declarSentNum": 5, "imperSentNum": 0, "questionNum": 0, "declarSentRate": 1.0, "imperSentRate": 0.0, "questionRate": 0.0, "accent": true, "saturation": 5.7368421052631575, "paragraphNum": 0, "nounNum": 36, "verbNum": 19, "adjNum": 14, "infNum": 3, "partPastNum": 2, "partPresNum": 3, "partFutNum": 0, "transNum": 0, "xNum": 4, "advNum": 16, "properNounNum": 12, "numNum": 6, "conjNum": 10, "punctNum": 32, "pronNum": 7, "relPronNum": 2, "demPronNum": 6, "adposNum": 3, "multiplePunctNum": 0, "phraseNum": 0, "nounRate": 0.22641509433962265, "verbRate": 0.11949685534591195, "adjRate": 0.0880503144654088, "infRate": 0.018867924528301886, "partPastRate": 0.012578616352201259, "partPresRate": 0.018867924528301886, "partFutRate": 0.0, "transRate": 0.0, "xRate": 0.025157232704402517, "advRate": 0.10062893081761007, "properNounRate": 0.07547169811320754, "numRate": 0.03773584905660377, "conjRate": 0.06289308176100629, "punctRate": 0.20125786163522014, "pronRate": 0.0440251572327044, "relPronRate": 0.012578616352201259, "demPronRate": 0.03773584905660377, "adposRate": 0.018867924528301886, "multiplePunctRate": 0.0, "partsDensityRate": 4.473684210526316, "contentfulness": 17.0, "phraseRate": 0.0, "pastTenseNum": 5, "presentTenseNum": 11, "condNum": 0, "impNum": 0, "freqNum": 0, "causNum": 0, "modalNum": 0, "sg1VerbNum": 19, "sg2VerbNum": 19, "sg3VerbNum": 19, "pl1VerbNum": 19, "pl2VerbNum": 19, "pl3VerbNum": 19, "superlatNum": 0, "comparatNum": 2, "specDerivSuffixNum": 0, "pluralNounNum": 4, "pastTenseRate": 0.2631578947368421, "presentTenseRate": 0.5789473684210527, "condRate": 0.0, "impRate": 0.0, "freqRate": 0.0, "causRate": 0.0, "modalRate": 0.0, "sg1VerbRate": 1.0, "sg2VerbRate": 1.0, "sg3VerbRate": 1.0, "pl1VerbRate": 1.0, "pl2VerbRate": 1.0, "pl3VerbRate": 1.0, "superlatRate": 0.0, "comparatRate": 0.14285714285714285, "specDerivSuffixRate": 0.0, "pluralNounRate": 0.1111111111111111, "subjNum": 15, "objNum": 5, "attNum": 8, "subordNum": 5, "adverbNum": 20, "coordNum": 5, "clauseNum": 19, "simpleNum": 1, "complexNum": 4, "complexity1Num": 0, "complexity2Num": 1, "complexity3Num": 1, "compoundNum": 0, "subjRate": 0.09433962264150944, "objRate": 0.031446540880503145, "attRate": 0.050314465408805034, "subordRate": 0.031446540880503145, "adverbRate": 0.12578616352201258, "coordRate": 0.031446540880503145, "partsRate": 2.789473684210526, "clauseRate": 3.8, "simpleRate": 0.2, "complexRate": 0.8, "complexity1Rate": 0.0, "complexity2Rate": 0.2, "complexity3Rate": 0.2, "complexClauseRate": 4.5, "sentencesPerParagraph": 0.0, "wordsLengthRate": 5.7637795275590555, "compoundRate": 0.0, "positiveNum": 0, "negativeNum": 0, "precoPositiveNum": 0, "precoNegativeNum": 0, "negemoNum": 0, "negationNum": 2, "functionNum": 74, "contentNum": 85, "vulgarNum": 0, "racistNum": 0, "specStyleNum": 0, "addressingNum": 0, "closingNum": 0, "postscriptNum": 0, "brutalNum": 0, "positiveRate": 0.0, "negativeRate": 0.0, "precoPositiveRate": 0.0, "precoNegativeRate": 0.0, "negemoRate": 0.0, "negationRate": 0.012578616352201259, "functionRate": 0.46540880503144655, "contentRate": 0.5345911949685535, "vulgarRate": 0.0, "racistRate": 0.0, "specStyleRate": 0.0, "addressingRate": 0.0, "closingRate": 0.0, "postscriptRate": 0.0, "brutalRate": 0.0, "epistemicNum": 0, "investNum": 0, "conditionNum": 0, "weaselNum": 0, "peacockNum": 0, "hedgeNum": 0, "doxasticNum": 0, "epistemicRate": 0.0, "investRate": 0.0, "conditionRate": 0.0, "weaselRate": 0.0, "peacockRate": 0.0, "hedgeRate": 0.0, "doxasticRate": 0.0, "loveNum": 0, "anxietyNum": 0, "sorrowNum": 0, "joyNum": 0, "disgustNum": 0, "fearNum": 0, "surpriseNum": 0, "angerNum": 0, "loveRate": 0.0, "anxietyRate": 0.0, "sorrowRate": 0.0, "joyRate": 0.0, "disgustRate": 0.0, "fearRate": 0.0, "surpriseRate": 0.0, "angerRate": 0.0, "slangBeGeneralNum": 0, "slangBeCigaretteNum": 0, "slangBeHumanNum": 0, "slangBeVehicleNum": 0, "slangBeDrugNum": 0, "slangBvNum": 0, "slangBeGeneralRate": 0.0, "slangBeCigaretteRate": 0.0, "slangBeHumanRate": 0.0, "slangBeVehicleRate": 0.0, "slangBeDrugRate": 0.0, "slangBvRate": 0.0, "speechactNum": 0, "quoteNum": 0, "dashNum": 0, "publicNum": 0, "privateNum": 0, "suasiveNum": 0, "discMarkerNum": 0, "smileyNum": 0, "dateNum": 1, "hesitationNum": 0, "restartNum": 0, "repeatNum": 0, "conjBeforeDiscNum": 0, "conjAfterDiscNum": 0, "wordBeforeHesitationNum": 0, "wordAfterHesitationNum": 0, "otherCollocationNum": 0, "speechactRate": 0.0, "quoteRate": 0.0, "dashRate": 0.0, "publicRate": 0.0, "privateRate": 0.0, "suasiveRate": 0.0, "discMarkerRate": 0.0, "smileyRate": 0.0, "dateRate": 0.006289308176100629, "hesitationRate": 0.0, "restartRate": 0.0, "repeatRate": 0.0, "conjBeforeDiscRate": 0.0, "conjAfterDiscRate": 0.0, "wordBeforeHesitationRate": 0.0, "wordAfterHesitationRate": 0.0, "otherCollocationRate": 0.0, "easyWordNum": 148, "hardWordNum": 11, "easyWordRate": 0.9308176100628931, "hardWordRate": 0.06918238993710692, "fleschReadingEaseScore": 46.327811320754705, "gunningFogIndex": 12.747672955974844, "fleschKincaidGradeLevel": 14.697534591194973, "colemanLiauIndex": 12.31632075471698, "smogIndex": 6.588339656340683, "automatedReadabilityIndex": 16.953584905660378, "linsearWriteIndex": 11.132075471698112, "author": "", "locationNameNum": 2, "locationNameRate": 0.012578616352201259, "personNameNum": 5, "personNameRate": 0.031446540880503145, "organizationNameNum": 1, "organizationNameRate": 0.006289308176100629, "misspelledNum": 1, "misspelledRate": 0.006289308176100629, "missingAccentNum": 0, "missingAccentRate": 0.0, "foreignAccentNum": 0, "foreignAccentRate": 0.0, "wordConcatNum": 0, "wordConcatRate": 0.0, "jLyMistakeNum": 0, "jLyMistakeRate": 0.0, "publicVNum": 0, "freqSuffixNum": 0, "partsNum": 53, "clauseWordNum": 19, "privateVNum": 0}