{"tokenNum": 304, "sentenceNum": 11, "lemmaNum": 191, "lemmaRate": 0.6282894736842105, "sentenceLength": 27.636363636363637, "allUpperNum": 17, "firstUpperNum": 30, "allUpperRate": 0.05592105263157895, "firstUpperRate": 0.09868421052631579, "declarSentNum": 11, "imperSentNum": 0, "questionNum": 0, "declarSentRate": 1.0, "imperSentRate": 0.0, "questionRate": 0.0, "accent": true, "saturation": 4.897435897435898, "paragraphNum": 0, "nounNum": 60, "verbNum": 40, "adjNum": 27, "infNum": 5, "partPastNum": 0, "partPresNum": 0, "partFutNum": 0, "transNum": 0, "xNum": 17, "advNum": 23, "properNounNum": 2, "numNum": 9, "conjNum": 22, "punctNum": 53, "pronNum": 20, "relPronNum": 7, "demPronNum": 7, "adposNum": 5, "multiplePunctNum": 1, "phraseNum": 0, "nounRate": 0.19736842105263158, "verbRate": 0.13157894736842105, "adjRate": 0.08881578947368421, "infRate": 0.01644736842105263, "partPastRate": 0.0, "partPresRate": 0.0, "partFutRate": 0.0, "transRate": 0.0, "xRate": 0.05592105263157895, "advRate": 0.0756578947368421, "properNounRate": 0.006578947368421052, "numRate": 0.029605263157894735, "conjRate": 0.07236842105263158, "punctRate": 0.17434210526315788, "pronRate": 0.06578947368421052, "relPronRate": 0.023026315789473683, "demPronRate": 0.023026315789473683, "adposRate": 0.01644736842105263, "multiplePunctRate": 0.018867924528301886, "partsDensityRate": 3.8461538461538463, "contentfulness": 13.636363636363637, "phraseRate": 0.0, "pastTenseNum": 9, "presentTenseNum": 26, "condNum": 1, "impNum": 1, "freqNum": 0, "causNum": 0, "modalNum": 3, "sg1VerbNum": 40, "sg2VerbNum": 40, "sg3VerbNum": 40, "pl1VerbNum": 40, "pl2VerbNum": 40, "pl3VerbNum": 40, "superlatNum": 3, "comparatNum": 0, "specDerivSuffixNum": 0, "pluralNounNum": 4, "pastTenseRate": 0.225, "presentTenseRate": 0.65, "condRate": 0.025, "impRate": 0.025, "freqRate": 0.0, "causRate": 0.0, "modalRate": 0.075, "sg1VerbRate": 1.0, "sg2VerbRate": 1.0, "sg3VerbRate": 1.0, "pl1VerbRate": 1.0, "pl2VerbRate": 1.0, "pl3VerbRate": 1.0, "superlatRate": 0.1111111111111111, "comparatRate": 0.0, "specDerivSuffixRate": 0.0, "pluralNounRate": 0.06666666666666667, "subjNum": 22, "objNum": 15, "attNum": 22, "subordNum": 13, "adverbNum": 28, "coordNum": 14, "clauseNum": 39, "simpleNum": 3, "complexNum": 7, "complexity1Num": 1, "complexity2Num": 3, "complexity3Num": 0, "compoundNum": 0, "subjRate": 0.07236842105263158, "objRate": 0.049342105263157895, "attRate": 0.07236842105263158, "subordRate": 0.04276315789473684, "adverbRate": 0.09210526315789473, "coordRate": 0.046052631578947366, "partsRate": 2.58974358974359, "clauseRate": 3.5454545454545454, "simpleRate": 0.2727272727272727, "complexRate": 0.6363636363636364, "complexity1Rate": 0.09090909090909091, "complexity2Rate": 0.2727272727272727, "complexity3Rate": 0.0, "complexClauseRate": 5.142857142857143, "sentencesPerParagraph": 0.0, "wordsLengthRate": 5.908366533864542, "compoundRate": 0.0, "positiveNum": 0, "negativeNum": 0, "precoPositiveNum": 0, "precoNegativeNum": 0, "negemoNum": 0, "negationNum": 3, "functionNum": 154, "contentNum": 150, "vulgarNum": 0, "racistNum": 0, "specStyleNum": 0, "addressingNum": 0, "closingNum": 0, "postscriptNum": 0, "brutalNum": 0, "positiveRate": 0.0, "negativeRate": 0.0, "precoPositiveRate": 0.0, "precoNegativeRate": 0.0, "negemoRate": 0.0, "negationRate": 0.009868421052631578, "functionRate": 0.506578947368421, "contentRate": 0.4934210526315789, "vulgarRate": 0.0, "racistRate": 0.0, "specStyleRate": 0.0, "addressingRate": 0.0, "closingRate": 0.0, "postscriptRate": 0.0, "brutalRate": 0.0, "epistemicNum": 0, "investNum": 0, "conditionNum": 0, "weaselNum": 0, "peacockNum": 0, "hedgeNum": 0, "doxasticNum": 0, "epistemicRate": 0.0, "investRate": 0.0, "conditionRate": 0.0, "weaselRate": 0.0, "peacockRate": 0.0, "hedgeRate": 0.0, "doxasticRate": 0.0, "loveNum": 0, "anxietyNum": 0, "sorrowNum": 0, "joyNum": 0, "disgustNum": 0, "fearNum": 0, "surpriseNum": 0, "angerNum": 0, "loveRate": 0.0, "anxietyRate": 0.0, "sorrowRate": 0.0, "joyRate": 0.0, "disgustRate": 0.0, "fearRate": 0.0, "surpriseRate": 0.0, "angerRate": 0.0, "slangBeGeneralNum": 0, "slangBeCigaretteNum": 0, "slangBeHumanNum": 0, "slangBeVehicleNum": 0, "slangBeDrugNum": 0, "slangBvNum": 0, "slangBeGeneralRate": 0.0, "slangBeCigaretteRate": 0.0, "slangBeHumanRate": 0.0, "slangBeVehicleRate": 0.0, "slangBeDrugRate": 0.0, "slangBvRate": 0.0, "speechactNum": 0, "quoteNum": 0, "dashNum": 0, "publicNum": 0, "privateNum": 0, "suasiveNum": 0, "discMarkerNum": 0, "smileyNum": 0, "dateNum": 0, "hesitationNum": 0, "restartNum": 0, "repeatNum": 3, "conjBeforeDiscNum": 0, "conjAfterDiscNum": 0, "wordBeforeHesitationNum": 0, "wordAfterHesitationNum": 0, "otherCollocationNum": 0, "speechactRate": 0.0, "quoteRate": 0.0, "dashRate": 0.0, "publicRate": 0.0, "privateRate": 0.0, "suasiveRate": 0.0, "discMarkerRate": 0.0, "smileyRate": 0.0, "dateRate": 0.0, "hesitationRate": 0.0, "restartRate": 0.0, "repeatRate": 0.009868421052631578, "conjBeforeDiscRate": 0.0, "conjAfterDiscRate": 0.0, "wordBeforeHesitationRate": 0.0, "wordAfterHesitationRate": 0.0, "otherCollocationRate": 0.0, "easyWordNum": 267, "hardWordNum": 37, "easyWordRate": 0.8782894736842105, "hardWordRate": 0.12171052631578948, "fleschReadingEaseScore": 36.29988038277517, "gunningFogIndex": 11.103229665071773, "fleschKincaidGradeLevel": 15.061866028708135, "colemanLiauIndex": 13.611141447368418, "smogIndex": 9.473421319101043, "automatedReadabilityIndex": 15.907194976076553, "linsearWriteIndex": 4.472488038277512, "author": "", "locationNameNum": 1, "locationNameRate": 0.003289473684210526, "personNameNum": 0, "personNameRate": 0.0, "organizationNameNum": 0, "organizationNameRate": 0.0, "misspelledNum": 11, "misspelledRate": 0.03618421052631579, "missingAccentNum": 1, "missingAccentRate": 0.003289473684210526, "foreignAccentNum": 0, "foreignAccentRate": 0.0, "wordConcatNum": 2, "wordConcatRate": 0.006578947368421052, "jLyMistakeNum": 0, "jLyMistakeRate": 0.0, "publicVNum": 0, "freqSuffixNum": 0, "partsNum": 101, "clauseWordNum": 39, "privateVNum": 0}