{"tokenNum": 89, "sentenceNum": 6, "lemmaNum": 63, "lemmaRate": 0.7078651685393258, "sentenceLength": 14.833333333333334, "allUpperNum": 0, "firstUpperNum": 1, "allUpperRate": 0.0, "firstUpperRate": 0.011235955056179775, "declarSentNum": 6, "imperSentNum": 0, "questionNum": 0, "declarSentRate": 1.0, "imperSentRate": 0.0, "questionRate": 0.0, "accent": true, "saturation": 4.5, "paragraphNum": 0, "nounNum": 16, "verbNum": 13, "adjNum": 5, "infNum": 3, "partPastNum": 0, "partPresNum": 0, "partFutNum": 0, "transNum": 0, "xNum": 3, "advNum": 14, "properNounNum": 3, "numNum": 0, "conjNum": 7, "punctNum": 14, "pronNum": 5, "relPronNum": 0, "demPronNum": 4, "adposNum": 2, "multiplePunctNum": 1, "phraseNum": 0, "nounRate": 0.1797752808988764, "verbRate": 0.14606741573033707, "adjRate": 0.056179775280898875, "infRate": 0.033707865168539325, "partPastRate": 0.0, "partPresRate": 0.0, "partFutRate": 0.0, "transRate": 0.0, "xRate": 0.033707865168539325, "advRate": 0.15730337078651685, "properNounRate": 0.033707865168539325, "numRate": 0.0, "conjRate": 0.07865168539325842, "punctRate": 0.15730337078651685, "pronRate": 0.056179775280898875, "relPronRate": 0.0, "demPronRate": 0.0449438202247191, "adposRate": 0.02247191011235955, "multiplePunctRate": 0.07142857142857142, "partsDensityRate": 3.4285714285714284, "contentfulness": 8.0, "phraseRate": 0.0, "pastTenseNum": 7, "presentTenseNum": 3, "condNum": 0, "impNum": 0, "freqNum": 0, "causNum": 0, "modalNum": 0, "sg1VerbNum": 13, "sg2VerbNum": 13, "sg3VerbNum": 13, "pl1VerbNum": 13, "pl2VerbNum": 13, "pl3VerbNum": 13, "superlatNum": 0, "comparatNum": 1, "specDerivSuffixNum": 0, "pluralNounNum": 0, "pastTenseRate": 0.5384615384615384, "presentTenseRate": 0.23076923076923078, "condRate": 0.0, "impRate": 0.0, "freqRate": 0.0, "causRate": 0.0, "modalRate": 0.0, "sg1VerbRate": 1.0, "sg2VerbRate": 1.0, "sg3VerbRate": 1.0, "pl1VerbRate": 1.0, "pl2VerbRate": 1.0, "pl3VerbRate": 1.0, "superlatRate": 0.0, "comparatRate": 0.2, "specDerivSuffixRate": 0.0, "pluralNounRate": 0.0, "subjNum": 8, "objNum": 2, "attNum": 3, "subordNum": 1, "adverbNum": 15, "coordNum": 6, "clauseNum": 14, "simpleNum": 2, "complexNum": 4, "complexity1Num": 2, "complexity2Num": 1, "complexity3Num": 0, "compoundNum": 0, "subjRate": 0.0898876404494382, "objRate": 0.02247191011235955, "attRate": 0.033707865168539325, "subordRate": 0.011235955056179775, "adverbRate": 0.16853932584269662, "coordRate": 0.06741573033707865, "partsRate": 2.4285714285714284, "clauseRate": 2.3333333333333335, "simpleRate": 0.3333333333333333, "complexRate": 0.6666666666666666, "complexity1Rate": 0.3333333333333333, "complexity2Rate": 0.16666666666666666, "complexity3Rate": 0.0, "complexClauseRate": 3.0, "sentencesPerParagraph": 0.0, "wordsLengthRate": 5.306666666666667, "compoundRate": 0.0, "positiveNum": 0, "negativeNum": 0, "precoPositiveNum": 0, "precoNegativeNum": 0, "negemoNum": 0, "negationNum": 1, "functionNum": 41, "contentNum": 48, "vulgarNum": 0, "racistNum": 0, "specStyleNum": 0, "addressingNum": 0, "closingNum": 0, "postscriptNum": 0, "brutalNum": 0, "positiveRate": 0.0, "negativeRate": 0.0, "precoPositiveRate": 0.0, "precoNegativeRate": 0.0, "negemoRate": 0.0, "negationRate": 0.011235955056179775, "functionRate": 0.4606741573033708, "contentRate": 0.5393258426966292, "vulgarRate": 0.0, "racistRate": 0.0, "specStyleRate": 0.0, "addressingRate": 0.0, "closingRate": 0.0, "postscriptRate": 0.0, "brutalRate": 0.0, "epistemicNum": 0, "investNum": 0, "conditionNum": 0, "weaselNum": 0, "peacockNum": 0, "hedgeNum": 0, "doxasticNum": 0, "epistemicRate": 0.0, "investRate": 0.0, "conditionRate": 0.0, "weaselRate": 0.0, "peacockRate": 0.0, "hedgeRate": 0.0, "doxasticRate": 0.0, "loveNum": 0, "anxietyNum": 0, "sorrowNum": 0, "joyNum": 0, "disgustNum": 0, "fearNum": 0, "surpriseNum": 0, "angerNum": 0, "loveRate": 0.0, "anxietyRate": 0.0, "sorrowRate": 0.0, "joyRate": 0.0, "disgustRate": 0.0, "fearRate": 0.0, "surpriseRate": 0.0, "angerRate": 0.0, "slangBeGeneralNum": 0, "slangBeCigaretteNum": 0, "slangBeHumanNum": 0, "slangBeVehicleNum": 0, "slangBeDrugNum": 0, "slangBvNum": 0, "slangBeGeneralRate": 0.0, "slangBeCigaretteRate": 0.0, "slangBeHumanRate": 0.0, "slangBeVehicleRate": 0.0, "slangBeDrugRate": 0.0, "slangBvRate": 0.0, "speechactNum": 0, "quoteNum": 0, "dashNum": 0, "publicNum": 0, "privateNum": 0, "suasiveNum": 0, "discMarkerNum": 0, "smileyNum": 0, "dateNum": 0, "hesitationNum": 0, "restartNum": 0, "repeatNum": 0, "conjBeforeDiscNum": 0, "conjAfterDiscNum": 0, "wordBeforeHesitationNum": 0, "wordAfterHesitationNum": 0, "otherCollocationNum": 0, "speechactRate": 0.0, "quoteRate": 0.0, "dashRate": 0.0, "publicRate": 0.0, "privateRate": 0.0, "suasiveRate": 0.0, "discMarkerRate": 0.0, "smileyRate": 0.0, "dateRate": 0.0, "hesitationRate": 0.0, "restartRate": 0.0, "repeatRate": 0.0, "conjBeforeDiscRate": 0.0, "conjAfterDiscRate": 0.0, "wordBeforeHesitationRate": 0.0, "wordAfterHesitationRate": 0.0, "otherCollocationRate": 0.0, "easyWordNum": 81, "hardWordNum": 8, "easyWordRate": 0.9101123595505618, "hardWordRate": 0.0898876404494382, "fleschReadingEaseScore": 48.24433520599251, "gunningFogIndex": 5.9692883895131095, "fleschKincaidGradeLevel": 10.215224719101123, "colemanLiauIndex": 12.32620224719101, "smogIndex": 6.079149491110277, "automatedReadabilityIndex": 8.478239700374534, "linsearWriteIndex": 7.583333333333334, "author": "", "locationNameNum": 0, "locationNameRate": 0.0, "personNameNum": 1, "personNameRate": 0.011235955056179775, "organizationNameNum": 0, "organizationNameRate": 0.0, "misspelledNum": 11, "misspelledRate": 0.12359550561797752, "missingAccentNum": 4, "missingAccentRate": 0.0449438202247191, "foreignAccentNum": 0, "foreignAccentRate": 0.0, "wordConcatNum": 1, "wordConcatRate": 0.011235955056179775, "jLyMistakeNum": 0, "jLyMistakeRate": 0.0, "publicVNum": 0, "freqSuffixNum": 0, "partsNum": 34, "clauseWordNum": 14, "privateVNum": 0}