{"tokenNum": 177, "sentenceNum": 16, "lemmaNum": 115, "lemmaRate": 0.6497175141242938, "sentenceLength": 11.0625, "allUpperNum": 3, "firstUpperNum": 25, "allUpperRate": 0.01694915254237288, "firstUpperRate": 0.14124293785310735, "declarSentNum": 12, "imperSentNum": 4, "questionNum": 0, "declarSentRate": 0.75, "imperSentRate": 0.25, "questionRate": 0.0, "accent": true, "saturation": 4.791666666666667, "paragraphNum": 0, "nounNum": 42, "verbNum": 23, "adjNum": 10, "infNum": 3, "partPastNum": 1, "partPresNum": 0, "partFutNum": 0, "transNum": 0, "xNum": 11, "advNum": 17, "properNounNum": 11, "numNum": 11, "conjNum": 7, "punctNum": 33, "pronNum": 8, "relPronNum": 5, "demPronNum": 3, "adposNum": 1, "multiplePunctNum": 1, "phraseNum": 0, "nounRate": 0.23728813559322035, "verbRate": 0.12994350282485875, "adjRate": 0.05649717514124294, "infRate": 0.01694915254237288, "partPastRate": 0.005649717514124294, "partPresRate": 0.0, "partFutRate": 0.0, "transRate": 0.0, "xRate": 0.062146892655367235, "advRate": 0.096045197740113, "properNounRate": 0.062146892655367235, "numRate": 0.062146892655367235, "conjRate": 0.03954802259887006, "punctRate": 0.1864406779661017, "pronRate": 0.04519774011299435, "relPronRate": 0.02824858757062147, "demPronRate": 0.01694915254237288, "adposRate": 0.005649717514124294, "multiplePunctRate": 0.030303030303030304, "partsDensityRate": 3.8333333333333335, "contentfulness": 5.75, "phraseRate": 0.0, "pastTenseNum": 14, "presentTenseNum": 6, "condNum": 0, "impNum": 0, "freqNum": 0, "causNum": 1, "modalNum": 1, "sg1VerbNum": 23, "sg2VerbNum": 23, "sg3VerbNum": 23, "pl1VerbNum": 23, "pl2VerbNum": 23, "pl3VerbNum": 23, "superlatNum": 0, "comparatNum": 0, "specDerivSuffixNum": 0, "pluralNounNum": 5, "pastTenseRate": 0.6086956521739131, "presentTenseRate": 0.2608695652173913, "condRate": 0.0, "impRate": 0.0, "freqRate": 0.0, "causRate": 0.043478260869565216, "modalRate": 0.043478260869565216, "sg1VerbRate": 1.0, "sg2VerbRate": 1.0, "sg3VerbRate": 1.0, "pl1VerbRate": 1.0, "pl2VerbRate": 1.0, "pl3VerbRate": 1.0, "superlatRate": 0.0, "comparatRate": 0.0, "specDerivSuffixRate": 0.0, "pluralNounRate": 0.11904761904761904, "subjNum": 5, "objNum": 5, "attNum": 4, "subordNum": 5, "adverbNum": 23, "coordNum": 8, "clauseNum": 24, "simpleNum": 10, "complexNum": 6, "complexity1Num": 4, "complexity2Num": 2, "complexity3Num": 0, "compoundNum": 0, "subjRate": 0.02824858757062147, "objRate": 0.02824858757062147, "attRate": 0.022598870056497175, "subordRate": 0.02824858757062147, "adverbRate": 0.12994350282485875, "coordRate": 0.04519774011299435, "partsRate": 1.875, "clauseRate": 1.5, "simpleRate": 0.625, "complexRate": 0.375, "complexity1Rate": 0.25, "complexity2Rate": 0.125, "complexity3Rate": 0.0, "complexClauseRate": 2.3333333333333335, "sentencesPerParagraph": 0.0, "wordsLengthRate": 5.215277777777778, "compoundRate": 0.0, "positiveNum": 0, "negativeNum": 0, "precoPositiveNum": 0, "precoNegativeNum": 0, "negemoNum": 0, "negationNum": 3, "functionNum": 85, "contentNum": 92, "vulgarNum": 0, "racistNum": 0, "specStyleNum": 0, "addressingNum": 0, "closingNum": 0, "postscriptNum": 0, "brutalNum": 0, "positiveRate": 0.0, "negativeRate": 0.0, "precoPositiveRate": 0.0, "precoNegativeRate": 0.0, "negemoRate": 0.0, "negationRate": 0.01694915254237288, "functionRate": 0.480225988700565, "contentRate": 0.519774011299435, "vulgarRate": 0.0, "racistRate": 0.0, "specStyleRate": 0.0, "addressingRate": 0.0, "closingRate": 0.0, "postscriptRate": 0.0, "brutalRate": 0.0, "epistemicNum": 0, "investNum": 0, "conditionNum": 0, "weaselNum": 0, "peacockNum": 0, "hedgeNum": 0, "doxasticNum": 0, "epistemicRate": 0.0, "investRate": 0.0, "conditionRate": 0.0, "weaselRate": 0.0, "peacockRate": 0.0, "hedgeRate": 0.0, "doxasticRate": 0.0, "loveNum": 0, "anxietyNum": 0, "sorrowNum": 0, "joyNum": 0, "disgustNum": 0, "fearNum": 0, "surpriseNum": 0, "angerNum": 0, "loveRate": 0.0, "anxietyRate": 0.0, "sorrowRate": 0.0, "joyRate": 0.0, "disgustRate": 0.0, "fearRate": 0.0, "surpriseRate": 0.0, "angerRate": 0.0, "slangBeGeneralNum": 0, "slangBeCigaretteNum": 0, "slangBeHumanNum": 0, "slangBeVehicleNum": 0, "slangBeDrugNum": 0, "slangBvNum": 0, "slangBeGeneralRate": 0.0, "slangBeCigaretteRate": 0.0, "slangBeHumanRate": 0.0, "slangBeVehicleRate": 0.0, "slangBeDrugRate": 0.0, "slangBvRate": 0.0, "speechactNum": 0, "quoteNum": 0, "dashNum": 0, "publicNum": 0, "privateNum": 0, "suasiveNum": 0, "discMarkerNum": 0, "smileyNum": 0, "dateNum": 0, "hesitationNum": 0, "restartNum": 0, "repeatNum": 7, "conjBeforeDiscNum": 0, "conjAfterDiscNum": 0, "wordBeforeHesitationNum": 0, "wordAfterHesitationNum": 0, "otherCollocationNum": 0, "speechactRate": 0.0, "quoteRate": 0.0, "dashRate": 0.0, "publicRate": 0.0, "privateRate": 0.0, "suasiveRate": 0.0, "discMarkerRate": 0.0, "smileyRate": 0.0, "dateRate": 0.0, "hesitationRate": 0.0, "restartRate": 0.0, "repeatRate": 0.03954802259887006, "conjBeforeDiscRate": 0.0, "conjAfterDiscRate": 0.0, "wordBeforeHesitationRate": 0.0, "wordAfterHesitationRate": 0.0, "otherCollocationRate": 0.0, "easyWordNum": 166, "hardWordNum": 11, "easyWordRate": 0.9378531073446328, "hardWordRate": 0.062146892655367235, "fleschReadingEaseScore": 88.54215572033898, "gunningFogIndex": 4.449858757062147, "fleschKincaidGradeLevel": 3.6577083333333356, "colemanLiauIndex": 9.889446327683615, "smogIndex": 6.588339656340683, "automatedReadabilityIndex": 4.644300847457629, "linsearWriteIndex": 2.3192090395480225, "author": "", "locationNameNum": 3, "locationNameRate": 0.01694915254237288, "personNameNum": 0, "personNameRate": 0.0, "organizationNameNum": 1, "organizationNameRate": 0.005649717514124294, "misspelledNum": 6, "misspelledRate": 0.03389830508474576, "missingAccentNum": 4, "missingAccentRate": 0.022598870056497175, "foreignAccentNum": 0, "foreignAccentRate": 0.0, "wordConcatNum": 1, "wordConcatRate": 0.005649717514124294, "jLyMistakeNum": 0, "jLyMistakeRate": 0.0, "publicVNum": 0, "freqSuffixNum": 0, "partsNum": 45, "clauseWordNum": 24, "privateVNum": 0}