{"tokenNum": 95, "sentenceNum": 12, "lemmaNum": 64, "lemmaRate": 0.6736842105263158, "sentenceLength": 7.916666666666667, "allUpperNum": 0, "firstUpperNum": 11, "allUpperRate": 0.0, "firstUpperRate": 0.11578947368421053, "declarSentNum": 12, "imperSentNum": 0, "questionNum": 0, "declarSentRate": 1.0, "imperSentRate": 0.0, "questionRate": 0.0, "accent": true, "saturation": 3.5555555555555554, "paragraphNum": 0, "nounNum": 12, "verbNum": 12, "adjNum": 3, "infNum": 1, "partPastNum": 0, "partPresNum": 0, "partFutNum": 0, "transNum": 0, "xNum": 12, "advNum": 10, "properNounNum": 1, "numNum": 5, "conjNum": 6, "punctNum": 19, "pronNum": 5, "relPronNum": 0, "demPronNum": 3, "adposNum": 1, "multiplePunctNum": 0, "phraseNum": 0, "nounRate": 0.12631578947368421, "verbRate": 0.12631578947368421, "adjRate": 0.031578947368421054, "infRate": 0.010526315789473684, "partPastRate": 0.0, "partPresRate": 0.0, "partFutRate": 0.0, "transRate": 0.0, "xRate": 0.12631578947368421, "advRate": 0.10526315789473684, "properNounRate": 0.010526315789473684, "numRate": 0.05263157894736842, "conjRate": 0.06315789473684211, "punctRate": 0.2, "pronRate": 0.05263157894736842, "relPronRate": 0.0, "demPronRate": 0.031578947368421054, "adposRate": 0.010526315789473684, "multiplePunctRate": 0.0, "partsDensityRate": 2.0555555555555554, "contentfulness": 3.0833333333333335, "phraseRate": 0.0, "pastTenseNum": 0, "presentTenseNum": 11, "condNum": 0, "impNum": 1, "freqNum": 0, "causNum": 0, "modalNum": 0, "sg1VerbNum": 12, "sg2VerbNum": 12, "sg3VerbNum": 12, "pl1VerbNum": 12, "pl2VerbNum": 12, "pl3VerbNum": 12, "superlatNum": 0, "comparatNum": 0, "specDerivSuffixNum": 0, "pluralNounNum": 2, "pastTenseRate": 0.0, "presentTenseRate": 0.9166666666666666, "condRate": 0.0, "impRate": 0.08333333333333333, "freqRate": 0.0, "causRate": 0.0, "modalRate": 0.0, "sg1VerbRate": 1.0, "sg2VerbRate": 1.0, "sg3VerbRate": 1.0, "pl1VerbRate": 1.0, "pl2VerbRate": 1.0, "pl3VerbRate": 1.0, "superlatRate": 0.0, "comparatRate": 0.0, "specDerivSuffixRate": 0.0, "pluralNounRate": 0.16666666666666666, "subjNum": 5, "objNum": 3, "attNum": 2, "subordNum": 3, "adverbNum": 9, "coordNum": 3, "clauseNum": 18, "simpleNum": 6, "complexNum": 6, "complexity1Num": 6, "complexity2Num": 0, "complexity3Num": 0, "compoundNum": 0, "subjRate": 0.05263157894736842, "objRate": 0.031578947368421054, "attRate": 0.021052631578947368, "subordRate": 0.031578947368421054, "adverbRate": 0.09473684210526316, "coordRate": 0.031578947368421054, "partsRate": 1.2222222222222223, "clauseRate": 1.5, "simpleRate": 0.5, "complexRate": 0.5, "complexity1Rate": 0.5, "complexity2Rate": 0.0, "complexity3Rate": 0.0, "complexClauseRate": 2.0, "sentencesPerParagraph": 0.0, "wordsLengthRate": 4.2105263157894735, "compoundRate": 0.0, "positiveNum": 0, "negativeNum": 0, "precoPositiveNum": 0, "precoNegativeNum": 0, "negemoNum": 0, "negationNum": 3, "functionNum": 58, "contentNum": 37, "vulgarNum": 0, "racistNum": 0, "specStyleNum": 0, "addressingNum": 0, "closingNum": 0, "postscriptNum": 0, "brutalNum": 0, "positiveRate": 0.0, "negativeRate": 0.0, "precoPositiveRate": 0.0, "precoNegativeRate": 0.0, "negemoRate": 0.0, "negationRate": 0.031578947368421054, "functionRate": 0.6105263157894737, "contentRate": 0.3894736842105263, "vulgarRate": 0.0, "racistRate": 0.0, "specStyleRate": 0.0, "addressingRate": 0.0, "closingRate": 0.0, "postscriptRate": 0.0, "brutalRate": 0.0, "epistemicNum": 0, "investNum": 0, "conditionNum": 0, "weaselNum": 0, "peacockNum": 0, "hedgeNum": 0, "doxasticNum": 0, "epistemicRate": 0.0, "investRate": 0.0, "conditionRate": 0.0, "weaselRate": 0.0, "peacockRate": 0.0, "hedgeRate": 0.0, "doxasticRate": 0.0, "loveNum": 0, "anxietyNum": 0, "sorrowNum": 0, "joyNum": 0, "disgustNum": 0, "fearNum": 0, "surpriseNum": 0, "angerNum": 0, "loveRate": 0.0, "anxietyRate": 0.0, "sorrowRate": 0.0, "joyRate": 0.0, "disgustRate": 0.0, "fearRate": 0.0, "surpriseRate": 0.0, "angerRate": 0.0, "slangBeGeneralNum": 0, "slangBeCigaretteNum": 0, "slangBeHumanNum": 0, "slangBeVehicleNum": 0, "slangBeDrugNum": 0, "slangBvNum": 0, "slangBeGeneralRate": 0.0, "slangBeCigaretteRate": 0.0, "slangBeHumanRate": 0.0, "slangBeVehicleRate": 0.0, "slangBeDrugRate": 0.0, "slangBvRate": 0.0, "speechactNum": 0, "quoteNum": 0, "dashNum": 0, "publicNum": 0, "privateNum": 0, "suasiveNum": 0, "discMarkerNum": 0, "smileyNum": 0, "dateNum": 0, "hesitationNum": 0, "restartNum": 0, "repeatNum": 0, "conjBeforeDiscNum": 0, "conjAfterDiscNum": 0, "wordBeforeHesitationNum": 0, "wordAfterHesitationNum": 0, "otherCollocationNum": 0, "speechactRate": 0.0, "quoteRate": 0.0, "dashRate": 0.0, "publicRate": 0.0, "privateRate": 0.0, "suasiveRate": 0.0, "discMarkerRate": 0.0, "smileyRate": 0.0, "dateRate": 0.0, "hesitationRate": 0.0, "restartRate": 0.0, "repeatRate": 0.0, "conjBeforeDiscRate": 0.0, "conjAfterDiscRate": 0.0, "wordBeforeHesitationRate": 0.0, "wordAfterHesitationRate": 0.0, "otherCollocationRate": 0.0, "easyWordNum": 93, "hardWordNum": 2, "easyWordRate": 0.9789473684210527, "hardWordRate": 0.021052631578947368, "fleschReadingEaseScore": 106.18484649122809, "gunningFogIndex": 3.175087719298246, "fleschKincaidGradeLevel": 0.4153947368421065, "colemanLiauIndex": 4.349621052631576, "smogIndex": 4.604124745555138, "automatedReadabilityIndex": -1.3585087719298272, "linsearWriteIndex": 2.7083333333333335, "author": "", "locationNameNum": 0, "locationNameRate": 0.0, "personNameNum": 0, "personNameRate": 0.0, "organizationNameNum": 0, "organizationNameRate": 0.0, "misspelledNum": 8, "misspelledRate": 0.08421052631578947, "missingAccentNum": 3, "missingAccentRate": 0.031578947368421054, "foreignAccentNum": 0, "foreignAccentRate": 0.0, "wordConcatNum": 0, "wordConcatRate": 0.0, "jLyMistakeNum": 0, "jLyMistakeRate": 0.0, "publicVNum": 0, "freqSuffixNum": 0, "partsNum": 22, "clauseWordNum": 18, "privateVNum": 0}