{"tokenNum": 171, "sentenceNum": 6, "lemmaNum": 132, "lemmaRate": 0.7719298245614035, "sentenceLength": 28.5, "allUpperNum": 0, "firstUpperNum": 16, "allUpperRate": 0.0, "firstUpperRate": 0.0935672514619883, "declarSentNum": 6, "imperSentNum": 0, "questionNum": 0, "declarSentRate": 1.0, "imperSentRate": 0.0, "questionRate": 0.0, "accent": true, "saturation": 8.25, "paragraphNum": 0, "nounNum": 72, "verbNum": 10, "adjNum": 20, "infNum": 2, "partPastNum": 1, "partPresNum": 0, "partFutNum": 0, "transNum": 3, "xNum": 9, "advNum": 6, "properNounNum": 20, "numNum": 3, "conjNum": 8, "punctNum": 30, "pronNum": 2, "relPronNum": 1, "demPronNum": 0, "adposNum": 2, "multiplePunctNum": 2, "phraseNum": 0, "nounRate": 0.42105263157894735, "verbRate": 0.05847953216374269, "adjRate": 0.11695906432748537, "infRate": 0.011695906432748537, "partPastRate": 0.005847953216374269, "partPresRate": 0.0, "partFutRate": 0.0, "transRate": 0.017543859649122806, "xRate": 0.05263157894736842, "advRate": 0.03508771929824561, "properNounRate": 0.11695906432748537, "numRate": 0.017543859649122806, "conjRate": 0.04678362573099415, "punctRate": 0.17543859649122806, "pronRate": 0.011695906432748537, "relPronRate": 0.005847953216374269, "demPronRate": 0.0, "adposRate": 0.011695906432748537, "multiplePunctRate": 0.06666666666666667, "partsDensityRate": 6.75, "contentfulness": 18.0, "phraseRate": 0.0, "pastTenseNum": 6, "presentTenseNum": 2, "condNum": 0, "impNum": 2, "freqNum": 0, "causNum": 0, "modalNum": 0, "sg1VerbNum": 10, "sg2VerbNum": 10, "sg3VerbNum": 10, "pl1VerbNum": 10, "pl2VerbNum": 10, "pl3VerbNum": 10, "superlatNum": 0, "comparatNum": 1, "specDerivSuffixNum": 0, "pluralNounNum": 5, "pastTenseRate": 0.6, "presentTenseRate": 0.2, "condRate": 0.0, "impRate": 0.2, "freqRate": 0.0, "causRate": 0.0, "modalRate": 0.0, "sg1VerbRate": 1.0, "sg2VerbRate": 1.0, "sg3VerbRate": 1.0, "pl1VerbRate": 1.0, "pl2VerbRate": 1.0, "pl3VerbRate": 1.0, "superlatRate": 0.0, "comparatRate": 0.05, "specDerivSuffixRate": 0.0, "pluralNounRate": 0.06944444444444445, "subjNum": 7, "objNum": 2, "attNum": 20, "subordNum": 4, "adverbNum": 6, "coordNum": 12, "clauseNum": 16, "simpleNum": 2, "complexNum": 4, "complexity1Num": 2, "complexity2Num": 1, "complexity3Num": 0, "compoundNum": 0, "subjRate": 0.04093567251461988, "objRate": 0.011695906432748537, "attRate": 0.11695906432748537, "subordRate": 0.023391812865497075, "adverbRate": 0.03508771929824561, "coordRate": 0.07017543859649122, "partsRate": 2.9375, "clauseRate": 2.6666666666666665, "simpleRate": 0.3333333333333333, "complexRate": 0.6666666666666666, "complexity1Rate": 0.3333333333333333, "complexity2Rate": 0.16666666666666666, "complexity3Rate": 0.0, "complexClauseRate": 3.5, "sentencesPerParagraph": 0.0, "wordsLengthRate": 6.099290780141844, "compoundRate": 0.0, "positiveNum": 0, "negativeNum": 0, "precoPositiveNum": 0, "precoNegativeNum": 0, "negemoNum": 0, "negationNum": 0, "functionNum": 63, "contentNum": 108, "vulgarNum": 0, "racistNum": 0, "specStyleNum": 0, "addressingNum": 0, "closingNum": 0, "postscriptNum": 0, "brutalNum": 0, "positiveRate": 0.0, "negativeRate": 0.0, "precoPositiveRate": 0.0, "precoNegativeRate": 0.0, "negemoRate": 0.0, "negationRate": 0.0, "functionRate": 0.3684210526315789, "contentRate": 0.631578947368421, "vulgarRate": 0.0, "racistRate": 0.0, "specStyleRate": 0.0, "addressingRate": 0.0, "closingRate": 0.0, "postscriptRate": 0.0, "brutalRate": 0.0, "epistemicNum": 0, "investNum": 0, "conditionNum": 0, "weaselNum": 0, "peacockNum": 0, "hedgeNum": 0, "doxasticNum": 0, "epistemicRate": 0.0, "investRate": 0.0, "conditionRate": 0.0, "weaselRate": 0.0, "peacockRate": 0.0, "hedgeRate": 0.0, "doxasticRate": 0.0, "loveNum": 0, "anxietyNum": 0, "sorrowNum": 0, "joyNum": 0, "disgustNum": 0, "fearNum": 0, "surpriseNum": 0, "angerNum": 0, "loveRate": 0.0, "anxietyRate": 0.0, "sorrowRate": 0.0, "joyRate": 0.0, "disgustRate": 0.0, "fearRate": 0.0, "surpriseRate": 0.0, "angerRate": 0.0, "slangBeGeneralNum": 0, "slangBeCigaretteNum": 0, "slangBeHumanNum": 0, "slangBeVehicleNum": 0, "slangBeDrugNum": 0, "slangBvNum": 0, "slangBeGeneralRate": 0.0, "slangBeCigaretteRate": 0.0, "slangBeHumanRate": 0.0, "slangBeVehicleRate": 0.0, "slangBeDrugRate": 0.0, "slangBvRate": 0.0, "speechactNum": 0, "quoteNum": 0, "dashNum": 0, "publicNum": 0, "privateNum": 0, "suasiveNum": 0, "discMarkerNum": 0, "smileyNum": 0, "dateNum": 0, "hesitationNum": 0, "restartNum": 0, "repeatNum": 0, "conjBeforeDiscNum": 0, "conjAfterDiscNum": 0, "wordBeforeHesitationNum": 0, "wordAfterHesitationNum": 0, "otherCollocationNum": 0, "speechactRate": 0.0, "quoteRate": 0.0, "dashRate": 0.0, "publicRate": 0.0, "privateRate": 0.0, "suasiveRate": 0.0, "discMarkerRate": 0.0, "smileyRate": 0.0, "dateRate": 0.0, "hesitationRate": 0.0, "restartRate": 0.0, "repeatRate": 0.0, "conjBeforeDiscRate": 0.0, "conjAfterDiscRate": 0.0, "wordBeforeHesitationRate": 0.0, "wordAfterHesitationRate": 0.0, "otherCollocationRate": 0.0, "easyWordNum": 152, "hardWordNum": 19, "easyWordRate": 0.8888888888888888, "hardWordRate": 0.1111111111111111, "fleschReadingEaseScore": 35.423289473684235, "gunningFogIndex": 11.444444444444445, "fleschKincaidGradeLevel": 15.398684210526316, "colemanLiauIndex": 14.61433918128655, "smogIndex": 7.675431598112922, "automatedReadabilityIndex": 17.141228070175437, "linsearWriteIndex": 8.844054580896685, "author": "", "locationNameNum": 3, "locationNameRate": 0.017543859649122806, "personNameNum": 2, "personNameRate": 0.011695906432748537, "organizationNameNum": 0, "organizationNameRate": 0.0, "misspelledNum": 11, "misspelledRate": 0.06432748538011696, "missingAccentNum": 3, "missingAccentRate": 0.017543859649122806, "foreignAccentNum": 0, "foreignAccentRate": 0.0, "wordConcatNum": 3, "wordConcatRate": 0.017543859649122806, "jLyMistakeNum": 1, "jLyMistakeRate": 0.005847953216374269, "publicVNum": 0, "freqSuffixNum": 0, "partsNum": 47, "clauseWordNum": 16, "privateVNum": 0}