{"tokenNum": 81, "sentenceNum": 4, "lemmaNum": 64, "lemmaRate": 0.7901234567901234, "sentenceLength": 20.25, "allUpperNum": 3, "firstUpperNum": 9, "allUpperRate": 0.037037037037037035, "firstUpperRate": 0.1111111111111111, "declarSentNum": 4, "imperSentNum": 0, "questionNum": 0, "declarSentRate": 1.0, "imperSentRate": 0.0, "questionRate": 0.0, "accent": true, "saturation": 5.333333333333333, "paragraphNum": 0, "nounNum": 17, "verbNum": 11, "adjNum": 4, "infNum": 1, "partPastNum": 2, "partPresNum": 0, "partFutNum": 0, "transNum": 1, "xNum": 4, "advNum": 13, "properNounNum": 7, "numNum": 1, "conjNum": 6, "punctNum": 17, "pronNum": 3, "relPronNum": 0, "demPronNum": 1, "adposNum": 0, "multiplePunctNum": 3, "phraseNum": 0, "nounRate": 0.20987654320987653, "verbRate": 0.13580246913580246, "adjRate": 0.04938271604938271, "infRate": 0.012345679012345678, "partPastRate": 0.024691358024691357, "partPresRate": 0.0, "partFutRate": 0.0, "transRate": 0.012345679012345678, "xRate": 0.04938271604938271, "advRate": 0.16049382716049382, "properNounRate": 0.08641975308641975, "numRate": 0.012345679012345678, "conjRate": 0.07407407407407407, "punctRate": 0.20987654320987653, "pronRate": 0.037037037037037035, "relPronRate": 0.0, "demPronRate": 0.012345679012345678, "adposRate": 0.0, "multiplePunctRate": 0.17647058823529413, "partsDensityRate": 3.75, "contentfulness": 11.25, "phraseRate": 0.0, "pastTenseNum": 3, "presentTenseNum": 7, "condNum": 0, "impNum": 1, "freqNum": 0, "causNum": 0, "modalNum": 1, "sg1VerbNum": 11, "sg2VerbNum": 11, "sg3VerbNum": 11, "pl1VerbNum": 11, "pl2VerbNum": 11, "pl3VerbNum": 11, "superlatNum": 0, "comparatNum": 1, "specDerivSuffixNum": 0, "pluralNounNum": 0, "pastTenseRate": 0.2727272727272727, "presentTenseRate": 0.6363636363636364, "condRate": 0.0, "impRate": 0.09090909090909091, "freqRate": 0.0, "causRate": 0.0, "modalRate": 0.09090909090909091, "sg1VerbRate": 1.0, "sg2VerbRate": 1.0, "sg3VerbRate": 1.0, "pl1VerbRate": 1.0, "pl2VerbRate": 1.0, "pl3VerbRate": 1.0, "superlatRate": 0.0, "comparatRate": 0.25, "specDerivSuffixRate": 0.0, "pluralNounRate": 0.0, "subjNum": 5, "objNum": 3, "attNum": 4, "subordNum": 2, "adverbNum": 13, "coordNum": 3, "clauseNum": 12, "simpleNum": 2, "complexNum": 2, "complexity1Num": 0, "complexity2Num": 0, "complexity3Num": 1, "compoundNum": 0, "subjRate": 0.06172839506172839, "objRate": 0.037037037037037035, "attRate": 0.04938271604938271, "subordRate": 0.024691358024691357, "adverbRate": 0.16049382716049382, "coordRate": 0.037037037037037035, "partsRate": 2.3333333333333335, "clauseRate": 3.0, "simpleRate": 0.5, "complexRate": 0.5, "complexity1Rate": 0.0, "complexity2Rate": 0.0, "complexity3Rate": 0.25, "complexClauseRate": 5.0, "sentencesPerParagraph": 0.0, "wordsLengthRate": 5.28125, "compoundRate": 0.0, "positiveNum": 0, "negativeNum": 0, "precoPositiveNum": 0, "precoNegativeNum": 0, "negemoNum": 0, "negationNum": 2, "functionNum": 36, "contentNum": 45, "vulgarNum": 0, "racistNum": 0, "specStyleNum": 0, "addressingNum": 0, "closingNum": 0, "postscriptNum": 0, "brutalNum": 0, "positiveRate": 0.0, "negativeRate": 0.0, "precoPositiveRate": 0.0, "precoNegativeRate": 0.0, "negemoRate": 0.0, "negationRate": 0.024691358024691357, "functionRate": 0.4444444444444444, "contentRate": 0.5555555555555556, "vulgarRate": 0.0, "racistRate": 0.0, "specStyleRate": 0.0, "addressingRate": 0.0, "closingRate": 0.0, "postscriptRate": 0.0, "brutalRate": 0.0, "epistemicNum": 0, "investNum": 0, "conditionNum": 0, "weaselNum": 0, "peacockNum": 0, "hedgeNum": 0, "doxasticNum": 0, "epistemicRate": 0.0, "investRate": 0.0, "conditionRate": 0.0, "weaselRate": 0.0, "peacockRate": 0.0, "hedgeRate": 0.0, "doxasticRate": 0.0, "loveNum": 0, "anxietyNum": 0, "sorrowNum": 0, "joyNum": 0, "disgustNum": 0, "fearNum": 0, "surpriseNum": 0, "angerNum": 0, "loveRate": 0.0, "anxietyRate": 0.0, "sorrowRate": 0.0, "joyRate": 0.0, "disgustRate": 0.0, "fearRate": 0.0, "surpriseRate": 0.0, "angerRate": 0.0, "slangBeGeneralNum": 0, "slangBeCigaretteNum": 0, "slangBeHumanNum": 0, "slangBeVehicleNum": 0, "slangBeDrugNum": 0, "slangBvNum": 0, "slangBeGeneralRate": 0.0, "slangBeCigaretteRate": 0.0, "slangBeHumanRate": 0.0, "slangBeVehicleRate": 0.0, "slangBeDrugRate": 0.0, "slangBvRate": 0.0, "speechactNum": 0, "quoteNum": 0, "dashNum": 0, "publicNum": 0, "privateNum": 0, "suasiveNum": 0, "discMarkerNum": 0, "smileyNum": 0, "dateNum": 0, "hesitationNum": 0, "restartNum": 0, "repeatNum": 0, "conjBeforeDiscNum": 0, "conjAfterDiscNum": 0, "wordBeforeHesitationNum": 0, "wordAfterHesitationNum": 0, "otherCollocationNum": 0, "speechactRate": 0.0, "quoteRate": 0.0, "dashRate": 0.0, "publicRate": 0.0, "privateRate": 0.0, "suasiveRate": 0.0, "discMarkerRate": 0.0, "smileyRate": 0.0, "dateRate": 0.0, "hesitationRate": 0.0, "restartRate": 0.0, "repeatRate": 0.0, "conjBeforeDiscRate": 0.0, "conjAfterDiscRate": 0.0, "wordBeforeHesitationRate": 0.0, "wordAfterHesitationRate": 0.0, "otherCollocationRate": 0.0, "easyWordNum": 78, "hardWordNum": 3, "easyWordRate": 0.9629629629629629, "hardWordRate": 0.037037037037037035, "fleschReadingEaseScore": 82.88125, "gunningFogIndex": 8.114814814814816, "fleschKincaidGradeLevel": 6.729722222222225, "colemanLiauIndex": 10.377629629629627, "smogIndex": 4.935628992294339, "automatedReadabilityIndex": 9.628333333333334, "linsearWriteIndex": 10.75, "author": "", "locationNameNum": 0, "locationNameRate": 0.0, "personNameNum": 2, "personNameRate": 0.024691358024691357, "organizationNameNum": 0, "organizationNameRate": 0.0, "misspelledNum": 7, "misspelledRate": 0.08641975308641975, "missingAccentNum": 0, "missingAccentRate": 0.0, "foreignAccentNum": 0, "foreignAccentRate": 0.0, "wordConcatNum": 1, "wordConcatRate": 0.012345679012345678, "jLyMistakeNum": 0, "jLyMistakeRate": 0.0, "publicVNum": 0, "freqSuffixNum": 0, "partsNum": 28, "clauseWordNum": 12, "privateVNum": 0}