{"tokenNum": 104, "sentenceNum": 8, "lemmaNum": 75, "lemmaRate": 0.7211538461538461, "sentenceLength": 13.0, "allUpperNum": 2, "firstUpperNum": 10, "allUpperRate": 0.019230769230769232, "firstUpperRate": 0.09615384615384616, "declarSentNum": 6, "imperSentNum": 0, "questionNum": 2, "declarSentRate": 0.75, "imperSentRate": 0.0, "questionRate": 0.25, "accent": true, "saturation": 6.818181818181818, "paragraphNum": 0, "nounNum": 24, "verbNum": 15, "adjNum": 5, "infNum": 1, "partPastNum": 1, "partPresNum": 1, "partFutNum": 0, "transNum": 2, "xNum": 4, "advNum": 21, "properNounNum": 6, "numNum": 2, "conjNum": 3, "punctNum": 15, "pronNum": 4, "relPronNum": 5, "demPronNum": 3, "adposNum": 2, "multiplePunctNum": 7, "phraseNum": 0, "nounRate": 0.23076923076923078, "verbRate": 0.14423076923076922, "adjRate": 0.04807692307692308, "infRate": 0.009615384615384616, "partPastRate": 0.009615384615384616, "partPresRate": 0.009615384615384616, "partFutRate": 0.0, "transRate": 0.019230769230769232, "xRate": 0.038461538461538464, "advRate": 0.20192307692307693, "properNounRate": 0.057692307692307696, "numRate": 0.019230769230769232, "conjRate": 0.028846153846153848, "punctRate": 0.14423076923076922, "pronRate": 0.038461538461538464, "relPronRate": 0.04807692307692308, "demPronRate": 0.028846153846153848, "adposRate": 0.019230769230769232, "multiplePunctRate": 0.4666666666666667, "partsDensityRate": 5.909090909090909, "contentfulness": 8.125, "phraseRate": 0.0, "pastTenseNum": 10, "presentTenseNum": 4, "condNum": 0, "impNum": 0, "freqNum": 0, "causNum": 0, "modalNum": 0, "sg1VerbNum": 15, "sg2VerbNum": 15, "sg3VerbNum": 15, "pl1VerbNum": 15, "pl2VerbNum": 15, "pl3VerbNum": 15, "superlatNum": 0, "comparatNum": 1, "specDerivSuffixNum": 0, "pluralNounNum": 2, "pastTenseRate": 0.6666666666666666, "presentTenseRate": 0.26666666666666666, "condRate": 0.0, "impRate": 0.0, "freqRate": 0.0, "causRate": 0.0, "modalRate": 0.0, "sg1VerbRate": 1.0, "sg2VerbRate": 1.0, "sg3VerbRate": 1.0, "pl1VerbRate": 1.0, "pl2VerbRate": 1.0, "pl3VerbRate": 1.0, "superlatRate": 0.0, "comparatRate": 0.2, "specDerivSuffixRate": 0.0, "pluralNounRate": 0.08333333333333333, "subjNum": 6, "objNum": 4, "attNum": 4, "subordNum": 1, "adverbNum": 21, "coordNum": 3, "clauseNum": 11, "simpleNum": 4, "complexNum": 3, "complexity1Num": 2, "complexity2Num": 1, "complexity3Num": 0, "compoundNum": 0, "subjRate": 0.057692307692307696, "objRate": 0.038461538461538464, "attRate": 0.038461538461538464, "subordRate": 0.009615384615384616, "adverbRate": 0.20192307692307693, "coordRate": 0.028846153846153848, "partsRate": 3.4545454545454546, "clauseRate": 1.375, "simpleRate": 0.5, "complexRate": 0.375, "complexity1Rate": 0.25, "complexity2Rate": 0.125, "complexity3Rate": 0.0, "complexClauseRate": 2.3333333333333335, "sentencesPerParagraph": 0.0, "wordsLengthRate": 5.168539325842697, "compoundRate": 0.0, "positiveNum": 0, "negativeNum": 0, "precoPositiveNum": 0, "precoNegativeNum": 0, "negemoNum": 0, "negationNum": 3, "functionNum": 39, "contentNum": 65, "vulgarNum": 0, "racistNum": 0, "specStyleNum": 0, "addressingNum": 0, "closingNum": 0, "postscriptNum": 0, "brutalNum": 0, "positiveRate": 0.0, "negativeRate": 0.0, "precoPositiveRate": 0.0, "precoNegativeRate": 0.0, "negemoRate": 0.0, "negationRate": 0.028846153846153848, "functionRate": 0.375, "contentRate": 0.625, "vulgarRate": 0.0, "racistRate": 0.0, "specStyleRate": 0.0, "addressingRate": 0.0, "closingRate": 0.0, "postscriptRate": 0.0, "brutalRate": 0.0, "epistemicNum": 0, "investNum": 0, "conditionNum": 0, "weaselNum": 0, "peacockNum": 0, "hedgeNum": 0, "doxasticNum": 0, "epistemicRate": 0.0, "investRate": 0.0, "conditionRate": 0.0, "weaselRate": 0.0, "peacockRate": 0.0, "hedgeRate": 0.0, "doxasticRate": 0.0, "loveNum": 0, "anxietyNum": 0, "sorrowNum": 0, "joyNum": 0, "disgustNum": 0, "fearNum": 0, "surpriseNum": 0, "angerNum": 0, "loveRate": 0.0, "anxietyRate": 0.0, "sorrowRate": 0.0, "joyRate": 0.0, "disgustRate": 0.0, "fearRate": 0.0, "surpriseRate": 0.0, "angerRate": 0.0, "slangBeGeneralNum": 0, "slangBeCigaretteNum": 0, "slangBeHumanNum": 0, "slangBeVehicleNum": 0, "slangBeDrugNum": 0, "slangBvNum": 0, "slangBeGeneralRate": 0.0, "slangBeCigaretteRate": 0.0, "slangBeHumanRate": 0.0, "slangBeVehicleRate": 0.0, "slangBeDrugRate": 0.0, "slangBvRate": 0.0, "speechactNum": 0, "quoteNum": 0, "dashNum": 0, "publicNum": 0, "privateNum": 0, "suasiveNum": 0, "discMarkerNum": 0, "smileyNum": 0, "dateNum": 1, "hesitationNum": 0, "restartNum": 0, "repeatNum": 0, "conjBeforeDiscNum": 0, "conjAfterDiscNum": 0, "wordBeforeHesitationNum": 0, "wordAfterHesitationNum": 0, "otherCollocationNum": 0, "speechactRate": 0.0, "quoteRate": 0.0, "dashRate": 0.0, "publicRate": 0.0, "privateRate": 0.0, "suasiveRate": 0.0, "discMarkerRate": 0.0, "smileyRate": 0.0, "dateRate": 0.009615384615384616, "hesitationRate": 0.0, "restartRate": 0.0, "repeatRate": 0.0, "conjBeforeDiscRate": 0.0, "conjAfterDiscRate": 0.0, "wordBeforeHesitationRate": 0.0, "wordAfterHesitationRate": 0.0, "otherCollocationRate": 0.0, "easyWordNum": 99, "hardWordNum": 5, "easyWordRate": 0.9519230769230769, "hardWordRate": 0.04807692307692308, "fleschReadingEaseScore": 72.4342307692308, "gunningFogIndex": 5.219230769230769, "fleschKincaidGradeLevel": 6.385769230769231, "colemanLiauIndex": 11.61092307692308, "smogIndex": 5.46131890053228, "automatedReadabilityIndex": 6.989615384615387, "linsearWriteIndex": 5.610576923076923, "author": "", "locationNameNum": 3, "locationNameRate": 0.028846153846153848, "personNameNum": 1, "personNameRate": 0.009615384615384616, "organizationNameNum": 1, "organizationNameRate": 0.009615384615384616, "misspelledNum": 5, "misspelledRate": 0.04807692307692308, "missingAccentNum": 2, "missingAccentRate": 0.019230769230769232, "foreignAccentNum": 0, "foreignAccentRate": 0.0, "wordConcatNum": 0, "wordConcatRate": 0.0, "jLyMistakeNum": 0, "jLyMistakeRate": 0.0, "publicVNum": 0, "freqSuffixNum": 0, "partsNum": 38, "clauseWordNum": 11, "privateVNum": 0}