{"tokenNum": 159, "sentenceNum": 9, "lemmaNum": 103, "lemmaRate": 0.6477987421383647, "sentenceLength": 17.666666666666668, "allUpperNum": 1, "firstUpperNum": 13, "allUpperRate": 0.006289308176100629, "firstUpperRate": 0.08176100628930817, "declarSentNum": 9, "imperSentNum": 0, "questionNum": 0, "declarSentRate": 1.0, "imperSentRate": 0.0, "questionRate": 0.0, "accent": true, "saturation": 4.291666666666667, "paragraphNum": 0, "nounNum": 31, "verbNum": 18, "adjNum": 14, "infNum": 3, "partPastNum": 1, "partPresNum": 2, "partFutNum": 0, "transNum": 0, "xNum": 8, "advNum": 14, "properNounNum": 7, "numNum": 1, "conjNum": 10, "punctNum": 39, "pronNum": 10, "relPronNum": 0, "demPronNum": 5, "adposNum": 0, "multiplePunctNum": 3, "phraseNum": 0, "nounRate": 0.1949685534591195, "verbRate": 0.11320754716981132, "adjRate": 0.0880503144654088, "infRate": 0.018867924528301886, "partPastRate": 0.006289308176100629, "partPresRate": 0.012578616352201259, "partFutRate": 0.0, "transRate": 0.0, "xRate": 0.050314465408805034, "advRate": 0.0880503144654088, "properNounRate": 0.0440251572327044, "numRate": 0.006289308176100629, "conjRate": 0.06289308176100629, "punctRate": 0.24528301886792453, "pronRate": 0.06289308176100629, "relPronRate": 0.0, "demPronRate": 0.031446540880503145, "adposRate": 0.0, "multiplePunctRate": 0.07692307692307693, "partsDensityRate": 3.2083333333333335, "contentfulness": 8.555555555555555, "phraseRate": 0.0, "pastTenseNum": 5, "presentTenseNum": 10, "condNum": 4, "impNum": 1, "freqNum": 0, "causNum": 0, "modalNum": 0, "sg1VerbNum": 18, "sg2VerbNum": 18, "sg3VerbNum": 18, "pl1VerbNum": 18, "pl2VerbNum": 18, "pl3VerbNum": 18, "superlatNum": 0, "comparatNum": 0, "specDerivSuffixNum": 0, "pluralNounNum": 1, "pastTenseRate": 0.2777777777777778, "presentTenseRate": 0.5555555555555556, "condRate": 0.2222222222222222, "impRate": 0.05555555555555555, "freqRate": 0.0, "causRate": 0.0, "modalRate": 0.0, "sg1VerbRate": 1.0, "sg2VerbRate": 1.0, "sg3VerbRate": 1.0, "pl1VerbRate": 1.0, "pl2VerbRate": 1.0, "pl3VerbRate": 1.0, "superlatRate": 0.0, "comparatRate": 0.0, "specDerivSuffixRate": 0.0, "pluralNounRate": 0.03225806451612903, "subjNum": 6, "objNum": 7, "attNum": 9, "subordNum": 4, "adverbNum": 18, "coordNum": 8, "clauseNum": 24, "simpleNum": 1, "complexNum": 8, "complexity1Num": 3, "complexity2Num": 4, "complexity3Num": 0, "compoundNum": 0, "subjRate": 0.03773584905660377, "objRate": 0.0440251572327044, "attRate": 0.05660377358490566, "subordRate": 0.025157232704402517, "adverbRate": 0.11320754716981132, "coordRate": 0.050314465408805034, "partsRate": 2.0, "clauseRate": 2.6666666666666665, "simpleRate": 0.1111111111111111, "complexRate": 0.8888888888888888, "complexity1Rate": 0.3333333333333333, "complexity2Rate": 0.4444444444444444, "complexity3Rate": 0.0, "complexClauseRate": 2.875, "sentencesPerParagraph": 0.0, "wordsLengthRate": 5.541666666666667, "compoundRate": 0.0, "positiveNum": 0, "negativeNum": 0, "precoPositiveNum": 0, "precoNegativeNum": 0, "negemoNum": 0, "negationNum": 5, "functionNum": 82, "contentNum": 77, "vulgarNum": 0, "racistNum": 0, "specStyleNum": 0, "addressingNum": 0, "closingNum": 0, "postscriptNum": 0, "brutalNum": 0, "positiveRate": 0.0, "negativeRate": 0.0, "precoPositiveRate": 0.0, "precoNegativeRate": 0.0, "negemoRate": 0.0, "negationRate": 0.031446540880503145, "functionRate": 0.5157232704402516, "contentRate": 0.48427672955974843, "vulgarRate": 0.0, "racistRate": 0.0, "specStyleRate": 0.0, "addressingRate": 0.0, "closingRate": 0.0, "postscriptRate": 0.0, "brutalRate": 0.0, "epistemicNum": 0, "investNum": 0, "conditionNum": 0, "weaselNum": 0, "peacockNum": 0, "hedgeNum": 0, "doxasticNum": 0, "epistemicRate": 0.0, "investRate": 0.0, "conditionRate": 0.0, "weaselRate": 0.0, "peacockRate": 0.0, "hedgeRate": 0.0, "doxasticRate": 0.0, "loveNum": 0, "anxietyNum": 0, "sorrowNum": 0, "joyNum": 0, "disgustNum": 0, "fearNum": 0, "surpriseNum": 0, "angerNum": 0, "loveRate": 0.0, "anxietyRate": 0.0, "sorrowRate": 0.0, "joyRate": 0.0, "disgustRate": 0.0, "fearRate": 0.0, "surpriseRate": 0.0, "angerRate": 0.0, "slangBeGeneralNum": 0, "slangBeCigaretteNum": 0, "slangBeHumanNum": 0, "slangBeVehicleNum": 0, "slangBeDrugNum": 0, "slangBvNum": 0, "slangBeGeneralRate": 0.0, "slangBeCigaretteRate": 0.0, "slangBeHumanRate": 0.0, "slangBeVehicleRate": 0.0, "slangBeDrugRate": 0.0, "slangBvRate": 0.0, "speechactNum": 0, "quoteNum": 0, "dashNum": 0, "publicNum": 0, "privateNum": 0, "suasiveNum": 0, "discMarkerNum": 0, "smileyNum": 0, "dateNum": 0, "hesitationNum": 0, "restartNum": 0, "repeatNum": 1, "conjBeforeDiscNum": 0, "conjAfterDiscNum": 0, "wordBeforeHesitationNum": 0, "wordAfterHesitationNum": 0, "otherCollocationNum": 0, "speechactRate": 0.0, "quoteRate": 0.0, "dashRate": 0.0, "publicRate": 0.0, "privateRate": 0.0, "suasiveRate": 0.0, "discMarkerRate": 0.0, "smileyRate": 0.0, "dateRate": 0.0, "hesitationRate": 0.0, "restartRate": 0.0, "repeatRate": 0.006289308176100629, "conjBeforeDiscRate": 0.0, "conjAfterDiscRate": 0.0, "wordBeforeHesitationRate": 0.0, "wordAfterHesitationRate": 0.0, "otherCollocationRate": 0.0, "easyWordNum": 146, "hardWordNum": 13, "easyWordRate": 0.9182389937106918, "hardWordRate": 0.08176100628930817, "fleschReadingEaseScore": 73.44295597484279, "gunningFogIndex": 7.096855345911951, "fleschKincaidGradeLevel": 7.40440251572327, "colemanLiauIndex": 10.204735849056604, "smogIndex": 6.88968998030894, "automatedReadabilityIndex": 8.19842767295598, "linsearWriteIndex": 5.219426974143955, "author": "", "locationNameNum": 0, "locationNameRate": 0.0, "personNameNum": 2, "personNameRate": 0.012578616352201259, "organizationNameNum": 0, "organizationNameRate": 0.0, "misspelledNum": 7, "misspelledRate": 0.0440251572327044, "missingAccentNum": 3, "missingAccentRate": 0.018867924528301886, "foreignAccentNum": 0, "foreignAccentRate": 0.0, "wordConcatNum": 1, "wordConcatRate": 0.006289308176100629, "jLyMistakeNum": 0, "jLyMistakeRate": 0.0, "publicVNum": 0, "freqSuffixNum": 0, "partsNum": 48, "clauseWordNum": 24, "privateVNum": 0}