{"tokenNum": 143, "sentenceNum": 8, "lemmaNum": 92, "lemmaRate": 0.6433566433566433, "sentenceLength": 17.875, "allUpperNum": 2, "firstUpperNum": 12, "allUpperRate": 0.013986013986013986, "firstUpperRate": 0.08391608391608392, "declarSentNum": 7, "imperSentNum": 0, "questionNum": 1, "declarSentRate": 0.875, "imperSentRate": 0.0, "questionRate": 0.125, "accent": false, "saturation": 5.111111111111111, "paragraphNum": 0, "nounNum": 27, "verbNum": 16, "adjNum": 15, "infNum": 1, "partPastNum": 1, "partPresNum": 1, "partFutNum": 0, "transNum": 2, "xNum": 8, "advNum": 18, "properNounNum": 3, "numNum": 0, "conjNum": 13, "punctNum": 28, "pronNum": 4, "relPronNum": 1, "demPronNum": 6, "adposNum": 2, "multiplePunctNum": 3, "phraseNum": 0, "nounRate": 0.1888111888111888, "verbRate": 0.11188811188811189, "adjRate": 0.1048951048951049, "infRate": 0.006993006993006993, "partPastRate": 0.006993006993006993, "partPresRate": 0.006993006993006993, "partFutRate": 0.0, "transRate": 0.013986013986013986, "xRate": 0.055944055944055944, "advRate": 0.1258741258741259, "properNounRate": 0.02097902097902098, "numRate": 0.0, "conjRate": 0.09090909090909091, "punctRate": 0.1958041958041958, "pronRate": 0.027972027972027972, "relPronRate": 0.006993006993006993, "demPronRate": 0.04195804195804196, "adposRate": 0.013986013986013986, "multiplePunctRate": 0.10714285714285714, "partsDensityRate": 4.222222222222222, "contentfulness": 9.5, "phraseRate": 0.0, "pastTenseNum": 1, "presentTenseNum": 14, "condNum": 0, "impNum": 1, "freqNum": 0, "causNum": 0, "modalNum": 0, "sg1VerbNum": 16, "sg2VerbNum": 16, "sg3VerbNum": 16, "pl1VerbNum": 16, "pl2VerbNum": 16, "pl3VerbNum": 16, "superlatNum": 0, "comparatNum": 0, "specDerivSuffixNum": 0, "pluralNounNum": 11, "pastTenseRate": 0.0625, "presentTenseRate": 0.875, "condRate": 0.0, "impRate": 0.0625, "freqRate": 0.0, "causRate": 0.0, "modalRate": 0.0, "sg1VerbRate": 1.0, "sg2VerbRate": 1.0, "sg3VerbRate": 1.0, "pl1VerbRate": 1.0, "pl2VerbRate": 1.0, "pl3VerbRate": 1.0, "superlatRate": 0.0, "comparatRate": 0.0, "specDerivSuffixRate": 0.0, "pluralNounRate": 0.4074074074074074, "subjNum": 9, "objNum": 3, "attNum": 8, "subordNum": 7, "adverbNum": 21, "coordNum": 5, "clauseNum": 18, "simpleNum": 3, "complexNum": 5, "complexity1Num": 2, "complexity2Num": 1, "complexity3Num": 2, "compoundNum": 0, "subjRate": 0.06293706293706294, "objRate": 0.02097902097902098, "attRate": 0.055944055944055944, "subordRate": 0.04895104895104895, "adverbRate": 0.14685314685314685, "coordRate": 0.03496503496503497, "partsRate": 2.5555555555555554, "clauseRate": 2.25, "simpleRate": 0.375, "complexRate": 0.625, "complexity1Rate": 0.25, "complexity2Rate": 0.125, "complexity3Rate": 0.25, "complexClauseRate": 3.0, "sentencesPerParagraph": 0.0, "wordsLengthRate": 5.3826086956521735, "compoundRate": 0.0, "positiveNum": 0, "negativeNum": 0, "precoPositiveNum": 0, "precoNegativeNum": 0, "negemoNum": 0, "negationNum": 4, "functionNum": 67, "contentNum": 76, "vulgarNum": 0, "racistNum": 0, "specStyleNum": 0, "addressingNum": 0, "closingNum": 0, "postscriptNum": 0, "brutalNum": 0, "positiveRate": 0.0, "negativeRate": 0.0, "precoPositiveRate": 0.0, "precoNegativeRate": 0.0, "negemoRate": 0.0, "negationRate": 0.027972027972027972, "functionRate": 0.46853146853146854, "contentRate": 0.5314685314685315, "vulgarRate": 0.0, "racistRate": 0.0, "specStyleRate": 0.0, "addressingRate": 0.0, "closingRate": 0.0, "postscriptRate": 0.0, "brutalRate": 0.0, "epistemicNum": 0, "investNum": 0, "conditionNum": 0, "weaselNum": 0, "peacockNum": 0, "hedgeNum": 0, "doxasticNum": 0, "epistemicRate": 0.0, "investRate": 0.0, "conditionRate": 0.0, "weaselRate": 0.0, "peacockRate": 0.0, "hedgeRate": 0.0, "doxasticRate": 0.0, "loveNum": 0, "anxietyNum": 0, "sorrowNum": 0, "joyNum": 0, "disgustNum": 0, "fearNum": 0, "surpriseNum": 0, "angerNum": 0, "loveRate": 0.0, "anxietyRate": 0.0, "sorrowRate": 0.0, "joyRate": 0.0, "disgustRate": 0.0, "fearRate": 0.0, "surpriseRate": 0.0, "angerRate": 0.0, "slangBeGeneralNum": 0, "slangBeCigaretteNum": 0, "slangBeHumanNum": 0, "slangBeVehicleNum": 0, "slangBeDrugNum": 0, "slangBvNum": 0, "slangBeGeneralRate": 0.0, "slangBeCigaretteRate": 0.0, "slangBeHumanRate": 0.0, "slangBeVehicleRate": 0.0, "slangBeDrugRate": 0.0, "slangBvRate": 0.0, "speechactNum": 0, "quoteNum": 0, "dashNum": 0, "publicNum": 0, "privateNum": 0, "suasiveNum": 0, "discMarkerNum": 0, "smileyNum": 0, "dateNum": 0, "hesitationNum": 0, "restartNum": 0, "repeatNum": 0, "conjBeforeDiscNum": 0, "conjAfterDiscNum": 0, "wordBeforeHesitationNum": 0, "wordAfterHesitationNum": 0, "otherCollocationNum": 0, "speechactRate": 0.0, "quoteRate": 0.0, "dashRate": 0.0, "publicRate": 0.0, "privateRate": 0.0, "suasiveRate": 0.0, "discMarkerRate": 0.0, "smileyRate": 0.0, "dateRate": 0.0, "hesitationRate": 0.0, "restartRate": 0.0, "repeatRate": 0.0, "conjBeforeDiscRate": 0.0, "conjAfterDiscRate": 0.0, "wordBeforeHesitationRate": 0.0, "wordAfterHesitationRate": 0.0, "otherCollocationRate": 0.0, "easyWordNum": 126, "hardWordNum": 17, "easyWordRate": 0.8811188811188811, "hardWordRate": 0.11888111888111888, "fleschReadingEaseScore": 62.08767919580421, "gunningFogIndex": 7.197552447552448, "fleschKincaidGradeLevel": 9.03999125874126, "colemanLiauIndex": 10.931370629370626, "smogIndex": 7.42949916751922, "automatedReadabilityIndex": 8.883653846153845, "linsearWriteIndex": 6.386363636363636, "author": "", "locationNameNum": 0, "locationNameRate": 0.0, "personNameNum": 1, "personNameRate": 0.006993006993006993, "organizationNameNum": 0, "organizationNameRate": 0.0, "misspelledNum": 49, "misspelledRate": 0.34265734265734266, "missingAccentNum": 48, "missingAccentRate": 0.3356643356643357, "foreignAccentNum": 0, "foreignAccentRate": 0.0, "wordConcatNum": 0, "wordConcatRate": 0.0, "jLyMistakeNum": 0, "jLyMistakeRate": 0.0, "publicVNum": 0, "freqSuffixNum": 0, "partsNum": 46, "clauseWordNum": 18, "privateVNum": 0}