{"tokenNum": 134, "sentenceNum": 5, "lemmaNum": 92, "lemmaRate": 0.6865671641791045, "sentenceLength": 26.8, "allUpperNum": 0, "firstUpperNum": 13, "allUpperRate": 0.0, "firstUpperRate": 0.09701492537313433, "declarSentNum": 5, "imperSentNum": 0, "questionNum": 0, "declarSentRate": 1.0, "imperSentRate": 0.0, "questionRate": 0.0, "accent": true, "saturation": 9.2, "paragraphNum": 0, "nounNum": 47, "verbNum": 9, "adjNum": 14, "infNum": 2, "partPastNum": 0, "partPresNum": 0, "partFutNum": 0, "transNum": 0, "xNum": 6, "advNum": 7, "properNounNum": 8, "numNum": 1, "conjNum": 7, "punctNum": 35, "pronNum": 0, "relPronNum": 2, "demPronNum": 1, "adposNum": 2, "multiplePunctNum": 4, "phraseNum": 0, "nounRate": 0.35074626865671643, "verbRate": 0.06716417910447761, "adjRate": 0.1044776119402985, "infRate": 0.014925373134328358, "partPastRate": 0.0, "partPresRate": 0.0, "partFutRate": 0.0, "transRate": 0.0, "xRate": 0.04477611940298507, "advRate": 0.05223880597014925, "properNounRate": 0.05970149253731343, "numRate": 0.007462686567164179, "conjRate": 0.05223880597014925, "punctRate": 0.26119402985074625, "pronRate": 0.0, "relPronRate": 0.014925373134328358, "demPronRate": 0.007462686567164179, "adposRate": 0.014925373134328358, "multiplePunctRate": 0.11428571428571428, "partsDensityRate": 7.7, "contentfulness": 15.4, "phraseRate": 0.0, "pastTenseNum": 2, "presentTenseNum": 5, "condNum": 0, "impNum": 1, "freqNum": 0, "causNum": 0, "modalNum": 0, "sg1VerbNum": 9, "sg2VerbNum": 9, "sg3VerbNum": 9, "pl1VerbNum": 9, "pl2VerbNum": 9, "pl3VerbNum": 9, "superlatNum": 0, "comparatNum": 0, "specDerivSuffixNum": 0, "pluralNounNum": 5, "pastTenseRate": 0.2222222222222222, "presentTenseRate": 0.5555555555555556, "condRate": 0.0, "impRate": 0.1111111111111111, "freqRate": 0.0, "causRate": 0.0, "modalRate": 0.0, "sg1VerbRate": 1.0, "sg2VerbRate": 1.0, "sg3VerbRate": 1.0, "pl1VerbRate": 1.0, "pl2VerbRate": 1.0, "pl3VerbRate": 1.0, "superlatRate": 0.0, "comparatRate": 0.0, "specDerivSuffixRate": 0.0, "pluralNounRate": 0.10638297872340426, "subjNum": 2, "objNum": 0, "attNum": 13, "subordNum": 4, "adverbNum": 12, "coordNum": 4, "clauseNum": 10, "simpleNum": 2, "complexNum": 3, "complexity1Num": 1, "complexity2Num": 2, "complexity3Num": 0, "compoundNum": 0, "subjRate": 0.014925373134328358, "objRate": 0.0, "attRate": 0.09701492537313433, "subordRate": 0.029850746268656716, "adverbRate": 0.08955223880597014, "coordRate": 0.029850746268656716, "partsRate": 3.1, "clauseRate": 2.0, "simpleRate": 0.4, "complexRate": 0.6, "complexity1Rate": 0.2, "complexity2Rate": 0.4, "complexity3Rate": 0.0, "complexClauseRate": 2.6666666666666665, "sentencesPerParagraph": 0.0, "wordsLengthRate": 5.595959595959596, "compoundRate": 0.0, "positiveNum": 0, "negativeNum": 0, "precoPositiveNum": 0, "precoNegativeNum": 0, "negemoNum": 0, "negationNum": 1, "functionNum": 57, "contentNum": 77, "vulgarNum": 0, "racistNum": 0, "specStyleNum": 0, "addressingNum": 0, "closingNum": 0, "postscriptNum": 0, "brutalNum": 0, "positiveRate": 0.0, "negativeRate": 0.0, "precoPositiveRate": 0.0, "precoNegativeRate": 0.0, "negemoRate": 0.0, "negationRate": 0.007462686567164179, "functionRate": 0.4253731343283582, "contentRate": 0.5746268656716418, "vulgarRate": 0.0, "racistRate": 0.0, "specStyleRate": 0.0, "addressingRate": 0.0, "closingRate": 0.0, "postscriptRate": 0.0, "brutalRate": 0.0, "epistemicNum": 0, "investNum": 0, "conditionNum": 0, "weaselNum": 0, "peacockNum": 0, "hedgeNum": 0, "doxasticNum": 0, "epistemicRate": 0.0, "investRate": 0.0, "conditionRate": 0.0, "weaselRate": 0.0, "peacockRate": 0.0, "hedgeRate": 0.0, "doxasticRate": 0.0, "loveNum": 0, "anxietyNum": 0, "sorrowNum": 0, "joyNum": 0, "disgustNum": 0, "fearNum": 0, "surpriseNum": 0, "angerNum": 0, "loveRate": 0.0, "anxietyRate": 0.0, "sorrowRate": 0.0, "joyRate": 0.0, "disgustRate": 0.0, "fearRate": 0.0, "surpriseRate": 0.0, "angerRate": 0.0, "slangBeGeneralNum": 0, "slangBeCigaretteNum": 0, "slangBeHumanNum": 0, "slangBeVehicleNum": 0, "slangBeDrugNum": 0, "slangBvNum": 0, "slangBeGeneralRate": 0.0, "slangBeCigaretteRate": 0.0, "slangBeHumanRate": 0.0, "slangBeVehicleRate": 0.0, "slangBeDrugRate": 0.0, "slangBvRate": 0.0, "speechactNum": 0, "quoteNum": 0, "dashNum": 0, "publicNum": 0, "privateNum": 0, "suasiveNum": 0, "discMarkerNum": 0, "smileyNum": 0, "dateNum": 1, "hesitationNum": 0, "restartNum": 0, "repeatNum": 0, "conjBeforeDiscNum": 0, "conjAfterDiscNum": 0, "wordBeforeHesitationNum": 0, "wordAfterHesitationNum": 0, "otherCollocationNum": 0, "speechactRate": 0.0, "quoteRate": 0.0, "dashRate": 0.0, "publicRate": 0.0, "privateRate": 0.0, "suasiveRate": 0.0, "discMarkerRate": 0.0, "smileyRate": 0.0, "dateRate": 0.007462686567164179, "hesitationRate": 0.0, "restartRate": 0.0, "repeatRate": 0.0, "conjBeforeDiscRate": 0.0, "conjAfterDiscRate": 0.0, "wordBeforeHesitationRate": 0.0, "wordAfterHesitationRate": 0.0, "otherCollocationRate": 0.0, "easyWordNum": 123, "hardWordNum": 11, "easyWordRate": 0.917910447761194, "hardWordRate": 0.08208955223880597, "fleschReadingEaseScore": 58.415089552238825, "gunningFogIndex": 10.752835820895523, "fleschKincaidGradeLevel": 11.769462686567163, "colemanLiauIndex": 9.869738805970151, "smogIndex": 6.588339656340683, "automatedReadabilityIndex": 12.49716417910448, "linsearWriteIndex": 11.19402985074627, "author": "", "locationNameNum": 0, "locationNameRate": 0.0, "personNameNum": 1, "personNameRate": 0.007462686567164179, "organizationNameNum": 0, "organizationNameRate": 0.0, "misspelledNum": 5, "misspelledRate": 0.03731343283582089, "missingAccentNum": 1, "missingAccentRate": 0.007462686567164179, "foreignAccentNum": 0, "foreignAccentRate": 0.0, "wordConcatNum": 1, "wordConcatRate": 0.007462686567164179, "jLyMistakeNum": 0, "jLyMistakeRate": 0.0, "publicVNum": 0, "freqSuffixNum": 0, "partsNum": 31, "clauseWordNum": 10, "privateVNum": 0}