{"tokenNum": 171, "sentenceNum": 12, "lemmaNum": 103, "lemmaRate": 0.6023391812865497, "sentenceLength": 14.25, "allUpperNum": 2, "firstUpperNum": 25, "allUpperRate": 0.011695906432748537, "firstUpperRate": 0.14619883040935672, "declarSentNum": 12, "imperSentNum": 0, "questionNum": 0, "declarSentRate": 1.0, "imperSentRate": 0.0, "questionRate": 0.0, "accent": false, "saturation": 3.6785714285714284, "paragraphNum": 0, "nounNum": 45, "verbNum": 21, "adjNum": 13, "infNum": 2, "partPastNum": 0, "partPresNum": 3, "partFutNum": 0, "transNum": 0, "xNum": 10, "advNum": 10, "properNounNum": 16, "numNum": 2, "conjNum": 14, "punctNum": 28, "pronNum": 6, "relPronNum": 6, "demPronNum": 6, "adposNum": 1, "multiplePunctNum": 3, "phraseNum": 0, "nounRate": 0.2631578947368421, "verbRate": 0.12280701754385964, "adjRate": 0.07602339181286549, "infRate": 0.011695906432748537, "partPastRate": 0.0, "partPresRate": 0.017543859649122806, "partFutRate": 0.0, "transRate": 0.0, "xRate": 0.05847953216374269, "advRate": 0.05847953216374269, "properNounRate": 0.0935672514619883, "numRate": 0.011695906432748537, "conjRate": 0.08187134502923976, "punctRate": 0.16374269005847952, "pronRate": 0.03508771929824561, "relPronRate": 0.03508771929824561, "demPronRate": 0.03508771929824561, "adposRate": 0.005847953216374269, "multiplePunctRate": 0.10714285714285714, "partsDensityRate": 3.1785714285714284, "contentfulness": 7.416666666666667, "phraseRate": 0.0, "pastTenseNum": 12, "presentTenseNum": 7, "condNum": 1, "impNum": 0, "freqNum": 0, "causNum": 0, "modalNum": 0, "sg1VerbNum": 21, "sg2VerbNum": 21, "sg3VerbNum": 21, "pl1VerbNum": 21, "pl2VerbNum": 21, "pl3VerbNum": 21, "superlatNum": 0, "comparatNum": 0, "specDerivSuffixNum": 0, "pluralNounNum": 3, "pastTenseRate": 0.5714285714285714, "presentTenseRate": 0.3333333333333333, "condRate": 0.047619047619047616, "impRate": 0.0, "freqRate": 0.0, "causRate": 0.0, "modalRate": 0.0, "sg1VerbRate": 1.0, "sg2VerbRate": 1.0, "sg3VerbRate": 1.0, "pl1VerbRate": 1.0, "pl2VerbRate": 1.0, "pl3VerbRate": 1.0, "superlatRate": 0.0, "comparatRate": 0.0, "specDerivSuffixRate": 0.0, "pluralNounRate": 0.06666666666666667, "subjNum": 14, "objNum": 7, "attNum": 11, "subordNum": 7, "adverbNum": 12, "coordNum": 5, "clauseNum": 28, "simpleNum": 6, "complexNum": 6, "complexity1Num": 1, "complexity2Num": 2, "complexity3Num": 1, "compoundNum": 0, "subjRate": 0.08187134502923976, "objRate": 0.04093567251461988, "attRate": 0.06432748538011696, "subordRate": 0.04093567251461988, "adverbRate": 0.07017543859649122, "coordRate": 0.029239766081871343, "partsRate": 1.75, "clauseRate": 2.3333333333333335, "simpleRate": 0.5, "complexRate": 0.5, "complexity1Rate": 0.08333333333333333, "complexity2Rate": 0.16666666666666666, "complexity3Rate": 0.08333333333333333, "complexClauseRate": 3.6666666666666665, "sentencesPerParagraph": 0.0, "wordsLengthRate": 5.244755244755245, "compoundRate": 0.0, "positiveNum": 0, "negativeNum": 0, "precoPositiveNum": 0, "precoNegativeNum": 0, "negemoNum": 0, "negationNum": 0, "functionNum": 82, "contentNum": 89, "vulgarNum": 0, "racistNum": 0, "specStyleNum": 0, "addressingNum": 0, "closingNum": 0, "postscriptNum": 0, "brutalNum": 0, "positiveRate": 0.0, "negativeRate": 0.0, "precoPositiveRate": 0.0, "precoNegativeRate": 0.0, "negemoRate": 0.0, "negationRate": 0.0, "functionRate": 0.47953216374269003, "contentRate": 0.52046783625731, "vulgarRate": 0.0, "racistRate": 0.0, "specStyleRate": 0.0, "addressingRate": 0.0, "closingRate": 0.0, "postscriptRate": 0.0, "brutalRate": 0.0, "epistemicNum": 0, "investNum": 0, "conditionNum": 0, "weaselNum": 0, "peacockNum": 0, "hedgeNum": 0, "doxasticNum": 0, "epistemicRate": 0.0, "investRate": 0.0, "conditionRate": 0.0, "weaselRate": 0.0, "peacockRate": 0.0, "hedgeRate": 0.0, "doxasticRate": 0.0, "loveNum": 0, "anxietyNum": 0, "sorrowNum": 0, "joyNum": 0, "disgustNum": 0, "fearNum": 0, "surpriseNum": 0, "angerNum": 0, "loveRate": 0.0, "anxietyRate": 0.0, "sorrowRate": 0.0, "joyRate": 0.0, "disgustRate": 0.0, "fearRate": 0.0, "surpriseRate": 0.0, "angerRate": 0.0, "slangBeGeneralNum": 0, "slangBeCigaretteNum": 0, "slangBeHumanNum": 0, "slangBeVehicleNum": 0, "slangBeDrugNum": 0, "slangBvNum": 0, "slangBeGeneralRate": 0.0, "slangBeCigaretteRate": 0.0, "slangBeHumanRate": 0.0, "slangBeVehicleRate": 0.0, "slangBeDrugRate": 0.0, "slangBvRate": 0.0, "speechactNum": 0, "quoteNum": 0, "dashNum": 0, "publicNum": 0, "privateNum": 0, "suasiveNum": 0, "discMarkerNum": 0, "smileyNum": 0, "dateNum": 0, "hesitationNum": 0, "restartNum": 0, "repeatNum": 0, "conjBeforeDiscNum": 0, "conjAfterDiscNum": 0, "wordBeforeHesitationNum": 0, "wordAfterHesitationNum": 0, "otherCollocationNum": 0, "speechactRate": 0.0, "quoteRate": 0.0, "dashRate": 0.0, "publicRate": 0.0, "privateRate": 0.0, "suasiveRate": 0.0, "discMarkerRate": 0.0, "smileyRate": 0.0, "dateRate": 0.0, "hesitationRate": 0.0, "restartRate": 0.0, "repeatRate": 0.0, "conjBeforeDiscRate": 0.0, "conjAfterDiscRate": 0.0, "wordBeforeHesitationRate": 0.0, "wordAfterHesitationRate": 0.0, "otherCollocationRate": 0.0, "easyWordNum": 150, "hardWordNum": 21, "easyWordRate": 0.8771929824561403, "hardWordRate": 0.12280701754385964, "fleschReadingEaseScore": 53.84493421052633, "gunningFogIndex": 5.749122807017544, "fleschKincaidGradeLevel": 9.289137426900584, "colemanLiauIndex": 11.342011695906432, "smogIndex": 7.908726449838941, "automatedReadabilityIndex": 7.399561403508773, "linsearWriteIndex": 3.9463937621832352, "author": "", "locationNameNum": 0, "locationNameRate": 0.0, "personNameNum": 9, "personNameRate": 0.05263157894736842, "organizationNameNum": 2, "organizationNameRate": 0.011695906432748537, "misspelledNum": 49, "misspelledRate": 0.28654970760233917, "missingAccentNum": 42, "missingAccentRate": 0.24561403508771928, "foreignAccentNum": 0, "foreignAccentRate": 0.0, "wordConcatNum": 0, "wordConcatRate": 0.0, "jLyMistakeNum": 1, "jLyMistakeRate": 0.005847953216374269, "publicVNum": 0, "freqSuffixNum": 0, "partsNum": 49, "clauseWordNum": 28, "privateVNum": 0}