{"tokenNum": 141, "sentenceNum": 13, "lemmaNum": 90, "lemmaRate": 0.6382978723404256, "sentenceLength": 10.846153846153847, "allUpperNum": 0, "firstUpperNum": 23, "allUpperRate": 0.0, "firstUpperRate": 0.16312056737588654, "declarSentNum": 13, "imperSentNum": 0, "questionNum": 0, "declarSentRate": 1.0, "imperSentRate": 0.0, "questionRate": 0.0, "accent": true, "saturation": 5.625, "paragraphNum": 0, "nounNum": 32, "verbNum": 11, "adjNum": 19, "infNum": 0, "partPastNum": 1, "partPresNum": 1, "partFutNum": 0, "transNum": 0, "xNum": 12, "advNum": 8, "properNounNum": 9, "numNum": 1, "conjNum": 8, "punctNum": 24, "pronNum": 6, "relPronNum": 1, "demPronNum": 5, "adposNum": 2, "multiplePunctNum": 0, "phraseNum": 0, "nounRate": 0.22695035460992907, "verbRate": 0.07801418439716312, "adjRate": 0.1347517730496454, "infRate": 0.0, "partPastRate": 0.0070921985815602835, "partPresRate": 0.0070921985815602835, "partFutRate": 0.0, "transRate": 0.0, "xRate": 0.0851063829787234, "advRate": 0.05673758865248227, "properNounRate": 0.06382978723404255, "numRate": 0.0070921985815602835, "conjRate": 0.05673758865248227, "punctRate": 0.1702127659574468, "pronRate": 0.0425531914893617, "relPronRate": 0.0070921985815602835, "demPronRate": 0.03546099290780142, "adposRate": 0.014184397163120567, "multiplePunctRate": 0.0, "partsDensityRate": 4.375, "contentfulness": 5.384615384615385, "phraseRate": 0.0, "pastTenseNum": 7, "presentTenseNum": 4, "condNum": 0, "impNum": 0, "freqNum": 0, "causNum": 0, "modalNum": 0, "sg1VerbNum": 11, "sg2VerbNum": 11, "sg3VerbNum": 11, "pl1VerbNum": 11, "pl2VerbNum": 11, "pl3VerbNum": 11, "superlatNum": 0, "comparatNum": 1, "specDerivSuffixNum": 0, "pluralNounNum": 3, "pastTenseRate": 0.6363636363636364, "presentTenseRate": 0.36363636363636365, "condRate": 0.0, "impRate": 0.0, "freqRate": 0.0, "causRate": 0.0, "modalRate": 0.0, "sg1VerbRate": 1.0, "sg2VerbRate": 1.0, "sg3VerbRate": 1.0, "pl1VerbRate": 1.0, "pl2VerbRate": 1.0, "pl3VerbRate": 1.0, "superlatRate": 0.0, "comparatRate": 0.05263157894736842, "specDerivSuffixRate": 0.0, "pluralNounRate": 0.09375, "subjNum": 8, "objNum": 3, "attNum": 15, "subordNum": 1, "adverbNum": 9, "coordNum": 5, "clauseNum": 16, "simpleNum": 10, "complexNum": 3, "complexity1Num": 3, "complexity2Num": 0, "complexity3Num": 0, "compoundNum": 0, "subjRate": 0.05673758865248227, "objRate": 0.02127659574468085, "attRate": 0.10638297872340426, "subordRate": 0.0070921985815602835, "adverbRate": 0.06382978723404255, "coordRate": 0.03546099290780142, "partsRate": 2.5, "clauseRate": 1.2307692307692308, "simpleRate": 0.7692307692307693, "complexRate": 0.23076923076923078, "complexity1Rate": 0.23076923076923078, "complexity2Rate": 0.0, "complexity3Rate": 0.0, "complexClauseRate": 2.0, "sentencesPerParagraph": 0.0, "wordsLengthRate": 4.786324786324786, "compoundRate": 0.0, "positiveNum": 0, "negativeNum": 0, "precoPositiveNum": 0, "precoNegativeNum": 0, "negemoNum": 0, "negationNum": 1, "functionNum": 71, "contentNum": 70, "vulgarNum": 0, "racistNum": 0, "specStyleNum": 0, "addressingNum": 0, "closingNum": 0, "postscriptNum": 0, "brutalNum": 0, "positiveRate": 0.0, "negativeRate": 0.0, "precoPositiveRate": 0.0, "precoNegativeRate": 0.0, "negemoRate": 0.0, "negationRate": 0.0070921985815602835, "functionRate": 0.5035460992907801, "contentRate": 0.49645390070921985, "vulgarRate": 0.0, "racistRate": 0.0, "specStyleRate": 0.0, "addressingRate": 0.0, "closingRate": 0.0, "postscriptRate": 0.0, "brutalRate": 0.0, "epistemicNum": 0, "investNum": 0, "conditionNum": 0, "weaselNum": 0, "peacockNum": 0, "hedgeNum": 0, "doxasticNum": 0, "epistemicRate": 0.0, "investRate": 0.0, "conditionRate": 0.0, "weaselRate": 0.0, "peacockRate": 0.0, "hedgeRate": 0.0, "doxasticRate": 0.0, "loveNum": 0, "anxietyNum": 0, "sorrowNum": 0, "joyNum": 0, "disgustNum": 0, "fearNum": 0, "surpriseNum": 0, "angerNum": 0, "loveRate": 0.0, "anxietyRate": 0.0, "sorrowRate": 0.0, "joyRate": 0.0, "disgustRate": 0.0, "fearRate": 0.0, "surpriseRate": 0.0, "angerRate": 0.0, "slangBeGeneralNum": 0, "slangBeCigaretteNum": 0, "slangBeHumanNum": 0, "slangBeVehicleNum": 0, "slangBeDrugNum": 0, "slangBvNum": 0, "slangBeGeneralRate": 0.0, "slangBeCigaretteRate": 0.0, "slangBeHumanRate": 0.0, "slangBeVehicleRate": 0.0, "slangBeDrugRate": 0.0, "slangBvRate": 0.0, "speechactNum": 0, "quoteNum": 0, "dashNum": 0, "publicNum": 0, "privateNum": 0, "suasiveNum": 0, "discMarkerNum": 0, "smileyNum": 0, "dateNum": 0, "hesitationNum": 0, "restartNum": 0, "repeatNum": 0, "conjBeforeDiscNum": 0, "conjAfterDiscNum": 0, "wordBeforeHesitationNum": 0, "wordAfterHesitationNum": 0, "otherCollocationNum": 0, "speechactRate": 0.0, "quoteRate": 0.0, "dashRate": 0.0, "publicRate": 0.0, "privateRate": 0.0, "suasiveRate": 0.0, "discMarkerRate": 0.0, "smileyRate": 0.0, "dateRate": 0.0, "hesitationRate": 0.0, "restartRate": 0.0, "repeatRate": 0.0, "conjBeforeDiscRate": 0.0, "conjAfterDiscRate": 0.0, "wordBeforeHesitationRate": 0.0, "wordAfterHesitationRate": 0.0, "otherCollocationRate": 0.0, "easyWordNum": 136, "hardWordNum": 5, "easyWordRate": 0.9645390070921985, "hardWordRate": 0.03546099290780142, "fleschReadingEaseScore": 85.42615384615385, "gunningFogIndex": 4.352645935624659, "fleschKincaidGradeLevel": 4.038581560283692, "colemanLiauIndex": 7.968588652482271, "smogIndex": 5.46131890053228, "automatedReadabilityIndex": 3.0000981996726708, "linsearWriteIndex": 2.7915984724495364, "author": "", "locationNameNum": 0, "locationNameRate": 0.0, "personNameNum": 4, "personNameRate": 0.028368794326241134, "organizationNameNum": 0, "organizationNameRate": 0.0, "misspelledNum": 4, "misspelledRate": 0.028368794326241134, "missingAccentNum": 3, "missingAccentRate": 0.02127659574468085, "foreignAccentNum": 0, "foreignAccentRate": 0.0, "wordConcatNum": 1, "wordConcatRate": 0.0070921985815602835, "jLyMistakeNum": 0, "jLyMistakeRate": 0.0, "publicVNum": 0, "freqSuffixNum": 0, "partsNum": 40, "clauseWordNum": 16, "privateVNum": 0}