{"tokenNum": 97, "sentenceNum": 5, "lemmaNum": 75, "lemmaRate": 0.7731958762886598, "sentenceLength": 19.4, "allUpperNum": 1, "firstUpperNum": 7, "allUpperRate": 0.010309278350515464, "firstUpperRate": 0.07216494845360824, "declarSentNum": 5, "imperSentNum": 0, "questionNum": 0, "declarSentRate": 1.0, "imperSentRate": 0.0, "questionRate": 0.0, "accent": true, "saturation": 6.25, "paragraphNum": 0, "nounNum": 24, "verbNum": 13, "adjNum": 10, "infNum": 1, "partPastNum": 0, "partPresNum": 3, "partFutNum": 0, "transNum": 0, "xNum": 5, "advNum": 9, "properNounNum": 4, "numNum": 0, "conjNum": 2, "punctNum": 14, "pronNum": 7, "relPronNum": 2, "demPronNum": 3, "adposNum": 0, "multiplePunctNum": 2, "phraseNum": 0, "nounRate": 0.24742268041237114, "verbRate": 0.13402061855670103, "adjRate": 0.10309278350515463, "infRate": 0.010309278350515464, "partPastRate": 0.0, "partPresRate": 0.030927835051546393, "partFutRate": 0.0, "transRate": 0.0, "xRate": 0.05154639175257732, "advRate": 0.09278350515463918, "properNounRate": 0.041237113402061855, "numRate": 0.0, "conjRate": 0.020618556701030927, "punctRate": 0.14432989690721648, "pronRate": 0.07216494845360824, "relPronRate": 0.020618556701030927, "demPronRate": 0.030927835051546393, "adposRate": 0.0, "multiplePunctRate": 0.14285714285714285, "partsDensityRate": 4.666666666666667, "contentfulness": 11.2, "phraseRate": 0.0, "pastTenseNum": 1, "presentTenseNum": 11, "condNum": 1, "impNum": 6, "freqNum": 0, "causNum": 0, "modalNum": 0, "sg1VerbNum": 13, "sg2VerbNum": 13, "sg3VerbNum": 13, "pl1VerbNum": 13, "pl2VerbNum": 13, "pl3VerbNum": 13, "superlatNum": 1, "comparatNum": 0, "specDerivSuffixNum": 0, "pluralNounNum": 4, "pastTenseRate": 0.07692307692307693, "presentTenseRate": 0.8461538461538461, "condRate": 0.07692307692307693, "impRate": 0.46153846153846156, "freqRate": 0.0, "causRate": 0.0, "modalRate": 0.0, "sg1VerbRate": 1.0, "sg2VerbRate": 1.0, "sg3VerbRate": 1.0, "pl1VerbRate": 1.0, "pl2VerbRate": 1.0, "pl3VerbRate": 1.0, "superlatRate": 0.1, "comparatRate": 0.0, "specDerivSuffixRate": 0.0, "pluralNounRate": 0.16666666666666666, "subjNum": 6, "objNum": 7, "attNum": 8, "subordNum": 7, "adverbNum": 14, "coordNum": 3, "clauseNum": 12, "simpleNum": 3, "complexNum": 2, "complexity1Num": 0, "complexity2Num": 0, "complexity3Num": 1, "compoundNum": 0, "subjRate": 0.061855670103092786, "objRate": 0.07216494845360824, "attRate": 0.08247422680412371, "subordRate": 0.07216494845360824, "adverbRate": 0.14432989690721648, "coordRate": 0.030927835051546393, "partsRate": 3.1666666666666665, "clauseRate": 2.4, "simpleRate": 0.6, "complexRate": 0.4, "complexity1Rate": 0.0, "complexity2Rate": 0.0, "complexity3Rate": 0.2, "complexClauseRate": 4.5, "sentencesPerParagraph": 0.0, "wordsLengthRate": 6.168674698795181, "compoundRate": 0.0, "positiveNum": 0, "negativeNum": 0, "precoPositiveNum": 0, "precoNegativeNum": 0, "negemoNum": 0, "negationNum": 1, "functionNum": 41, "contentNum": 56, "vulgarNum": 0, "racistNum": 0, "specStyleNum": 0, "addressingNum": 0, "closingNum": 0, "postscriptNum": 0, "brutalNum": 0, "positiveRate": 0.0, "negativeRate": 0.0, "precoPositiveRate": 0.0, "precoNegativeRate": 0.0, "negemoRate": 0.0, "negationRate": 0.010309278350515464, "functionRate": 0.422680412371134, "contentRate": 0.5773195876288659, "vulgarRate": 0.0, "racistRate": 0.0, "specStyleRate": 0.0, "addressingRate": 0.0, "closingRate": 0.0, "postscriptRate": 0.0, "brutalRate": 0.0, "epistemicNum": 0, "investNum": 0, "conditionNum": 0, "weaselNum": 0, "peacockNum": 0, "hedgeNum": 0, "doxasticNum": 0, "epistemicRate": 0.0, "investRate": 0.0, "conditionRate": 0.0, "weaselRate": 0.0, "peacockRate": 0.0, "hedgeRate": 0.0, "doxasticRate": 0.0, "loveNum": 0, "anxietyNum": 0, "sorrowNum": 0, "joyNum": 0, "disgustNum": 0, "fearNum": 0, "surpriseNum": 0, "angerNum": 0, "loveRate": 0.0, "anxietyRate": 0.0, "sorrowRate": 0.0, "joyRate": 0.0, "disgustRate": 0.0, "fearRate": 0.0, "surpriseRate": 0.0, "angerRate": 0.0, "slangBeGeneralNum": 0, "slangBeCigaretteNum": 0, "slangBeHumanNum": 0, "slangBeVehicleNum": 0, "slangBeDrugNum": 0, "slangBvNum": 0, "slangBeGeneralRate": 0.0, "slangBeCigaretteRate": 0.0, "slangBeHumanRate": 0.0, "slangBeVehicleRate": 0.0, "slangBeDrugRate": 0.0, "slangBvRate": 0.0, "speechactNum": 0, "quoteNum": 0, "dashNum": 0, "publicNum": 0, "privateNum": 0, "suasiveNum": 0, "discMarkerNum": 0, "smileyNum": 0, "dateNum": 0, "hesitationNum": 0, "restartNum": 0, "repeatNum": 0, "conjBeforeDiscNum": 0, "conjAfterDiscNum": 0, "wordBeforeHesitationNum": 0, "wordAfterHesitationNum": 0, "otherCollocationNum": 0, "speechactRate": 0.0, "quoteRate": 0.0, "dashRate": 0.0, "publicRate": 0.0, "privateRate": 0.0, "suasiveRate": 0.0, "discMarkerRate": 0.0, "smileyRate": 0.0, "dateRate": 0.0, "hesitationRate": 0.0, "restartRate": 0.0, "repeatRate": 0.0, "conjBeforeDiscRate": 0.0, "conjAfterDiscRate": 0.0, "wordBeforeHesitationRate": 0.0, "wordAfterHesitationRate": 0.0, "otherCollocationRate": 0.0, "easyWordNum": 78, "hardWordNum": 19, "easyWordRate": 0.8041237113402062, "hardWordRate": 0.1958762886597938, "fleschReadingEaseScore": 38.00379381443301, "gunningFogIndex": 7.838350515463917, "fleschKincaidGradeLevel": 12.778061855670103, "colemanLiauIndex": 15.89654639175258, "smogIndex": 7.675431598112922, "automatedReadabilityIndex": 13.61659793814433, "linsearWriteIndex": 13.0, "author": "", "locationNameNum": 0, "locationNameRate": 0.0, "personNameNum": 0, "personNameRate": 0.0, "organizationNameNum": 2, "organizationNameRate": 0.020618556701030927, "misspelledNum": 6, "misspelledRate": 0.061855670103092786, "missingAccentNum": 1, "missingAccentRate": 0.010309278350515464, "foreignAccentNum": 0, "foreignAccentRate": 0.0, "wordConcatNum": 1, "wordConcatRate": 0.010309278350515464, "jLyMistakeNum": 0, "jLyMistakeRate": 0.0, "publicVNum": 0, "freqSuffixNum": 0, "partsNum": 38, "clauseWordNum": 12, "privateVNum": 0}