{"tokenNum": 112, "sentenceNum": 9, "lemmaNum": 82, "lemmaRate": 0.7321428571428571, "sentenceLength": 12.444444444444445, "allUpperNum": 1, "firstUpperNum": 12, "allUpperRate": 0.008928571428571428, "firstUpperRate": 0.10714285714285714, "declarSentNum": 9, "imperSentNum": 0, "questionNum": 0, "declarSentRate": 1.0, "imperSentRate": 0.0, "questionRate": 0.0, "accent": true, "saturation": 5.125, "paragraphNum": 0, "nounNum": 25, "verbNum": 12, "adjNum": 10, "infNum": 1, "partPastNum": 1, "partPresNum": 0, "partFutNum": 0, "transNum": 0, "xNum": 8, "advNum": 8, "properNounNum": 2, "numNum": 5, "conjNum": 7, "punctNum": 28, "pronNum": 1, "relPronNum": 0, "demPronNum": 2, "adposNum": 1, "multiplePunctNum": 2, "phraseNum": 0, "nounRate": 0.22321428571428573, "verbRate": 0.10714285714285714, "adjRate": 0.08928571428571429, "infRate": 0.008928571428571428, "partPastRate": 0.008928571428571428, "partPresRate": 0.0, "partFutRate": 0.0, "transRate": 0.0, "xRate": 0.07142857142857142, "advRate": 0.07142857142857142, "properNounRate": 0.017857142857142856, "numRate": 0.044642857142857144, "conjRate": 0.0625, "punctRate": 0.25, "pronRate": 0.008928571428571428, "relPronRate": 0.0, "demPronRate": 0.017857142857142856, "adposRate": 0.008928571428571428, "multiplePunctRate": 0.07142857142857142, "partsDensityRate": 3.4375, "contentfulness": 6.111111111111111, "phraseRate": 0.0, "pastTenseNum": 6, "presentTenseNum": 5, "condNum": 0, "impNum": 0, "freqNum": 0, "causNum": 0, "modalNum": 0, "sg1VerbNum": 12, "sg2VerbNum": 12, "sg3VerbNum": 12, "pl1VerbNum": 12, "pl2VerbNum": 12, "pl3VerbNum": 12, "superlatNum": 0, "comparatNum": 2, "specDerivSuffixNum": 0, "pluralNounNum": 0, "pastTenseRate": 0.5, "presentTenseRate": 0.4166666666666667, "condRate": 0.0, "impRate": 0.0, "freqRate": 0.0, "causRate": 0.0, "modalRate": 0.0, "sg1VerbRate": 1.0, "sg2VerbRate": 1.0, "sg3VerbRate": 1.0, "pl1VerbRate": 1.0, "pl2VerbRate": 1.0, "pl3VerbRate": 1.0, "superlatRate": 0.0, "comparatRate": 0.2, "specDerivSuffixRate": 0.0, "pluralNounRate": 0.0, "subjNum": 5, "objNum": 3, "attNum": 8, "subordNum": 3, "adverbNum": 10, "coordNum": 10, "clauseNum": 16, "simpleNum": 5, "complexNum": 4, "complexity1Num": 2, "complexity2Num": 1, "complexity3Num": 1, "compoundNum": 0, "subjRate": 0.044642857142857144, "objRate": 0.026785714285714284, "attRate": 0.07142857142857142, "subordRate": 0.026785714285714284, "adverbRate": 0.08928571428571429, "coordRate": 0.08928571428571429, "partsRate": 2.25, "clauseRate": 1.7777777777777777, "simpleRate": 0.5555555555555556, "complexRate": 0.4444444444444444, "complexity1Rate": 0.2222222222222222, "complexity2Rate": 0.1111111111111111, "complexity3Rate": 0.1111111111111111, "complexClauseRate": 2.75, "sentencesPerParagraph": 0.0, "wordsLengthRate": 5.523809523809524, "compoundRate": 0.0, "positiveNum": 0, "negativeNum": 0, "precoPositiveNum": 0, "precoNegativeNum": 0, "negemoNum": 0, "negationNum": 1, "functionNum": 57, "contentNum": 55, "vulgarNum": 0, "racistNum": 0, "specStyleNum": 0, "addressingNum": 0, "closingNum": 0, "postscriptNum": 0, "brutalNum": 0, "positiveRate": 0.0, "negativeRate": 0.0, "precoPositiveRate": 0.0, "precoNegativeRate": 0.0, "negemoRate": 0.0, "negationRate": 0.008928571428571428, "functionRate": 0.5089285714285714, "contentRate": 0.49107142857142855, "vulgarRate": 0.0, "racistRate": 0.0, "specStyleRate": 0.0, "addressingRate": 0.0, "closingRate": 0.0, "postscriptRate": 0.0, "brutalRate": 0.0, "epistemicNum": 0, "investNum": 0, "conditionNum": 0, "weaselNum": 0, "peacockNum": 0, "hedgeNum": 0, "doxasticNum": 0, "epistemicRate": 0.0, "investRate": 0.0, "conditionRate": 0.0, "weaselRate": 0.0, "peacockRate": 0.0, "hedgeRate": 0.0, "doxasticRate": 0.0, "loveNum": 0, "anxietyNum": 0, "sorrowNum": 0, "joyNum": 0, "disgustNum": 0, "fearNum": 0, "surpriseNum": 0, "angerNum": 0, "loveRate": 0.0, "anxietyRate": 0.0, "sorrowRate": 0.0, "joyRate": 0.0, "disgustRate": 0.0, "fearRate": 0.0, "surpriseRate": 0.0, "angerRate": 0.0, "slangBeGeneralNum": 0, "slangBeCigaretteNum": 0, "slangBeHumanNum": 0, "slangBeVehicleNum": 0, "slangBeDrugNum": 0, "slangBvNum": 0, "slangBeGeneralRate": 0.0, "slangBeCigaretteRate": 0.0, "slangBeHumanRate": 0.0, "slangBeVehicleRate": 0.0, "slangBeDrugRate": 0.0, "slangBvRate": 0.0, "speechactNum": 0, "quoteNum": 0, "dashNum": 0, "publicNum": 0, "privateNum": 0, "suasiveNum": 0, "discMarkerNum": 0, "smileyNum": 0, "dateNum": 0, "hesitationNum": 0, "restartNum": 0, "repeatNum": 0, "conjBeforeDiscNum": 0, "conjAfterDiscNum": 0, "wordBeforeHesitationNum": 0, "wordAfterHesitationNum": 0, "otherCollocationNum": 0, "speechactRate": 0.0, "quoteRate": 0.0, "dashRate": 0.0, "publicRate": 0.0, "privateRate": 0.0, "suasiveRate": 0.0, "discMarkerRate": 0.0, "smileyRate": 0.0, "dateRate": 0.0, "hesitationRate": 0.0, "restartRate": 0.0, "repeatRate": 0.0, "conjBeforeDiscRate": 0.0, "conjAfterDiscRate": 0.0, "wordBeforeHesitationRate": 0.0, "wordAfterHesitationRate": 0.0, "otherCollocationRate": 0.0, "easyWordNum": 99, "hardWordNum": 13, "easyWordRate": 0.8839285714285714, "hardWordRate": 0.11607142857142858, "fleschReadingEaseScore": 74.1021031746032, "gunningFogIndex": 5.02420634920635, "fleschKincaidGradeLevel": 6.015119047619049, "colemanLiauIndex": 9.968508928571424, "smogIndex": 6.88968998030894, "automatedReadabilityIndex": 5.398472222222221, "linsearWriteIndex": 5.4980158730158735, "author": "", "locationNameNum": 0, "locationNameRate": 0.0, "personNameNum": 2, "personNameRate": 0.017857142857142856, "organizationNameNum": 0, "organizationNameRate": 0.0, "misspelledNum": 9, "misspelledRate": 0.08035714285714286, "missingAccentNum": 3, "missingAccentRate": 0.026785714285714284, "foreignAccentNum": 0, "foreignAccentRate": 0.0, "wordConcatNum": 1, "wordConcatRate": 0.008928571428571428, "jLyMistakeNum": 0, "jLyMistakeRate": 0.0, "publicVNum": 0, "freqSuffixNum": 0, "partsNum": 36, "clauseWordNum": 16, "privateVNum": 0}