{"tokenNum": 93, "sentenceNum": 6, "lemmaNum": 64, "lemmaRate": 0.6881720430107527, "sentenceLength": 15.5, "allUpperNum": 0, "firstUpperNum": 7, "allUpperRate": 0.0, "firstUpperRate": 0.07526881720430108, "declarSentNum": 6, "imperSentNum": 0, "questionNum": 0, "declarSentRate": 1.0, "imperSentRate": 0.0, "questionRate": 0.0, "accent": true, "saturation": 4.571428571428571, "paragraphNum": 0, "nounNum": 16, "verbNum": 13, "adjNum": 6, "infNum": 3, "partPastNum": 0, "partPresNum": 1, "partFutNum": 0, "transNum": 0, "xNum": 6, "advNum": 13, "properNounNum": 1, "numNum": 0, "conjNum": 8, "punctNum": 21, "pronNum": 4, "relPronNum": 1, "demPronNum": 5, "adposNum": 1, "multiplePunctNum": 0, "phraseNum": 0, "nounRate": 0.17204301075268819, "verbRate": 0.13978494623655913, "adjRate": 0.06451612903225806, "infRate": 0.03225806451612903, "partPastRate": 0.0, "partPresRate": 0.010752688172043012, "partFutRate": 0.0, "transRate": 0.0, "xRate": 0.06451612903225806, "advRate": 0.13978494623655913, "properNounRate": 0.010752688172043012, "numRate": 0.0, "conjRate": 0.08602150537634409, "punctRate": 0.22580645161290322, "pronRate": 0.043010752688172046, "relPronRate": 0.010752688172043012, "demPronRate": 0.053763440860215055, "adposRate": 0.010752688172043012, "multiplePunctRate": 0.0, "partsDensityRate": 3.4285714285714284, "contentfulness": 8.0, "phraseRate": 0.0, "pastTenseNum": 1, "presentTenseNum": 9, "condNum": 1, "impNum": 2, "freqNum": 0, "causNum": 0, "modalNum": 0, "sg1VerbNum": 13, "sg2VerbNum": 13, "sg3VerbNum": 13, "pl1VerbNum": 13, "pl2VerbNum": 13, "pl3VerbNum": 13, "superlatNum": 0, "comparatNum": 1, "specDerivSuffixNum": 0, "pluralNounNum": 2, "pastTenseRate": 0.07692307692307693, "presentTenseRate": 0.6923076923076923, "condRate": 0.07692307692307693, "impRate": 0.15384615384615385, "freqRate": 0.0, "causRate": 0.0, "modalRate": 0.0, "sg1VerbRate": 1.0, "sg2VerbRate": 1.0, "sg3VerbRate": 1.0, "pl1VerbRate": 1.0, "pl2VerbRate": 1.0, "pl3VerbRate": 1.0, "superlatRate": 0.0, "comparatRate": 0.16666666666666666, "specDerivSuffixRate": 0.0, "pluralNounRate": 0.125, "subjNum": 6, "objNum": 3, "attNum": 2, "subordNum": 6, "adverbNum": 17, "coordNum": 7, "clauseNum": 14, "simpleNum": 1, "complexNum": 5, "complexity1Num": 2, "complexity2Num": 3, "complexity3Num": 0, "compoundNum": 0, "subjRate": 0.06451612903225806, "objRate": 0.03225806451612903, "attRate": 0.021505376344086023, "subordRate": 0.06451612903225806, "adverbRate": 0.1827956989247312, "coordRate": 0.07526881720430108, "partsRate": 2.5, "clauseRate": 2.3333333333333335, "simpleRate": 0.16666666666666666, "complexRate": 0.8333333333333334, "complexity1Rate": 0.3333333333333333, "complexity2Rate": 0.5, "complexity3Rate": 0.0, "complexClauseRate": 2.6, "sentencesPerParagraph": 0.0, "wordsLengthRate": 4.958333333333333, "compoundRate": 0.0, "positiveNum": 0, "negativeNum": 0, "precoPositiveNum": 0, "precoNegativeNum": 0, "negemoNum": 0, "negationNum": 3, "functionNum": 45, "contentNum": 48, "vulgarNum": 0, "racistNum": 0, "specStyleNum": 0, "addressingNum": 0, "closingNum": 0, "postscriptNum": 0, "brutalNum": 0, "positiveRate": 0.0, "negativeRate": 0.0, "precoPositiveRate": 0.0, "precoNegativeRate": 0.0, "negemoRate": 0.0, "negationRate": 0.03225806451612903, "functionRate": 0.4838709677419355, "contentRate": 0.5161290322580645, "vulgarRate": 0.0, "racistRate": 0.0, "specStyleRate": 0.0, "addressingRate": 0.0, "closingRate": 0.0, "postscriptRate": 0.0, "brutalRate": 0.0, "epistemicNum": 0, "investNum": 0, "conditionNum": 0, "weaselNum": 0, "peacockNum": 0, "hedgeNum": 0, "doxasticNum": 0, "epistemicRate": 0.0, "investRate": 0.0, "conditionRate": 0.0, "weaselRate": 0.0, "peacockRate": 0.0, "hedgeRate": 0.0, "doxasticRate": 0.0, "loveNum": 0, "anxietyNum": 0, "sorrowNum": 0, "joyNum": 0, "disgustNum": 0, "fearNum": 0, "surpriseNum": 0, "angerNum": 0, "loveRate": 0.0, "anxietyRate": 0.0, "sorrowRate": 0.0, "joyRate": 0.0, "disgustRate": 0.0, "fearRate": 0.0, "surpriseRate": 0.0, "angerRate": 0.0, "slangBeGeneralNum": 0, "slangBeCigaretteNum": 0, "slangBeHumanNum": 0, "slangBeVehicleNum": 0, "slangBeDrugNum": 0, "slangBvNum": 0, "slangBeGeneralRate": 0.0, "slangBeCigaretteRate": 0.0, "slangBeHumanRate": 0.0, "slangBeVehicleRate": 0.0, "slangBeDrugRate": 0.0, "slangBvRate": 0.0, "speechactNum": 0, "quoteNum": 0, "dashNum": 0, "publicNum": 0, "privateNum": 0, "suasiveNum": 0, "discMarkerNum": 0, "smileyNum": 0, "dateNum": 0, "hesitationNum": 0, "restartNum": 0, "repeatNum": 0, "conjBeforeDiscNum": 0, "conjAfterDiscNum": 0, "wordBeforeHesitationNum": 0, "wordAfterHesitationNum": 0, "otherCollocationNum": 0, "speechactRate": 0.0, "quoteRate": 0.0, "dashRate": 0.0, "publicRate": 0.0, "privateRate": 0.0, "suasiveRate": 0.0, "discMarkerRate": 0.0, "smileyRate": 0.0, "dateRate": 0.0, "hesitationRate": 0.0, "restartRate": 0.0, "repeatRate": 0.0, "conjBeforeDiscRate": 0.0, "conjAfterDiscRate": 0.0, "wordBeforeHesitationRate": 0.0, "wordAfterHesitationRate": 0.0, "otherCollocationRate": 0.0, "easyWordNum": 88, "hardWordNum": 5, "easyWordRate": 0.946236559139785, "hardWordRate": 0.053763440860215055, "fleschReadingEaseScore": 81.94120967741938, "gunningFogIndex": 6.221505376344087, "fleschKincaidGradeLevel": 5.680806451612906, "colemanLiauIndex": 7.69647311827957, "smogIndex": 5.46131890053228, "automatedReadabilityIndex": 5.109354838709677, "linsearWriteIndex": 7.083333333333334, "author": "", "locationNameNum": 0, "locationNameRate": 0.0, "personNameNum": 1, "personNameRate": 0.010752688172043012, "organizationNameNum": 0, "organizationNameRate": 0.0, "misspelledNum": 3, "misspelledRate": 0.03225806451612903, "missingAccentNum": 0, "missingAccentRate": 0.0, "foreignAccentNum": 0, "foreignAccentRate": 0.0, "wordConcatNum": 1, "wordConcatRate": 0.010752688172043012, "jLyMistakeNum": 1, "jLyMistakeRate": 0.010752688172043012, "publicVNum": 0, "freqSuffixNum": 0, "partsNum": 35, "clauseWordNum": 14, "privateVNum": 0}