{"tokenNum": 193, "sentenceNum": 17, "lemmaNum": 119, "lemmaRate": 0.616580310880829, "sentenceLength": 11.352941176470589, "allUpperNum": 1, "firstUpperNum": 21, "allUpperRate": 0.0051813471502590676, "firstUpperRate": 0.10880829015544041, "declarSentNum": 17, "imperSentNum": 0, "questionNum": 0, "declarSentRate": 1.0, "imperSentRate": 0.0, "questionRate": 0.0, "accent": true, "saturation": 3.966666666666667, "paragraphNum": 0, "nounNum": 43, "verbNum": 24, "adjNum": 16, "infNum": 7, "partPastNum": 0, "partPresNum": 3, "partFutNum": 0, "transNum": 0, "xNum": 17, "advNum": 18, "properNounNum": 5, "numNum": 5, "conjNum": 12, "punctNum": 33, "pronNum": 4, "relPronNum": 0, "demPronNum": 4, "adposNum": 1, "multiplePunctNum": 3, "phraseNum": 0, "nounRate": 0.22279792746113988, "verbRate": 0.12435233160621761, "adjRate": 0.08290155440414508, "infRate": 0.03626943005181347, "partPastRate": 0.0, "partPresRate": 0.015544041450777202, "partFutRate": 0.0, "transRate": 0.0, "xRate": 0.08808290155440414, "advRate": 0.09326424870466321, "properNounRate": 0.025906735751295335, "numRate": 0.025906735751295335, "conjRate": 0.06217616580310881, "punctRate": 0.17098445595854922, "pronRate": 0.02072538860103627, "relPronRate": 0.0, "demPronRate": 0.02072538860103627, "adposRate": 0.0051813471502590676, "multiplePunctRate": 0.09090909090909091, "partsDensityRate": 3.3666666666666667, "contentfulness": 5.9411764705882355, "phraseRate": 0.0, "pastTenseNum": 1, "presentTenseNum": 16, "condNum": 1, "impNum": 5, "freqNum": 0, "causNum": 0, "modalNum": 2, "sg1VerbNum": 24, "sg2VerbNum": 24, "sg3VerbNum": 24, "pl1VerbNum": 24, "pl2VerbNum": 24, "pl3VerbNum": 24, "superlatNum": 1, "comparatNum": 1, "specDerivSuffixNum": 0, "pluralNounNum": 5, "pastTenseRate": 0.041666666666666664, "presentTenseRate": 0.6666666666666666, "condRate": 0.041666666666666664, "impRate": 0.20833333333333334, "freqRate": 0.0, "causRate": 0.0, "modalRate": 0.08333333333333333, "sg1VerbRate": 1.0, "sg2VerbRate": 1.0, "sg3VerbRate": 1.0, "pl1VerbRate": 1.0, "pl2VerbRate": 1.0, "pl3VerbRate": 1.0, "superlatRate": 0.0625, "comparatRate": 0.0625, "specDerivSuffixRate": 0.0, "pluralNounRate": 0.11627906976744186, "subjNum": 13, "objNum": 5, "attNum": 11, "subordNum": 5, "adverbNum": 20, "coordNum": 9, "clauseNum": 30, "simpleNum": 7, "complexNum": 10, "complexity1Num": 7, "complexity2Num": 3, "complexity3Num": 0, "compoundNum": 0, "subjRate": 0.06735751295336788, "objRate": 0.025906735751295335, "attRate": 0.05699481865284974, "subordRate": 0.025906735751295335, "adverbRate": 0.10362694300518134, "coordRate": 0.046632124352331605, "partsRate": 1.9333333333333333, "clauseRate": 1.7647058823529411, "simpleRate": 0.4117647058823529, "complexRate": 0.5882352941176471, "complexity1Rate": 0.4117647058823529, "complexity2Rate": 0.17647058823529413, "complexity3Rate": 0.0, "complexClauseRate": 2.3, "sentencesPerParagraph": 0.0, "wordsLengthRate": 5.225, "compoundRate": 0.0, "positiveNum": 0, "negativeNum": 0, "precoPositiveNum": 0, "precoNegativeNum": 0, "negemoNum": 0, "negationNum": 5, "functionNum": 92, "contentNum": 101, "vulgarNum": 0, "racistNum": 0, "specStyleNum": 0, "addressingNum": 0, "closingNum": 0, "postscriptNum": 0, "brutalNum": 0, "positiveRate": 0.0, "negativeRate": 0.0, "precoPositiveRate": 0.0, "precoNegativeRate": 0.0, "negemoRate": 0.0, "negationRate": 0.025906735751295335, "functionRate": 0.47668393782383417, "contentRate": 0.5233160621761658, "vulgarRate": 0.0, "racistRate": 0.0, "specStyleRate": 0.0, "addressingRate": 0.0, "closingRate": 0.0, "postscriptRate": 0.0, "brutalRate": 0.0, "epistemicNum": 0, "investNum": 0, "conditionNum": 0, "weaselNum": 0, "peacockNum": 0, "hedgeNum": 0, "doxasticNum": 0, "epistemicRate": 0.0, "investRate": 0.0, "conditionRate": 0.0, "weaselRate": 0.0, "peacockRate": 0.0, "hedgeRate": 0.0, "doxasticRate": 0.0, "loveNum": 0, "anxietyNum": 0, "sorrowNum": 0, "joyNum": 0, "disgustNum": 0, "fearNum": 0, "surpriseNum": 0, "angerNum": 0, "loveRate": 0.0, "anxietyRate": 0.0, "sorrowRate": 0.0, "joyRate": 0.0, "disgustRate": 0.0, "fearRate": 0.0, "surpriseRate": 0.0, "angerRate": 0.0, "slangBeGeneralNum": 0, "slangBeCigaretteNum": 0, "slangBeHumanNum": 0, "slangBeVehicleNum": 0, "slangBeDrugNum": 0, "slangBvNum": 0, "slangBeGeneralRate": 0.0, "slangBeCigaretteRate": 0.0, "slangBeHumanRate": 0.0, "slangBeVehicleRate": 0.0, "slangBeDrugRate": 0.0, "slangBvRate": 0.0, "speechactNum": 0, "quoteNum": 0, "dashNum": 0, "publicNum": 0, "privateNum": 0, "suasiveNum": 0, "discMarkerNum": 0, "smileyNum": 0, "dateNum": 0, "hesitationNum": 0, "restartNum": 0, "repeatNum": 0, "conjBeforeDiscNum": 0, "conjAfterDiscNum": 0, "wordBeforeHesitationNum": 0, "wordAfterHesitationNum": 0, "otherCollocationNum": 0, "speechactRate": 0.0, "quoteRate": 0.0, "dashRate": 0.0, "publicRate": 0.0, "privateRate": 0.0, "suasiveRate": 0.0, "discMarkerRate": 0.0, "smileyRate": 0.0, "dateRate": 0.0, "hesitationRate": 0.0, "restartRate": 0.0, "repeatRate": 0.0, "conjBeforeDiscRate": 0.0, "conjAfterDiscRate": 0.0, "wordBeforeHesitationRate": 0.0, "wordAfterHesitationRate": 0.0, "otherCollocationRate": 0.0, "easyWordNum": 171, "hardWordNum": 22, "easyWordRate": 0.8860103626943006, "hardWordRate": 0.11398963730569948, "fleschReadingEaseScore": 72.13767144163366, "gunningFogIndex": 4.586772325510515, "fleschKincaidGradeLevel": 6.01795793965255, "colemanLiauIndex": 10.353777202072536, "smogIndex": 8.021203637495837, "automatedReadabilityIndex": 5.160822919841511, "linsearWriteIndex": 2.3678756476683938, "author": "", "locationNameNum": 0, "locationNameRate": 0.0, "personNameNum": 1, "personNameRate": 0.0051813471502590676, "organizationNameNum": 0, "organizationNameRate": 0.0, "misspelledNum": 12, "misspelledRate": 0.06217616580310881, "missingAccentNum": 2, "missingAccentRate": 0.010362694300518135, "foreignAccentNum": 0, "foreignAccentRate": 0.0, "wordConcatNum": 1, "wordConcatRate": 0.0051813471502590676, "jLyMistakeNum": 0, "jLyMistakeRate": 0.0, "publicVNum": 0, "freqSuffixNum": 0, "partsNum": 58, "clauseWordNum": 30, "privateVNum": 0}