{"tokenNum": 81, "sentenceNum": 4, "lemmaNum": 61, "lemmaRate": 0.7530864197530864, "sentenceLength": 20.25, "allUpperNum": 0, "firstUpperNum": 13, "allUpperRate": 0.0, "firstUpperRate": 0.16049382716049382, "declarSentNum": 4, "imperSentNum": 0, "questionNum": 0, "declarSentRate": 1.0, "imperSentRate": 0.0, "questionRate": 0.0, "accent": true, "saturation": 5.083333333333333, "paragraphNum": 0, "nounNum": 19, "verbNum": 8, "adjNum": 8, "infNum": 1, "partPastNum": 0, "partPresNum": 3, "partFutNum": 0, "transNum": 0, "xNum": 3, "advNum": 8, "properNounNum": 9, "numNum": 1, "conjNum": 2, "punctNum": 24, "pronNum": 2, "relPronNum": 1, "demPronNum": 1, "adposNum": 1, "multiplePunctNum": 1, "phraseNum": 0, "nounRate": 0.2345679012345679, "verbRate": 0.09876543209876543, "adjRate": 0.09876543209876543, "infRate": 0.012345679012345678, "partPastRate": 0.0, "partPresRate": 0.037037037037037035, "partFutRate": 0.0, "transRate": 0.0, "xRate": 0.037037037037037035, "advRate": 0.09876543209876543, "properNounRate": 0.1111111111111111, "numRate": 0.012345679012345678, "conjRate": 0.024691358024691357, "punctRate": 0.2962962962962963, "pronRate": 0.024691358024691357, "relPronRate": 0.012345679012345678, "demPronRate": 0.012345679012345678, "adposRate": 0.012345679012345678, "multiplePunctRate": 0.041666666666666664, "partsDensityRate": 3.5833333333333335, "contentfulness": 10.75, "phraseRate": 0.0, "pastTenseNum": 3, "presentTenseNum": 5, "condNum": 0, "impNum": 0, "freqNum": 0, "causNum": 0, "modalNum": 0, "sg1VerbNum": 8, "sg2VerbNum": 8, "sg3VerbNum": 8, "pl1VerbNum": 8, "pl2VerbNum": 8, "pl3VerbNum": 8, "superlatNum": 0, "comparatNum": 1, "specDerivSuffixNum": 0, "pluralNounNum": 1, "pastTenseRate": 0.375, "presentTenseRate": 0.625, "condRate": 0.0, "impRate": 0.0, "freqRate": 0.0, "causRate": 0.0, "modalRate": 0.0, "sg1VerbRate": 1.0, "sg2VerbRate": 1.0, "sg3VerbRate": 1.0, "pl1VerbRate": 1.0, "pl2VerbRate": 1.0, "pl3VerbRate": 1.0, "superlatRate": 0.0, "comparatRate": 0.125, "specDerivSuffixRate": 0.0, "pluralNounRate": 0.05263157894736842, "subjNum": 2, "objNum": 2, "attNum": 3, "subordNum": 3, "adverbNum": 9, "coordNum": 7, "clauseNum": 12, "simpleNum": 1, "complexNum": 3, "complexity1Num": 2, "complexity2Num": 0, "complexity3Num": 0, "compoundNum": 0, "subjRate": 0.024691358024691357, "objRate": 0.024691358024691357, "attRate": 0.037037037037037035, "subordRate": 0.037037037037037035, "adverbRate": 0.1111111111111111, "coordRate": 0.08641975308641975, "partsRate": 1.9166666666666667, "clauseRate": 3.0, "simpleRate": 0.25, "complexRate": 0.75, "complexity1Rate": 0.5, "complexity2Rate": 0.0, "complexity3Rate": 0.0, "complexClauseRate": 3.6666666666666665, "sentencesPerParagraph": 0.0, "wordsLengthRate": 5.7368421052631575, "compoundRate": 0.0, "positiveNum": 0, "negativeNum": 0, "precoPositiveNum": 0, "precoNegativeNum": 0, "negemoNum": 0, "negationNum": 0, "functionNum": 38, "contentNum": 43, "vulgarNum": 0, "racistNum": 0, "specStyleNum": 0, "addressingNum": 0, "closingNum": 0, "postscriptNum": 0, "brutalNum": 0, "positiveRate": 0.0, "negativeRate": 0.0, "precoPositiveRate": 0.0, "precoNegativeRate": 0.0, "negemoRate": 0.0, "negationRate": 0.0, "functionRate": 0.4691358024691358, "contentRate": 0.5308641975308642, "vulgarRate": 0.0, "racistRate": 0.0, "specStyleRate": 0.0, "addressingRate": 0.0, "closingRate": 0.0, "postscriptRate": 0.0, "brutalRate": 0.0, "epistemicNum": 0, "investNum": 0, "conditionNum": 0, "weaselNum": 0, "peacockNum": 0, "hedgeNum": 0, "doxasticNum": 0, "epistemicRate": 0.0, "investRate": 0.0, "conditionRate": 0.0, "weaselRate": 0.0, "peacockRate": 0.0, "hedgeRate": 0.0, "doxasticRate": 0.0, "loveNum": 0, "anxietyNum": 0, "sorrowNum": 0, "joyNum": 0, "disgustNum": 0, "fearNum": 0, "surpriseNum": 0, "angerNum": 0, "loveRate": 0.0, "anxietyRate": 0.0, "sorrowRate": 0.0, "joyRate": 0.0, "disgustRate": 0.0, "fearRate": 0.0, "surpriseRate": 0.0, "angerRate": 0.0, "slangBeGeneralNum": 0, "slangBeCigaretteNum": 0, "slangBeHumanNum": 0, "slangBeVehicleNum": 0, "slangBeDrugNum": 0, "slangBvNum": 0, "slangBeGeneralRate": 0.0, "slangBeCigaretteRate": 0.0, "slangBeHumanRate": 0.0, "slangBeVehicleRate": 0.0, "slangBeDrugRate": 0.0, "slangBvRate": 0.0, "speechactNum": 0, "quoteNum": 0, "dashNum": 0, "publicNum": 0, "privateNum": 0, "suasiveNum": 0, "discMarkerNum": 0, "smileyNum": 0, "dateNum": 0, "hesitationNum": 0, "restartNum": 0, "repeatNum": 2, "conjBeforeDiscNum": 0, "conjAfterDiscNum": 0, "wordBeforeHesitationNum": 0, "wordAfterHesitationNum": 0, "otherCollocationNum": 0, "speechactRate": 0.0, "quoteRate": 0.0, "dashRate": 0.0, "publicRate": 0.0, "privateRate": 0.0, "suasiveRate": 0.0, "discMarkerRate": 0.0, "smileyRate": 0.0, "dateRate": 0.0, "hesitationRate": 0.0, "restartRate": 0.0, "repeatRate": 0.024691358024691357, "conjBeforeDiscRate": 0.0, "conjAfterDiscRate": 0.0, "wordBeforeHesitationRate": 0.0, "wordAfterHesitationRate": 0.0, "otherCollocationRate": 0.0, "easyWordNum": 77, "hardWordNum": 4, "easyWordRate": 0.9506172839506173, "hardWordRate": 0.04938271604938271, "fleschReadingEaseScore": 78.70347222222222, "gunningFogIndex": 8.119753086419754, "fleschKincaidGradeLevel": 7.31243827160494, "colemanLiauIndex": 9.72318518518518, "smogIndex": 5.2151, "automatedReadabilityIndex": 9.105, "linsearWriteIndex": 10.875, "author": "", "locationNameNum": 0, "locationNameRate": 0.0, "personNameNum": 1, "personNameRate": 0.012345679012345678, "organizationNameNum": 0, "organizationNameRate": 0.0, "misspelledNum": 5, "misspelledRate": 0.06172839506172839, "missingAccentNum": 0, "missingAccentRate": 0.0, "foreignAccentNum": 0, "foreignAccentRate": 0.0, "wordConcatNum": 1, "wordConcatRate": 0.012345679012345678, "jLyMistakeNum": 0, "jLyMistakeRate": 0.0, "publicVNum": 0, "freqSuffixNum": 0, "partsNum": 23, "clauseWordNum": 12, "privateVNum": 0}