{"tokenNum": 192, "sentenceNum": 16, "lemmaNum": 103, "lemmaRate": 0.5364583333333334, "sentenceLength": 12.0, "allUpperNum": 9, "firstUpperNum": 34, "allUpperRate": 0.046875, "firstUpperRate": 0.17708333333333334, "declarSentNum": 16, "imperSentNum": 0, "questionNum": 0, "declarSentRate": 1.0, "imperSentRate": 0.0, "questionRate": 0.0, "accent": true, "saturation": 3.3225806451612905, "paragraphNum": 0, "nounNum": 39, "verbNum": 23, "adjNum": 11, "infNum": 2, "partPastNum": 0, "partPresNum": 3, "partFutNum": 0, "transNum": 0, "xNum": 12, "advNum": 14, "properNounNum": 13, "numNum": 4, "conjNum": 7, "punctNum": 55, "pronNum": 10, "relPronNum": 3, "demPronNum": 4, "adposNum": 1, "multiplePunctNum": 0, "phraseNum": 0, "nounRate": 0.203125, "verbRate": 0.11979166666666667, "adjRate": 0.057291666666666664, "infRate": 0.010416666666666666, "partPastRate": 0.0, "partPresRate": 0.015625, "partFutRate": 0.0, "transRate": 0.0, "xRate": 0.0625, "advRate": 0.07291666666666667, "properNounRate": 0.06770833333333333, "numRate": 0.020833333333333332, "conjRate": 0.036458333333333336, "punctRate": 0.2864583333333333, "pronRate": 0.052083333333333336, "relPronRate": 0.015625, "demPronRate": 0.020833333333333332, "adposRate": 0.005208333333333333, "multiplePunctRate": 0.0, "partsDensityRate": 2.806451612903226, "contentfulness": 5.4375, "phraseRate": 0.0, "pastTenseNum": 4, "presentTenseNum": 17, "condNum": 0, "impNum": 8, "freqNum": 0, "causNum": 0, "modalNum": 1, "sg1VerbNum": 23, "sg2VerbNum": 23, "sg3VerbNum": 23, "pl1VerbNum": 23, "pl2VerbNum": 23, "pl3VerbNum": 23, "superlatNum": 0, "comparatNum": 0, "specDerivSuffixNum": 0, "pluralNounNum": 4, "pastTenseRate": 0.17391304347826086, "presentTenseRate": 0.7391304347826086, "condRate": 0.0, "impRate": 0.34782608695652173, "freqRate": 0.0, "causRate": 0.0, "modalRate": 0.043478260869565216, "sg1VerbRate": 1.0, "sg2VerbRate": 1.0, "sg3VerbRate": 1.0, "pl1VerbRate": 1.0, "pl2VerbRate": 1.0, "pl3VerbRate": 1.0, "superlatRate": 0.0, "comparatRate": 0.0, "specDerivSuffixRate": 0.0, "pluralNounRate": 0.10256410256410256, "subjNum": 10, "objNum": 7, "attNum": 6, "subordNum": 9, "adverbNum": 16, "coordNum": 5, "clauseNum": 31, "simpleNum": 5, "complexNum": 11, "complexity1Num": 7, "complexity2Num": 4, "complexity3Num": 0, "compoundNum": 0, "subjRate": 0.052083333333333336, "objRate": 0.036458333333333336, "attRate": 0.03125, "subordRate": 0.046875, "adverbRate": 0.08333333333333333, "coordRate": 0.026041666666666668, "partsRate": 1.4193548387096775, "clauseRate": 1.9375, "simpleRate": 0.3125, "complexRate": 0.6875, "complexity1Rate": 0.4375, "complexity2Rate": 0.25, "complexity3Rate": 0.0, "complexClauseRate": 2.3636363636363638, "sentencesPerParagraph": 0.0, "wordsLengthRate": 5.357664233576642, "compoundRate": 0.0, "positiveNum": 0, "negativeNum": 0, "precoPositiveNum": 0, "precoNegativeNum": 0, "negemoNum": 0, "negationNum": 3, "functionNum": 105, "contentNum": 87, "vulgarNum": 0, "racistNum": 0, "specStyleNum": 0, "addressingNum": 0, "closingNum": 0, "postscriptNum": 0, "brutalNum": 0, "positiveRate": 0.0, "negativeRate": 0.0, "precoPositiveRate": 0.0, "precoNegativeRate": 0.0, "negemoRate": 0.0, "negationRate": 0.015625, "functionRate": 0.546875, "contentRate": 0.453125, "vulgarRate": 0.0, "racistRate": 0.0, "specStyleRate": 0.0, "addressingRate": 0.0, "closingRate": 0.0, "postscriptRate": 0.0, "brutalRate": 0.0, "epistemicNum": 0, "investNum": 0, "conditionNum": 0, "weaselNum": 0, "peacockNum": 0, "hedgeNum": 0, "doxasticNum": 0, "epistemicRate": 0.0, "investRate": 0.0, "conditionRate": 0.0, "weaselRate": 0.0, "peacockRate": 0.0, "hedgeRate": 0.0, "doxasticRate": 0.0, "loveNum": 0, "anxietyNum": 0, "sorrowNum": 0, "joyNum": 0, "disgustNum": 0, "fearNum": 0, "surpriseNum": 0, "angerNum": 0, "loveRate": 0.0, "anxietyRate": 0.0, "sorrowRate": 0.0, "joyRate": 0.0, "disgustRate": 0.0, "fearRate": 0.0, "surpriseRate": 0.0, "angerRate": 0.0, "slangBeGeneralNum": 0, "slangBeCigaretteNum": 0, "slangBeHumanNum": 0, "slangBeVehicleNum": 0, "slangBeDrugNum": 0, "slangBvNum": 0, "slangBeGeneralRate": 0.0, "slangBeCigaretteRate": 0.0, "slangBeHumanRate": 0.0, "slangBeVehicleRate": 0.0, "slangBeDrugRate": 0.0, "slangBvRate": 0.0, "speechactNum": 0, "quoteNum": 0, "dashNum": 0, "publicNum": 0, "privateNum": 0, "suasiveNum": 0, "discMarkerNum": 0, "smileyNum": 0, "dateNum": 0, "hesitationNum": 0, "restartNum": 0, "repeatNum": 23, "conjBeforeDiscNum": 0, "conjAfterDiscNum": 0, "wordBeforeHesitationNum": 0, "wordAfterHesitationNum": 0, "otherCollocationNum": 0, "speechactRate": 0.0, "quoteRate": 0.0, "dashRate": 0.0, "publicRate": 0.0, "privateRate": 0.0, "suasiveRate": 0.0, "discMarkerRate": 0.0, "smileyRate": 0.0, "dateRate": 0.0, "hesitationRate": 0.0, "restartRate": 0.0, "repeatRate": 0.11979166666666667, "conjBeforeDiscRate": 0.0, "conjAfterDiscRate": 0.0, "wordBeforeHesitationRate": 0.0, "wordAfterHesitationRate": 0.0, "otherCollocationRate": 0.0, "easyWordNum": 182, "hardWordNum": 10, "easyWordRate": 0.9479166666666666, "hardWordRate": 0.052083333333333336, "fleschReadingEaseScore": 90.226875, "gunningFogIndex": 4.820833333333334, "fleschKincaidGradeLevel": 3.6556250000000006, "colemanLiauIndex": 7.882458333333329, "smogIndex": 6.42735559955562, "automatedReadabilityIndex": 3.5081249999999997, "linsearWriteIndex": 2.2552083333333335, "author": "", "locationNameNum": 0, "locationNameRate": 0.0, "personNameNum": 4, "personNameRate": 0.020833333333333332, "organizationNameNum": 1, "organizationNameRate": 0.005208333333333333, "misspelledNum": 32, "misspelledRate": 0.16666666666666666, "missingAccentNum": 31, "missingAccentRate": 0.16145833333333334, "foreignAccentNum": 0, "foreignAccentRate": 0.0, "wordConcatNum": 0, "wordConcatRate": 0.0, "jLyMistakeNum": 0, "jLyMistakeRate": 0.0, "publicVNum": 0, "freqSuffixNum": 0, "partsNum": 44, "clauseWordNum": 31, "privateVNum": 0}