{"tokenNum": 647, "sentenceNum": 32, "lemmaNum": 364, "lemmaRate": 0.5625965996908809, "sentenceLength": 20.21875, "allUpperNum": 3, "firstUpperNum": 42, "allUpperRate": 0.00463678516228748, "firstUpperRate": 0.06491499227202473, "declarSentNum": 31, "imperSentNum": 1, "questionNum": 0, "declarSentRate": 0.96875, "imperSentRate": 0.03125, "questionRate": 0.0, "accent": true, "saturation": 5.352941176470588, "paragraphNum": 0, "nounNum": 165, "verbNum": 74, "adjNum": 78, "infNum": 7, "partPastNum": 6, "partPresNum": 4, "partFutNum": 0, "transNum": 7, "xNum": 31, "advNum": 56, "properNounNum": 16, "numNum": 5, "conjNum": 35, "punctNum": 105, "pronNum": 23, "relPronNum": 6, "demPronNum": 19, "adposNum": 6, "multiplePunctNum": 8, "phraseNum": 0, "nounRate": 0.2550231839258114, "verbRate": 0.1143740340030912, "adjRate": 0.1205564142194745, "infRate": 0.010819165378670788, "partPastRate": 0.00927357032457496, "partPresRate": 0.0061823802163833074, "partFutRate": 0.0, "transRate": 0.010819165378670788, "xRate": 0.04791344667697063, "advRate": 0.0865533230293663, "properNounRate": 0.02472952086553323, "numRate": 0.0077279752704791345, "conjRate": 0.05409582689335394, "punctRate": 0.16228748068006182, "pronRate": 0.03554868624420402, "relPronRate": 0.00927357032457496, "demPronRate": 0.02936630602782071, "adposRate": 0.00927357032457496, "multiplePunctRate": 0.0761904761904762, "partsDensityRate": 5.485294117647059, "contentfulness": 11.65625, "phraseRate": 0.0, "pastTenseNum": 33, "presentTenseNum": 34, "condNum": 0, "impNum": 12, "freqNum": 0, "causNum": 0, "modalNum": 0, "sg1VerbNum": 74, "sg2VerbNum": 74, "sg3VerbNum": 74, "pl1VerbNum": 74, "pl2VerbNum": 74, "pl3VerbNum": 74, "superlatNum": 1, "comparatNum": 2, "specDerivSuffixNum": 0, "pluralNounNum": 15, "pastTenseRate": 0.44594594594594594, "presentTenseRate": 0.4594594594594595, "condRate": 0.0, "impRate": 0.16216216216216217, "freqRate": 0.0, "causRate": 0.0, "modalRate": 0.0, "sg1VerbRate": 1.0, "sg2VerbRate": 1.0, "sg3VerbRate": 1.0, "pl1VerbRate": 1.0, "pl2VerbRate": 1.0, "pl3VerbRate": 1.0, "superlatRate": 0.01282051282051282, "comparatRate": 0.02564102564102564, "specDerivSuffixRate": 0.0, "pluralNounRate": 0.09090909090909091, "subjNum": 40, "objNum": 29, "attNum": 65, "subordNum": 19, "adverbNum": 64, "coordNum": 23, "clauseNum": 68, "simpleNum": 18, "complexNum": 14, "complexity1Num": 7, "complexity2Num": 0, "complexity3Num": 2, "compoundNum": 0, "subjRate": 0.061823802163833076, "objRate": 0.04482225656877898, "attRate": 0.10046367851622875, "subordRate": 0.02936630602782071, "adverbRate": 0.09891808346213292, "coordRate": 0.03554868624420402, "partsRate": 3.25, "clauseRate": 2.125, "simpleRate": 0.5625, "complexRate": 0.4375, "complexity1Rate": 0.21875, "complexity2Rate": 0.0, "complexity3Rate": 0.0625, "complexClauseRate": 3.5714285714285716, "sentencesPerParagraph": 0.0, "wordsLengthRate": 5.793357933579336, "compoundRate": 0.0, "positiveNum": 0, "negativeNum": 0, "precoPositiveNum": 0, "precoNegativeNum": 0, "negemoNum": 0, "negationNum": 4, "functionNum": 274, "contentNum": 373, "vulgarNum": 0, "racistNum": 0, "specStyleNum": 0, "addressingNum": 0, "closingNum": 0, "postscriptNum": 0, "brutalNum": 0, "positiveRate": 0.0, "negativeRate": 0.0, "precoPositiveRate": 0.0, "precoNegativeRate": 0.0, "negemoRate": 0.0, "negationRate": 0.0061823802163833074, "functionRate": 0.4234930448222566, "contentRate": 0.5765069551777434, "vulgarRate": 0.0, "racistRate": 0.0, "specStyleRate": 0.0, "addressingRate": 0.0, "closingRate": 0.0, "postscriptRate": 0.0, "brutalRate": 0.0, "epistemicNum": 0, "investNum": 0, "conditionNum": 0, "weaselNum": 0, "peacockNum": 0, "hedgeNum": 0, "doxasticNum": 0, "epistemicRate": 0.0, "investRate": 0.0, "conditionRate": 0.0, "weaselRate": 0.0, "peacockRate": 0.0, "hedgeRate": 0.0, "doxasticRate": 0.0, "loveNum": 0, "anxietyNum": 0, "sorrowNum": 0, "joyNum": 0, "disgustNum": 0, "fearNum": 0, "surpriseNum": 0, "angerNum": 0, "loveRate": 0.0, "anxietyRate": 0.0, "sorrowRate": 0.0, "joyRate": 0.0, "disgustRate": 0.0, "fearRate": 0.0, "surpriseRate": 0.0, "angerRate": 0.0, "slangBeGeneralNum": 0, "slangBeCigaretteNum": 0, "slangBeHumanNum": 0, "slangBeVehicleNum": 0, "slangBeDrugNum": 0, "slangBvNum": 0, "slangBeGeneralRate": 0.0, "slangBeCigaretteRate": 0.0, "slangBeHumanRate": 0.0, "slangBeVehicleRate": 0.0, "slangBeDrugRate": 0.0, "slangBvRate": 0.0, "speechactNum": 0, "quoteNum": 0, "dashNum": 0, "publicNum": 0, "privateNum": 0, "suasiveNum": 0, "discMarkerNum": 0, "smileyNum": 0, "dateNum": 0, "hesitationNum": 0, "restartNum": 0, "repeatNum": 12, "conjBeforeDiscNum": 0, "conjAfterDiscNum": 0, "wordBeforeHesitationNum": 0, "wordAfterHesitationNum": 0, "otherCollocationNum": 0, "speechactRate": 0.0, "quoteRate": 0.0, "dashRate": 0.0, "publicRate": 0.0, "privateRate": 0.0, "suasiveRate": 0.0, "discMarkerRate": 0.0, "smileyRate": 0.0, "dateRate": 0.0, "hesitationRate": 0.0, "restartRate": 0.0, "repeatRate": 0.01854714064914992, "conjBeforeDiscRate": 0.0, "conjAfterDiscRate": 0.0, "wordBeforeHesitationRate": 0.0, "wordAfterHesitationRate": 0.0, "otherCollocationRate": 0.0, "easyWordNum": 581, "hardWordNum": 66, "easyWordRate": 0.8979907264296755, "hardWordRate": 0.10200927357032458, "fleschReadingEaseScore": 47.57942933732613, "gunningFogIndex": 8.12830370942813, "fleschKincaidGradeLevel": 11.645853458268935, "colemanLiauIndex": 13.613437403400305, "smogIndex": 11.333407214811011, "automatedReadabilityIndex": 12.200255989180832, "linsearWriteIndex": 0.8136591962905719, "author": "", "locationNameNum": 1, "locationNameRate": 0.0015455950540958269, "personNameNum": 1, "personNameRate": 0.0015455950540958269, "organizationNameNum": 1, "organizationNameRate": 0.0015455950540958269, "misspelledNum": 26, "misspelledRate": 0.0401854714064915, "missingAccentNum": 6, "missingAccentRate": 0.00927357032457496, "foreignAccentNum": 0, "foreignAccentRate": 0.0, "wordConcatNum": 4, "wordConcatRate": 0.0061823802163833074, "jLyMistakeNum": 0, "jLyMistakeRate": 0.0, "publicVNum": 0, "freqSuffixNum": 0, "partsNum": 221, "clauseWordNum": 68, "privateVNum": 0}