{"tokenNum": 110, "sentenceNum": 5, "lemmaNum": 83, "lemmaRate": 0.7545454545454545, "sentenceLength": 22.0, "allUpperNum": 0, "firstUpperNum": 16, "allUpperRate": 0.0, "firstUpperRate": 0.14545454545454545, "declarSentNum": 5, "imperSentNum": 0, "questionNum": 0, "declarSentRate": 1.0, "imperSentRate": 0.0, "questionRate": 0.0, "accent": true, "saturation": 6.916666666666667, "paragraphNum": 0, "nounNum": 28, "verbNum": 12, "adjNum": 11, "infNum": 0, "partPastNum": 0, "partPresNum": 0, "partFutNum": 0, "transNum": 0, "xNum": 7, "advNum": 17, "properNounNum": 13, "numNum": 0, "conjNum": 8, "punctNum": 15, "pronNum": 4, "relPronNum": 0, "demPronNum": 3, "adposNum": 0, "multiplePunctNum": 1, "phraseNum": 0, "nounRate": 0.2545454545454545, "verbRate": 0.10909090909090909, "adjRate": 0.1, "infRate": 0.0, "partPastRate": 0.0, "partPresRate": 0.0, "partFutRate": 0.0, "transRate": 0.0, "xRate": 0.06363636363636363, "advRate": 0.15454545454545454, "properNounRate": 0.11818181818181818, "numRate": 0.0, "conjRate": 0.07272727272727272, "punctRate": 0.13636363636363635, "pronRate": 0.03636363636363636, "relPronRate": 0.0, "demPronRate": 0.02727272727272727, "adposRate": 0.0, "multiplePunctRate": 0.06666666666666667, "partsDensityRate": 5.666666666666667, "contentfulness": 13.6, "phraseRate": 0.0, "pastTenseNum": 4, "presentTenseNum": 8, "condNum": 0, "impNum": 1, "freqNum": 0, "causNum": 0, "modalNum": 0, "sg1VerbNum": 12, "sg2VerbNum": 12, "sg3VerbNum": 12, "pl1VerbNum": 12, "pl2VerbNum": 12, "pl3VerbNum": 12, "superlatNum": 0, "comparatNum": 0, "specDerivSuffixNum": 0, "pluralNounNum": 1, "pastTenseRate": 0.3333333333333333, "presentTenseRate": 0.6666666666666666, "condRate": 0.0, "impRate": 0.08333333333333333, "freqRate": 0.0, "causRate": 0.0, "modalRate": 0.0, "sg1VerbRate": 1.0, "sg2VerbRate": 1.0, "sg3VerbRate": 1.0, "pl1VerbRate": 1.0, "pl2VerbRate": 1.0, "pl3VerbRate": 1.0, "superlatRate": 0.0, "comparatRate": 0.0, "specDerivSuffixRate": 0.0, "pluralNounRate": 0.03571428571428571, "subjNum": 4, "objNum": 7, "attNum": 10, "subordNum": 3, "adverbNum": 16, "coordNum": 5, "clauseNum": 12, "simpleNum": 2, "complexNum": 3, "complexity1Num": 1, "complexity2Num": 1, "complexity3Num": 0, "compoundNum": 0, "subjRate": 0.03636363636363636, "objRate": 0.06363636363636363, "attRate": 0.09090909090909091, "subordRate": 0.02727272727272727, "adverbRate": 0.14545454545454545, "coordRate": 0.045454545454545456, "partsRate": 3.5, "clauseRate": 2.4, "simpleRate": 0.4, "complexRate": 0.6, "complexity1Rate": 0.2, "complexity2Rate": 0.2, "complexity3Rate": 0.0, "complexClauseRate": 3.3333333333333335, "sentencesPerParagraph": 0.0, "wordsLengthRate": 5.252631578947368, "compoundRate": 0.0, "positiveNum": 0, "negativeNum": 0, "precoPositiveNum": 0, "precoNegativeNum": 0, "negemoNum": 0, "negationNum": 3, "functionNum": 42, "contentNum": 68, "vulgarNum": 0, "racistNum": 0, "specStyleNum": 0, "addressingNum": 0, "closingNum": 0, "postscriptNum": 0, "brutalNum": 0, "positiveRate": 0.0, "negativeRate": 0.0, "precoPositiveRate": 0.0, "precoNegativeRate": 0.0, "negemoRate": 0.0, "negationRate": 0.02727272727272727, "functionRate": 0.38181818181818183, "contentRate": 0.6181818181818182, "vulgarRate": 0.0, "racistRate": 0.0, "specStyleRate": 0.0, "addressingRate": 0.0, "closingRate": 0.0, "postscriptRate": 0.0, "brutalRate": 0.0, "epistemicNum": 0, "investNum": 0, "conditionNum": 0, "weaselNum": 0, "peacockNum": 0, "hedgeNum": 0, "doxasticNum": 0, "epistemicRate": 0.0, "investRate": 0.0, "conditionRate": 0.0, "weaselRate": 0.0, "peacockRate": 0.0, "hedgeRate": 0.0, "doxasticRate": 0.0, "loveNum": 0, "anxietyNum": 0, "sorrowNum": 0, "joyNum": 0, "disgustNum": 0, "fearNum": 0, "surpriseNum": 0, "angerNum": 0, "loveRate": 0.0, "anxietyRate": 0.0, "sorrowRate": 0.0, "joyRate": 0.0, "disgustRate": 0.0, "fearRate": 0.0, "surpriseRate": 0.0, "angerRate": 0.0, "slangBeGeneralNum": 0, "slangBeCigaretteNum": 0, "slangBeHumanNum": 0, "slangBeVehicleNum": 0, "slangBeDrugNum": 0, "slangBvNum": 0, "slangBeGeneralRate": 0.0, "slangBeCigaretteRate": 0.0, "slangBeHumanRate": 0.0, "slangBeVehicleRate": 0.0, "slangBeDrugRate": 0.0, "slangBvRate": 0.0, "speechactNum": 0, "quoteNum": 0, "dashNum": 0, "publicNum": 0, "privateNum": 0, "suasiveNum": 0, "discMarkerNum": 0, "smileyNum": 0, "dateNum": 0, "hesitationNum": 0, "restartNum": 0, "repeatNum": 0, "conjBeforeDiscNum": 0, "conjAfterDiscNum": 0, "wordBeforeHesitationNum": 0, "wordAfterHesitationNum": 0, "otherCollocationNum": 0, "speechactRate": 0.0, "quoteRate": 0.0, "dashRate": 0.0, "publicRate": 0.0, "privateRate": 0.0, "suasiveRate": 0.0, "discMarkerRate": 0.0, "smileyRate": 0.0, "dateRate": 0.0, "hesitationRate": 0.0, "restartRate": 0.0, "repeatRate": 0.0, "conjBeforeDiscRate": 0.0, "conjAfterDiscRate": 0.0, "wordBeforeHesitationRate": 0.0, "wordAfterHesitationRate": 0.0, "otherCollocationRate": 0.0, "easyWordNum": 102, "hardWordNum": 8, "easyWordRate": 0.9272727272727272, "hardWordRate": 0.07272727272727272, "fleschReadingEaseScore": 55.29772727272726, "gunningFogIndex": 8.82909090909091, "fleschKincaidGradeLevel": 11.011818181818182, "colemanLiauIndex": 11.293863636363632, "smogIndex": 6.079149491110277, "automatedReadabilityIndex": 11.235999999999997, "linsearWriteIndex": 10.90909090909091, "author": "", "locationNameNum": 0, "locationNameRate": 0.0, "personNameNum": 8, "personNameRate": 0.07272727272727272, "organizationNameNum": 0, "organizationNameRate": 0.0, "misspelledNum": 0, "misspelledRate": 0.0, "missingAccentNum": 0, "missingAccentRate": 0.0, "foreignAccentNum": 0, "foreignAccentRate": 0.0, "wordConcatNum": 0, "wordConcatRate": 0.0, "jLyMistakeNum": 0, "jLyMistakeRate": 0.0, "publicVNum": 0, "freqSuffixNum": 0, "partsNum": 42, "clauseWordNum": 12, "privateVNum": 0}