{"tokenNum": 75, "sentenceNum": 4, "lemmaNum": 52, "lemmaRate": 0.6933333333333334, "sentenceLength": 18.75, "allUpperNum": 1, "firstUpperNum": 7, "allUpperRate": 0.013333333333333334, "firstUpperRate": 0.09333333333333334, "declarSentNum": 4, "imperSentNum": 0, "questionNum": 0, "declarSentRate": 1.0, "imperSentRate": 0.0, "questionRate": 0.0, "accent": false, "saturation": 4.7272727272727275, "paragraphNum": 0, "nounNum": 15, "verbNum": 11, "adjNum": 7, "infNum": 1, "partPastNum": 0, "partPresNum": 0, "partFutNum": 0, "transNum": 0, "xNum": 3, "advNum": 5, "properNounNum": 5, "numNum": 1, "conjNum": 7, "punctNum": 11, "pronNum": 6, "relPronNum": 1, "demPronNum": 3, "adposNum": 1, "multiplePunctNum": 0, "phraseNum": 0, "nounRate": 0.2, "verbRate": 0.14666666666666667, "adjRate": 0.09333333333333334, "infRate": 0.013333333333333334, "partPastRate": 0.0, "partPresRate": 0.0, "partFutRate": 0.0, "transRate": 0.0, "xRate": 0.04, "advRate": 0.06666666666666667, "properNounRate": 0.06666666666666667, "numRate": 0.013333333333333334, "conjRate": 0.09333333333333334, "punctRate": 0.14666666666666667, "pronRate": 0.08, "relPronRate": 0.013333333333333334, "demPronRate": 0.04, "adposRate": 0.013333333333333334, "multiplePunctRate": 0.0, "partsDensityRate": 3.4545454545454546, "contentfulness": 9.5, "phraseRate": 0.0, "pastTenseNum": 4, "presentTenseNum": 6, "condNum": 1, "impNum": 0, "freqNum": 0, "causNum": 0, "modalNum": 1, "sg1VerbNum": 11, "sg2VerbNum": 11, "sg3VerbNum": 11, "pl1VerbNum": 11, "pl2VerbNum": 11, "pl3VerbNum": 11, "superlatNum": 0, "comparatNum": 0, "specDerivSuffixNum": 0, "pluralNounNum": 1, "pastTenseRate": 0.36363636363636365, "presentTenseRate": 0.5454545454545454, "condRate": 0.09090909090909091, "impRate": 0.0, "freqRate": 0.0, "causRate": 0.0, "modalRate": 0.09090909090909091, "sg1VerbRate": 1.0, "sg2VerbRate": 1.0, "sg3VerbRate": 1.0, "pl1VerbRate": 1.0, "pl2VerbRate": 1.0, "pl3VerbRate": 1.0, "superlatRate": 0.0, "comparatRate": 0.0, "specDerivSuffixRate": 0.0, "pluralNounRate": 0.06666666666666667, "subjNum": 5, "objNum": 4, "attNum": 4, "subordNum": 4, "adverbNum": 6, "coordNum": 6, "clauseNum": 11, "simpleNum": 1, "complexNum": 2, "complexity1Num": 0, "complexity2Num": 0, "complexity3Num": 0, "compoundNum": 0, "subjRate": 0.06666666666666667, "objRate": 0.05333333333333334, "attRate": 0.05333333333333334, "subordRate": 0.05333333333333334, "adverbRate": 0.08, "coordRate": 0.08, "partsRate": 2.272727272727273, "clauseRate": 2.75, "simpleRate": 0.25, "complexRate": 0.5, "complexity1Rate": 0.0, "complexity2Rate": 0.0, "complexity3Rate": 0.0, "complexClauseRate": 5.0, "sentencesPerParagraph": 0.0, "wordsLengthRate": 5.421875, "compoundRate": 0.0, "positiveNum": 0, "negativeNum": 0, "precoPositiveNum": 0, "precoNegativeNum": 0, "negemoNum": 0, "negationNum": 1, "functionNum": 37, "contentNum": 38, "vulgarNum": 0, "racistNum": 0, "specStyleNum": 0, "addressingNum": 0, "closingNum": 0, "postscriptNum": 0, "brutalNum": 0, "positiveRate": 0.0, "negativeRate": 0.0, "precoPositiveRate": 0.0, "precoNegativeRate": 0.0, "negemoRate": 0.0, "negationRate": 0.013333333333333334, "functionRate": 0.49333333333333335, "contentRate": 0.5066666666666667, "vulgarRate": 0.0, "racistRate": 0.0, "specStyleRate": 0.0, "addressingRate": 0.0, "closingRate": 0.0, "postscriptRate": 0.0, "brutalRate": 0.0, "epistemicNum": 0, "investNum": 0, "conditionNum": 0, "weaselNum": 0, "peacockNum": 0, "hedgeNum": 0, "doxasticNum": 0, "epistemicRate": 0.0, "investRate": 0.0, "conditionRate": 0.0, "weaselRate": 0.0, "peacockRate": 0.0, "hedgeRate": 0.0, "doxasticRate": 0.0, "loveNum": 0, "anxietyNum": 0, "sorrowNum": 0, "joyNum": 0, "disgustNum": 0, "fearNum": 0, "surpriseNum": 0, "angerNum": 0, "loveRate": 0.0, "anxietyRate": 0.0, "sorrowRate": 0.0, "joyRate": 0.0, "disgustRate": 0.0, "fearRate": 0.0, "surpriseRate": 0.0, "angerRate": 0.0, "slangBeGeneralNum": 0, "slangBeCigaretteNum": 0, "slangBeHumanNum": 0, "slangBeVehicleNum": 0, "slangBeDrugNum": 0, "slangBvNum": 0, "slangBeGeneralRate": 0.0, "slangBeCigaretteRate": 0.0, "slangBeHumanRate": 0.0, "slangBeVehicleRate": 0.0, "slangBeDrugRate": 0.0, "slangBvRate": 0.0, "speechactNum": 0, "quoteNum": 0, "dashNum": 0, "publicNum": 0, "privateNum": 0, "suasiveNum": 0, "discMarkerNum": 0, "smileyNum": 0, "dateNum": 0, "hesitationNum": 0, "restartNum": 0, "repeatNum": 0, "conjBeforeDiscNum": 0, "conjAfterDiscNum": 0, "wordBeforeHesitationNum": 0, "wordAfterHesitationNum": 0, "otherCollocationNum": 0, "speechactRate": 0.0, "quoteRate": 0.0, "dashRate": 0.0, "publicRate": 0.0, "privateRate": 0.0, "suasiveRate": 0.0, "discMarkerRate": 0.0, "smileyRate": 0.0, "dateRate": 0.0, "hesitationRate": 0.0, "restartRate": 0.0, "repeatRate": 0.0, "conjBeforeDiscRate": 0.0, "conjAfterDiscRate": 0.0, "wordBeforeHesitationRate": 0.0, "wordAfterHesitationRate": 0.0, "otherCollocationRate": 0.0, "easyWordNum": 66, "hardWordNum": 9, "easyWordRate": 0.88, "hardWordRate": 0.12, "fleschReadingEaseScore": 47.93175000000002, "gunningFogIndex": 7.542666666666666, "fleschKincaidGradeLevel": 11.231833333333334, "colemanLiauIndex": 12.000639999999994, "smogIndex": 6.2581, "automatedReadabilityIndex": 10.176199999999998, "linsearWriteIndex": 11.25, "author": "", "locationNameNum": 0, "locationNameRate": 0.0, "personNameNum": 3, "personNameRate": 0.04, "organizationNameNum": 0, "organizationNameRate": 0.0, "misspelledNum": 23, "misspelledRate": 0.30666666666666664, "missingAccentNum": 20, "missingAccentRate": 0.26666666666666666, "foreignAccentNum": 0, "foreignAccentRate": 0.0, "wordConcatNum": 0, "wordConcatRate": 0.0, "jLyMistakeNum": 1, "jLyMistakeRate": 0.013333333333333334, "publicVNum": 0, "freqSuffixNum": 0, "partsNum": 25, "clauseWordNum": 11, "privateVNum": 0}