{"tokenNum": 290, "sentenceNum": 20, "lemmaNum": 147, "lemmaRate": 0.506896551724138, "sentenceLength": 14.5, "allUpperNum": 0, "firstUpperNum": 21, "allUpperRate": 0.0, "firstUpperRate": 0.07241379310344828, "declarSentNum": 20, "imperSentNum": 0, "questionNum": 0, "declarSentRate": 1.0, "imperSentRate": 0.0, "questionRate": 0.0, "accent": true, "saturation": 3.340909090909091, "paragraphNum": 0, "nounNum": 56, "verbNum": 36, "adjNum": 28, "infNum": 4, "partPastNum": 1, "partPresNum": 2, "partFutNum": 0, "transNum": 0, "xNum": 19, "advNum": 21, "properNounNum": 3, "numNum": 2, "conjNum": 23, "punctNum": 51, "pronNum": 19, "relPronNum": 4, "demPronNum": 10, "adposNum": 4, "multiplePunctNum": 0, "phraseNum": 0, "nounRate": 0.19310344827586207, "verbRate": 0.12413793103448276, "adjRate": 0.09655172413793103, "infRate": 0.013793103448275862, "partPastRate": 0.0034482758620689655, "partPresRate": 0.006896551724137931, "partFutRate": 0.0, "transRate": 0.0, "xRate": 0.06551724137931035, "advRate": 0.07241379310344828, "properNounRate": 0.010344827586206896, "numRate": 0.006896551724137931, "conjRate": 0.07931034482758621, "punctRate": 0.17586206896551723, "pronRate": 0.06551724137931035, "relPronRate": 0.013793103448275862, "demPronRate": 0.034482758620689655, "adposRate": 0.013793103448275862, "multiplePunctRate": 0.0, "partsDensityRate": 3.2045454545454546, "contentfulness": 7.05, "phraseRate": 0.0, "pastTenseNum": 2, "presentTenseNum": 30, "condNum": 6, "impNum": 6, "freqNum": 0, "causNum": 0, "modalNum": 4, "sg1VerbNum": 36, "sg2VerbNum": 36, "sg3VerbNum": 36, "pl1VerbNum": 36, "pl2VerbNum": 36, "pl3VerbNum": 36, "superlatNum": 0, "comparatNum": 4, "specDerivSuffixNum": 0, "pluralNounNum": 7, "pastTenseRate": 0.05555555555555555, "presentTenseRate": 0.8333333333333334, "condRate": 0.16666666666666666, "impRate": 0.16666666666666666, "freqRate": 0.0, "causRate": 0.0, "modalRate": 0.1111111111111111, "sg1VerbRate": 1.0, "sg2VerbRate": 1.0, "sg3VerbRate": 1.0, "pl1VerbRate": 1.0, "pl2VerbRate": 1.0, "pl3VerbRate": 1.0, "superlatRate": 0.0, "comparatRate": 0.14285714285714285, "specDerivSuffixRate": 0.0, "pluralNounRate": 0.125, "subjNum": 18, "objNum": 16, "attNum": 15, "subordNum": 16, "adverbNum": 27, "coordNum": 7, "clauseNum": 44, "simpleNum": 9, "complexNum": 11, "complexity1Num": 5, "complexity2Num": 3, "complexity3Num": 1, "compoundNum": 0, "subjRate": 0.06206896551724138, "objRate": 0.05517241379310345, "attRate": 0.05172413793103448, "subordRate": 0.05517241379310345, "adverbRate": 0.09310344827586207, "coordRate": 0.02413793103448276, "partsRate": 1.8863636363636365, "clauseRate": 2.2, "simpleRate": 0.45, "complexRate": 0.55, "complexity1Rate": 0.25, "complexity2Rate": 0.15, "complexity3Rate": 0.05, "complexClauseRate": 3.1818181818181817, "sentencesPerParagraph": 0.0, "wordsLengthRate": 5.619246861924686, "compoundRate": 0.0, "positiveNum": 0, "negativeNum": 0, "precoPositiveNum": 0, "precoNegativeNum": 0, "negemoNum": 0, "negationNum": 5, "functionNum": 149, "contentNum": 141, "vulgarNum": 0, "racistNum": 0, "specStyleNum": 0, "addressingNum": 0, "closingNum": 0, "postscriptNum": 0, "brutalNum": 0, "positiveRate": 0.0, "negativeRate": 0.0, "precoPositiveRate": 0.0, "precoNegativeRate": 0.0, "negemoRate": 0.0, "negationRate": 0.017241379310344827, "functionRate": 0.5137931034482759, "contentRate": 0.4862068965517241, "vulgarRate": 0.0, "racistRate": 0.0, "specStyleRate": 0.0, "addressingRate": 0.0, "closingRate": 0.0, "postscriptRate": 0.0, "brutalRate": 0.0, "epistemicNum": 0, "investNum": 0, "conditionNum": 0, "weaselNum": 0, "peacockNum": 0, "hedgeNum": 0, "doxasticNum": 0, "epistemicRate": 0.0, "investRate": 0.0, "conditionRate": 0.0, "weaselRate": 0.0, "peacockRate": 0.0, "hedgeRate": 0.0, "doxasticRate": 0.0, "loveNum": 0, "anxietyNum": 0, "sorrowNum": 0, "joyNum": 0, "disgustNum": 0, "fearNum": 0, "surpriseNum": 0, "angerNum": 0, "loveRate": 0.0, "anxietyRate": 0.0, "sorrowRate": 0.0, "joyRate": 0.0, "disgustRate": 0.0, "fearRate": 0.0, "surpriseRate": 0.0, "angerRate": 0.0, "slangBeGeneralNum": 0, "slangBeCigaretteNum": 0, "slangBeHumanNum": 0, "slangBeVehicleNum": 0, "slangBeDrugNum": 0, "slangBvNum": 0, "slangBeGeneralRate": 0.0, "slangBeCigaretteRate": 0.0, "slangBeHumanRate": 0.0, "slangBeVehicleRate": 0.0, "slangBeDrugRate": 0.0, "slangBvRate": 0.0, "speechactNum": 0, "quoteNum": 0, "dashNum": 0, "publicNum": 0, "privateNum": 0, "suasiveNum": 0, "discMarkerNum": 0, "smileyNum": 0, "dateNum": 0, "hesitationNum": 0, "restartNum": 0, "repeatNum": 0, "conjBeforeDiscNum": 0, "conjAfterDiscNum": 0, "wordBeforeHesitationNum": 0, "wordAfterHesitationNum": 0, "otherCollocationNum": 0, "speechactRate": 0.0, "quoteRate": 0.0, "dashRate": 0.0, "publicRate": 0.0, "privateRate": 0.0, "suasiveRate": 0.0, "discMarkerRate": 0.0, "smileyRate": 0.0, "dateRate": 0.0, "hesitationRate": 0.0, "restartRate": 0.0, "repeatRate": 0.0, "conjBeforeDiscRate": 0.0, "conjAfterDiscRate": 0.0, "wordBeforeHesitationRate": 0.0, "wordAfterHesitationRate": 0.0, "otherCollocationRate": 0.0, "easyWordNum": 265, "hardWordNum": 25, "easyWordRate": 0.9137931034482759, "hardWordRate": 0.08620689655172414, "fleschReadingEaseScore": 57.63267241379313, "gunningFogIndex": 5.833103448275862, "fleschKincaidGradeLevel": 8.82293103448276, "colemanLiauIndex": 12.045275862068966, "smogIndex": 8.344100000000001, "automatedReadabilityIndex": 8.08693103448276, "linsearWriteIndex": 1.7672413793103448, "author": "", "locationNameNum": 0, "locationNameRate": 0.0, "personNameNum": 2, "personNameRate": 0.006896551724137931, "organizationNameNum": 0, "organizationNameRate": 0.0, "misspelledNum": 2, "misspelledRate": 0.006896551724137931, "missingAccentNum": 0, "missingAccentRate": 0.0, "foreignAccentNum": 0, "foreignAccentRate": 0.0, "wordConcatNum": 2, "wordConcatRate": 0.006896551724137931, "jLyMistakeNum": 0, "jLyMistakeRate": 0.0, "publicVNum": 0, "freqSuffixNum": 0, "partsNum": 83, "clauseWordNum": 44, "privateVNum": 0}