{"tokenNum": 182, "sentenceNum": 13, "lemmaNum": 115, "lemmaRate": 0.6318681318681318, "sentenceLength": 14.0, "allUpperNum": 1, "firstUpperNum": 27, "allUpperRate": 0.005494505494505495, "firstUpperRate": 0.14835164835164835, "declarSentNum": 13, "imperSentNum": 0, "questionNum": 0, "declarSentRate": 1.0, "imperSentRate": 0.0, "questionRate": 0.0, "accent": false, "saturation": 3.59375, "paragraphNum": 0, "nounNum": 57, "verbNum": 24, "adjNum": 9, "infNum": 0, "partPastNum": 1, "partPresNum": 0, "partFutNum": 0, "transNum": 2, "xNum": 10, "advNum": 15, "properNounNum": 20, "numNum": 2, "conjNum": 6, "punctNum": 36, "pronNum": 7, "relPronNum": 0, "demPronNum": 2, "adposNum": 1, "multiplePunctNum": 3, "phraseNum": 0, "nounRate": 0.3131868131868132, "verbRate": 0.13186813186813187, "adjRate": 0.04945054945054945, "infRate": 0.0, "partPastRate": 0.005494505494505495, "partPresRate": 0.0, "partFutRate": 0.0, "transRate": 0.01098901098901099, "xRate": 0.054945054945054944, "advRate": 0.08241758241758242, "properNounRate": 0.10989010989010989, "numRate": 0.01098901098901099, "conjRate": 0.03296703296703297, "punctRate": 0.1978021978021978, "pronRate": 0.038461538461538464, "relPronRate": 0.0, "demPronRate": 0.01098901098901099, "adposRate": 0.005494505494505495, "multiplePunctRate": 0.08333333333333333, "partsDensityRate": 3.28125, "contentfulness": 8.076923076923077, "phraseRate": 0.0, "pastTenseNum": 18, "presentTenseNum": 6, "condNum": 0, "impNum": 1, "freqNum": 0, "causNum": 0, "modalNum": 1, "sg1VerbNum": 24, "sg2VerbNum": 24, "sg3VerbNum": 24, "pl1VerbNum": 24, "pl2VerbNum": 24, "pl3VerbNum": 24, "superlatNum": 0, "comparatNum": 0, "specDerivSuffixNum": 0, "pluralNounNum": 7, "pastTenseRate": 0.75, "presentTenseRate": 0.25, "condRate": 0.0, "impRate": 0.041666666666666664, "freqRate": 0.0, "causRate": 0.0, "modalRate": 0.041666666666666664, "sg1VerbRate": 1.0, "sg2VerbRate": 1.0, "sg3VerbRate": 1.0, "pl1VerbRate": 1.0, "pl2VerbRate": 1.0, "pl3VerbRate": 1.0, "superlatRate": 0.0, "comparatRate": 0.0, "specDerivSuffixRate": 0.0, "pluralNounRate": 0.12280701754385964, "subjNum": 7, "objNum": 5, "attNum": 7, "subordNum": 1, "adverbNum": 16, "coordNum": 12, "clauseNum": 32, "simpleNum": 4, "complexNum": 9, "complexity1Num": 3, "complexity2Num": 3, "complexity3Num": 2, "compoundNum": 0, "subjRate": 0.038461538461538464, "objRate": 0.027472527472527472, "attRate": 0.038461538461538464, "subordRate": 0.005494505494505495, "adverbRate": 0.08791208791208792, "coordRate": 0.06593406593406594, "partsRate": 1.46875, "clauseRate": 2.4615384615384617, "simpleRate": 0.3076923076923077, "complexRate": 0.6923076923076923, "complexity1Rate": 0.23076923076923078, "complexity2Rate": 0.23076923076923078, "complexity3Rate": 0.15384615384615385, "complexClauseRate": 3.111111111111111, "sentencesPerParagraph": 0.0, "wordsLengthRate": 5.424657534246576, "compoundRate": 0.0, "positiveNum": 0, "negativeNum": 0, "precoPositiveNum": 0, "precoNegativeNum": 0, "negemoNum": 0, "negationNum": 2, "functionNum": 77, "contentNum": 105, "vulgarNum": 0, "racistNum": 0, "specStyleNum": 0, "addressingNum": 0, "closingNum": 0, "postscriptNum": 0, "brutalNum": 0, "positiveRate": 0.0, "negativeRate": 0.0, "precoPositiveRate": 0.0, "precoNegativeRate": 0.0, "negemoRate": 0.0, "negationRate": 0.01098901098901099, "functionRate": 0.4230769230769231, "contentRate": 0.5769230769230769, "vulgarRate": 0.0, "racistRate": 0.0, "specStyleRate": 0.0, "addressingRate": 0.0, "closingRate": 0.0, "postscriptRate": 0.0, "brutalRate": 0.0, "epistemicNum": 0, "investNum": 0, "conditionNum": 0, "weaselNum": 0, "peacockNum": 0, "hedgeNum": 0, "doxasticNum": 0, "epistemicRate": 0.0, "investRate": 0.0, "conditionRate": 0.0, "weaselRate": 0.0, "peacockRate": 0.0, "hedgeRate": 0.0, "doxasticRate": 0.0, "loveNum": 0, "anxietyNum": 0, "sorrowNum": 0, "joyNum": 0, "disgustNum": 0, "fearNum": 0, "surpriseNum": 0, "angerNum": 0, "loveRate": 0.0, "anxietyRate": 0.0, "sorrowRate": 0.0, "joyRate": 0.0, "disgustRate": 0.0, "fearRate": 0.0, "surpriseRate": 0.0, "angerRate": 0.0, "slangBeGeneralNum": 0, "slangBeCigaretteNum": 0, "slangBeHumanNum": 0, "slangBeVehicleNum": 0, "slangBeDrugNum": 0, "slangBvNum": 0, "slangBeGeneralRate": 0.0, "slangBeCigaretteRate": 0.0, "slangBeHumanRate": 0.0, "slangBeVehicleRate": 0.0, "slangBeDrugRate": 0.0, "slangBvRate": 0.0, "speechactNum": 0, "quoteNum": 0, "dashNum": 0, "publicNum": 0, "privateNum": 0, "suasiveNum": 0, "discMarkerNum": 0, "smileyNum": 0, "dateNum": 0, "hesitationNum": 0, "restartNum": 0, "repeatNum": 0, "conjBeforeDiscNum": 0, "conjAfterDiscNum": 0, "wordBeforeHesitationNum": 0, "wordAfterHesitationNum": 0, "otherCollocationNum": 0, "speechactRate": 0.0, "quoteRate": 0.0, "dashRate": 0.0, "publicRate": 0.0, "privateRate": 0.0, "suasiveRate": 0.0, "discMarkerRate": 0.0, "smileyRate": 0.0, "dateRate": 0.0, "hesitationRate": 0.0, "restartRate": 0.0, "repeatRate": 0.0, "conjBeforeDiscRate": 0.0, "conjAfterDiscRate": 0.0, "wordBeforeHesitationRate": 0.0, "wordAfterHesitationRate": 0.0, "otherCollocationRate": 0.0, "easyWordNum": 166, "hardWordNum": 16, "easyWordRate": 0.9120879120879121, "hardWordRate": 0.08791208791208792, "fleschReadingEaseScore": 64.79532967032968, "gunningFogIndex": 5.635164835164836, "fleschKincaidGradeLevel": 7.699670329670333, "colemanLiauIndex": 10.834236263736262, "smogIndex": 7.3011, "automatedReadabilityIndex": 6.868516483516483, "linsearWriteIndex": 3.311073541842773, "author": "", "locationNameNum": 5, "locationNameRate": 0.027472527472527472, "personNameNum": 6, "personNameRate": 0.03296703296703297, "organizationNameNum": 0, "organizationNameRate": 0.0, "misspelledNum": 54, "misspelledRate": 0.2967032967032967, "missingAccentNum": 49, "missingAccentRate": 0.2692307692307692, "foreignAccentNum": 0, "foreignAccentRate": 0.0, "wordConcatNum": 0, "wordConcatRate": 0.0, "jLyMistakeNum": 0, "jLyMistakeRate": 0.0, "publicVNum": 0, "freqSuffixNum": 0, "partsNum": 47, "clauseWordNum": 32, "privateVNum": 0}