{"tokenNum": 181, "sentenceNum": 10, "lemmaNum": 109, "lemmaRate": 0.6022099447513812, "sentenceLength": 18.1, "allUpperNum": 2, "firstUpperNum": 17, "allUpperRate": 0.011049723756906077, "firstUpperRate": 0.09392265193370165, "declarSentNum": 9, "imperSentNum": 1, "questionNum": 0, "declarSentRate": 0.9, "imperSentRate": 0.1, "questionRate": 0.0, "accent": true, "saturation": 3.892857142857143, "paragraphNum": 0, "nounNum": 35, "verbNum": 22, "adjNum": 14, "infNum": 2, "partPastNum": 0, "partPresNum": 1, "partFutNum": 0, "transNum": 0, "xNum": 11, "advNum": 22, "properNounNum": 8, "numNum": 1, "conjNum": 12, "punctNum": 31, "pronNum": 13, "relPronNum": 5, "demPronNum": 11, "adposNum": 0, "multiplePunctNum": 2, "phraseNum": 0, "nounRate": 0.19337016574585636, "verbRate": 0.12154696132596685, "adjRate": 0.07734806629834254, "infRate": 0.011049723756906077, "partPastRate": 0.0, "partPresRate": 0.0055248618784530384, "partFutRate": 0.0, "transRate": 0.0, "xRate": 0.06077348066298342, "advRate": 0.12154696132596685, "properNounRate": 0.04419889502762431, "numRate": 0.0055248618784530384, "conjRate": 0.06629834254143646, "punctRate": 0.1712707182320442, "pronRate": 0.0718232044198895, "relPronRate": 0.027624309392265192, "demPronRate": 0.06077348066298342, "adposRate": 0.0, "multiplePunctRate": 0.06451612903225806, "partsDensityRate": 3.3214285714285716, "contentfulness": 9.3, "phraseRate": 0.0, "pastTenseNum": 12, "presentTenseNum": 8, "condNum": 0, "impNum": 1, "freqNum": 0, "causNum": 0, "modalNum": 1, "sg1VerbNum": 22, "sg2VerbNum": 22, "sg3VerbNum": 22, "pl1VerbNum": 22, "pl2VerbNum": 22, "pl3VerbNum": 22, "superlatNum": 0, "comparatNum": 0, "specDerivSuffixNum": 0, "pluralNounNum": 6, "pastTenseRate": 0.5454545454545454, "presentTenseRate": 0.36363636363636365, "condRate": 0.0, "impRate": 0.045454545454545456, "freqRate": 0.0, "causRate": 0.0, "modalRate": 0.045454545454545456, "sg1VerbRate": 1.0, "sg2VerbRate": 1.0, "sg3VerbRate": 1.0, "pl1VerbRate": 1.0, "pl2VerbRate": 1.0, "pl3VerbRate": 1.0, "superlatRate": 0.0, "comparatRate": 0.0, "specDerivSuffixRate": 0.0, "pluralNounRate": 0.17142857142857143, "subjNum": 19, "objNum": 5, "attNum": 10, "subordNum": 11, "adverbNum": 24, "coordNum": 4, "clauseNum": 28, "simpleNum": 4, "complexNum": 6, "complexity1Num": 2, "complexity2Num": 1, "complexity3Num": 1, "compoundNum": 0, "subjRate": 0.10497237569060773, "objRate": 0.027624309392265192, "attRate": 0.055248618784530384, "subordRate": 0.06077348066298342, "adverbRate": 0.13259668508287292, "coordRate": 0.022099447513812154, "partsRate": 2.2142857142857144, "clauseRate": 2.8, "simpleRate": 0.4, "complexRate": 0.6, "complexity1Rate": 0.2, "complexity2Rate": 0.1, "complexity3Rate": 0.1, "complexClauseRate": 4.0, "sentencesPerParagraph": 0.0, "wordsLengthRate": 4.9, "compoundRate": 0.0, "positiveNum": 0, "negativeNum": 0, "precoPositiveNum": 0, "precoNegativeNum": 0, "negemoNum": 0, "negationNum": 1, "functionNum": 88, "contentNum": 93, "vulgarNum": 0, "racistNum": 0, "specStyleNum": 0, "addressingNum": 0, "closingNum": 0, "postscriptNum": 0, "brutalNum": 0, "positiveRate": 0.0, "negativeRate": 0.0, "precoPositiveRate": 0.0, "precoNegativeRate": 0.0, "negemoRate": 0.0, "negationRate": 0.0055248618784530384, "functionRate": 0.4861878453038674, "contentRate": 0.5138121546961326, "vulgarRate": 0.0, "racistRate": 0.0, "specStyleRate": 0.0, "addressingRate": 0.0, "closingRate": 0.0, "postscriptRate": 0.0, "brutalRate": 0.0, "epistemicNum": 0, "investNum": 0, "conditionNum": 0, "weaselNum": 0, "peacockNum": 0, "hedgeNum": 0, "doxasticNum": 0, "epistemicRate": 0.0, "investRate": 0.0, "conditionRate": 0.0, "weaselRate": 0.0, "peacockRate": 0.0, "hedgeRate": 0.0, "doxasticRate": 0.0, "loveNum": 0, "anxietyNum": 0, "sorrowNum": 0, "joyNum": 0, "disgustNum": 0, "fearNum": 0, "surpriseNum": 0, "angerNum": 0, "loveRate": 0.0, "anxietyRate": 0.0, "sorrowRate": 0.0, "joyRate": 0.0, "disgustRate": 0.0, "fearRate": 0.0, "surpriseRate": 0.0, "angerRate": 0.0, "slangBeGeneralNum": 0, "slangBeCigaretteNum": 0, "slangBeHumanNum": 0, "slangBeVehicleNum": 0, "slangBeDrugNum": 0, "slangBvNum": 0, "slangBeGeneralRate": 0.0, "slangBeCigaretteRate": 0.0, "slangBeHumanRate": 0.0, "slangBeVehicleRate": 0.0, "slangBeDrugRate": 0.0, "slangBvRate": 0.0, "speechactNum": 0, "quoteNum": 0, "dashNum": 0, "publicNum": 0, "privateNum": 0, "suasiveNum": 0, "discMarkerNum": 0, "smileyNum": 1, "dateNum": 0, "hesitationNum": 0, "restartNum": 0, "repeatNum": 0, "conjBeforeDiscNum": 0, "conjAfterDiscNum": 0, "wordBeforeHesitationNum": 0, "wordAfterHesitationNum": 0, "otherCollocationNum": 0, "speechactRate": 0.0, "quoteRate": 0.0, "dashRate": 0.0, "publicRate": 0.0, "privateRate": 0.0, "suasiveRate": 0.0, "discMarkerRate": 0.0, "smileyRate": 0.0055248618784530384, "dateRate": 0.0, "hesitationRate": 0.0, "restartRate": 0.0, "repeatRate": 0.0, "conjBeforeDiscRate": 0.0, "conjAfterDiscRate": 0.0, "wordBeforeHesitationRate": 0.0, "wordAfterHesitationRate": 0.0, "otherCollocationRate": 0.0, "easyWordNum": 177, "hardWordNum": 4, "easyWordRate": 0.9779005524861878, "hardWordRate": 0.022099447513812154, "fleschReadingEaseScore": 77.22151104972377, "gunningFogIndex": 7.248839779005526, "fleschKincaidGradeLevel": 6.985022099447516, "colemanLiauIndex": 8.801160220994475, "smogIndex": 5.2151, "automatedReadabilityIndex": 7.292707182320445, "linsearWriteIndex": 3.94475138121547, "author": "", "locationNameNum": 1, "locationNameRate": 0.0055248618784530384, "personNameNum": 0, "personNameRate": 0.0, "organizationNameNum": 0, "organizationNameRate": 0.0, "misspelledNum": 7, "misspelledRate": 0.03867403314917127, "missingAccentNum": 3, "missingAccentRate": 0.016574585635359115, "foreignAccentNum": 0, "foreignAccentRate": 0.0, "wordConcatNum": 0, "wordConcatRate": 0.0, "jLyMistakeNum": 0, "jLyMistakeRate": 0.0, "publicVNum": 0, "freqSuffixNum": 0, "partsNum": 62, "clauseWordNum": 28, "privateVNum": 0}