{"tokenNum": 223, "sentenceNum": 10, "lemmaNum": 135, "lemmaRate": 0.6053811659192825, "sentenceLength": 22.3, "allUpperNum": 1, "firstUpperNum": 15, "allUpperRate": 0.004484304932735426, "firstUpperRate": 0.06726457399103139, "declarSentNum": 9, "imperSentNum": 0, "questionNum": 1, "declarSentRate": 0.9, "imperSentRate": 0.0, "questionRate": 0.1, "accent": true, "saturation": 5.4, "paragraphNum": 0, "nounNum": 45, "verbNum": 21, "adjNum": 20, "infNum": 1, "partPastNum": 3, "partPresNum": 3, "partFutNum": 0, "transNum": 0, "xNum": 10, "advNum": 20, "properNounNum": 4, "numNum": 0, "conjNum": 14, "punctNum": 42, "pronNum": 18, "relPronNum": 2, "demPronNum": 11, "adposNum": 4, "multiplePunctNum": 0, "phraseNum": 0, "nounRate": 0.20179372197309417, "verbRate": 0.09417040358744394, "adjRate": 0.08968609865470852, "infRate": 0.004484304932735426, "partPastRate": 0.013452914798206279, "partPresRate": 0.013452914798206279, "partFutRate": 0.0, "transRate": 0.0, "xRate": 0.04484304932735426, "advRate": 0.08968609865470852, "properNounRate": 0.017937219730941704, "numRate": 0.0, "conjRate": 0.06278026905829596, "punctRate": 0.18834080717488788, "pronRate": 0.08071748878923767, "relPronRate": 0.008968609865470852, "demPronRate": 0.04932735426008968, "adposRate": 0.017937219730941704, "multiplePunctRate": 0.0, "partsDensityRate": 4.24, "contentfulness": 10.6, "phraseRate": 0.0, "pastTenseNum": 8, "presentTenseNum": 12, "condNum": 0, "impNum": 0, "freqNum": 0, "causNum": 0, "modalNum": 0, "sg1VerbNum": 21, "sg2VerbNum": 21, "sg3VerbNum": 21, "pl1VerbNum": 21, "pl2VerbNum": 21, "pl3VerbNum": 21, "superlatNum": 0, "comparatNum": 0, "specDerivSuffixNum": 0, "pluralNounNum": 2, "pastTenseRate": 0.38095238095238093, "presentTenseRate": 0.5714285714285714, "condRate": 0.0, "impRate": 0.0, "freqRate": 0.0, "causRate": 0.0, "modalRate": 0.0, "sg1VerbRate": 1.0, "sg2VerbRate": 1.0, "sg3VerbRate": 1.0, "pl1VerbRate": 1.0, "pl2VerbRate": 1.0, "pl3VerbRate": 1.0, "superlatRate": 0.0, "comparatRate": 0.0, "specDerivSuffixRate": 0.0, "pluralNounRate": 0.044444444444444446, "subjNum": 10, "objNum": 8, "attNum": 16, "subordNum": 8, "adverbNum": 27, "coordNum": 12, "clauseNum": 25, "simpleNum": 4, "complexNum": 6, "complexity1Num": 2, "complexity2Num": 2, "complexity3Num": 0, "compoundNum": 0, "subjRate": 0.04484304932735426, "objRate": 0.03587443946188341, "attRate": 0.07174887892376682, "subordRate": 0.03587443946188341, "adverbRate": 0.1210762331838565, "coordRate": 0.053811659192825115, "partsRate": 2.92, "clauseRate": 2.5, "simpleRate": 0.4, "complexRate": 0.6, "complexity1Rate": 0.2, "complexity2Rate": 0.2, "complexity3Rate": 0.0, "complexClauseRate": 3.5, "sentencesPerParagraph": 0.0, "wordsLengthRate": 5.56353591160221, "compoundRate": 0.0, "positiveNum": 0, "negativeNum": 0, "precoPositiveNum": 0, "precoNegativeNum": 0, "negemoNum": 0, "negationNum": 2, "functionNum": 117, "contentNum": 106, "vulgarNum": 0, "racistNum": 0, "specStyleNum": 0, "addressingNum": 0, "closingNum": 0, "postscriptNum": 0, "brutalNum": 0, "positiveRate": 0.0, "negativeRate": 0.0, "precoPositiveRate": 0.0, "precoNegativeRate": 0.0, "negemoRate": 0.0, "negationRate": 0.008968609865470852, "functionRate": 0.5246636771300448, "contentRate": 0.47533632286995514, "vulgarRate": 0.0, "racistRate": 0.0, "specStyleRate": 0.0, "addressingRate": 0.0, "closingRate": 0.0, "postscriptRate": 0.0, "brutalRate": 0.0, "epistemicNum": 0, "investNum": 0, "conditionNum": 0, "weaselNum": 0, "peacockNum": 0, "hedgeNum": 0, "doxasticNum": 0, "epistemicRate": 0.0, "investRate": 0.0, "conditionRate": 0.0, "weaselRate": 0.0, "peacockRate": 0.0, "hedgeRate": 0.0, "doxasticRate": 0.0, "loveNum": 0, "anxietyNum": 0, "sorrowNum": 0, "joyNum": 0, "disgustNum": 0, "fearNum": 0, "surpriseNum": 0, "angerNum": 0, "loveRate": 0.0, "anxietyRate": 0.0, "sorrowRate": 0.0, "joyRate": 0.0, "disgustRate": 0.0, "fearRate": 0.0, "surpriseRate": 0.0, "angerRate": 0.0, "slangBeGeneralNum": 0, "slangBeCigaretteNum": 0, "slangBeHumanNum": 0, "slangBeVehicleNum": 0, "slangBeDrugNum": 0, "slangBvNum": 0, "slangBeGeneralRate": 0.0, "slangBeCigaretteRate": 0.0, "slangBeHumanRate": 0.0, "slangBeVehicleRate": 0.0, "slangBeDrugRate": 0.0, "slangBvRate": 0.0, "speechactNum": 0, "quoteNum": 0, "dashNum": 0, "publicNum": 0, "privateNum": 0, "suasiveNum": 0, "discMarkerNum": 0, "smileyNum": 0, "dateNum": 0, "hesitationNum": 0, "restartNum": 0, "repeatNum": 1, "conjBeforeDiscNum": 0, "conjAfterDiscNum": 0, "wordBeforeHesitationNum": 0, "wordAfterHesitationNum": 0, "otherCollocationNum": 0, "speechactRate": 0.0, "quoteRate": 0.0, "dashRate": 0.0, "publicRate": 0.0, "privateRate": 0.0, "suasiveRate": 0.0, "discMarkerRate": 0.0, "smileyRate": 0.0, "dateRate": 0.0, "hesitationRate": 0.0, "restartRate": 0.0, "repeatRate": 0.004484304932735426, "conjBeforeDiscRate": 0.0, "conjAfterDiscRate": 0.0, "wordBeforeHesitationRate": 0.0, "wordAfterHesitationRate": 0.0, "otherCollocationRate": 0.0, "easyWordNum": 204, "hardWordNum": 19, "easyWordRate": 0.9147982062780269, "hardWordRate": 0.08520179372197309, "fleschReadingEaseScore": 55.593325112107635, "gunningFogIndex": 8.952286995515696, "fleschKincaidGradeLevel": 11.045116591928252, "colemanLiauIndex": 11.64251121076233, "smogIndex": 7.675431598112922, "automatedReadabilityIndex": 11.664798206278029, "linsearWriteIndex": 4.650224215246637, "author": "", "locationNameNum": 0, "locationNameRate": 0.0, "personNameNum": 0, "personNameRate": 0.0, "organizationNameNum": 0, "organizationNameRate": 0.0, "misspelledNum": 4, "misspelledRate": 0.017937219730941704, "missingAccentNum": 0, "missingAccentRate": 0.0, "foreignAccentNum": 0, "foreignAccentRate": 0.0, "wordConcatNum": 0, "wordConcatRate": 0.0, "jLyMistakeNum": 0, "jLyMistakeRate": 0.0, "publicVNum": 0, "freqSuffixNum": 0, "partsNum": 73, "clauseWordNum": 25, "privateVNum": 0}