{"tokenNum": 112, "sentenceNum": 9, "lemmaNum": 72, "lemmaRate": 0.6428571428571429, "sentenceLength": 12.444444444444445, "allUpperNum": 0, "firstUpperNum": 9, "allUpperRate": 0.0, "firstUpperRate": 0.08035714285714286, "declarSentNum": 7, "imperSentNum": 2, "questionNum": 0, "declarSentRate": 0.7777777777777778, "imperSentRate": 0.2222222222222222, "questionRate": 0.0, "accent": false, "saturation": 4.235294117647059, "paragraphNum": 0, "nounNum": 20, "verbNum": 17, "adjNum": 11, "infNum": 6, "partPastNum": 1, "partPresNum": 1, "partFutNum": 0, "transNum": 0, "xNum": 9, "advNum": 12, "properNounNum": 0, "numNum": 2, "conjNum": 5, "punctNum": 17, "pronNum": 9, "relPronNum": 2, "demPronNum": 4, "adposNum": 0, "multiplePunctNum": 0, "phraseNum": 0, "nounRate": 0.17857142857142858, "verbRate": 0.15178571428571427, "adjRate": 0.09821428571428571, "infRate": 0.05357142857142857, "partPastRate": 0.008928571428571428, "partPresRate": 0.008928571428571428, "partFutRate": 0.0, "transRate": 0.0, "xRate": 0.08035714285714286, "advRate": 0.10714285714285714, "properNounRate": 0.0, "numRate": 0.017857142857142856, "conjRate": 0.044642857142857144, "punctRate": 0.15178571428571427, "pronRate": 0.08035714285714286, "relPronRate": 0.017857142857142856, "demPronRate": 0.03571428571428571, "adposRate": 0.0, "multiplePunctRate": 0.0, "partsDensityRate": 3.5294117647058822, "contentfulness": 6.666666666666667, "phraseRate": 0.0, "pastTenseNum": 0, "presentTenseNum": 11, "condNum": 0, "impNum": 2, "freqNum": 0, "causNum": 0, "modalNum": 2, "sg1VerbNum": 17, "sg2VerbNum": 17, "sg3VerbNum": 17, "pl1VerbNum": 17, "pl2VerbNum": 17, "pl3VerbNum": 17, "superlatNum": 0, "comparatNum": 1, "specDerivSuffixNum": 0, "pluralNounNum": 3, "pastTenseRate": 0.0, "presentTenseRate": 0.6470588235294118, "condRate": 0.0, "impRate": 0.11764705882352941, "freqRate": 0.0, "causRate": 0.0, "modalRate": 0.11764705882352941, "sg1VerbRate": 1.0, "sg2VerbRate": 1.0, "sg3VerbRate": 1.0, "pl1VerbRate": 1.0, "pl2VerbRate": 1.0, "pl3VerbRate": 1.0, "superlatRate": 0.0, "comparatRate": 0.09090909090909091, "specDerivSuffixRate": 0.0, "pluralNounRate": 0.15, "subjNum": 5, "objNum": 5, "attNum": 8, "subordNum": 3, "adverbNum": 13, "coordNum": 6, "clauseNum": 17, "simpleNum": 4, "complexNum": 5, "complexity1Num": 3, "complexity2Num": 1, "complexity3Num": 1, "compoundNum": 0, "subjRate": 0.044642857142857144, "objRate": 0.044642857142857144, "attRate": 0.07142857142857142, "subordRate": 0.026785714285714284, "adverbRate": 0.11607142857142858, "coordRate": 0.05357142857142857, "partsRate": 2.176470588235294, "clauseRate": 1.8888888888888888, "simpleRate": 0.4444444444444444, "complexRate": 0.5555555555555556, "complexity1Rate": 0.3333333333333333, "complexity2Rate": 0.1111111111111111, "complexity3Rate": 0.1111111111111111, "complexClauseRate": 2.6, "sentencesPerParagraph": 0.0, "wordsLengthRate": 5.157894736842105, "compoundRate": 0.0, "positiveNum": 0, "negativeNum": 0, "precoPositiveNum": 0, "precoNegativeNum": 0, "negemoNum": 0, "negationNum": 1, "functionNum": 52, "contentNum": 60, "vulgarNum": 0, "racistNum": 0, "specStyleNum": 0, "addressingNum": 0, "closingNum": 0, "postscriptNum": 0, "brutalNum": 0, "positiveRate": 0.0, "negativeRate": 0.0, "precoPositiveRate": 0.0, "precoNegativeRate": 0.0, "negemoRate": 0.0, "negationRate": 0.008928571428571428, "functionRate": 0.4642857142857143, "contentRate": 0.5357142857142857, "vulgarRate": 0.0, "racistRate": 0.0, "specStyleRate": 0.0, "addressingRate": 0.0, "closingRate": 0.0, "postscriptRate": 0.0, "brutalRate": 0.0, "epistemicNum": 0, "investNum": 0, "conditionNum": 0, "weaselNum": 0, "peacockNum": 0, "hedgeNum": 0, "doxasticNum": 0, "epistemicRate": 0.0, "investRate": 0.0, "conditionRate": 0.0, "weaselRate": 0.0, "peacockRate": 0.0, "hedgeRate": 0.0, "doxasticRate": 0.0, "loveNum": 0, "anxietyNum": 0, "sorrowNum": 0, "joyNum": 0, "disgustNum": 0, "fearNum": 0, "surpriseNum": 0, "angerNum": 0, "loveRate": 0.0, "anxietyRate": 0.0, "sorrowRate": 0.0, "joyRate": 0.0, "disgustRate": 0.0, "fearRate": 0.0, "surpriseRate": 0.0, "angerRate": 0.0, "slangBeGeneralNum": 0, "slangBeCigaretteNum": 0, "slangBeHumanNum": 0, "slangBeVehicleNum": 0, "slangBeDrugNum": 0, "slangBvNum": 0, "slangBeGeneralRate": 0.0, "slangBeCigaretteRate": 0.0, "slangBeHumanRate": 0.0, "slangBeVehicleRate": 0.0, "slangBeDrugRate": 0.0, "slangBvRate": 0.0, "speechactNum": 0, "quoteNum": 0, "dashNum": 0, "publicNum": 0, "privateNum": 0, "suasiveNum": 0, "discMarkerNum": 0, "smileyNum": 0, "dateNum": 0, "hesitationNum": 0, "restartNum": 0, "repeatNum": 1, "conjBeforeDiscNum": 0, "conjAfterDiscNum": 0, "wordBeforeHesitationNum": 0, "wordAfterHesitationNum": 0, "otherCollocationNum": 0, "speechactRate": 0.0, "quoteRate": 0.0, "dashRate": 0.0, "publicRate": 0.0, "privateRate": 0.0, "suasiveRate": 0.0, "discMarkerRate": 0.0, "smileyRate": 0.0, "dateRate": 0.0, "hesitationRate": 0.0, "restartRate": 0.0, "repeatRate": 0.008928571428571428, "conjBeforeDiscRate": 0.0, "conjAfterDiscRate": 0.0, "wordBeforeHesitationRate": 0.0, "wordAfterHesitationRate": 0.0, "otherCollocationRate": 0.0, "easyWordNum": 103, "hardWordNum": 9, "easyWordRate": 0.9196428571428571, "hardWordRate": 0.08035714285714286, "fleschReadingEaseScore": 77.12353174603177, "gunningFogIndex": 5.009920634920635, "fleschKincaidGradeLevel": 5.593690476190478, "colemanLiauIndex": 10.28404464285714, "smogIndex": 6.2581, "automatedReadabilityIndex": 5.650793650793652, "linsearWriteIndex": 5.001984126984127, "author": "", "locationNameNum": 0, "locationNameRate": 0.0, "personNameNum": 0, "personNameRate": 0.0, "organizationNameNum": 0, "organizationNameRate": 0.0, "misspelledNum": 32, "misspelledRate": 0.2857142857142857, "missingAccentNum": 32, "missingAccentRate": 0.2857142857142857, "foreignAccentNum": 0, "foreignAccentRate": 0.0, "wordConcatNum": 0, "wordConcatRate": 0.0, "jLyMistakeNum": 0, "jLyMistakeRate": 0.0, "publicVNum": 0, "freqSuffixNum": 0, "partsNum": 37, "clauseWordNum": 17, "privateVNum": 0}