{"tokenNum": 92, "sentenceNum": 7, "lemmaNum": 62, "lemmaRate": 0.6739130434782609, "sentenceLength": 13.142857142857142, "allUpperNum": 0, "firstUpperNum": 10, "allUpperRate": 0.0, "firstUpperRate": 0.10869565217391304, "declarSentNum": 7, "imperSentNum": 0, "questionNum": 0, "declarSentRate": 1.0, "imperSentRate": 0.0, "questionRate": 0.0, "accent": true, "saturation": 6.888888888888889, "paragraphNum": 0, "nounNum": 24, "verbNum": 11, "adjNum": 3, "infNum": 0, "partPastNum": 0, "partPresNum": 0, "partFutNum": 0, "transNum": 0, "xNum": 6, "advNum": 6, "properNounNum": 4, "numNum": 3, "conjNum": 2, "punctNum": 23, "pronNum": 3, "relPronNum": 2, "demPronNum": 2, "adposNum": 0, "multiplePunctNum": 0, "phraseNum": 0, "nounRate": 0.2608695652173913, "verbRate": 0.11956521739130435, "adjRate": 0.03260869565217391, "infRate": 0.0, "partPastRate": 0.0, "partPresRate": 0.0, "partFutRate": 0.0, "transRate": 0.0, "xRate": 0.06521739130434782, "advRate": 0.06521739130434782, "properNounRate": 0.043478260869565216, "numRate": 0.03260869565217391, "conjRate": 0.021739130434782608, "punctRate": 0.25, "pronRate": 0.03260869565217391, "relPronRate": 0.021739130434782608, "demPronRate": 0.021739130434782608, "adposRate": 0.0, "multiplePunctRate": 0.0, "partsDensityRate": 4.888888888888889, "contentfulness": 6.285714285714286, "phraseRate": 0.0, "pastTenseNum": 8, "presentTenseNum": 3, "condNum": 0, "impNum": 0, "freqNum": 0, "causNum": 0, "modalNum": 1, "sg1VerbNum": 11, "sg2VerbNum": 11, "sg3VerbNum": 11, "pl1VerbNum": 11, "pl2VerbNum": 11, "pl3VerbNum": 11, "superlatNum": 0, "comparatNum": 0, "specDerivSuffixNum": 0, "pluralNounNum": 1, "pastTenseRate": 0.7272727272727273, "presentTenseRate": 0.2727272727272727, "condRate": 0.0, "impRate": 0.0, "freqRate": 0.0, "causRate": 0.0, "modalRate": 0.09090909090909091, "sg1VerbRate": 1.0, "sg2VerbRate": 1.0, "sg3VerbRate": 1.0, "pl1VerbRate": 1.0, "pl2VerbRate": 1.0, "pl3VerbRate": 1.0, "superlatRate": 0.0, "comparatRate": 0.0, "specDerivSuffixRate": 0.0, "pluralNounRate": 0.041666666666666664, "subjNum": 7, "objNum": 6, "attNum": 3, "subordNum": 2, "adverbNum": 7, "coordNum": 4, "clauseNum": 9, "simpleNum": 5, "complexNum": 2, "complexity1Num": 2, "complexity2Num": 0, "complexity3Num": 0, "compoundNum": 0, "subjRate": 0.07608695652173914, "objRate": 0.06521739130434782, "attRate": 0.03260869565217391, "subordRate": 0.021739130434782608, "adverbRate": 0.07608695652173914, "coordRate": 0.043478260869565216, "partsRate": 3.0, "clauseRate": 1.2857142857142858, "simpleRate": 0.7142857142857143, "complexRate": 0.2857142857142857, "complexity1Rate": 0.2857142857142857, "complexity2Rate": 0.0, "complexity3Rate": 0.0, "complexClauseRate": 2.0, "sentencesPerParagraph": 0.0, "wordsLengthRate": 4.7101449275362315, "compoundRate": 0.0, "positiveNum": 0, "negativeNum": 0, "precoPositiveNum": 0, "precoNegativeNum": 0, "negemoNum": 0, "negationNum": 0, "functionNum": 48, "contentNum": 44, "vulgarNum": 0, "racistNum": 0, "specStyleNum": 0, "addressingNum": 0, "closingNum": 0, "postscriptNum": 0, "brutalNum": 0, "positiveRate": 0.0, "negativeRate": 0.0, "precoPositiveRate": 0.0, "precoNegativeRate": 0.0, "negemoRate": 0.0, "negationRate": 0.0, "functionRate": 0.5217391304347826, "contentRate": 0.4782608695652174, "vulgarRate": 0.0, "racistRate": 0.0, "specStyleRate": 0.0, "addressingRate": 0.0, "closingRate": 0.0, "postscriptRate": 0.0, "brutalRate": 0.0, "epistemicNum": 0, "investNum": 0, "conditionNum": 0, "weaselNum": 0, "peacockNum": 0, "hedgeNum": 0, "doxasticNum": 0, "epistemicRate": 0.0, "investRate": 0.0, "conditionRate": 0.0, "weaselRate": 0.0, "peacockRate": 0.0, "hedgeRate": 0.0, "doxasticRate": 0.0, "loveNum": 0, "anxietyNum": 0, "sorrowNum": 0, "joyNum": 0, "disgustNum": 0, "fearNum": 0, "surpriseNum": 0, "angerNum": 0, "loveRate": 0.0, "anxietyRate": 0.0, "sorrowRate": 0.0, "joyRate": 0.0, "disgustRate": 0.0, "fearRate": 0.0, "surpriseRate": 0.0, "angerRate": 0.0, "slangBeGeneralNum": 0, "slangBeCigaretteNum": 0, "slangBeHumanNum": 0, "slangBeVehicleNum": 0, "slangBeDrugNum": 0, "slangBvNum": 0, "slangBeGeneralRate": 0.0, "slangBeCigaretteRate": 0.0, "slangBeHumanRate": 0.0, "slangBeVehicleRate": 0.0, "slangBeDrugRate": 0.0, "slangBvRate": 0.0, "speechactNum": 0, "quoteNum": 0, "dashNum": 0, "publicNum": 0, "privateNum": 0, "suasiveNum": 0, "discMarkerNum": 0, "smileyNum": 0, "dateNum": 1, "hesitationNum": 0, "restartNum": 0, "repeatNum": 6, "conjBeforeDiscNum": 0, "conjAfterDiscNum": 0, "wordBeforeHesitationNum": 0, "wordAfterHesitationNum": 0, "otherCollocationNum": 0, "speechactRate": 0.0, "quoteRate": 0.0, "dashRate": 0.0, "publicRate": 0.0, "privateRate": 0.0, "suasiveRate": 0.0, "discMarkerRate": 0.0, "smileyRate": 0.0, "dateRate": 0.010869565217391304, "hesitationRate": 0.0, "restartRate": 0.0, "repeatRate": 0.06521739130434782, "conjBeforeDiscRate": 0.0, "conjAfterDiscRate": 0.0, "wordBeforeHesitationRate": 0.0, "wordAfterHesitationRate": 0.0, "otherCollocationRate": 0.0, "easyWordNum": 90, "hardWordNum": 2, "easyWordRate": 0.9782608695652174, "hardWordRate": 0.021739130434782608, "fleschReadingEaseScore": 100.61891304347827, "gunningFogIndex": 5.2658385093167706, "fleschKincaidGradeLevel": 2.490062111801244, "colemanLiauIndex": 6.03118478260869, "smogIndex": 4.604124745555138, "automatedReadabilityIndex": 2.599145962732919, "linsearWriteIndex": 5.428571428571429, "author": "", "locationNameNum": 2, "locationNameRate": 0.021739130434782608, "personNameNum": 1, "personNameRate": 0.010869565217391304, "organizationNameNum": 0, "organizationNameRate": 0.0, "misspelledNum": 2, "misspelledRate": 0.021739130434782608, "missingAccentNum": 2, "missingAccentRate": 0.021739130434782608, "foreignAccentNum": 0, "foreignAccentRate": 0.0, "wordConcatNum": 0, "wordConcatRate": 0.0, "jLyMistakeNum": 0, "jLyMistakeRate": 0.0, "publicVNum": 0, "freqSuffixNum": 0, "partsNum": 27, "clauseWordNum": 9, "privateVNum": 0}