{"tokenNum": 146, "sentenceNum": 4, "lemmaNum": 112, "lemmaRate": 0.7671232876712328, "sentenceLength": 36.5, "allUpperNum": 3, "firstUpperNum": 28, "allUpperRate": 0.02054794520547945, "firstUpperRate": 0.1917808219178082, "declarSentNum": 3, "imperSentNum": 0, "questionNum": 1, "declarSentRate": 0.75, "imperSentRate": 0.0, "questionRate": 0.25, "accent": true, "saturation": 12.444444444444445, "paragraphNum": 0, "nounNum": 62, "verbNum": 6, "adjNum": 13, "infNum": 0, "partPastNum": 0, "partPresNum": 0, "partFutNum": 0, "transNum": 0, "xNum": 22, "advNum": 11, "properNounNum": 31, "numNum": 1, "conjNum": 3, "punctNum": 17, "pronNum": 1, "relPronNum": 0, "demPronNum": 2, "adposNum": 1, "multiplePunctNum": 0, "phraseNum": 0, "nounRate": 0.4246575342465753, "verbRate": 0.0410958904109589, "adjRate": 0.08904109589041095, "infRate": 0.0, "partPastRate": 0.0, "partPresRate": 0.0, "partFutRate": 0.0, "transRate": 0.0, "xRate": 0.1506849315068493, "advRate": 0.07534246575342465, "properNounRate": 0.21232876712328766, "numRate": 0.00684931506849315, "conjRate": 0.02054794520547945, "punctRate": 0.11643835616438356, "pronRate": 0.00684931506849315, "relPronRate": 0.0, "demPronRate": 0.0136986301369863, "adposRate": 0.00684931506849315, "multiplePunctRate": 0.0, "partsDensityRate": 10.222222222222221, "contentfulness": 23.0, "phraseRate": 0.0, "pastTenseNum": 2, "presentTenseNum": 4, "condNum": 0, "impNum": 0, "freqNum": 0, "causNum": 0, "modalNum": 1, "sg1VerbNum": 6, "sg2VerbNum": 6, "sg3VerbNum": 6, "pl1VerbNum": 6, "pl2VerbNum": 6, "pl3VerbNum": 6, "superlatNum": 0, "comparatNum": 0, "specDerivSuffixNum": 0, "pluralNounNum": 0, "pastTenseRate": 0.3333333333333333, "presentTenseRate": 0.6666666666666666, "condRate": 0.0, "impRate": 0.0, "freqRate": 0.0, "causRate": 0.0, "modalRate": 0.16666666666666666, "sg1VerbRate": 1.0, "sg2VerbRate": 1.0, "sg3VerbRate": 1.0, "pl1VerbRate": 1.0, "pl2VerbRate": 1.0, "pl3VerbRate": 1.0, "superlatRate": 0.0, "comparatRate": 0.0, "specDerivSuffixRate": 0.0, "pluralNounRate": 0.0, "subjNum": 8, "objNum": 3, "attNum": 6, "subordNum": 1, "adverbNum": 11, "coordNum": 10, "clauseNum": 9, "simpleNum": 1, "complexNum": 3, "complexity1Num": 2, "complexity2Num": 0, "complexity3Num": 1, "compoundNum": 0, "subjRate": 0.0547945205479452, "objRate": 0.02054794520547945, "attRate": 0.0410958904109589, "subordRate": 0.00684931506849315, "adverbRate": 0.07534246575342465, "coordRate": 0.0684931506849315, "partsRate": 4.222222222222222, "clauseRate": 2.25, "simpleRate": 0.25, "complexRate": 0.75, "complexity1Rate": 0.5, "complexity2Rate": 0.0, "complexity3Rate": 0.25, "complexClauseRate": 2.6666666666666665, "sentencesPerParagraph": 0.0, "wordsLengthRate": 5.224806201550388, "compoundRate": 0.0, "positiveNum": 0, "negativeNum": 0, "precoPositiveNum": 0, "precoNegativeNum": 0, "negemoNum": 0, "negationNum": 4, "functionNum": 54, "contentNum": 92, "vulgarNum": 0, "racistNum": 0, "specStyleNum": 0, "addressingNum": 0, "closingNum": 0, "postscriptNum": 0, "brutalNum": 0, "positiveRate": 0.0, "negativeRate": 0.0, "precoPositiveRate": 0.0, "precoNegativeRate": 0.0, "negemoRate": 0.0, "negationRate": 0.0273972602739726, "functionRate": 0.3698630136986301, "contentRate": 0.6301369863013698, "vulgarRate": 0.0, "racistRate": 0.0, "specStyleRate": 0.0, "addressingRate": 0.0, "closingRate": 0.0, "postscriptRate": 0.0, "brutalRate": 0.0, "epistemicNum": 0, "investNum": 0, "conditionNum": 0, "weaselNum": 0, "peacockNum": 0, "hedgeNum": 0, "doxasticNum": 0, "epistemicRate": 0.0, "investRate": 0.0, "conditionRate": 0.0, "weaselRate": 0.0, "peacockRate": 0.0, "hedgeRate": 0.0, "doxasticRate": 0.0, "loveNum": 0, "anxietyNum": 0, "sorrowNum": 0, "joyNum": 0, "disgustNum": 0, "fearNum": 0, "surpriseNum": 0, "angerNum": 0, "loveRate": 0.0, "anxietyRate": 0.0, "sorrowRate": 0.0, "joyRate": 0.0, "disgustRate": 0.0, "fearRate": 0.0, "surpriseRate": 0.0, "angerRate": 0.0, "slangBeGeneralNum": 0, "slangBeCigaretteNum": 0, "slangBeHumanNum": 0, "slangBeVehicleNum": 0, "slangBeDrugNum": 0, "slangBvNum": 0, "slangBeGeneralRate": 0.0, "slangBeCigaretteRate": 0.0, "slangBeHumanRate": 0.0, "slangBeVehicleRate": 0.0, "slangBeDrugRate": 0.0, "slangBvRate": 0.0, "speechactNum": 0, "quoteNum": 0, "dashNum": 0, "publicNum": 0, "privateNum": 0, "suasiveNum": 0, "discMarkerNum": 0, "smileyNum": 0, "dateNum": 0, "hesitationNum": 0, "restartNum": 0, "repeatNum": 0, "conjBeforeDiscNum": 0, "conjAfterDiscNum": 0, "wordBeforeHesitationNum": 0, "wordAfterHesitationNum": 0, "otherCollocationNum": 0, "speechactRate": 0.0, "quoteRate": 0.0, "dashRate": 0.0, "publicRate": 0.0, "privateRate": 0.0, "suasiveRate": 0.0, "discMarkerRate": 0.0, "smileyRate": 0.0, "dateRate": 0.0, "hesitationRate": 0.0, "restartRate": 0.0, "repeatRate": 0.0, "conjBeforeDiscRate": 0.0, "conjAfterDiscRate": 0.0, "wordBeforeHesitationRate": 0.0, "wordAfterHesitationRate": 0.0, "otherCollocationRate": 0.0, "easyWordNum": 137, "hardWordNum": 9, "easyWordRate": 0.9383561643835616, "hardWordRate": 0.06164383561643835, "fleschReadingEaseScore": 28.401198630137003, "gunningFogIndex": 14.624657534246575, "fleschKincaidGradeLevel": 18.36554794520548, "colemanLiauIndex": 11.471424657534243, "smogIndex": 6.2581, "automatedReadabilityIndex": 18.627945205479456, "linsearWriteIndex": 13.270547945205479, "author": "", "locationNameNum": 1, "locationNameRate": 0.00684931506849315, "personNameNum": 2, "personNameRate": 0.0136986301369863, "organizationNameNum": 0, "organizationNameRate": 0.0, "misspelledNum": 46, "misspelledRate": 0.3150684931506849, "missingAccentNum": 4, "missingAccentRate": 0.0273972602739726, "foreignAccentNum": 0, "foreignAccentRate": 0.0, "wordConcatNum": 3, "wordConcatRate": 0.02054794520547945, "jLyMistakeNum": 6, "jLyMistakeRate": 0.0410958904109589, "publicVNum": 0, "freqSuffixNum": 0, "partsNum": 38, "clauseWordNum": 9, "privateVNum": 0}