{"tokenNum": 176, "sentenceNum": 3, "lemmaNum": 124, "lemmaRate": 0.7045454545454546, "sentenceLength": 58.666666666666664, "allUpperNum": 3, "firstUpperNum": 15, "allUpperRate": 0.017045454545454544, "firstUpperRate": 0.08522727272727272, "declarSentNum": 2, "imperSentNum": 0, "questionNum": 1, "declarSentRate": 0.6666666666666666, "imperSentRate": 0.0, "questionRate": 0.3333333333333333, "accent": true, "saturation": 9.538461538461538, "paragraphNum": 0, "nounNum": 50, "verbNum": 26, "adjNum": 17, "infNum": 1, "partPastNum": 4, "partPresNum": 0, "partFutNum": 0, "transNum": 0, "xNum": 6, "advNum": 8, "properNounNum": 10, "numNum": 4, "conjNum": 11, "punctNum": 29, "pronNum": 8, "relPronNum": 3, "demPronNum": 4, "adposNum": 3, "multiplePunctNum": 2, "phraseNum": 0, "nounRate": 0.2840909090909091, "verbRate": 0.14772727272727273, "adjRate": 0.09659090909090909, "infRate": 0.005681818181818182, "partPastRate": 0.022727272727272728, "partPresRate": 0.0, "partFutRate": 0.0, "transRate": 0.0, "xRate": 0.03409090909090909, "advRate": 0.045454545454545456, "properNounRate": 0.056818181818181816, "numRate": 0.022727272727272728, "conjRate": 0.0625, "punctRate": 0.16477272727272727, "pronRate": 0.045454545454545456, "relPronRate": 0.017045454545454544, "demPronRate": 0.022727272727272728, "adposRate": 0.017045454545454544, "multiplePunctRate": 0.06896551724137931, "partsDensityRate": 7.769230769230769, "contentfulness": 33.666666666666664, "phraseRate": 0.0, "pastTenseNum": 7, "presentTenseNum": 18, "condNum": 1, "impNum": 0, "freqNum": 0, "causNum": 0, "modalNum": 0, "sg1VerbNum": 26, "sg2VerbNum": 26, "sg3VerbNum": 26, "pl1VerbNum": 26, "pl2VerbNum": 26, "pl3VerbNum": 26, "superlatNum": 0, "comparatNum": 1, "specDerivSuffixNum": 0, "pluralNounNum": 3, "pastTenseRate": 0.2692307692307692, "presentTenseRate": 0.6923076923076923, "condRate": 0.038461538461538464, "impRate": 0.0, "freqRate": 0.0, "causRate": 0.0, "modalRate": 0.0, "sg1VerbRate": 1.0, "sg2VerbRate": 1.0, "sg3VerbRate": 1.0, "pl1VerbRate": 1.0, "pl2VerbRate": 1.0, "pl3VerbRate": 1.0, "superlatRate": 0.0, "comparatRate": 0.058823529411764705, "specDerivSuffixRate": 0.0, "pluralNounRate": 0.06, "subjNum": 14, "objNum": 8, "attNum": 9, "subordNum": 9, "adverbNum": 8, "coordNum": 12, "clauseNum": 13, "simpleNum": 1, "complexNum": 1, "complexity1Num": 0, "complexity2Num": 0, "complexity3Num": 0, "compoundNum": 0, "subjRate": 0.07954545454545454, "objRate": 0.045454545454545456, "attRate": 0.05113636363636364, "subordRate": 0.05113636363636364, "adverbRate": 0.045454545454545456, "coordRate": 0.06818181818181818, "partsRate": 3.923076923076923, "clauseRate": 4.333333333333333, "simpleRate": 0.3333333333333333, "complexRate": 0.3333333333333333, "complexity1Rate": 0.0, "complexity2Rate": 0.0, "complexity3Rate": 0.0, "complexClauseRate": 12.0, "sentencesPerParagraph": 0.0, "wordsLengthRate": 6.0476190476190474, "compoundRate": 0.0, "positiveNum": 0, "negativeNum": 0, "precoPositiveNum": 0, "precoNegativeNum": 0, "negemoNum": 0, "negationNum": 4, "functionNum": 75, "contentNum": 101, "vulgarNum": 0, "racistNum": 0, "specStyleNum": 0, "addressingNum": 0, "closingNum": 0, "postscriptNum": 0, "brutalNum": 0, "positiveRate": 0.0, "negativeRate": 0.0, "precoPositiveRate": 0.0, "precoNegativeRate": 0.0, "negemoRate": 0.0, "negationRate": 0.022727272727272728, "functionRate": 0.42613636363636365, "contentRate": 0.5738636363636364, "vulgarRate": 0.0, "racistRate": 0.0, "specStyleRate": 0.0, "addressingRate": 0.0, "closingRate": 0.0, "postscriptRate": 0.0, "brutalRate": 0.0, "epistemicNum": 0, "investNum": 0, "conditionNum": 0, "weaselNum": 0, "peacockNum": 0, "hedgeNum": 0, "doxasticNum": 0, "epistemicRate": 0.0, "investRate": 0.0, "conditionRate": 0.0, "weaselRate": 0.0, "peacockRate": 0.0, "hedgeRate": 0.0, "doxasticRate": 0.0, "loveNum": 0, "anxietyNum": 0, "sorrowNum": 0, "joyNum": 0, "disgustNum": 0, "fearNum": 0, "surpriseNum": 0, "angerNum": 0, "loveRate": 0.0, "anxietyRate": 0.0, "sorrowRate": 0.0, "joyRate": 0.0, "disgustRate": 0.0, "fearRate": 0.0, "surpriseRate": 0.0, "angerRate": 0.0, "slangBeGeneralNum": 0, "slangBeCigaretteNum": 0, "slangBeHumanNum": 0, "slangBeVehicleNum": 0, "slangBeDrugNum": 0, "slangBvNum": 0, "slangBeGeneralRate": 0.0, "slangBeCigaretteRate": 0.0, "slangBeHumanRate": 0.0, "slangBeVehicleRate": 0.0, "slangBeDrugRate": 0.0, "slangBvRate": 0.0, "speechactNum": 0, "quoteNum": 0, "dashNum": 0, "publicNum": 0, "privateNum": 0, "suasiveNum": 0, "discMarkerNum": 0, "smileyNum": 0, "dateNum": 0, "hesitationNum": 0, "restartNum": 1, "repeatNum": 0, "conjBeforeDiscNum": 0, "conjAfterDiscNum": 0, "wordBeforeHesitationNum": 0, "wordAfterHesitationNum": 0, "otherCollocationNum": 0, "speechactRate": 0.0, "quoteRate": 0.0, "dashRate": 0.0, "publicRate": 0.0, "privateRate": 0.0, "suasiveRate": 0.0, "discMarkerRate": 0.0, "smileyRate": 0.0, "dateRate": 0.0, "hesitationRate": 0.0, "restartRate": 0.005681818181818182, "repeatRate": 0.0, "conjBeforeDiscRate": 0.0, "conjAfterDiscRate": 0.0, "wordBeforeHesitationRate": 0.0, "wordAfterHesitationRate": 0.0, "otherCollocationRate": 0.0, "easyWordNum": 159, "hardWordNum": 17, "easyWordRate": 0.9034090909090909, "hardWordRate": 0.09659090909090909, "fleschReadingEaseScore": 12.69742424242429, "gunningFogIndex": 23.50530303030303, "fleschKincaidGradeLevel": 26.062727272727276, "colemanLiauIndex": 15.022051136363636, "smogIndex": 7.42949916751922, "automatedReadabilityIndex": 32.550549242424246, "linsearWriteIndex": 19.6969696969697, "author": "", "locationNameNum": 1, "locationNameRate": 0.005681818181818182, "personNameNum": 2, "personNameRate": 0.011363636363636364, "organizationNameNum": 3, "organizationNameRate": 0.017045454545454544, "misspelledNum": 10, "misspelledRate": 0.056818181818181816, "missingAccentNum": 3, "missingAccentRate": 0.017045454545454544, "foreignAccentNum": 0, "foreignAccentRate": 0.0, "wordConcatNum": 1, "wordConcatRate": 0.005681818181818182, "jLyMistakeNum": 0, "jLyMistakeRate": 0.0, "publicVNum": 0, "freqSuffixNum": 0, "partsNum": 51, "clauseWordNum": 13, "privateVNum": 0}