{"tokenNum": 144, "sentenceNum": 7, "lemmaNum": 88, "lemmaRate": 0.6111111111111112, "sentenceLength": 20.571428571428573, "allUpperNum": 1, "firstUpperNum": 10, "allUpperRate": 0.006944444444444444, "firstUpperRate": 0.06944444444444445, "declarSentNum": 7, "imperSentNum": 0, "questionNum": 0, "declarSentRate": 1.0, "imperSentRate": 0.0, "questionRate": 0.0, "accent": false, "saturation": 4.4, "paragraphNum": 0, "nounNum": 32, "verbNum": 22, "adjNum": 15, "infNum": 1, "partPastNum": 0, "partPresNum": 0, "partFutNum": 0, "transNum": 0, "xNum": 7, "advNum": 11, "properNounNum": 5, "numNum": 0, "conjNum": 7, "punctNum": 29, "pronNum": 4, "relPronNum": 2, "demPronNum": 2, "adposNum": 1, "multiplePunctNum": 0, "phraseNum": 0, "nounRate": 0.2222222222222222, "verbRate": 0.1527777777777778, "adjRate": 0.10416666666666667, "infRate": 0.006944444444444444, "partPastRate": 0.0, "partPresRate": 0.0, "partFutRate": 0.0, "transRate": 0.0, "xRate": 0.04861111111111111, "advRate": 0.0763888888888889, "properNounRate": 0.034722222222222224, "numRate": 0.0, "conjRate": 0.04861111111111111, "punctRate": 0.2013888888888889, "pronRate": 0.027777777777777776, "relPronRate": 0.013888888888888888, "demPronRate": 0.013888888888888888, "adposRate": 0.006944444444444444, "multiplePunctRate": 0.0, "partsDensityRate": 4.0, "contentfulness": 11.428571428571429, "phraseRate": 0.0, "pastTenseNum": 16, "presentTenseNum": 5, "condNum": 0, "impNum": 1, "freqNum": 0, "causNum": 0, "modalNum": 1, "sg1VerbNum": 22, "sg2VerbNum": 22, "sg3VerbNum": 22, "pl1VerbNum": 22, "pl2VerbNum": 22, "pl3VerbNum": 22, "superlatNum": 0, "comparatNum": 0, "specDerivSuffixNum": 0, "pluralNounNum": 6, "pastTenseRate": 0.7272727272727273, "presentTenseRate": 0.22727272727272727, "condRate": 0.0, "impRate": 0.045454545454545456, "freqRate": 0.0, "causRate": 0.0, "modalRate": 0.045454545454545456, "sg1VerbRate": 1.0, "sg2VerbRate": 1.0, "sg3VerbRate": 1.0, "pl1VerbRate": 1.0, "pl2VerbRate": 1.0, "pl3VerbRate": 1.0, "superlatRate": 0.0, "comparatRate": 0.0, "specDerivSuffixRate": 0.0, "pluralNounRate": 0.1875, "subjNum": 14, "objNum": 5, "attNum": 8, "subordNum": 7, "adverbNum": 18, "coordNum": 6, "clauseNum": 20, "simpleNum": 1, "complexNum": 6, "complexity1Num": 2, "complexity2Num": 2, "complexity3Num": 1, "compoundNum": 0, "subjRate": 0.09722222222222222, "objRate": 0.034722222222222224, "attRate": 0.05555555555555555, "subordRate": 0.04861111111111111, "adverbRate": 0.125, "coordRate": 0.041666666666666664, "partsRate": 2.55, "clauseRate": 2.857142857142857, "simpleRate": 0.14285714285714285, "complexRate": 0.8571428571428571, "complexity1Rate": 0.2857142857142857, "complexity2Rate": 0.2857142857142857, "complexity3Rate": 0.14285714285714285, "complexClauseRate": 3.1666666666666665, "sentencesPerParagraph": 0.0, "wordsLengthRate": 5.452173913043478, "compoundRate": 0.0, "positiveNum": 0, "negativeNum": 0, "precoPositiveNum": 0, "precoNegativeNum": 0, "negemoNum": 0, "negationNum": 0, "functionNum": 64, "contentNum": 80, "vulgarNum": 0, "racistNum": 0, "specStyleNum": 0, "addressingNum": 0, "closingNum": 0, "postscriptNum": 0, "brutalNum": 0, "positiveRate": 0.0, "negativeRate": 0.0, "precoPositiveRate": 0.0, "precoNegativeRate": 0.0, "negemoRate": 0.0, "negationRate": 0.0, "functionRate": 0.4444444444444444, "contentRate": 0.5555555555555556, "vulgarRate": 0.0, "racistRate": 0.0, "specStyleRate": 0.0, "addressingRate": 0.0, "closingRate": 0.0, "postscriptRate": 0.0, "brutalRate": 0.0, "epistemicNum": 0, "investNum": 0, "conditionNum": 0, "weaselNum": 0, "peacockNum": 0, "hedgeNum": 0, "doxasticNum": 0, "epistemicRate": 0.0, "investRate": 0.0, "conditionRate": 0.0, "weaselRate": 0.0, "peacockRate": 0.0, "hedgeRate": 0.0, "doxasticRate": 0.0, "loveNum": 0, "anxietyNum": 0, "sorrowNum": 0, "joyNum": 0, "disgustNum": 0, "fearNum": 0, "surpriseNum": 0, "angerNum": 0, "loveRate": 0.0, "anxietyRate": 0.0, "sorrowRate": 0.0, "joyRate": 0.0, "disgustRate": 0.0, "fearRate": 0.0, "surpriseRate": 0.0, "angerRate": 0.0, "slangBeGeneralNum": 0, "slangBeCigaretteNum": 0, "slangBeHumanNum": 0, "slangBeVehicleNum": 0, "slangBeDrugNum": 0, "slangBvNum": 0, "slangBeGeneralRate": 0.0, "slangBeCigaretteRate": 0.0, "slangBeHumanRate": 0.0, "slangBeVehicleRate": 0.0, "slangBeDrugRate": 0.0, "slangBvRate": 0.0, "speechactNum": 0, "quoteNum": 0, "dashNum": 0, "publicNum": 0, "privateNum": 0, "suasiveNum": 0, "discMarkerNum": 0, "smileyNum": 0, "dateNum": 0, "hesitationNum": 0, "restartNum": 0, "repeatNum": 0, "conjBeforeDiscNum": 0, "conjAfterDiscNum": 0, "wordBeforeHesitationNum": 0, "wordAfterHesitationNum": 0, "otherCollocationNum": 0, "speechactRate": 0.0, "quoteRate": 0.0, "dashRate": 0.0, "publicRate": 0.0, "privateRate": 0.0, "suasiveRate": 0.0, "discMarkerRate": 0.0, "smileyRate": 0.0, "dateRate": 0.0, "hesitationRate": 0.0, "restartRate": 0.0, "repeatRate": 0.0, "conjBeforeDiscRate": 0.0, "conjAfterDiscRate": 0.0, "wordBeforeHesitationRate": 0.0, "wordAfterHesitationRate": 0.0, "otherCollocationRate": 0.0, "easyWordNum": 131, "hardWordNum": 13, "easyWordRate": 0.9097222222222222, "hardWordRate": 0.09027777777777778, "fleschReadingEaseScore": 61.405000000000015, "gunningFogIndex": 8.264682539682541, "fleschKincaidGradeLevel": 9.805079365079369, "colemanLiauIndex": 10.623048611111106, "smogIndex": 6.88968998030894, "automatedReadabilityIndex": 9.985297619047621, "linsearWriteIndex": 7.0853174603174605, "author": "", "locationNameNum": 2, "locationNameRate": 0.013888888888888888, "personNameNum": 0, "personNameRate": 0.0, "organizationNameNum": 0, "organizationNameRate": 0.0, "misspelledNum": 44, "misspelledRate": 0.3055555555555556, "missingAccentNum": 41, "missingAccentRate": 0.2847222222222222, "foreignAccentNum": 0, "foreignAccentRate": 0.0, "wordConcatNum": 0, "wordConcatRate": 0.0, "jLyMistakeNum": 1, "jLyMistakeRate": 0.006944444444444444, "publicVNum": 0, "freqSuffixNum": 0, "partsNum": 51, "clauseWordNum": 20, "privateVNum": 0}