{"tokenNum": 190, "sentenceNum": 15, "lemmaNum": 123, "lemmaRate": 0.6473684210526316, "sentenceLength": 12.666666666666666, "allUpperNum": 2, "firstUpperNum": 20, "allUpperRate": 0.010526315789473684, "firstUpperRate": 0.10526315789473684, "declarSentNum": 14, "imperSentNum": 0, "questionNum": 1, "declarSentRate": 0.9333333333333333, "imperSentRate": 0.0, "questionRate": 0.06666666666666667, "accent": true, "saturation": 4.1, "paragraphNum": 0, "nounNum": 34, "verbNum": 25, "adjNum": 15, "infNum": 5, "partPastNum": 0, "partPresNum": 4, "partFutNum": 0, "transNum": 0, "xNum": 13, "advNum": 24, "properNounNum": 6, "numNum": 2, "conjNum": 12, "punctNum": 36, "pronNum": 11, "relPronNum": 2, "demPronNum": 7, "adposNum": 1, "multiplePunctNum": 2, "phraseNum": 0, "nounRate": 0.17894736842105263, "verbRate": 0.13157894736842105, "adjRate": 0.07894736842105263, "infRate": 0.02631578947368421, "partPastRate": 0.0, "partPresRate": 0.021052631578947368, "partFutRate": 0.0, "transRate": 0.0, "xRate": 0.06842105263157895, "advRate": 0.12631578947368421, "properNounRate": 0.031578947368421054, "numRate": 0.010526315789473684, "conjRate": 0.06315789473684211, "punctRate": 0.18947368421052632, "pronRate": 0.05789473684210526, "relPronRate": 0.010526315789473684, "demPronRate": 0.03684210526315789, "adposRate": 0.005263157894736842, "multiplePunctRate": 0.05555555555555555, "partsDensityRate": 3.2666666666666666, "contentfulness": 6.533333333333333, "phraseRate": 0.0, "pastTenseNum": 6, "presentTenseNum": 14, "condNum": 0, "impNum": 0, "freqNum": 0, "causNum": 0, "modalNum": 0, "sg1VerbNum": 25, "sg2VerbNum": 25, "sg3VerbNum": 25, "pl1VerbNum": 25, "pl2VerbNum": 25, "pl3VerbNum": 25, "superlatNum": 1, "comparatNum": 0, "specDerivSuffixNum": 0, "pluralNounNum": 8, "pastTenseRate": 0.24, "presentTenseRate": 0.56, "condRate": 0.0, "impRate": 0.0, "freqRate": 0.0, "causRate": 0.0, "modalRate": 0.0, "sg1VerbRate": 1.0, "sg2VerbRate": 1.0, "sg3VerbRate": 1.0, "pl1VerbRate": 1.0, "pl2VerbRate": 1.0, "pl3VerbRate": 1.0, "superlatRate": 0.06666666666666667, "comparatRate": 0.0, "specDerivSuffixRate": 0.0, "pluralNounRate": 0.23529411764705882, "subjNum": 9, "objNum": 8, "attNum": 11, "subordNum": 4, "adverbNum": 32, "coordNum": 6, "clauseNum": 30, "simpleNum": 9, "complexNum": 6, "complexity1Num": 4, "complexity2Num": 0, "complexity3Num": 1, "compoundNum": 0, "subjRate": 0.04736842105263158, "objRate": 0.042105263157894736, "attRate": 0.05789473684210526, "subordRate": 0.021052631578947368, "adverbRate": 0.16842105263157894, "coordRate": 0.031578947368421054, "partsRate": 2.2, "clauseRate": 2.0, "simpleRate": 0.6, "complexRate": 0.4, "complexity1Rate": 0.26666666666666666, "complexity2Rate": 0.0, "complexity3Rate": 0.06666666666666667, "complexClauseRate": 3.5, "sentencesPerParagraph": 0.0, "wordsLengthRate": 5.311688311688312, "compoundRate": 0.0, "positiveNum": 0, "negativeNum": 0, "precoPositiveNum": 0, "precoNegativeNum": 0, "negemoNum": 0, "negationNum": 5, "functionNum": 92, "contentNum": 98, "vulgarNum": 0, "racistNum": 0, "specStyleNum": 0, "addressingNum": 0, "closingNum": 0, "postscriptNum": 0, "brutalNum": 0, "positiveRate": 0.0, "negativeRate": 0.0, "precoPositiveRate": 0.0, "precoNegativeRate": 0.0, "negemoRate": 0.0, "negationRate": 0.02631578947368421, "functionRate": 0.4842105263157895, "contentRate": 0.5157894736842106, "vulgarRate": 0.0, "racistRate": 0.0, "specStyleRate": 0.0, "addressingRate": 0.0, "closingRate": 0.0, "postscriptRate": 0.0, "brutalRate": 0.0, "epistemicNum": 0, "investNum": 0, "conditionNum": 0, "weaselNum": 0, "peacockNum": 0, "hedgeNum": 0, "doxasticNum": 0, "epistemicRate": 0.0, "investRate": 0.0, "conditionRate": 0.0, "weaselRate": 0.0, "peacockRate": 0.0, "hedgeRate": 0.0, "doxasticRate": 0.0, "loveNum": 0, "anxietyNum": 0, "sorrowNum": 0, "joyNum": 0, "disgustNum": 0, "fearNum": 0, "surpriseNum": 0, "angerNum": 0, "loveRate": 0.0, "anxietyRate": 0.0, "sorrowRate": 0.0, "joyRate": 0.0, "disgustRate": 0.0, "fearRate": 0.0, "surpriseRate": 0.0, "angerRate": 0.0, "slangBeGeneralNum": 0, "slangBeCigaretteNum": 0, "slangBeHumanNum": 0, "slangBeVehicleNum": 0, "slangBeDrugNum": 0, "slangBvNum": 0, "slangBeGeneralRate": 0.0, "slangBeCigaretteRate": 0.0, "slangBeHumanRate": 0.0, "slangBeVehicleRate": 0.0, "slangBeDrugRate": 0.0, "slangBvRate": 0.0, "speechactNum": 0, "quoteNum": 0, "dashNum": 0, "publicNum": 0, "privateNum": 0, "suasiveNum": 0, "discMarkerNum": 0, "smileyNum": 0, "dateNum": 0, "hesitationNum": 0, "restartNum": 0, "repeatNum": 0, "conjBeforeDiscNum": 0, "conjAfterDiscNum": 0, "wordBeforeHesitationNum": 0, "wordAfterHesitationNum": 0, "otherCollocationNum": 0, "speechactRate": 0.0, "quoteRate": 0.0, "dashRate": 0.0, "publicRate": 0.0, "privateRate": 0.0, "suasiveRate": 0.0, "discMarkerRate": 0.0, "smileyRate": 0.0, "dateRate": 0.0, "hesitationRate": 0.0, "restartRate": 0.0, "repeatRate": 0.0, "conjBeforeDiscRate": 0.0, "conjAfterDiscRate": 0.0, "wordBeforeHesitationRate": 0.0, "wordAfterHesitationRate": 0.0, "otherCollocationRate": 0.0, "easyWordNum": 173, "hardWordNum": 17, "easyWordRate": 0.9105263157894737, "hardWordRate": 0.08947368421052632, "fleschReadingEaseScore": 73.75728070175441, "gunningFogIndex": 5.102456140350878, "fleschKincaidGradeLevel": 6.118421052631579, "colemanLiauIndex": 10.332763157894735, "smogIndex": 7.42949916751922, "automatedReadabilityIndex": 5.800859649122806, "linsearWriteIndex": 2.701754385964912, "author": "", "locationNameNum": 0, "locationNameRate": 0.0, "personNameNum": 0, "personNameRate": 0.0, "organizationNameNum": 1, "organizationNameRate": 0.005263157894736842, "misspelledNum": 5, "misspelledRate": 0.02631578947368421, "missingAccentNum": 2, "missingAccentRate": 0.010526315789473684, "foreignAccentNum": 0, "foreignAccentRate": 0.0, "wordConcatNum": 0, "wordConcatRate": 0.0, "jLyMistakeNum": 0, "jLyMistakeRate": 0.0, "publicVNum": 0, "freqSuffixNum": 0, "partsNum": 66, "clauseWordNum": 30, "privateVNum": 0}