{"tokenNum": 111, "sentenceNum": 6, "lemmaNum": 78, "lemmaRate": 0.7027027027027027, "sentenceLength": 18.5, "allUpperNum": 1, "firstUpperNum": 10, "allUpperRate": 0.009009009009009009, "firstUpperRate": 0.09009009009009009, "declarSentNum": 6, "imperSentNum": 0, "questionNum": 0, "declarSentRate": 1.0, "imperSentRate": 0.0, "questionRate": 0.0, "accent": true, "saturation": 6.0, "paragraphNum": 0, "nounNum": 11, "verbNum": 17, "adjNum": 8, "infNum": 2, "partPastNum": 0, "partPresNum": 0, "partFutNum": 0, "transNum": 2, "xNum": 6, "advNum": 16, "properNounNum": 1, "numNum": 2, "conjNum": 7, "punctNum": 21, "pronNum": 10, "relPronNum": 2, "demPronNum": 5, "adposNum": 2, "multiplePunctNum": 4, "phraseNum": 0, "nounRate": 0.0990990990990991, "verbRate": 0.15315315315315314, "adjRate": 0.07207207207207207, "infRate": 0.018018018018018018, "partPastRate": 0.0, "partPresRate": 0.0, "partFutRate": 0.0, "transRate": 0.018018018018018018, "xRate": 0.05405405405405406, "advRate": 0.14414414414414414, "properNounRate": 0.009009009009009009, "numRate": 0.018018018018018018, "conjRate": 0.06306306306306306, "punctRate": 0.1891891891891892, "pronRate": 0.09009009009009009, "relPronRate": 0.018018018018018018, "demPronRate": 0.04504504504504504, "adposRate": 0.018018018018018018, "multiplePunctRate": 0.19047619047619047, "partsDensityRate": 4.0, "contentfulness": 8.666666666666666, "phraseRate": 0.0, "pastTenseNum": 11, "presentTenseNum": 4, "condNum": 2, "impNum": 0, "freqNum": 0, "causNum": 0, "modalNum": 1, "sg1VerbNum": 17, "sg2VerbNum": 17, "sg3VerbNum": 17, "pl1VerbNum": 17, "pl2VerbNum": 17, "pl3VerbNum": 17, "superlatNum": 0, "comparatNum": 0, "specDerivSuffixNum": 0, "pluralNounNum": 0, "pastTenseRate": 0.6470588235294118, "presentTenseRate": 0.23529411764705882, "condRate": 0.11764705882352941, "impRate": 0.0, "freqRate": 0.0, "causRate": 0.0, "modalRate": 0.058823529411764705, "sg1VerbRate": 1.0, "sg2VerbRate": 1.0, "sg3VerbRate": 1.0, "pl1VerbRate": 1.0, "pl2VerbRate": 1.0, "pl3VerbRate": 1.0, "superlatRate": 0.0, "comparatRate": 0.0, "specDerivSuffixRate": 0.0, "pluralNounRate": 0.0, "subjNum": 8, "objNum": 3, "attNum": 4, "subordNum": 7, "adverbNum": 21, "coordNum": 2, "clauseNum": 13, "simpleNum": 1, "complexNum": 5, "complexity1Num": 3, "complexity2Num": 2, "complexity3Num": 0, "compoundNum": 0, "subjRate": 0.07207207207207207, "objRate": 0.02702702702702703, "attRate": 0.036036036036036036, "subordRate": 0.06306306306306306, "adverbRate": 0.1891891891891892, "coordRate": 0.018018018018018018, "partsRate": 2.923076923076923, "clauseRate": 2.1666666666666665, "simpleRate": 0.16666666666666666, "complexRate": 0.8333333333333334, "complexity1Rate": 0.5, "complexity2Rate": 0.3333333333333333, "complexity3Rate": 0.0, "complexClauseRate": 2.4, "sentencesPerParagraph": 0.0, "wordsLengthRate": 5.3, "compoundRate": 0.0, "positiveNum": 0, "negativeNum": 0, "precoPositiveNum": 0, "precoNegativeNum": 0, "negemoNum": 0, "negationNum": 4, "functionNum": 59, "contentNum": 52, "vulgarNum": 0, "racistNum": 0, "specStyleNum": 0, "addressingNum": 0, "closingNum": 0, "postscriptNum": 0, "brutalNum": 0, "positiveRate": 0.0, "negativeRate": 0.0, "precoPositiveRate": 0.0, "precoNegativeRate": 0.0, "negemoRate": 0.0, "negationRate": 0.036036036036036036, "functionRate": 0.5315315315315315, "contentRate": 0.46846846846846846, "vulgarRate": 0.0, "racistRate": 0.0, "specStyleRate": 0.0, "addressingRate": 0.0, "closingRate": 0.0, "postscriptRate": 0.0, "brutalRate": 0.0, "epistemicNum": 0, "investNum": 0, "conditionNum": 0, "weaselNum": 0, "peacockNum": 0, "hedgeNum": 0, "doxasticNum": 0, "epistemicRate": 0.0, "investRate": 0.0, "conditionRate": 0.0, "weaselRate": 0.0, "peacockRate": 0.0, "hedgeRate": 0.0, "doxasticRate": 0.0, "loveNum": 0, "anxietyNum": 0, "sorrowNum": 0, "joyNum": 0, "disgustNum": 0, "fearNum": 0, "surpriseNum": 0, "angerNum": 0, "loveRate": 0.0, "anxietyRate": 0.0, "sorrowRate": 0.0, "joyRate": 0.0, "disgustRate": 0.0, "fearRate": 0.0, "surpriseRate": 0.0, "angerRate": 0.0, "slangBeGeneralNum": 0, "slangBeCigaretteNum": 0, "slangBeHumanNum": 0, "slangBeVehicleNum": 0, "slangBeDrugNum": 0, "slangBvNum": 0, "slangBeGeneralRate": 0.0, "slangBeCigaretteRate": 0.0, "slangBeHumanRate": 0.0, "slangBeVehicleRate": 0.0, "slangBeDrugRate": 0.0, "slangBvRate": 0.0, "speechactNum": 0, "quoteNum": 0, "dashNum": 0, "publicNum": 0, "privateNum": 0, "suasiveNum": 0, "discMarkerNum": 0, "smileyNum": 1, "dateNum": 0, "hesitationNum": 0, "restartNum": 0, "repeatNum": 0, "conjBeforeDiscNum": 0, "conjAfterDiscNum": 0, "wordBeforeHesitationNum": 0, "wordAfterHesitationNum": 0, "otherCollocationNum": 0, "speechactRate": 0.0, "quoteRate": 0.0, "dashRate": 0.0, "publicRate": 0.0, "privateRate": 0.0, "suasiveRate": 0.0, "discMarkerRate": 0.0, "smileyRate": 0.009009009009009009, "dateRate": 0.0, "hesitationRate": 0.0, "restartRate": 0.0, "repeatRate": 0.0, "conjBeforeDiscRate": 0.0, "conjAfterDiscRate": 0.0, "wordBeforeHesitationRate": 0.0, "wordAfterHesitationRate": 0.0, "otherCollocationRate": 0.0, "easyWordNum": 104, "hardWordNum": 7, "easyWordRate": 0.9369369369369369, "hardWordRate": 0.06306306306306306, "fleschReadingEaseScore": 71.44668918918921, "gunningFogIndex": 7.425225225225225, "fleschKincaidGradeLevel": 7.889864864864865, "colemanLiauIndex": 10.678306306306304, "smogIndex": 5.888618617440368, "automatedReadabilityIndex": 8.993783783783783, "linsearWriteIndex": 7.933933933933934, "author": "", "locationNameNum": 0, "locationNameRate": 0.0, "personNameNum": 0, "personNameRate": 0.0, "organizationNameNum": 1, "organizationNameRate": 0.009009009009009009, "misspelledNum": 1, "misspelledRate": 0.009009009009009009, "missingAccentNum": 0, "missingAccentRate": 0.0, "foreignAccentNum": 0, "foreignAccentRate": 0.0, "wordConcatNum": 0, "wordConcatRate": 0.0, "jLyMistakeNum": 0, "jLyMistakeRate": 0.0, "publicVNum": 0, "freqSuffixNum": 0, "partsNum": 38, "clauseWordNum": 13, "privateVNum": 0}