{"tokenNum": 92, "sentenceNum": 9, "lemmaNum": 62, "lemmaRate": 0.6739130434782609, "sentenceLength": 10.222222222222221, "allUpperNum": 2, "firstUpperNum": 18, "allUpperRate": 0.021739130434782608, "firstUpperRate": 0.1956521739130435, "declarSentNum": 9, "imperSentNum": 0, "questionNum": 0, "declarSentRate": 1.0, "imperSentRate": 0.0, "questionRate": 0.0, "accent": true, "saturation": 6.888888888888889, "paragraphNum": 0, "nounNum": 22, "verbNum": 7, "adjNum": 11, "infNum": 0, "partPastNum": 0, "partPresNum": 1, "partFutNum": 0, "transNum": 0, "xNum": 7, "advNum": 7, "properNounNum": 12, "numNum": 0, "conjNum": 3, "punctNum": 17, "pronNum": 4, "relPronNum": 1, "demPronNum": 2, "adposNum": 0, "multiplePunctNum": 0, "phraseNum": 0, "nounRate": 0.2391304347826087, "verbRate": 0.07608695652173914, "adjRate": 0.11956521739130435, "infRate": 0.0, "partPastRate": 0.0, "partPresRate": 0.010869565217391304, "partFutRate": 0.0, "transRate": 0.0, "xRate": 0.07608695652173914, "advRate": 0.07608695652173914, "properNounRate": 0.13043478260869565, "numRate": 0.0, "conjRate": 0.03260869565217391, "punctRate": 0.18478260869565216, "pronRate": 0.043478260869565216, "relPronRate": 0.010869565217391304, "demPronRate": 0.021739130434782608, "adposRate": 0.0, "multiplePunctRate": 0.0, "partsDensityRate": 5.222222222222222, "contentfulness": 5.222222222222222, "phraseRate": 0.0, "pastTenseNum": 5, "presentTenseNum": 2, "condNum": 0, "impNum": 0, "freqNum": 0, "causNum": 1, "modalNum": 0, "sg1VerbNum": 7, "sg2VerbNum": 7, "sg3VerbNum": 7, "pl1VerbNum": 7, "pl2VerbNum": 7, "pl3VerbNum": 7, "superlatNum": 0, "comparatNum": 3, "specDerivSuffixNum": 0, "pluralNounNum": 0, "pastTenseRate": 0.7142857142857143, "presentTenseRate": 0.2857142857142857, "condRate": 0.0, "impRate": 0.0, "freqRate": 0.0, "causRate": 0.14285714285714285, "modalRate": 0.0, "sg1VerbRate": 1.0, "sg2VerbRate": 1.0, "sg3VerbRate": 1.0, "pl1VerbRate": 1.0, "pl2VerbRate": 1.0, "pl3VerbRate": 1.0, "superlatRate": 0.0, "comparatRate": 0.2727272727272727, "specDerivSuffixRate": 0.0, "pluralNounRate": 0.0, "subjNum": 5, "objNum": 3, "attNum": 4, "subordNum": 1, "adverbNum": 8, "coordNum": 4, "clauseNum": 9, "simpleNum": 9, "complexNum": 0, "complexity1Num": 0, "complexity2Num": 0, "complexity3Num": 0, "compoundNum": 0, "subjRate": 0.05434782608695652, "objRate": 0.03260869565217391, "attRate": 0.043478260869565216, "subordRate": 0.010869565217391304, "adverbRate": 0.08695652173913043, "coordRate": 0.043478260869565216, "partsRate": 2.6666666666666665, "clauseRate": 1.0, "simpleRate": 1.0, "complexRate": 0.0, "complexity1Rate": 0.0, "complexity2Rate": 0.0, "complexity3Rate": 0.0, "complexClauseRate": 0.0, "sentencesPerParagraph": 0.0, "wordsLengthRate": 4.88, "compoundRate": 0.0, "positiveNum": 0, "negativeNum": 0, "precoPositiveNum": 0, "precoNegativeNum": 0, "negemoNum": 0, "negationNum": 2, "functionNum": 45, "contentNum": 47, "vulgarNum": 0, "racistNum": 0, "specStyleNum": 0, "addressingNum": 0, "closingNum": 0, "postscriptNum": 0, "brutalNum": 0, "positiveRate": 0.0, "negativeRate": 0.0, "precoPositiveRate": 0.0, "precoNegativeRate": 0.0, "negemoRate": 0.0, "negationRate": 0.021739130434782608, "functionRate": 0.4891304347826087, "contentRate": 0.5108695652173914, "vulgarRate": 0.0, "racistRate": 0.0, "specStyleRate": 0.0, "addressingRate": 0.0, "closingRate": 0.0, "postscriptRate": 0.0, "brutalRate": 0.0, "epistemicNum": 0, "investNum": 0, "conditionNum": 0, "weaselNum": 0, "peacockNum": 0, "hedgeNum": 0, "doxasticNum": 0, "epistemicRate": 0.0, "investRate": 0.0, "conditionRate": 0.0, "weaselRate": 0.0, "peacockRate": 0.0, "hedgeRate": 0.0, "doxasticRate": 0.0, "loveNum": 0, "anxietyNum": 0, "sorrowNum": 0, "joyNum": 0, "disgustNum": 0, "fearNum": 0, "surpriseNum": 0, "angerNum": 0, "loveRate": 0.0, "anxietyRate": 0.0, "sorrowRate": 0.0, "joyRate": 0.0, "disgustRate": 0.0, "fearRate": 0.0, "surpriseRate": 0.0, "angerRate": 0.0, "slangBeGeneralNum": 0, "slangBeCigaretteNum": 0, "slangBeHumanNum": 0, "slangBeVehicleNum": 0, "slangBeDrugNum": 0, "slangBvNum": 0, "slangBeGeneralRate": 0.0, "slangBeCigaretteRate": 0.0, "slangBeHumanRate": 0.0, "slangBeVehicleRate": 0.0, "slangBeDrugRate": 0.0, "slangBvRate": 0.0, "speechactNum": 0, "quoteNum": 0, "dashNum": 0, "publicNum": 0, "privateNum": 0, "suasiveNum": 0, "discMarkerNum": 0, "smileyNum": 0, "dateNum": 0, "hesitationNum": 0, "restartNum": 0, "repeatNum": 0, "conjBeforeDiscNum": 0, "conjAfterDiscNum": 0, "wordBeforeHesitationNum": 0, "wordAfterHesitationNum": 0, "otherCollocationNum": 0, "speechactRate": 0.0, "quoteRate": 0.0, "dashRate": 0.0, "publicRate": 0.0, "privateRate": 0.0, "suasiveRate": 0.0, "discMarkerRate": 0.0, "smileyRate": 0.0, "dateRate": 0.0, "hesitationRate": 0.0, "restartRate": 0.0, "repeatRate": 0.0, "conjBeforeDiscRate": 0.0, "conjAfterDiscRate": 0.0, "wordBeforeHesitationRate": 0.0, "wordAfterHesitationRate": 0.0, "otherCollocationRate": 0.0, "easyWordNum": 85, "hardWordNum": 7, "easyWordRate": 0.9239130434782609, "hardWordRate": 0.07608695652173914, "fleschReadingEaseScore": 74.15727053140097, "gunningFogIndex": 4.119323671497584, "fleschKincaidGradeLevel": 5.4553623188405815, "colemanLiauIndex": 8.207858695652174, "smogIndex": 5.888618617440368, "automatedReadabilityIndex": 2.8794806763285017, "linsearWriteIndex": 4.5, "author": "", "locationNameNum": 1, "locationNameRate": 0.010869565217391304, "personNameNum": 5, "personNameRate": 0.05434782608695652, "organizationNameNum": 0, "organizationNameRate": 0.0, "misspelledNum": 8, "misspelledRate": 0.08695652173913043, "missingAccentNum": 1, "missingAccentRate": 0.010869565217391304, "foreignAccentNum": 0, "foreignAccentRate": 0.0, "wordConcatNum": 1, "wordConcatRate": 0.010869565217391304, "jLyMistakeNum": 1, "jLyMistakeRate": 0.010869565217391304, "publicVNum": 0, "freqSuffixNum": 0, "partsNum": 24, "clauseWordNum": 9, "privateVNum": 0}