{"tokenNum": 97, "sentenceNum": 15, "lemmaNum": 56, "lemmaRate": 0.5773195876288659, "sentenceLength": 6.466666666666667, "allUpperNum": 0, "firstUpperNum": 24, "allUpperRate": 0.0, "firstUpperRate": 0.24742268041237114, "declarSentNum": 14, "imperSentNum": 0, "questionNum": 1, "declarSentRate": 0.9333333333333333, "imperSentRate": 0.0, "questionRate": 0.06666666666666667, "accent": false, "saturation": 2.9473684210526314, "paragraphNum": 0, "nounNum": 18, "verbNum": 6, "adjNum": 3, "infNum": 0, "partPastNum": 0, "partPresNum": 0, "partFutNum": 0, "transNum": 0, "xNum": 15, "advNum": 6, "properNounNum": 9, "numNum": 1, "conjNum": 7, "punctNum": 21, "pronNum": 8, "relPronNum": 0, "demPronNum": 3, "adposNum": 0, "multiplePunctNum": 6, "phraseNum": 0, "nounRate": 0.18556701030927836, "verbRate": 0.061855670103092786, "adjRate": 0.030927835051546393, "infRate": 0.0, "partPastRate": 0.0, "partPresRate": 0.0, "partFutRate": 0.0, "transRate": 0.0, "xRate": 0.15463917525773196, "advRate": 0.061855670103092786, "properNounRate": 0.09278350515463918, "numRate": 0.010309278350515464, "conjRate": 0.07216494845360824, "punctRate": 0.21649484536082475, "pronRate": 0.08247422680412371, "relPronRate": 0.0, "demPronRate": 0.030927835051546393, "adposRate": 0.0, "multiplePunctRate": 0.2857142857142857, "partsDensityRate": 1.736842105263158, "contentfulness": 2.2, "phraseRate": 0.0, "pastTenseNum": 1, "presentTenseNum": 5, "condNum": 2, "impNum": 0, "freqNum": 0, "causNum": 0, "modalNum": 0, "sg1VerbNum": 6, "sg2VerbNum": 6, "sg3VerbNum": 6, "pl1VerbNum": 6, "pl2VerbNum": 6, "pl3VerbNum": 6, "superlatNum": 0, "comparatNum": 0, "specDerivSuffixNum": 0, "pluralNounNum": 0, "pastTenseRate": 0.16666666666666666, "presentTenseRate": 0.8333333333333334, "condRate": 0.3333333333333333, "impRate": 0.0, "freqRate": 0.0, "causRate": 0.0, "modalRate": 0.0, "sg1VerbRate": 1.0, "sg2VerbRate": 1.0, "sg3VerbRate": 1.0, "pl1VerbRate": 1.0, "pl2VerbRate": 1.0, "pl3VerbRate": 1.0, "superlatRate": 0.0, "comparatRate": 0.0, "specDerivSuffixRate": 0.0, "pluralNounRate": 0.0, "subjNum": 5, "objNum": 2, "attNum": 1, "subordNum": 3, "adverbNum": 7, "coordNum": 5, "clauseNum": 19, "simpleNum": 12, "complexNum": 3, "complexity1Num": 2, "complexity2Num": 1, "complexity3Num": 0, "compoundNum": 0, "subjRate": 0.05154639175257732, "objRate": 0.020618556701030927, "attRate": 0.010309278350515464, "subordRate": 0.030927835051546393, "adverbRate": 0.07216494845360824, "coordRate": 0.05154639175257732, "partsRate": 1.0526315789473684, "clauseRate": 1.2666666666666666, "simpleRate": 0.8, "complexRate": 0.2, "complexity1Rate": 0.13333333333333333, "complexity2Rate": 0.06666666666666667, "complexity3Rate": 0.0, "complexClauseRate": 2.3333333333333335, "sentencesPerParagraph": 0.0, "wordsLengthRate": 3.9473684210526314, "compoundRate": 0.0, "positiveNum": 0, "negativeNum": 0, "precoPositiveNum": 0, "precoNegativeNum": 0, "negemoNum": 0, "negationNum": 0, "functionNum": 64, "contentNum": 33, "vulgarNum": 0, "racistNum": 0, "specStyleNum": 0, "addressingNum": 0, "closingNum": 0, "postscriptNum": 0, "brutalNum": 0, "positiveRate": 0.0, "negativeRate": 0.0, "precoPositiveRate": 0.0, "precoNegativeRate": 0.0, "negemoRate": 0.0, "negationRate": 0.0, "functionRate": 0.6597938144329897, "contentRate": 0.3402061855670103, "vulgarRate": 0.0, "racistRate": 0.0, "specStyleRate": 0.0, "addressingRate": 0.0, "closingRate": 0.0, "postscriptRate": 0.0, "brutalRate": 0.0, "epistemicNum": 0, "investNum": 0, "conditionNum": 0, "weaselNum": 0, "peacockNum": 0, "hedgeNum": 0, "doxasticNum": 0, "epistemicRate": 0.0, "investRate": 0.0, "conditionRate": 0.0, "weaselRate": 0.0, "peacockRate": 0.0, "hedgeRate": 0.0, "doxasticRate": 0.0, "loveNum": 0, "anxietyNum": 0, "sorrowNum": 0, "joyNum": 0, "disgustNum": 0, "fearNum": 0, "surpriseNum": 0, "angerNum": 0, "loveRate": 0.0, "anxietyRate": 0.0, "sorrowRate": 0.0, "joyRate": 0.0, "disgustRate": 0.0, "fearRate": 0.0, "surpriseRate": 0.0, "angerRate": 0.0, "slangBeGeneralNum": 0, "slangBeCigaretteNum": 0, "slangBeHumanNum": 0, "slangBeVehicleNum": 0, "slangBeDrugNum": 0, "slangBvNum": 0, "slangBeGeneralRate": 0.0, "slangBeCigaretteRate": 0.0, "slangBeHumanRate": 0.0, "slangBeVehicleRate": 0.0, "slangBeDrugRate": 0.0, "slangBvRate": 0.0, "speechactNum": 0, "quoteNum": 0, "dashNum": 0, "publicNum": 0, "privateNum": 0, "suasiveNum": 0, "discMarkerNum": 0, "smileyNum": 0, "dateNum": 0, "hesitationNum": 0, "restartNum": 0, "repeatNum": 0, "conjBeforeDiscNum": 0, "conjAfterDiscNum": 0, "wordBeforeHesitationNum": 0, "wordAfterHesitationNum": 0, "otherCollocationNum": 0, "speechactRate": 0.0, "quoteRate": 0.0, "dashRate": 0.0, "publicRate": 0.0, "privateRate": 0.0, "suasiveRate": 0.0, "discMarkerRate": 0.0, "smileyRate": 0.0, "dateRate": 0.0, "hesitationRate": 0.0, "restartRate": 0.0, "repeatRate": 0.0, "conjBeforeDiscRate": 0.0, "conjAfterDiscRate": 0.0, "wordBeforeHesitationRate": 0.0, "wordAfterHesitationRate": 0.0, "otherCollocationRate": 0.0, "easyWordNum": 91, "hardWordNum": 6, "easyWordRate": 0.9381443298969072, "hardWordRate": 0.061855670103092786, "fleschReadingEaseScore": 110.43834364261168, "gunningFogIndex": 2.611408934707904, "fleschKincaidGradeLevel": -0.5381030927835049, "colemanLiauIndex": 3.4482989690721624, "smogIndex": 5.683917801722854, "automatedReadabilityIndex": -2.8041924398625433, "linsearWriteIndex": 2.1333333333333333, "author": "", "locationNameNum": 0, "locationNameRate": 0.0, "personNameNum": 3, "personNameRate": 0.030927835051546393, "organizationNameNum": 1, "organizationNameRate": 0.010309278350515464, "misspelledNum": 17, "misspelledRate": 0.17525773195876287, "missingAccentNum": 14, "missingAccentRate": 0.14432989690721648, "foreignAccentNum": 0, "foreignAccentRate": 0.0, "wordConcatNum": 0, "wordConcatRate": 0.0, "jLyMistakeNum": 1, "jLyMistakeRate": 0.010309278350515464, "publicVNum": 0, "freqSuffixNum": 0, "partsNum": 20, "clauseWordNum": 19, "privateVNum": 0}