{"tokenNum": 89, "sentenceNum": 8, "lemmaNum": 58, "lemmaRate": 0.651685393258427, "sentenceLength": 11.125, "allUpperNum": 0, "firstUpperNum": 14, "allUpperRate": 0.0, "firstUpperRate": 0.15730337078651685, "declarSentNum": 8, "imperSentNum": 0, "questionNum": 0, "declarSentRate": 1.0, "imperSentRate": 0.0, "questionRate": 0.0, "accent": true, "saturation": 4.142857142857143, "paragraphNum": 0, "nounNum": 19, "verbNum": 7, "adjNum": 8, "infNum": 1, "partPastNum": 0, "partPresNum": 1, "partFutNum": 0, "transNum": 0, "xNum": 10, "advNum": 9, "properNounNum": 8, "numNum": 1, "conjNum": 6, "punctNum": 22, "pronNum": 2, "relPronNum": 0, "demPronNum": 2, "adposNum": 0, "multiplePunctNum": 0, "phraseNum": 0, "nounRate": 0.21348314606741572, "verbRate": 0.07865168539325842, "adjRate": 0.0898876404494382, "infRate": 0.011235955056179775, "partPastRate": 0.0, "partPresRate": 0.011235955056179775, "partFutRate": 0.0, "transRate": 0.0, "xRate": 0.11235955056179775, "advRate": 0.10112359550561797, "properNounRate": 0.0898876404494382, "numRate": 0.011235955056179775, "conjRate": 0.06741573033707865, "punctRate": 0.24719101123595505, "pronRate": 0.02247191011235955, "relPronRate": 0.0, "demPronRate": 0.02247191011235955, "adposRate": 0.0, "multiplePunctRate": 0.0, "partsDensityRate": 3.0714285714285716, "contentfulness": 5.375, "phraseRate": 0.0, "pastTenseNum": 1, "presentTenseNum": 5, "condNum": 2, "impNum": 0, "freqNum": 0, "causNum": 0, "modalNum": 0, "sg1VerbNum": 7, "sg2VerbNum": 7, "sg3VerbNum": 7, "pl1VerbNum": 7, "pl2VerbNum": 7, "pl3VerbNum": 7, "superlatNum": 0, "comparatNum": 0, "specDerivSuffixNum": 0, "pluralNounNum": 2, "pastTenseRate": 0.14285714285714285, "presentTenseRate": 0.7142857142857143, "condRate": 0.2857142857142857, "impRate": 0.0, "freqRate": 0.0, "causRate": 0.0, "modalRate": 0.0, "sg1VerbRate": 1.0, "sg2VerbRate": 1.0, "sg3VerbRate": 1.0, "pl1VerbRate": 1.0, "pl2VerbRate": 1.0, "pl3VerbRate": 1.0, "superlatRate": 0.0, "comparatRate": 0.0, "specDerivSuffixRate": 0.0, "pluralNounRate": 0.10526315789473684, "subjNum": 6, "objNum": 1, "attNum": 1, "subordNum": 1, "adverbNum": 11, "coordNum": 3, "clauseNum": 14, "simpleNum": 5, "complexNum": 2, "complexity1Num": 0, "complexity2Num": 1, "complexity3Num": 0, "compoundNum": 0, "subjRate": 0.06741573033707865, "objRate": 0.011235955056179775, "attRate": 0.011235955056179775, "subordRate": 0.011235955056179775, "adverbRate": 0.12359550561797752, "coordRate": 0.033707865168539325, "partsRate": 1.5714285714285714, "clauseRate": 1.75, "simpleRate": 0.625, "complexRate": 0.25, "complexity1Rate": 0.0, "complexity2Rate": 0.125, "complexity3Rate": 0.0, "complexClauseRate": 4.5, "sentencesPerParagraph": 0.0, "wordsLengthRate": 4.567164179104478, "compoundRate": 0.0, "positiveNum": 0, "negativeNum": 0, "precoPositiveNum": 0, "precoNegativeNum": 0, "negemoNum": 0, "negationNum": 2, "functionNum": 46, "contentNum": 43, "vulgarNum": 0, "racistNum": 0, "specStyleNum": 0, "addressingNum": 0, "closingNum": 0, "postscriptNum": 0, "brutalNum": 0, "positiveRate": 0.0, "negativeRate": 0.0, "precoPositiveRate": 0.0, "precoNegativeRate": 0.0, "negemoRate": 0.0, "negationRate": 0.02247191011235955, "functionRate": 0.5168539325842697, "contentRate": 0.48314606741573035, "vulgarRate": 0.0, "racistRate": 0.0, "specStyleRate": 0.0, "addressingRate": 0.0, "closingRate": 0.0, "postscriptRate": 0.0, "brutalRate": 0.0, "epistemicNum": 0, "investNum": 0, "conditionNum": 0, "weaselNum": 0, "peacockNum": 0, "hedgeNum": 0, "doxasticNum": 0, "epistemicRate": 0.0, "investRate": 0.0, "conditionRate": 0.0, "weaselRate": 0.0, "peacockRate": 0.0, "hedgeRate": 0.0, "doxasticRate": 0.0, "loveNum": 0, "anxietyNum": 0, "sorrowNum": 0, "joyNum": 0, "disgustNum": 0, "fearNum": 0, "surpriseNum": 0, "angerNum": 0, "loveRate": 0.0, "anxietyRate": 0.0, "sorrowRate": 0.0, "joyRate": 0.0, "disgustRate": 0.0, "fearRate": 0.0, "surpriseRate": 0.0, "angerRate": 0.0, "slangBeGeneralNum": 0, "slangBeCigaretteNum": 0, "slangBeHumanNum": 0, "slangBeVehicleNum": 0, "slangBeDrugNum": 0, "slangBvNum": 0, "slangBeGeneralRate": 0.0, "slangBeCigaretteRate": 0.0, "slangBeHumanRate": 0.0, "slangBeVehicleRate": 0.0, "slangBeDrugRate": 0.0, "slangBvRate": 0.0, "speechactNum": 0, "quoteNum": 0, "dashNum": 0, "publicNum": 0, "privateNum": 0, "suasiveNum": 0, "discMarkerNum": 0, "smileyNum": 0, "dateNum": 0, "hesitationNum": 0, "restartNum": 0, "repeatNum": 0, "conjBeforeDiscNum": 0, "conjAfterDiscNum": 0, "wordBeforeHesitationNum": 0, "wordAfterHesitationNum": 0, "otherCollocationNum": 0, "speechactRate": 0.0, "quoteRate": 0.0, "dashRate": 0.0, "publicRate": 0.0, "privateRate": 0.0, "suasiveRate": 0.0, "discMarkerRate": 0.0, "smileyRate": 0.0, "dateRate": 0.0, "hesitationRate": 0.0, "restartRate": 0.0, "repeatRate": 0.0, "conjBeforeDiscRate": 0.0, "conjAfterDiscRate": 0.0, "wordBeforeHesitationRate": 0.0, "wordAfterHesitationRate": 0.0, "otherCollocationRate": 0.0, "easyWordNum": 86, "hardWordNum": 3, "easyWordRate": 0.9662921348314607, "hardWordRate": 0.033707865168539325, "fleschReadingEaseScore": 99.5363834269663, "gunningFogIndex": 4.463483146067416, "fleschKincaidGradeLevel": 2.13976123595506, "colemanLiauIndex": 4.913999999999998, "smogIndex": 4.935628992294339, "automatedReadabilityIndex": 0.696882022471911, "linsearWriteIndex": 4.3125, "author": "", "locationNameNum": 0, "locationNameRate": 0.0, "personNameNum": 4, "personNameRate": 0.0449438202247191, "organizationNameNum": 0, "organizationNameRate": 0.0, "misspelledNum": 2, "misspelledRate": 0.02247191011235955, "missingAccentNum": 0, "missingAccentRate": 0.0, "foreignAccentNum": 0, "foreignAccentRate": 0.0, "wordConcatNum": 0, "wordConcatRate": 0.0, "jLyMistakeNum": 0, "jLyMistakeRate": 0.0, "publicVNum": 0, "freqSuffixNum": 0, "partsNum": 22, "clauseWordNum": 14, "privateVNum": 0}