{"tokenNum": 314, "sentenceNum": 23, "lemmaNum": 173, "lemmaRate": 0.5509554140127388, "sentenceLength": 13.652173913043478, "allUpperNum": 2, "firstUpperNum": 48, "allUpperRate": 0.006369426751592357, "firstUpperRate": 0.15286624203821655, "declarSentNum": 22, "imperSentNum": 1, "questionNum": 0, "declarSentRate": 0.9565217391304348, "imperSentRate": 0.043478260869565216, "questionRate": 0.0, "accent": true, "saturation": 4.325, "paragraphNum": 0, "nounNum": 93, "verbNum": 20, "adjNum": 14, "infNum": 1, "partPastNum": 0, "partPresNum": 0, "partFutNum": 0, "transNum": 1, "xNum": 21, "advNum": 21, "properNounNum": 31, "numNum": 4, "conjNum": 13, "punctNum": 98, "pronNum": 5, "relPronNum": 1, "demPronNum": 3, "adposNum": 1, "multiplePunctNum": 8, "phraseNum": 0, "nounRate": 0.2961783439490446, "verbRate": 0.06369426751592357, "adjRate": 0.044585987261146494, "infRate": 0.0031847133757961785, "partPastRate": 0.0, "partPresRate": 0.0, "partFutRate": 0.0, "transRate": 0.0031847133757961785, "xRate": 0.06687898089171974, "advRate": 0.06687898089171974, "properNounRate": 0.09872611464968153, "numRate": 0.012738853503184714, "conjRate": 0.041401273885350316, "punctRate": 0.31210191082802546, "pronRate": 0.01592356687898089, "relPronRate": 0.0031847133757961785, "demPronRate": 0.009554140127388535, "adposRate": 0.0031847133757961785, "multiplePunctRate": 0.08163265306122448, "partsDensityRate": 3.675, "contentfulness": 6.391304347826087, "phraseRate": 0.0, "pastTenseNum": 2, "presentTenseNum": 17, "condNum": 0, "impNum": 2, "freqNum": 0, "causNum": 0, "modalNum": 0, "sg1VerbNum": 20, "sg2VerbNum": 20, "sg3VerbNum": 20, "pl1VerbNum": 20, "pl2VerbNum": 20, "pl3VerbNum": 20, "superlatNum": 0, "comparatNum": 0, "specDerivSuffixNum": 0, "pluralNounNum": 11, "pastTenseRate": 0.1, "presentTenseRate": 0.85, "condRate": 0.0, "impRate": 0.1, "freqRate": 0.0, "causRate": 0.0, "modalRate": 0.0, "sg1VerbRate": 1.0, "sg2VerbRate": 1.0, "sg3VerbRate": 1.0, "pl1VerbRate": 1.0, "pl2VerbRate": 1.0, "pl3VerbRate": 1.0, "superlatRate": 0.0, "comparatRate": 0.0, "specDerivSuffixRate": 0.0, "pluralNounRate": 0.11827956989247312, "subjNum": 10, "objNum": 4, "attNum": 12, "subordNum": 7, "adverbNum": 20, "coordNum": 23, "clauseNum": 40, "simpleNum": 12, "complexNum": 10, "complexity1Num": 4, "complexity2Num": 4, "complexity3Num": 2, "compoundNum": 0, "subjRate": 0.03184713375796178, "objRate": 0.012738853503184714, "attRate": 0.03821656050955414, "subordRate": 0.022292993630573247, "adverbRate": 0.06369426751592357, "coordRate": 0.0732484076433121, "partsRate": 1.725, "clauseRate": 1.7391304347826086, "simpleRate": 0.5217391304347826, "complexRate": 0.43478260869565216, "complexity1Rate": 0.17391304347826086, "complexity2Rate": 0.17391304347826086, "complexity3Rate": 0.08695652173913043, "complexClauseRate": 2.8, "sentencesPerParagraph": 0.0, "wordsLengthRate": 5.402777777777778, "compoundRate": 0.0, "positiveNum": 0, "negativeNum": 0, "precoPositiveNum": 0, "precoNegativeNum": 0, "negemoNum": 0, "negationNum": 6, "functionNum": 167, "contentNum": 147, "vulgarNum": 0, "racistNum": 0, "specStyleNum": 0, "addressingNum": 0, "closingNum": 0, "postscriptNum": 0, "brutalNum": 0, "positiveRate": 0.0, "negativeRate": 0.0, "precoPositiveRate": 0.0, "precoNegativeRate": 0.0, "negemoRate": 0.0, "negationRate": 0.01910828025477707, "functionRate": 0.5318471337579618, "contentRate": 0.4681528662420382, "vulgarRate": 0.0, "racistRate": 0.0, "specStyleRate": 0.0, "addressingRate": 0.0, "closingRate": 0.0, "postscriptRate": 0.0, "brutalRate": 0.0, "epistemicNum": 0, "investNum": 0, "conditionNum": 0, "weaselNum": 0, "peacockNum": 0, "hedgeNum": 0, "doxasticNum": 0, "epistemicRate": 0.0, "investRate": 0.0, "conditionRate": 0.0, "weaselRate": 0.0, "peacockRate": 0.0, "hedgeRate": 0.0, "doxasticRate": 0.0, "loveNum": 0, "anxietyNum": 0, "sorrowNum": 0, "joyNum": 0, "disgustNum": 0, "fearNum": 0, "surpriseNum": 0, "angerNum": 0, "loveRate": 0.0, "anxietyRate": 0.0, "sorrowRate": 0.0, "joyRate": 0.0, "disgustRate": 0.0, "fearRate": 0.0, "surpriseRate": 0.0, "angerRate": 0.0, "slangBeGeneralNum": 0, "slangBeCigaretteNum": 0, "slangBeHumanNum": 0, "slangBeVehicleNum": 0, "slangBeDrugNum": 0, "slangBvNum": 0, "slangBeGeneralRate": 0.0, "slangBeCigaretteRate": 0.0, "slangBeHumanRate": 0.0, "slangBeVehicleRate": 0.0, "slangBeDrugRate": 0.0, "slangBvRate": 0.0, "speechactNum": 0, "quoteNum": 1, "dashNum": 0, "publicNum": 0, "privateNum": 0, "suasiveNum": 0, "discMarkerNum": 0, "smileyNum": 0, "dateNum": 1, "hesitationNum": 0, "restartNum": 0, "repeatNum": 2, "conjBeforeDiscNum": 0, "conjAfterDiscNum": 0, "wordBeforeHesitationNum": 0, "wordAfterHesitationNum": 0, "otherCollocationNum": 0, "speechactRate": 0.0, "quoteRate": 0.0031847133757961785, "dashRate": 0.0, "publicRate": 0.0, "privateRate": 0.0, "suasiveRate": 0.0, "discMarkerRate": 0.0, "smileyRate": 0.0, "dateRate": 0.0031847133757961785, "hesitationRate": 0.0, "restartRate": 0.0, "repeatRate": 0.006369426751592357, "conjBeforeDiscRate": 0.0, "conjAfterDiscRate": 0.0, "wordBeforeHesitationRate": 0.0, "wordAfterHesitationRate": 0.0, "otherCollocationRate": 0.0, "easyWordNum": 293, "hardWordNum": 21, "easyWordRate": 0.9331210191082803, "hardWordRate": 0.06687898089171974, "fleschReadingEaseScore": 88.17103710883413, "gunningFogIndex": 5.487621157574079, "fleschKincaidGradeLevel": 4.352819163666577, "colemanLiauIndex": 7.665990445859872, "smogIndex": 7.908726449838941, "automatedReadabilityIndex": 4.161086956521739, "linsearWriteIndex": 1.3193021323733034, "author": "", "locationNameNum": 8, "locationNameRate": 0.025477707006369428, "personNameNum": 5, "personNameRate": 0.01592356687898089, "organizationNameNum": 2, "organizationNameRate": 0.006369426751592357, "misspelledNum": 1, "misspelledRate": 0.0031847133757961785, "missingAccentNum": 0, "missingAccentRate": 0.0, "foreignAccentNum": 0, "foreignAccentRate": 0.0, "wordConcatNum": 0, "wordConcatRate": 0.0, "jLyMistakeNum": 0, "jLyMistakeRate": 0.0, "publicVNum": 0, "freqSuffixNum": 0, "partsNum": 69, "clauseWordNum": 40, "privateVNum": 0}