{"tokenNum": 371, "sentenceNum": 24, "lemmaNum": 200, "lemmaRate": 0.5390835579514824, "sentenceLength": 15.458333333333334, "allUpperNum": 1, "firstUpperNum": 37, "allUpperRate": 0.0026954177897574125, "firstUpperRate": 0.09973045822102426, "declarSentNum": 23, "imperSentNum": 1, "questionNum": 0, "declarSentRate": 0.9583333333333334, "imperSentRate": 0.041666666666666664, "questionRate": 0.0, "accent": true, "saturation": 4.081632653061225, "paragraphNum": 0, "nounNum": 70, "verbNum": 48, "adjNum": 20, "infNum": 5, "partPastNum": 0, "partPresNum": 3, "partFutNum": 0, "transNum": 2, "xNum": 24, "advNum": 41, "properNounNum": 17, "numNum": 7, "conjNum": 24, "punctNum": 70, "pronNum": 25, "relPronNum": 4, "demPronNum": 14, "adposNum": 3, "multiplePunctNum": 4, "phraseNum": 0, "nounRate": 0.18867924528301888, "verbRate": 0.1293800539083558, "adjRate": 0.05390835579514825, "infRate": 0.013477088948787063, "partPastRate": 0.0, "partPresRate": 0.008086253369272238, "partFutRate": 0.0, "transRate": 0.005390835579514825, "xRate": 0.0646900269541779, "advRate": 0.1105121293800539, "properNounRate": 0.04582210242587601, "numRate": 0.018867924528301886, "conjRate": 0.0646900269541779, "punctRate": 0.18867924528301888, "pronRate": 0.0673854447439353, "relPronRate": 0.01078167115902965, "demPronRate": 0.03773584905660377, "adposRate": 0.008086253369272238, "multiplePunctRate": 0.05714285714285714, "partsDensityRate": 3.6530612244897958, "contentfulness": 7.458333333333333, "phraseRate": 0.0, "pastTenseNum": 26, "presentTenseNum": 17, "condNum": 1, "impNum": 2, "freqNum": 0, "causNum": 0, "modalNum": 0, "sg1VerbNum": 48, "sg2VerbNum": 48, "sg3VerbNum": 48, "pl1VerbNum": 48, "pl2VerbNum": 48, "pl3VerbNum": 48, "superlatNum": 1, "comparatNum": 0, "specDerivSuffixNum": 0, "pluralNounNum": 6, "pastTenseRate": 0.5416666666666666, "presentTenseRate": 0.3541666666666667, "condRate": 0.020833333333333332, "impRate": 0.041666666666666664, "freqRate": 0.0, "causRate": 0.0, "modalRate": 0.0, "sg1VerbRate": 1.0, "sg2VerbRate": 1.0, "sg3VerbRate": 1.0, "pl1VerbRate": 1.0, "pl2VerbRate": 1.0, "pl3VerbRate": 1.0, "superlatRate": 0.05, "comparatRate": 0.0, "specDerivSuffixRate": 0.0, "pluralNounRate": 0.08571428571428572, "subjNum": 25, "objNum": 7, "attNum": 13, "subordNum": 14, "adverbNum": 49, "coordNum": 17, "clauseNum": 49, "simpleNum": 12, "complexNum": 12, "complexity1Num": 5, "complexity2Num": 4, "complexity3Num": 1, "compoundNum": 0, "subjRate": 0.0673854447439353, "objRate": 0.018867924528301886, "attRate": 0.03504043126684636, "subordRate": 0.03773584905660377, "adverbRate": 0.1320754716981132, "coordRate": 0.04582210242587601, "partsRate": 2.2653061224489797, "clauseRate": 2.0416666666666665, "simpleRate": 0.5, "complexRate": 0.5, "complexity1Rate": 0.20833333333333334, "complexity2Rate": 0.16666666666666666, "complexity3Rate": 0.041666666666666664, "complexClauseRate": 3.0833333333333335, "sentencesPerParagraph": 0.0, "wordsLengthRate": 4.887043189368771, "compoundRate": 0.0, "positiveNum": 0, "negativeNum": 0, "precoPositiveNum": 0, "precoNegativeNum": 0, "negemoNum": 0, "negationNum": 2, "functionNum": 192, "contentNum": 179, "vulgarNum": 0, "racistNum": 0, "specStyleNum": 0, "addressingNum": 0, "closingNum": 0, "postscriptNum": 0, "brutalNum": 0, "positiveRate": 0.0, "negativeRate": 0.0, "precoPositiveRate": 0.0, "precoNegativeRate": 0.0, "negemoRate": 0.0, "negationRate": 0.005390835579514825, "functionRate": 0.5175202156334232, "contentRate": 0.48247978436657685, "vulgarRate": 0.0, "racistRate": 0.0, "specStyleRate": 0.0, "addressingRate": 0.0, "closingRate": 0.0, "postscriptRate": 0.0, "brutalRate": 0.0, "epistemicNum": 0, "investNum": 0, "conditionNum": 0, "weaselNum": 0, "peacockNum": 0, "hedgeNum": 0, "doxasticNum": 0, "epistemicRate": 0.0, "investRate": 0.0, "conditionRate": 0.0, "weaselRate": 0.0, "peacockRate": 0.0, "hedgeRate": 0.0, "doxasticRate": 0.0, "loveNum": 0, "anxietyNum": 0, "sorrowNum": 0, "joyNum": 0, "disgustNum": 0, "fearNum": 0, "surpriseNum": 0, "angerNum": 0, "loveRate": 0.0, "anxietyRate": 0.0, "sorrowRate": 0.0, "joyRate": 0.0, "disgustRate": 0.0, "fearRate": 0.0, "surpriseRate": 0.0, "angerRate": 0.0, "slangBeGeneralNum": 0, "slangBeCigaretteNum": 0, "slangBeHumanNum": 0, "slangBeVehicleNum": 0, "slangBeDrugNum": 0, "slangBvNum": 0, "slangBeGeneralRate": 0.0, "slangBeCigaretteRate": 0.0, "slangBeHumanRate": 0.0, "slangBeVehicleRate": 0.0, "slangBeDrugRate": 0.0, "slangBvRate": 0.0, "speechactNum": 0, "quoteNum": 0, "dashNum": 0, "publicNum": 0, "privateNum": 0, "suasiveNum": 0, "discMarkerNum": 0, "smileyNum": 0, "dateNum": 0, "hesitationNum": 0, "restartNum": 0, "repeatNum": 2, "conjBeforeDiscNum": 0, "conjAfterDiscNum": 0, "wordBeforeHesitationNum": 0, "wordAfterHesitationNum": 0, "otherCollocationNum": 0, "speechactRate": 0.0, "quoteRate": 0.0, "dashRate": 0.0, "publicRate": 0.0, "privateRate": 0.0, "suasiveRate": 0.0, "discMarkerRate": 0.0, "smileyRate": 0.0, "dateRate": 0.0, "hesitationRate": 0.0, "restartRate": 0.0, "repeatRate": 0.005390835579514825, "conjBeforeDiscRate": 0.0, "conjAfterDiscRate": 0.0, "wordBeforeHesitationRate": 0.0, "wordAfterHesitationRate": 0.0, "otherCollocationRate": 0.0, "easyWordNum": 351, "hardWordNum": 20, "easyWordRate": 0.9460916442048517, "hardWordRate": 0.05390835579514825, "fleschReadingEaseScore": 79.86500730008984, "gunningFogIndex": 6.204896675651393, "fleschKincaidGradeLevel": 5.960043800539086, "colemanLiauIndex": 8.3313423180593, "smogIndex": 7.793537801064561, "automatedReadabilityIndex": 5.596201707097936, "linsearWriteIndex": 1.1787960467205747, "author": "", "locationNameNum": 0, "locationNameRate": 0.0, "personNameNum": 3, "personNameRate": 0.008086253369272238, "organizationNameNum": 1, "organizationNameRate": 0.0026954177897574125, "misspelledNum": 11, "misspelledRate": 0.029649595687331536, "missingAccentNum": 1, "missingAccentRate": 0.0026954177897574125, "foreignAccentNum": 0, "foreignAccentRate": 0.0, "wordConcatNum": 1, "wordConcatRate": 0.0026954177897574125, "jLyMistakeNum": 0, "jLyMistakeRate": 0.0, "publicVNum": 0, "freqSuffixNum": 0, "partsNum": 111, "clauseWordNum": 49, "privateVNum": 0}