{"tokenNum": 114, "sentenceNum": 10, "lemmaNum": 64, "lemmaRate": 0.5614035087719298, "sentenceLength": 11.4, "allUpperNum": 1, "firstUpperNum": 10, "allUpperRate": 0.008771929824561403, "firstUpperRate": 0.08771929824561403, "declarSentNum": 9, "imperSentNum": 0, "questionNum": 1, "declarSentRate": 0.9, "imperSentRate": 0.0, "questionRate": 0.1, "accent": true, "saturation": 2.909090909090909, "paragraphNum": 0, "nounNum": 16, "verbNum": 20, "adjNum": 4, "infNum": 0, "partPastNum": 0, "partPresNum": 4, "partFutNum": 0, "transNum": 1, "xNum": 11, "advNum": 13, "properNounNum": 0, "numNum": 0, "conjNum": 2, "punctNum": 25, "pronNum": 13, "relPronNum": 2, "demPronNum": 7, "adposNum": 1, "multiplePunctNum": 0, "phraseNum": 0, "nounRate": 0.14035087719298245, "verbRate": 0.17543859649122806, "adjRate": 0.03508771929824561, "infRate": 0.0, "partPastRate": 0.0, "partPresRate": 0.03508771929824561, "partFutRate": 0.0, "transRate": 0.008771929824561403, "xRate": 0.09649122807017543, "advRate": 0.11403508771929824, "properNounRate": 0.0, "numRate": 0.0, "conjRate": 0.017543859649122806, "punctRate": 0.21929824561403508, "pronRate": 0.11403508771929824, "relPronRate": 0.017543859649122806, "demPronRate": 0.06140350877192982, "adposRate": 0.008771929824561403, "multiplePunctRate": 0.0, "partsDensityRate": 2.409090909090909, "contentfulness": 5.3, "phraseRate": 0.0, "pastTenseNum": 2, "presentTenseNum": 18, "condNum": 1, "impNum": 5, "freqNum": 0, "causNum": 0, "modalNum": 2, "sg1VerbNum": 20, "sg2VerbNum": 20, "sg3VerbNum": 20, "pl1VerbNum": 20, "pl2VerbNum": 20, "pl3VerbNum": 20, "superlatNum": 0, "comparatNum": 0, "specDerivSuffixNum": 0, "pluralNounNum": 3, "pastTenseRate": 0.1, "presentTenseRate": 0.9, "condRate": 0.05, "impRate": 0.25, "freqRate": 0.0, "causRate": 0.0, "modalRate": 0.1, "sg1VerbRate": 1.0, "sg2VerbRate": 1.0, "sg3VerbRate": 1.0, "pl1VerbRate": 1.0, "pl2VerbRate": 1.0, "pl3VerbRate": 1.0, "superlatRate": 0.0, "comparatRate": 0.0, "specDerivSuffixRate": 0.0, "pluralNounRate": 0.1875, "subjNum": 13, "objNum": 5, "attNum": 2, "subordNum": 4, "adverbNum": 16, "coordNum": 8, "clauseNum": 22, "simpleNum": 4, "complexNum": 6, "complexity1Num": 2, "complexity2Num": 2, "complexity3Num": 2, "compoundNum": 0, "subjRate": 0.11403508771929824, "objRate": 0.043859649122807015, "attRate": 0.017543859649122806, "subordRate": 0.03508771929824561, "adverbRate": 0.14035087719298245, "coordRate": 0.07017543859649122, "partsRate": 2.0, "clauseRate": 2.2, "simpleRate": 0.4, "complexRate": 0.6, "complexity1Rate": 0.2, "complexity2Rate": 0.2, "complexity3Rate": 0.2, "complexClauseRate": 3.0, "sentencesPerParagraph": 0.0, "wordsLengthRate": 4.617977528089888, "compoundRate": 0.0, "positiveNum": 0, "negativeNum": 0, "precoPositiveNum": 0, "precoNegativeNum": 0, "negemoNum": 0, "negationNum": 1, "functionNum": 61, "contentNum": 53, "vulgarNum": 0, "racistNum": 0, "specStyleNum": 0, "addressingNum": 0, "closingNum": 0, "postscriptNum": 0, "brutalNum": 0, "positiveRate": 0.0, "negativeRate": 0.0, "precoPositiveRate": 0.0, "precoNegativeRate": 0.0, "negemoRate": 0.0, "negationRate": 0.008771929824561403, "functionRate": 0.5350877192982456, "contentRate": 0.4649122807017544, "vulgarRate": 0.0, "racistRate": 0.0, "specStyleRate": 0.0, "addressingRate": 0.0, "closingRate": 0.0, "postscriptRate": 0.0, "brutalRate": 0.0, "epistemicNum": 0, "investNum": 0, "conditionNum": 0, "weaselNum": 0, "peacockNum": 0, "hedgeNum": 0, "doxasticNum": 0, "epistemicRate": 0.0, "investRate": 0.0, "conditionRate": 0.0, "weaselRate": 0.0, "peacockRate": 0.0, "hedgeRate": 0.0, "doxasticRate": 0.0, "loveNum": 0, "anxietyNum": 0, "sorrowNum": 0, "joyNum": 0, "disgustNum": 0, "fearNum": 0, "surpriseNum": 0, "angerNum": 0, "loveRate": 0.0, "anxietyRate": 0.0, "sorrowRate": 0.0, "joyRate": 0.0, "disgustRate": 0.0, "fearRate": 0.0, "surpriseRate": 0.0, "angerRate": 0.0, "slangBeGeneralNum": 0, "slangBeCigaretteNum": 0, "slangBeHumanNum": 0, "slangBeVehicleNum": 0, "slangBeDrugNum": 0, "slangBvNum": 0, "slangBeGeneralRate": 0.0, "slangBeCigaretteRate": 0.0, "slangBeHumanRate": 0.0, "slangBeVehicleRate": 0.0, "slangBeDrugRate": 0.0, "slangBvRate": 0.0, "speechactNum": 0, "quoteNum": 0, "dashNum": 0, "publicNum": 0, "privateNum": 0, "suasiveNum": 0, "discMarkerNum": 0, "smileyNum": 0, "dateNum": 0, "hesitationNum": 0, "restartNum": 1, "repeatNum": 1, "conjBeforeDiscNum": 0, "conjAfterDiscNum": 0, "wordBeforeHesitationNum": 0, "wordAfterHesitationNum": 0, "otherCollocationNum": 0, "speechactRate": 0.0, "quoteRate": 0.0, "dashRate": 0.0, "publicRate": 0.0, "privateRate": 0.0, "suasiveRate": 0.0, "discMarkerRate": 0.0, "smileyRate": 0.0, "dateRate": 0.0, "hesitationRate": 0.0, "restartRate": 0.008771929824561403, "repeatRate": 0.008771929824561403, "conjBeforeDiscRate": 0.0, "conjAfterDiscRate": 0.0, "wordBeforeHesitationRate": 0.0, "wordAfterHesitationRate": 0.0, "otherCollocationRate": 0.0, "easyWordNum": 110, "hardWordNum": 4, "easyWordRate": 0.9649122807017544, "hardWordRate": 0.03508771929824561, "fleschReadingEaseScore": 96.56400000000001, "gunningFogIndex": 4.574035087719298, "fleschKincaidGradeLevel": 2.6226666666666674, "colemanLiauIndex": 5.951403508771929, "smogIndex": 5.2151, "automatedReadabilityIndex": 1.6639473684210522, "linsearWriteIndex": 3.8684210526315788, "author": "", "locationNameNum": 0, "locationNameRate": 0.0, "personNameNum": 0, "personNameRate": 0.0, "organizationNameNum": 0, "organizationNameRate": 0.0, "misspelledNum": 0, "misspelledRate": 0.0, "missingAccentNum": 0, "missingAccentRate": 0.0, "foreignAccentNum": 0, "foreignAccentRate": 0.0, "wordConcatNum": 0, "wordConcatRate": 0.0, "jLyMistakeNum": 0, "jLyMistakeRate": 0.0, "publicVNum": 0, "freqSuffixNum": 0, "partsNum": 44, "clauseWordNum": 22, "privateVNum": 0}