{"tokenNum": 105, "sentenceNum": 6, "lemmaNum": 73, "lemmaRate": 0.6952380952380952, "sentenceLength": 17.5, "allUpperNum": 0, "firstUpperNum": 12, "allUpperRate": 0.0, "firstUpperRate": 0.11428571428571428, "declarSentNum": 6, "imperSentNum": 0, "questionNum": 0, "declarSentRate": 1.0, "imperSentRate": 0.0, "questionRate": 0.0, "accent": true, "saturation": 4.5625, "paragraphNum": 0, "nounNum": 22, "verbNum": 16, "adjNum": 5, "infNum": 2, "partPastNum": 0, "partPresNum": 0, "partFutNum": 0, "transNum": 0, "xNum": 8, "advNum": 11, "properNounNum": 5, "numNum": 1, "conjNum": 10, "punctNum": 22, "pronNum": 4, "relPronNum": 1, "demPronNum": 3, "adposNum": 2, "multiplePunctNum": 0, "phraseNum": 0, "nounRate": 0.20952380952380953, "verbRate": 0.1523809523809524, "adjRate": 0.047619047619047616, "infRate": 0.01904761904761905, "partPastRate": 0.0, "partPresRate": 0.0, "partFutRate": 0.0, "transRate": 0.0, "xRate": 0.0761904761904762, "advRate": 0.10476190476190476, "properNounRate": 0.047619047619047616, "numRate": 0.009523809523809525, "conjRate": 0.09523809523809523, "punctRate": 0.20952380952380953, "pronRate": 0.0380952380952381, "relPronRate": 0.009523809523809525, "demPronRate": 0.02857142857142857, "adposRate": 0.01904761904761905, "multiplePunctRate": 0.0, "partsDensityRate": 3.375, "contentfulness": 9.0, "phraseRate": 0.0, "pastTenseNum": 4, "presentTenseNum": 10, "condNum": 0, "impNum": 4, "freqNum": 0, "causNum": 0, "modalNum": 2, "sg1VerbNum": 16, "sg2VerbNum": 16, "sg3VerbNum": 16, "pl1VerbNum": 16, "pl2VerbNum": 16, "pl3VerbNum": 16, "superlatNum": 0, "comparatNum": 0, "specDerivSuffixNum": 0, "pluralNounNum": 0, "pastTenseRate": 0.25, "presentTenseRate": 0.625, "condRate": 0.0, "impRate": 0.25, "freqRate": 0.0, "causRate": 0.0, "modalRate": 0.125, "sg1VerbRate": 1.0, "sg2VerbRate": 1.0, "sg3VerbRate": 1.0, "pl1VerbRate": 1.0, "pl2VerbRate": 1.0, "pl3VerbRate": 1.0, "superlatRate": 0.0, "comparatRate": 0.0, "specDerivSuffixRate": 0.0, "pluralNounRate": 0.0, "subjNum": 6, "objNum": 2, "attNum": 3, "subordNum": 5, "adverbNum": 11, "coordNum": 4, "clauseNum": 16, "simpleNum": 2, "complexNum": 4, "complexity1Num": 0, "complexity2Num": 2, "complexity3Num": 2, "compoundNum": 0, "subjRate": 0.05714285714285714, "objRate": 0.01904761904761905, "attRate": 0.02857142857142857, "subordRate": 0.047619047619047616, "adverbRate": 0.10476190476190476, "coordRate": 0.0380952380952381, "partsRate": 1.625, "clauseRate": 2.6666666666666665, "simpleRate": 0.3333333333333333, "complexRate": 0.6666666666666666, "complexity1Rate": 0.0, "complexity2Rate": 0.3333333333333333, "complexity3Rate": 0.3333333333333333, "complexClauseRate": 3.5, "sentencesPerParagraph": 0.0, "wordsLengthRate": 5.325301204819277, "compoundRate": 0.0, "positiveNum": 0, "negativeNum": 0, "precoPositiveNum": 0, "precoNegativeNum": 0, "negemoNum": 0, "negationNum": 4, "functionNum": 51, "contentNum": 54, "vulgarNum": 0, "racistNum": 0, "specStyleNum": 0, "addressingNum": 0, "closingNum": 0, "postscriptNum": 0, "brutalNum": 0, "positiveRate": 0.0, "negativeRate": 0.0, "precoPositiveRate": 0.0, "precoNegativeRate": 0.0, "negemoRate": 0.0, "negationRate": 0.0380952380952381, "functionRate": 0.4857142857142857, "contentRate": 0.5142857142857142, "vulgarRate": 0.0, "racistRate": 0.0, "specStyleRate": 0.0, "addressingRate": 0.0, "closingRate": 0.0, "postscriptRate": 0.0, "brutalRate": 0.0, "epistemicNum": 0, "investNum": 0, "conditionNum": 0, "weaselNum": 0, "peacockNum": 0, "hedgeNum": 0, "doxasticNum": 0, "epistemicRate": 0.0, "investRate": 0.0, "conditionRate": 0.0, "weaselRate": 0.0, "peacockRate": 0.0, "hedgeRate": 0.0, "doxasticRate": 0.0, "loveNum": 0, "anxietyNum": 0, "sorrowNum": 0, "joyNum": 0, "disgustNum": 0, "fearNum": 0, "surpriseNum": 0, "angerNum": 0, "loveRate": 0.0, "anxietyRate": 0.0, "sorrowRate": 0.0, "joyRate": 0.0, "disgustRate": 0.0, "fearRate": 0.0, "surpriseRate": 0.0, "angerRate": 0.0, "slangBeGeneralNum": 0, "slangBeCigaretteNum": 0, "slangBeHumanNum": 0, "slangBeVehicleNum": 0, "slangBeDrugNum": 0, "slangBvNum": 0, "slangBeGeneralRate": 0.0, "slangBeCigaretteRate": 0.0, "slangBeHumanRate": 0.0, "slangBeVehicleRate": 0.0, "slangBeDrugRate": 0.0, "slangBvRate": 0.0, "speechactNum": 0, "quoteNum": 0, "dashNum": 0, "publicNum": 0, "privateNum": 0, "suasiveNum": 0, "discMarkerNum": 0, "smileyNum": 0, "dateNum": 0, "hesitationNum": 0, "restartNum": 0, "repeatNum": 0, "conjBeforeDiscNum": 0, "conjAfterDiscNum": 0, "wordBeforeHesitationNum": 0, "wordAfterHesitationNum": 0, "otherCollocationNum": 0, "speechactRate": 0.0, "quoteRate": 0.0, "dashRate": 0.0, "publicRate": 0.0, "privateRate": 0.0, "suasiveRate": 0.0, "discMarkerRate": 0.0, "smileyRate": 0.0, "dateRate": 0.0, "hesitationRate": 0.0, "restartRate": 0.0, "repeatRate": 0.0, "conjBeforeDiscRate": 0.0, "conjAfterDiscRate": 0.0, "wordBeforeHesitationRate": 0.0, "wordAfterHesitationRate": 0.0, "otherCollocationRate": 0.0, "easyWordNum": 99, "hardWordNum": 6, "easyWordRate": 0.9428571428571428, "hardWordRate": 0.05714285714285714, "fleschReadingEaseScore": 79.49535714285716, "gunningFogIndex": 7.019047619047619, "fleschKincaidGradeLevel": 6.5188095238095265, "colemanLiauIndex": 9.55487619047619, "smogIndex": 5.683917801722854, "automatedReadabilityIndex": 7.59542857142857, "linsearWriteIndex": 7.65079365079365, "author": "", "locationNameNum": 0, "locationNameRate": 0.0, "personNameNum": 2, "personNameRate": 0.01904761904761905, "organizationNameNum": 0, "organizationNameRate": 0.0, "misspelledNum": 1, "misspelledRate": 0.009523809523809525, "missingAccentNum": 0, "missingAccentRate": 0.0, "foreignAccentNum": 0, "foreignAccentRate": 0.0, "wordConcatNum": 0, "wordConcatRate": 0.0, "jLyMistakeNum": 0, "jLyMistakeRate": 0.0, "publicVNum": 0, "freqSuffixNum": 0, "partsNum": 26, "clauseWordNum": 16, "privateVNum": 0}