{"tokenNum": 104, "sentenceNum": 8, "lemmaNum": 61, "lemmaRate": 0.5865384615384616, "sentenceLength": 13.0, "allUpperNum": 2, "firstUpperNum": 13, "allUpperRate": 0.019230769230769232, "firstUpperRate": 0.125, "declarSentNum": 6, "imperSentNum": 2, "questionNum": 0, "declarSentRate": 0.75, "imperSentRate": 0.25, "questionRate": 0.0, "accent": true, "saturation": 5.083333333333333, "paragraphNum": 0, "nounNum": 27, "verbNum": 11, "adjNum": 5, "infNum": 0, "partPastNum": 0, "partPresNum": 0, "partFutNum": 0, "transNum": 0, "xNum": 5, "advNum": 5, "properNounNum": 4, "numNum": 0, "conjNum": 5, "punctNum": 24, "pronNum": 3, "relPronNum": 1, "demPronNum": 3, "adposNum": 0, "multiplePunctNum": 0, "phraseNum": 0, "nounRate": 0.25961538461538464, "verbRate": 0.10576923076923077, "adjRate": 0.04807692307692308, "infRate": 0.0, "partPastRate": 0.0, "partPresRate": 0.0, "partFutRate": 0.0, "transRate": 0.0, "xRate": 0.04807692307692308, "advRate": 0.04807692307692308, "properNounRate": 0.038461538461538464, "numRate": 0.0, "conjRate": 0.04807692307692308, "punctRate": 0.23076923076923078, "pronRate": 0.028846153846153848, "relPronRate": 0.009615384615384616, "demPronRate": 0.028846153846153848, "adposRate": 0.0, "multiplePunctRate": 0.0, "partsDensityRate": 4.0, "contentfulness": 6.0, "phraseRate": 0.0, "pastTenseNum": 8, "presentTenseNum": 3, "condNum": 0, "impNum": 0, "freqNum": 0, "causNum": 1, "modalNum": 0, "sg1VerbNum": 11, "sg2VerbNum": 11, "sg3VerbNum": 11, "pl1VerbNum": 11, "pl2VerbNum": 11, "pl3VerbNum": 11, "superlatNum": 0, "comparatNum": 0, "specDerivSuffixNum": 0, "pluralNounNum": 1, "pastTenseRate": 0.7272727272727273, "presentTenseRate": 0.2727272727272727, "condRate": 0.0, "impRate": 0.0, "freqRate": 0.0, "causRate": 0.09090909090909091, "modalRate": 0.0, "sg1VerbRate": 1.0, "sg2VerbRate": 1.0, "sg3VerbRate": 1.0, "pl1VerbRate": 1.0, "pl2VerbRate": 1.0, "pl3VerbRate": 1.0, "superlatRate": 0.0, "comparatRate": 0.0, "specDerivSuffixRate": 0.0, "pluralNounRate": 0.037037037037037035, "subjNum": 9, "objNum": 4, "attNum": 4, "subordNum": 3, "adverbNum": 6, "coordNum": 0, "clauseNum": 12, "simpleNum": 5, "complexNum": 3, "complexity1Num": 2, "complexity2Num": 1, "complexity3Num": 0, "compoundNum": 0, "subjRate": 0.08653846153846154, "objRate": 0.038461538461538464, "attRate": 0.038461538461538464, "subordRate": 0.028846153846153848, "adverbRate": 0.057692307692307696, "coordRate": 0.0, "partsRate": 1.9166666666666667, "clauseRate": 1.5, "simpleRate": 0.625, "complexRate": 0.375, "complexity1Rate": 0.25, "complexity2Rate": 0.125, "complexity3Rate": 0.0, "complexClauseRate": 2.3333333333333335, "sentencesPerParagraph": 0.0, "wordsLengthRate": 4.9875, "compoundRate": 0.0, "positiveNum": 0, "negativeNum": 0, "precoPositiveNum": 0, "precoNegativeNum": 0, "negemoNum": 0, "negationNum": 1, "functionNum": 56, "contentNum": 48, "vulgarNum": 0, "racistNum": 0, "specStyleNum": 0, "addressingNum": 0, "closingNum": 0, "postscriptNum": 0, "brutalNum": 0, "positiveRate": 0.0, "negativeRate": 0.0, "precoPositiveRate": 0.0, "precoNegativeRate": 0.0, "negemoRate": 0.0, "negationRate": 0.009615384615384616, "functionRate": 0.5384615384615384, "contentRate": 0.46153846153846156, "vulgarRate": 0.0, "racistRate": 0.0, "specStyleRate": 0.0, "addressingRate": 0.0, "closingRate": 0.0, "postscriptRate": 0.0, "brutalRate": 0.0, "epistemicNum": 0, "investNum": 0, "conditionNum": 0, "weaselNum": 0, "peacockNum": 0, "hedgeNum": 0, "doxasticNum": 0, "epistemicRate": 0.0, "investRate": 0.0, "conditionRate": 0.0, "weaselRate": 0.0, "peacockRate": 0.0, "hedgeRate": 0.0, "doxasticRate": 0.0, "loveNum": 0, "anxietyNum": 0, "sorrowNum": 0, "joyNum": 0, "disgustNum": 0, "fearNum": 0, "surpriseNum": 0, "angerNum": 0, "loveRate": 0.0, "anxietyRate": 0.0, "sorrowRate": 0.0, "joyRate": 0.0, "disgustRate": 0.0, "fearRate": 0.0, "surpriseRate": 0.0, "angerRate": 0.0, "slangBeGeneralNum": 0, "slangBeCigaretteNum": 0, "slangBeHumanNum": 0, "slangBeVehicleNum": 0, "slangBeDrugNum": 0, "slangBvNum": 0, "slangBeGeneralRate": 0.0, "slangBeCigaretteRate": 0.0, "slangBeHumanRate": 0.0, "slangBeVehicleRate": 0.0, "slangBeDrugRate": 0.0, "slangBvRate": 0.0, "speechactNum": 0, "quoteNum": 0, "dashNum": 0, "publicNum": 0, "privateNum": 0, "suasiveNum": 0, "discMarkerNum": 0, "smileyNum": 0, "dateNum": 0, "hesitationNum": 0, "restartNum": 0, "repeatNum": 4, "conjBeforeDiscNum": 0, "conjAfterDiscNum": 0, "wordBeforeHesitationNum": 0, "wordAfterHesitationNum": 0, "otherCollocationNum": 0, "speechactRate": 0.0, "quoteRate": 0.0, "dashRate": 0.0, "publicRate": 0.0, "privateRate": 0.0, "suasiveRate": 0.0, "discMarkerRate": 0.0, "smileyRate": 0.0, "dateRate": 0.0, "hesitationRate": 0.0, "restartRate": 0.0, "repeatRate": 0.038461538461538464, "conjBeforeDiscRate": 0.0, "conjAfterDiscRate": 0.0, "wordBeforeHesitationRate": 0.0, "wordAfterHesitationRate": 0.0, "otherCollocationRate": 0.0, "easyWordNum": 95, "hardWordNum": 9, "easyWordRate": 0.9134615384615384, "hardWordRate": 0.08653846153846154, "fleschReadingEaseScore": 78.94192307692309, "gunningFogIndex": 5.234615384615385, "fleschKincaidGradeLevel": 5.478076923076923, "colemanLiauIndex": 7.703134615384613, "smogIndex": 6.2581, "automatedReadabilityIndex": 3.8647115384615383, "linsearWriteIndex": 6.03125, "author": "", "locationNameNum": 0, "locationNameRate": 0.0, "personNameNum": 1, "personNameRate": 0.009615384615384616, "organizationNameNum": 1, "organizationNameRate": 0.009615384615384616, "misspelledNum": 11, "misspelledRate": 0.10576923076923077, "missingAccentNum": 0, "missingAccentRate": 0.0, "foreignAccentNum": 0, "foreignAccentRate": 0.0, "wordConcatNum": 0, "wordConcatRate": 0.0, "jLyMistakeNum": 1, "jLyMistakeRate": 0.009615384615384616, "publicVNum": 0, "freqSuffixNum": 0, "partsNum": 23, "clauseWordNum": 12, "privateVNum": 0}