{"tokenNum": 208, "sentenceNum": 16, "lemmaNum": 121, "lemmaRate": 0.5817307692307693, "sentenceLength": 13.0, "allUpperNum": 0, "firstUpperNum": 15, "allUpperRate": 0.0, "firstUpperRate": 0.07211538461538461, "declarSentNum": 15, "imperSentNum": 0, "questionNum": 1, "declarSentRate": 0.9375, "imperSentRate": 0.0, "questionRate": 0.0625, "accent": true, "saturation": 4.653846153846154, "paragraphNum": 0, "nounNum": 37, "verbNum": 30, "adjNum": 10, "infNum": 4, "partPastNum": 1, "partPresNum": 1, "partFutNum": 0, "transNum": 1, "xNum": 12, "advNum": 21, "properNounNum": 3, "numNum": 7, "conjNum": 15, "punctNum": 44, "pronNum": 11, "relPronNum": 2, "demPronNum": 5, "adposNum": 5, "multiplePunctNum": 6, "phraseNum": 0, "nounRate": 0.1778846153846154, "verbRate": 0.14423076923076922, "adjRate": 0.04807692307692308, "infRate": 0.019230769230769232, "partPastRate": 0.004807692307692308, "partPresRate": 0.004807692307692308, "partFutRate": 0.0, "transRate": 0.004807692307692308, "xRate": 0.057692307692307696, "advRate": 0.10096153846153846, "properNounRate": 0.014423076923076924, "numRate": 0.03365384615384615, "conjRate": 0.07211538461538461, "punctRate": 0.21153846153846154, "pronRate": 0.052884615384615384, "relPronRate": 0.009615384615384616, "demPronRate": 0.02403846153846154, "adposRate": 0.02403846153846154, "multiplePunctRate": 0.13636363636363635, "partsDensityRate": 3.769230769230769, "contentfulness": 6.125, "phraseRate": 0.0, "pastTenseNum": 4, "presentTenseNum": 22, "condNum": 3, "impNum": 0, "freqNum": 0, "causNum": 0, "modalNum": 2, "sg1VerbNum": 30, "sg2VerbNum": 30, "sg3VerbNum": 30, "pl1VerbNum": 30, "pl2VerbNum": 30, "pl3VerbNum": 30, "superlatNum": 0, "comparatNum": 0, "specDerivSuffixNum": 0, "pluralNounNum": 2, "pastTenseRate": 0.13333333333333333, "presentTenseRate": 0.7333333333333333, "condRate": 0.1, "impRate": 0.0, "freqRate": 0.0, "causRate": 0.0, "modalRate": 0.06666666666666667, "sg1VerbRate": 1.0, "sg2VerbRate": 1.0, "sg3VerbRate": 1.0, "pl1VerbRate": 1.0, "pl2VerbRate": 1.0, "pl3VerbRate": 1.0, "superlatRate": 0.0, "comparatRate": 0.0, "specDerivSuffixRate": 0.0, "pluralNounRate": 0.05405405405405406, "subjNum": 10, "objNum": 10, "attNum": 7, "subordNum": 8, "adverbNum": 23, "coordNum": 5, "clauseNum": 26, "simpleNum": 7, "complexNum": 8, "complexity1Num": 5, "complexity2Num": 3, "complexity3Num": 0, "compoundNum": 0, "subjRate": 0.04807692307692308, "objRate": 0.04807692307692308, "attRate": 0.03365384615384615, "subordRate": 0.038461538461538464, "adverbRate": 0.11057692307692307, "coordRate": 0.02403846153846154, "partsRate": 2.1153846153846154, "clauseRate": 1.625, "simpleRate": 0.4375, "complexRate": 0.5, "complexity1Rate": 0.3125, "complexity2Rate": 0.1875, "complexity3Rate": 0.0, "complexClauseRate": 2.375, "sentencesPerParagraph": 0.0, "wordsLengthRate": 4.853658536585366, "compoundRate": 0.0, "positiveNum": 0, "negativeNum": 0, "precoPositiveNum": 0, "precoNegativeNum": 0, "negemoNum": 0, "negationNum": 3, "functionNum": 110, "contentNum": 98, "vulgarNum": 0, "racistNum": 0, "specStyleNum": 0, "addressingNum": 0, "closingNum": 0, "postscriptNum": 0, "brutalNum": 0, "positiveRate": 0.0, "negativeRate": 0.0, "precoPositiveRate": 0.0, "precoNegativeRate": 0.0, "negemoRate": 0.0, "negationRate": 0.014423076923076924, "functionRate": 0.5288461538461539, "contentRate": 0.47115384615384615, "vulgarRate": 0.0, "racistRate": 0.0, "specStyleRate": 0.0, "addressingRate": 0.0, "closingRate": 0.0, "postscriptRate": 0.0, "brutalRate": 0.0, "epistemicNum": 0, "investNum": 0, "conditionNum": 0, "weaselNum": 0, "peacockNum": 0, "hedgeNum": 0, "doxasticNum": 0, "epistemicRate": 0.0, "investRate": 0.0, "conditionRate": 0.0, "weaselRate": 0.0, "peacockRate": 0.0, "hedgeRate": 0.0, "doxasticRate": 0.0, "loveNum": 0, "anxietyNum": 0, "sorrowNum": 0, "joyNum": 0, "disgustNum": 0, "fearNum": 0, "surpriseNum": 0, "angerNum": 0, "loveRate": 0.0, "anxietyRate": 0.0, "sorrowRate": 0.0, "joyRate": 0.0, "disgustRate": 0.0, "fearRate": 0.0, "surpriseRate": 0.0, "angerRate": 0.0, "slangBeGeneralNum": 0, "slangBeCigaretteNum": 0, "slangBeHumanNum": 0, "slangBeVehicleNum": 0, "slangBeDrugNum": 0, "slangBvNum": 0, "slangBeGeneralRate": 0.0, "slangBeCigaretteRate": 0.0, "slangBeHumanRate": 0.0, "slangBeVehicleRate": 0.0, "slangBeDrugRate": 0.0, "slangBvRate": 0.0, "speechactNum": 0, "quoteNum": 0, "dashNum": 0, "publicNum": 0, "privateNum": 0, "suasiveNum": 0, "discMarkerNum": 0, "smileyNum": 0, "dateNum": 0, "hesitationNum": 0, "restartNum": 0, "repeatNum": 6, "conjBeforeDiscNum": 0, "conjAfterDiscNum": 0, "wordBeforeHesitationNum": 0, "wordAfterHesitationNum": 0, "otherCollocationNum": 0, "speechactRate": 0.0, "quoteRate": 0.0, "dashRate": 0.0, "publicRate": 0.0, "privateRate": 0.0, "suasiveRate": 0.0, "discMarkerRate": 0.0, "smileyRate": 0.0, "dateRate": 0.0, "hesitationRate": 0.0, "restartRate": 0.0, "repeatRate": 0.028846153846153848, "conjBeforeDiscRate": 0.0, "conjAfterDiscRate": 0.0, "wordBeforeHesitationRate": 0.0, "wordAfterHesitationRate": 0.0, "otherCollocationRate": 0.0, "easyWordNum": 201, "hardWordNum": 7, "easyWordRate": 0.9663461538461539, "hardWordRate": 0.03365384615384615, "fleschReadingEaseScore": 91.55057692307695, "gunningFogIndex": 5.213461538461539, "fleschKincaidGradeLevel": 3.719423076923075, "colemanLiauIndex": 8.071259615384612, "smogIndex": 5.888618617440368, "automatedReadabilityIndex": 4.159086538461537, "linsearWriteIndex": 2.1700721153846154, "author": "", "locationNameNum": 0, "locationNameRate": 0.0, "personNameNum": 0, "personNameRate": 0.0, "organizationNameNum": 0, "organizationNameRate": 0.0, "misspelledNum": 9, "misspelledRate": 0.04326923076923077, "missingAccentNum": 3, "missingAccentRate": 0.014423076923076924, "foreignAccentNum": 0, "foreignAccentRate": 0.0, "wordConcatNum": 1, "wordConcatRate": 0.004807692307692308, "jLyMistakeNum": 0, "jLyMistakeRate": 0.0, "publicVNum": 0, "freqSuffixNum": 0, "partsNum": 55, "clauseWordNum": 26, "privateVNum": 0}