{"tokenNum": 109, "sentenceNum": 3, "lemmaNum": 65, "lemmaRate": 0.5963302752293578, "sentenceLength": 36.333333333333336, "allUpperNum": 0, "firstUpperNum": 6, "allUpperRate": 0.0, "firstUpperRate": 0.05504587155963303, "declarSentNum": 2, "imperSentNum": 1, "questionNum": 0, "declarSentRate": 0.6666666666666666, "imperSentRate": 0.3333333333333333, "questionRate": 0.0, "accent": true, "saturation": 3.823529411764706, "paragraphNum": 0, "nounNum": 25, "verbNum": 18, "adjNum": 5, "infNum": 2, "partPastNum": 0, "partPresNum": 0, "partFutNum": 0, "transNum": 0, "xNum": 2, "advNum": 8, "properNounNum": 2, "numNum": 2, "conjNum": 10, "punctNum": 22, "pronNum": 4, "relPronNum": 1, "demPronNum": 5, "adposNum": 0, "multiplePunctNum": 0, "phraseNum": 0, "nounRate": 0.22935779816513763, "verbRate": 0.1651376146788991, "adjRate": 0.045871559633027525, "infRate": 0.01834862385321101, "partPastRate": 0.0, "partPresRate": 0.0, "partFutRate": 0.0, "transRate": 0.0, "xRate": 0.01834862385321101, "advRate": 0.07339449541284404, "properNounRate": 0.01834862385321101, "numRate": 0.01834862385321101, "conjRate": 0.09174311926605505, "punctRate": 0.2018348623853211, "pronRate": 0.03669724770642202, "relPronRate": 0.009174311926605505, "demPronRate": 0.045871559633027525, "adposRate": 0.0, "multiplePunctRate": 0.0, "partsDensityRate": 3.2941176470588234, "contentfulness": 18.666666666666668, "phraseRate": 0.0, "pastTenseNum": 8, "presentTenseNum": 8, "condNum": 0, "impNum": 2, "freqNum": 0, "causNum": 0, "modalNum": 0, "sg1VerbNum": 18, "sg2VerbNum": 18, "sg3VerbNum": 18, "pl1VerbNum": 18, "pl2VerbNum": 18, "pl3VerbNum": 18, "superlatNum": 0, "comparatNum": 0, "specDerivSuffixNum": 0, "pluralNounNum": 5, "pastTenseRate": 0.4444444444444444, "presentTenseRate": 0.4444444444444444, "condRate": 0.0, "impRate": 0.1111111111111111, "freqRate": 0.0, "causRate": 0.0, "modalRate": 0.0, "sg1VerbRate": 1.0, "sg2VerbRate": 1.0, "sg3VerbRate": 1.0, "pl1VerbRate": 1.0, "pl2VerbRate": 1.0, "pl3VerbRate": 1.0, "superlatRate": 0.0, "comparatRate": 0.0, "specDerivSuffixRate": 0.0, "pluralNounRate": 0.2, "subjNum": 14, "objNum": 2, "attNum": 5, "subordNum": 3, "adverbNum": 11, "coordNum": 9, "clauseNum": 17, "simpleNum": 1, "complexNum": 2, "complexity1Num": 0, "complexity2Num": 0, "complexity3Num": 0, "compoundNum": 0, "subjRate": 0.12844036697247707, "objRate": 0.01834862385321101, "attRate": 0.045871559633027525, "subordRate": 0.027522935779816515, "adverbRate": 0.10091743119266056, "coordRate": 0.08256880733944955, "partsRate": 2.411764705882353, "clauseRate": 5.666666666666667, "simpleRate": 0.3333333333333333, "complexRate": 0.6666666666666666, "complexity1Rate": 0.0, "complexity2Rate": 0.0, "complexity3Rate": 0.0, "complexClauseRate": 8.0, "sentencesPerParagraph": 0.0, "wordsLengthRate": 5.402298850574713, "compoundRate": 0.0, "positiveNum": 0, "negativeNum": 0, "precoPositiveNum": 0, "precoNegativeNum": 0, "negemoNum": 0, "negationNum": 0, "functionNum": 53, "contentNum": 56, "vulgarNum": 0, "racistNum": 0, "specStyleNum": 0, "addressingNum": 0, "closingNum": 0, "postscriptNum": 0, "brutalNum": 0, "positiveRate": 0.0, "negativeRate": 0.0, "precoPositiveRate": 0.0, "precoNegativeRate": 0.0, "negemoRate": 0.0, "negationRate": 0.0, "functionRate": 0.48623853211009177, "contentRate": 0.5137614678899083, "vulgarRate": 0.0, "racistRate": 0.0, "specStyleRate": 0.0, "addressingRate": 0.0, "closingRate": 0.0, "postscriptRate": 0.0, "brutalRate": 0.0, "epistemicNum": 0, "investNum": 0, "conditionNum": 0, "weaselNum": 0, "peacockNum": 0, "hedgeNum": 0, "doxasticNum": 0, "epistemicRate": 0.0, "investRate": 0.0, "conditionRate": 0.0, "weaselRate": 0.0, "peacockRate": 0.0, "hedgeRate": 0.0, "doxasticRate": 0.0, "loveNum": 0, "anxietyNum": 0, "sorrowNum": 0, "joyNum": 0, "disgustNum": 0, "fearNum": 0, "surpriseNum": 0, "angerNum": 0, "loveRate": 0.0, "anxietyRate": 0.0, "sorrowRate": 0.0, "joyRate": 0.0, "disgustRate": 0.0, "fearRate": 0.0, "surpriseRate": 0.0, "angerRate": 0.0, "slangBeGeneralNum": 0, "slangBeCigaretteNum": 0, "slangBeHumanNum": 0, "slangBeVehicleNum": 0, "slangBeDrugNum": 0, "slangBvNum": 0, "slangBeGeneralRate": 0.0, "slangBeCigaretteRate": 0.0, "slangBeHumanRate": 0.0, "slangBeVehicleRate": 0.0, "slangBeDrugRate": 0.0, "slangBvRate": 0.0, "speechactNum": 0, "quoteNum": 0, "dashNum": 0, "publicNum": 0, "privateNum": 0, "suasiveNum": 0, "discMarkerNum": 0, "smileyNum": 0, "dateNum": 0, "hesitationNum": 0, "restartNum": 0, "repeatNum": 0, "conjBeforeDiscNum": 0, "conjAfterDiscNum": 0, "wordBeforeHesitationNum": 0, "wordAfterHesitationNum": 0, "otherCollocationNum": 0, "speechactRate": 0.0, "quoteRate": 0.0, "dashRate": 0.0, "publicRate": 0.0, "privateRate": 0.0, "suasiveRate": 0.0, "discMarkerRate": 0.0, "smileyRate": 0.0, "dateRate": 0.0, "hesitationRate": 0.0, "restartRate": 0.0, "repeatRate": 0.0, "conjBeforeDiscRate": 0.0, "conjAfterDiscRate": 0.0, "wordBeforeHesitationRate": 0.0, "wordAfterHesitationRate": 0.0, "otherCollocationRate": 0.0, "easyWordNum": 105, "hardWordNum": 4, "easyWordRate": 0.963302752293578, "hardWordRate": 0.03669724770642202, "fleschReadingEaseScore": 50.43006116207954, "gunningFogIndex": 14.548012232415903, "fleschKincaidGradeLevel": 15.251559633027526, "colemanLiauIndex": 10.677899082568807, "smogIndex": 5.2151, "automatedReadabilityIndex": 17.910061162079508, "linsearWriteIndex": 17.58409785932722, "author": "", "locationNameNum": 0, "locationNameRate": 0.0, "personNameNum": 1, "personNameRate": 0.009174311926605505, "organizationNameNum": 0, "organizationNameRate": 0.0, "misspelledNum": 3, "misspelledRate": 0.027522935779816515, "missingAccentNum": 1, "missingAccentRate": 0.009174311926605505, "foreignAccentNum": 0, "foreignAccentRate": 0.0, "wordConcatNum": 0, "wordConcatRate": 0.0, "jLyMistakeNum": 0, "jLyMistakeRate": 0.0, "publicVNum": 0, "freqSuffixNum": 0, "partsNum": 41, "clauseWordNum": 17, "privateVNum": 0}