{"tokenNum": 119, "sentenceNum": 4, "lemmaNum": 80, "lemmaRate": 0.6722689075630253, "sentenceLength": 29.75, "allUpperNum": 0, "firstUpperNum": 5, "allUpperRate": 0.0, "firstUpperRate": 0.04201680672268908, "declarSentNum": 3, "imperSentNum": 1, "questionNum": 0, "declarSentRate": 0.75, "imperSentRate": 0.25, "questionRate": 0.0, "accent": true, "saturation": 4.444444444444445, "paragraphNum": 0, "nounNum": 20, "verbNum": 16, "adjNum": 9, "infNum": 0, "partPastNum": 0, "partPresNum": 1, "partFutNum": 0, "transNum": 0, "xNum": 3, "advNum": 20, "properNounNum": 0, "numNum": 0, "conjNum": 6, "punctNum": 27, "pronNum": 5, "relPronNum": 2, "demPronNum": 2, "adposNum": 0, "multiplePunctNum": 2, "phraseNum": 0, "nounRate": 0.16806722689075632, "verbRate": 0.13445378151260504, "adjRate": 0.07563025210084033, "infRate": 0.0, "partPastRate": 0.0, "partPresRate": 0.008403361344537815, "partFutRate": 0.0, "transRate": 0.0, "xRate": 0.025210084033613446, "advRate": 0.16806722689075632, "properNounRate": 0.0, "numRate": 0.0, "conjRate": 0.05042016806722689, "punctRate": 0.226890756302521, "pronRate": 0.04201680672268908, "relPronRate": 0.01680672268907563, "demPronRate": 0.01680672268907563, "adposRate": 0.0, "multiplePunctRate": 0.07407407407407407, "partsDensityRate": 3.611111111111111, "contentfulness": 16.25, "phraseRate": 0.0, "pastTenseNum": 3, "presentTenseNum": 13, "condNum": 0, "impNum": 1, "freqNum": 0, "causNum": 0, "modalNum": 0, "sg1VerbNum": 16, "sg2VerbNum": 16, "sg3VerbNum": 16, "pl1VerbNum": 16, "pl2VerbNum": 16, "pl3VerbNum": 16, "superlatNum": 0, "comparatNum": 0, "specDerivSuffixNum": 0, "pluralNounNum": 3, "pastTenseRate": 0.1875, "presentTenseRate": 0.8125, "condRate": 0.0, "impRate": 0.0625, "freqRate": 0.0, "causRate": 0.0, "modalRate": 0.0, "sg1VerbRate": 1.0, "sg2VerbRate": 1.0, "sg3VerbRate": 1.0, "pl1VerbRate": 1.0, "pl2VerbRate": 1.0, "pl3VerbRate": 1.0, "superlatRate": 0.0, "comparatRate": 0.0, "specDerivSuffixRate": 0.0, "pluralNounRate": 0.15, "subjNum": 5, "objNum": 6, "attNum": 5, "subordNum": 4, "adverbNum": 18, "coordNum": 9, "clauseNum": 18, "simpleNum": 1, "complexNum": 3, "complexity1Num": 1, "complexity2Num": 0, "complexity3Num": 0, "compoundNum": 0, "subjRate": 0.04201680672268908, "objRate": 0.05042016806722689, "attRate": 0.04201680672268908, "subordRate": 0.03361344537815126, "adverbRate": 0.15126050420168066, "coordRate": 0.07563025210084033, "partsRate": 2.388888888888889, "clauseRate": 4.5, "simpleRate": 0.25, "complexRate": 0.75, "complexity1Rate": 0.25, "complexity2Rate": 0.0, "complexity3Rate": 0.0, "complexClauseRate": 5.666666666666667, "sentencesPerParagraph": 0.0, "wordsLengthRate": 5.521739130434782, "compoundRate": 0.0, "positiveNum": 0, "negativeNum": 0, "precoPositiveNum": 0, "precoNegativeNum": 0, "negemoNum": 0, "negationNum": 1, "functionNum": 54, "contentNum": 65, "vulgarNum": 0, "racistNum": 0, "specStyleNum": 0, "addressingNum": 0, "closingNum": 0, "postscriptNum": 0, "brutalNum": 0, "positiveRate": 0.0, "negativeRate": 0.0, "precoPositiveRate": 0.0, "precoNegativeRate": 0.0, "negemoRate": 0.0, "negationRate": 0.008403361344537815, "functionRate": 0.453781512605042, "contentRate": 0.5462184873949579, "vulgarRate": 0.0, "racistRate": 0.0, "specStyleRate": 0.0, "addressingRate": 0.0, "closingRate": 0.0, "postscriptRate": 0.0, "brutalRate": 0.0, "epistemicNum": 0, "investNum": 0, "conditionNum": 0, "weaselNum": 0, "peacockNum": 0, "hedgeNum": 0, "doxasticNum": 0, "epistemicRate": 0.0, "investRate": 0.0, "conditionRate": 0.0, "weaselRate": 0.0, "peacockRate": 0.0, "hedgeRate": 0.0, "doxasticRate": 0.0, "loveNum": 0, "anxietyNum": 0, "sorrowNum": 0, "joyNum": 0, "disgustNum": 0, "fearNum": 0, "surpriseNum": 0, "angerNum": 0, "loveRate": 0.0, "anxietyRate": 0.0, "sorrowRate": 0.0, "joyRate": 0.0, "disgustRate": 0.0, "fearRate": 0.0, "surpriseRate": 0.0, "angerRate": 0.0, "slangBeGeneralNum": 0, "slangBeCigaretteNum": 0, "slangBeHumanNum": 0, "slangBeVehicleNum": 0, "slangBeDrugNum": 0, "slangBvNum": 0, "slangBeGeneralRate": 0.0, "slangBeCigaretteRate": 0.0, "slangBeHumanRate": 0.0, "slangBeVehicleRate": 0.0, "slangBeDrugRate": 0.0, "slangBvRate": 0.0, "speechactNum": 0, "quoteNum": 0, "dashNum": 0, "publicNum": 0, "privateNum": 0, "suasiveNum": 0, "discMarkerNum": 0, "smileyNum": 1, "dateNum": 0, "hesitationNum": 0, "restartNum": 0, "repeatNum": 2, "conjBeforeDiscNum": 0, "conjAfterDiscNum": 0, "wordBeforeHesitationNum": 0, "wordAfterHesitationNum": 0, "otherCollocationNum": 0, "speechactRate": 0.0, "quoteRate": 0.0, "dashRate": 0.0, "publicRate": 0.0, "privateRate": 0.0, "suasiveRate": 0.0, "discMarkerRate": 0.0, "smileyRate": 0.008403361344537815, "dateRate": 0.0, "hesitationRate": 0.0, "restartRate": 0.0, "repeatRate": 0.01680672268907563, "conjBeforeDiscRate": 0.0, "conjAfterDiscRate": 0.0, "wordBeforeHesitationRate": 0.0, "wordAfterHesitationRate": 0.0, "otherCollocationRate": 0.0, "easyWordNum": 113, "hardWordNum": 6, "easyWordRate": 0.9495798319327731, "hardWordRate": 0.05042016806722689, "fleschReadingEaseScore": 62.89085084033614, "gunningFogIndex": 11.920168067226891, "fleschKincaidGradeLevel": 11.878046218487398, "colemanLiauIndex": 10.6801512605042, "smogIndex": 5.683917801722854, "automatedReadabilityIndex": 14.620210084033609, "linsearWriteIndex": 13.445378151260504, "author": "", "locationNameNum": 0, "locationNameRate": 0.0, "personNameNum": 0, "personNameRate": 0.0, "organizationNameNum": 0, "organizationNameRate": 0.0, "misspelledNum": 4, "misspelledRate": 0.03361344537815126, "missingAccentNum": 3, "missingAccentRate": 0.025210084033613446, "foreignAccentNum": 0, "foreignAccentRate": 0.0, "wordConcatNum": 0, "wordConcatRate": 0.0, "jLyMistakeNum": 0, "jLyMistakeRate": 0.0, "publicVNum": 0, "freqSuffixNum": 0, "partsNum": 43, "clauseWordNum": 18, "privateVNum": 0}