{"tokenNum": 163, "sentenceNum": 8, "lemmaNum": 103, "lemmaRate": 0.6319018404907976, "sentenceLength": 20.375, "allUpperNum": 0, "firstUpperNum": 16, "allUpperRate": 0.0, "firstUpperRate": 0.09815950920245399, "declarSentNum": 8, "imperSentNum": 0, "questionNum": 0, "declarSentRate": 1.0, "imperSentRate": 0.0, "questionRate": 0.0, "accent": true, "saturation": 4.904761904761905, "paragraphNum": 0, "nounNum": 33, "verbNum": 19, "adjNum": 14, "infNum": 4, "partPastNum": 2, "partPresNum": 2, "partFutNum": 0, "transNum": 0, "xNum": 7, "advNum": 21, "properNounNum": 10, "numNum": 0, "conjNum": 8, "punctNum": 37, "pronNum": 6, "relPronNum": 2, "demPronNum": 5, "adposNum": 2, "multiplePunctNum": 0, "phraseNum": 0, "nounRate": 0.20245398773006135, "verbRate": 0.1165644171779141, "adjRate": 0.08588957055214724, "infRate": 0.024539877300613498, "partPastRate": 0.012269938650306749, "partPresRate": 0.012269938650306749, "partFutRate": 0.0, "transRate": 0.0, "xRate": 0.04294478527607362, "advRate": 0.12883435582822086, "properNounRate": 0.06134969325153374, "numRate": 0.0, "conjRate": 0.049079754601226995, "punctRate": 0.22699386503067484, "pronRate": 0.03680981595092025, "relPronRate": 0.012269938650306749, "demPronRate": 0.03067484662576687, "adposRate": 0.012269938650306749, "multiplePunctRate": 0.0, "partsDensityRate": 4.142857142857143, "contentfulness": 10.875, "phraseRate": 0.0, "pastTenseNum": 6, "presentTenseNum": 9, "condNum": 1, "impNum": 0, "freqNum": 0, "causNum": 0, "modalNum": 0, "sg1VerbNum": 19, "sg2VerbNum": 19, "sg3VerbNum": 19, "pl1VerbNum": 19, "pl2VerbNum": 19, "pl3VerbNum": 19, "superlatNum": 0, "comparatNum": 0, "specDerivSuffixNum": 0, "pluralNounNum": 6, "pastTenseRate": 0.3157894736842105, "presentTenseRate": 0.47368421052631576, "condRate": 0.05263157894736842, "impRate": 0.0, "freqRate": 0.0, "causRate": 0.0, "modalRate": 0.0, "sg1VerbRate": 1.0, "sg2VerbRate": 1.0, "sg3VerbRate": 1.0, "pl1VerbRate": 1.0, "pl2VerbRate": 1.0, "pl3VerbRate": 1.0, "superlatRate": 0.0, "comparatRate": 0.0, "specDerivSuffixRate": 0.0, "pluralNounRate": 0.18181818181818182, "subjNum": 10, "objNum": 4, "attNum": 11, "subordNum": 4, "adverbNum": 19, "coordNum": 7, "clauseNum": 21, "simpleNum": 3, "complexNum": 5, "complexity1Num": 0, "complexity2Num": 3, "complexity3Num": 1, "compoundNum": 0, "subjRate": 0.06134969325153374, "objRate": 0.024539877300613498, "attRate": 0.06748466257668712, "subordRate": 0.024539877300613498, "adverbRate": 0.1165644171779141, "coordRate": 0.04294478527607362, "partsRate": 2.4285714285714284, "clauseRate": 2.625, "simpleRate": 0.375, "complexRate": 0.625, "complexity1Rate": 0.0, "complexity2Rate": 0.375, "complexity3Rate": 0.125, "complexClauseRate": 3.6, "sentencesPerParagraph": 0.0, "wordsLengthRate": 5.031746031746032, "compoundRate": 0.0, "positiveNum": 0, "negativeNum": 0, "precoPositiveNum": 0, "precoNegativeNum": 0, "negemoNum": 0, "negationNum": 1, "functionNum": 76, "contentNum": 87, "vulgarNum": 0, "racistNum": 0, "specStyleNum": 0, "addressingNum": 0, "closingNum": 0, "postscriptNum": 0, "brutalNum": 0, "positiveRate": 0.0, "negativeRate": 0.0, "precoPositiveRate": 0.0, "precoNegativeRate": 0.0, "negemoRate": 0.0, "negationRate": 0.006134969325153374, "functionRate": 0.4662576687116564, "contentRate": 0.5337423312883436, "vulgarRate": 0.0, "racistRate": 0.0, "specStyleRate": 0.0, "addressingRate": 0.0, "closingRate": 0.0, "postscriptRate": 0.0, "brutalRate": 0.0, "epistemicNum": 0, "investNum": 0, "conditionNum": 0, "weaselNum": 0, "peacockNum": 0, "hedgeNum": 0, "doxasticNum": 0, "epistemicRate": 0.0, "investRate": 0.0, "conditionRate": 0.0, "weaselRate": 0.0, "peacockRate": 0.0, "hedgeRate": 0.0, "doxasticRate": 0.0, "loveNum": 0, "anxietyNum": 0, "sorrowNum": 0, "joyNum": 0, "disgustNum": 0, "fearNum": 0, "surpriseNum": 0, "angerNum": 0, "loveRate": 0.0, "anxietyRate": 0.0, "sorrowRate": 0.0, "joyRate": 0.0, "disgustRate": 0.0, "fearRate": 0.0, "surpriseRate": 0.0, "angerRate": 0.0, "slangBeGeneralNum": 0, "slangBeCigaretteNum": 0, "slangBeHumanNum": 0, "slangBeVehicleNum": 0, "slangBeDrugNum": 0, "slangBvNum": 0, "slangBeGeneralRate": 0.0, "slangBeCigaretteRate": 0.0, "slangBeHumanRate": 0.0, "slangBeVehicleRate": 0.0, "slangBeDrugRate": 0.0, "slangBvRate": 0.0, "speechactNum": 0, "quoteNum": 0, "dashNum": 0, "publicNum": 0, "privateNum": 0, "suasiveNum": 0, "discMarkerNum": 0, "smileyNum": 0, "dateNum": 0, "hesitationNum": 0, "restartNum": 0, "repeatNum": 0, "conjBeforeDiscNum": 0, "conjAfterDiscNum": 0, "wordBeforeHesitationNum": 0, "wordAfterHesitationNum": 0, "otherCollocationNum": 0, "speechactRate": 0.0, "quoteRate": 0.0, "dashRate": 0.0, "publicRate": 0.0, "privateRate": 0.0, "suasiveRate": 0.0, "discMarkerRate": 0.0, "smileyRate": 0.0, "dateRate": 0.0, "hesitationRate": 0.0, "restartRate": 0.0, "repeatRate": 0.0, "conjBeforeDiscRate": 0.0, "conjAfterDiscRate": 0.0, "wordBeforeHesitationRate": 0.0, "wordAfterHesitationRate": 0.0, "otherCollocationRate": 0.0, "easyWordNum": 154, "hardWordNum": 9, "easyWordRate": 0.9447852760736196, "hardWordRate": 0.05521472392638037, "fleschReadingEaseScore": 74.04639953987733, "gunningFogIndex": 8.172085889570551, "fleschKincaidGradeLevel": 7.993059815950922, "colemanLiauIndex": 8.121202453987728, "smogIndex": 6.2581, "automatedReadabilityIndex": 7.8864570552147235, "linsearWriteIndex": 5.671779141104294, "author": "", "locationNameNum": 6, "locationNameRate": 0.03680981595092025, "personNameNum": 1, "personNameRate": 0.006134969325153374, "organizationNameNum": 0, "organizationNameRate": 0.0, "misspelledNum": 3, "misspelledRate": 0.018404907975460124, "missingAccentNum": 1, "missingAccentRate": 0.006134969325153374, "foreignAccentNum": 0, "foreignAccentRate": 0.0, "wordConcatNum": 0, "wordConcatRate": 0.0, "jLyMistakeNum": 0, "jLyMistakeRate": 0.0, "publicVNum": 0, "freqSuffixNum": 0, "partsNum": 51, "clauseWordNum": 21, "privateVNum": 0}