{"tokenNum": 133, "sentenceNum": 12, "lemmaNum": 89, "lemmaRate": 0.6691729323308271, "sentenceLength": 11.083333333333334, "allUpperNum": 0, "firstUpperNum": 19, "allUpperRate": 0.0, "firstUpperRate": 0.14285714285714285, "declarSentNum": 10, "imperSentNum": 2, "questionNum": 0, "declarSentRate": 0.8333333333333334, "imperSentRate": 0.16666666666666666, "questionRate": 0.0, "accent": true, "saturation": 4.684210526315789, "paragraphNum": 0, "nounNum": 22, "verbNum": 14, "adjNum": 15, "infNum": 1, "partPastNum": 0, "partPresNum": 1, "partFutNum": 0, "transNum": 0, "xNum": 11, "advNum": 12, "properNounNum": 6, "numNum": 2, "conjNum": 9, "punctNum": 21, "pronNum": 16, "relPronNum": 3, "demPronNum": 7, "adposNum": 0, "multiplePunctNum": 0, "phraseNum": 0, "nounRate": 0.16541353383458646, "verbRate": 0.10526315789473684, "adjRate": 0.11278195488721804, "infRate": 0.007518796992481203, "partPastRate": 0.0, "partPresRate": 0.007518796992481203, "partFutRate": 0.0, "transRate": 0.0, "xRate": 0.08270676691729323, "advRate": 0.09022556390977443, "properNounRate": 0.045112781954887216, "numRate": 0.015037593984962405, "conjRate": 0.06766917293233082, "punctRate": 0.15789473684210525, "pronRate": 0.12030075187969924, "relPronRate": 0.022556390977443608, "demPronRate": 0.05263157894736842, "adposRate": 0.0, "multiplePunctRate": 0.0, "partsDensityRate": 3.3157894736842106, "contentfulness": 5.25, "phraseRate": 0.0, "pastTenseNum": 7, "presentTenseNum": 6, "condNum": 0, "impNum": 1, "freqNum": 0, "causNum": 0, "modalNum": 1, "sg1VerbNum": 14, "sg2VerbNum": 14, "sg3VerbNum": 14, "pl1VerbNum": 14, "pl2VerbNum": 14, "pl3VerbNum": 14, "superlatNum": 0, "comparatNum": 0, "specDerivSuffixNum": 0, "pluralNounNum": 1, "pastTenseRate": 0.5, "presentTenseRate": 0.42857142857142855, "condRate": 0.0, "impRate": 0.07142857142857142, "freqRate": 0.0, "causRate": 0.0, "modalRate": 0.07142857142857142, "sg1VerbRate": 1.0, "sg2VerbRate": 1.0, "sg3VerbRate": 1.0, "pl1VerbRate": 1.0, "pl2VerbRate": 1.0, "pl3VerbRate": 1.0, "superlatRate": 0.0, "comparatRate": 0.0, "specDerivSuffixRate": 0.0, "pluralNounRate": 0.045454545454545456, "subjNum": 12, "objNum": 4, "attNum": 8, "subordNum": 2, "adverbNum": 14, "coordNum": 7, "clauseNum": 19, "simpleNum": 7, "complexNum": 5, "complexity1Num": 3, "complexity2Num": 2, "complexity3Num": 0, "compoundNum": 0, "subjRate": 0.09022556390977443, "objRate": 0.03007518796992481, "attRate": 0.06015037593984962, "subordRate": 0.015037593984962405, "adverbRate": 0.10526315789473684, "coordRate": 0.05263157894736842, "partsRate": 2.3684210526315788, "clauseRate": 1.5833333333333333, "simpleRate": 0.5833333333333334, "complexRate": 0.4166666666666667, "complexity1Rate": 0.25, "complexity2Rate": 0.16666666666666666, "complexity3Rate": 0.0, "complexClauseRate": 2.4, "sentencesPerParagraph": 0.0, "wordsLengthRate": 4.901785714285714, "compoundRate": 0.0, "positiveNum": 0, "negativeNum": 0, "precoPositiveNum": 0, "precoNegativeNum": 0, "negemoNum": 0, "negationNum": 1, "functionNum": 70, "contentNum": 63, "vulgarNum": 0, "racistNum": 0, "specStyleNum": 0, "addressingNum": 0, "closingNum": 0, "postscriptNum": 0, "brutalNum": 0, "positiveRate": 0.0, "negativeRate": 0.0, "precoPositiveRate": 0.0, "precoNegativeRate": 0.0, "negemoRate": 0.0, "negationRate": 0.007518796992481203, "functionRate": 0.5263157894736842, "contentRate": 0.47368421052631576, "vulgarRate": 0.0, "racistRate": 0.0, "specStyleRate": 0.0, "addressingRate": 0.0, "closingRate": 0.0, "postscriptRate": 0.0, "brutalRate": 0.0, "epistemicNum": 0, "investNum": 0, "conditionNum": 0, "weaselNum": 0, "peacockNum": 0, "hedgeNum": 0, "doxasticNum": 0, "epistemicRate": 0.0, "investRate": 0.0, "conditionRate": 0.0, "weaselRate": 0.0, "peacockRate": 0.0, "hedgeRate": 0.0, "doxasticRate": 0.0, "loveNum": 0, "anxietyNum": 0, "sorrowNum": 0, "joyNum": 0, "disgustNum": 0, "fearNum": 0, "surpriseNum": 0, "angerNum": 0, "loveRate": 0.0, "anxietyRate": 0.0, "sorrowRate": 0.0, "joyRate": 0.0, "disgustRate": 0.0, "fearRate": 0.0, "surpriseRate": 0.0, "angerRate": 0.0, "slangBeGeneralNum": 0, "slangBeCigaretteNum": 0, "slangBeHumanNum": 0, "slangBeVehicleNum": 0, "slangBeDrugNum": 0, "slangBvNum": 0, "slangBeGeneralRate": 0.0, "slangBeCigaretteRate": 0.0, "slangBeHumanRate": 0.0, "slangBeVehicleRate": 0.0, "slangBeDrugRate": 0.0, "slangBvRate": 0.0, "speechactNum": 0, "quoteNum": 0, "dashNum": 0, "publicNum": 0, "privateNum": 0, "suasiveNum": 0, "discMarkerNum": 0, "smileyNum": 0, "dateNum": 0, "hesitationNum": 0, "restartNum": 0, "repeatNum": 0, "conjBeforeDiscNum": 0, "conjAfterDiscNum": 0, "wordBeforeHesitationNum": 0, "wordAfterHesitationNum": 0, "otherCollocationNum": 0, "speechactRate": 0.0, "quoteRate": 0.0, "dashRate": 0.0, "publicRate": 0.0, "privateRate": 0.0, "suasiveRate": 0.0, "discMarkerRate": 0.0, "smileyRate": 0.0, "dateRate": 0.0, "hesitationRate": 0.0, "restartRate": 0.0, "repeatRate": 0.0, "conjBeforeDiscRate": 0.0, "conjAfterDiscRate": 0.0, "wordBeforeHesitationRate": 0.0, "wordAfterHesitationRate": 0.0, "otherCollocationRate": 0.0, "easyWordNum": 125, "hardWordNum": 8, "easyWordRate": 0.9398496240601504, "hardWordRate": 0.06015037593984962, "fleschReadingEaseScore": 76.63654448621554, "gunningFogIndex": 4.457393483709274, "fleschKincaidGradeLevel": 5.3234774436090255, "colemanLiauIndex": 8.778300751879694, "smogIndex": 6.079149491110277, "automatedReadabilityIndex": 3.7661779448621537, "linsearWriteIndex": 3.3233082706766917, "author": "", "locationNameNum": 0, "locationNameRate": 0.0, "personNameNum": 0, "personNameRate": 0.0, "organizationNameNum": 0, "organizationNameRate": 0.0, "misspelledNum": 0, "misspelledRate": 0.0, "missingAccentNum": 0, "missingAccentRate": 0.0, "foreignAccentNum": 0, "foreignAccentRate": 0.0, "wordConcatNum": 0, "wordConcatRate": 0.0, "jLyMistakeNum": 0, "jLyMistakeRate": 0.0, "publicVNum": 0, "freqSuffixNum": 0, "partsNum": 45, "clauseWordNum": 19, "privateVNum": 0}