{"tokenNum": 83, "sentenceNum": 6, "lemmaNum": 62, "lemmaRate": 0.7469879518072289, "sentenceLength": 13.833333333333334, "allUpperNum": 0, "firstUpperNum": 13, "allUpperRate": 0.0, "firstUpperRate": 0.1566265060240964, "declarSentNum": 6, "imperSentNum": 0, "questionNum": 0, "declarSentRate": 1.0, "imperSentRate": 0.0, "questionRate": 0.0, "accent": false, "saturation": 6.2, "paragraphNum": 0, "nounNum": 21, "verbNum": 8, "adjNum": 6, "infNum": 0, "partPastNum": 1, "partPresNum": 0, "partFutNum": 0, "transNum": 0, "xNum": 4, "advNum": 9, "properNounNum": 9, "numNum": 1, "conjNum": 4, "punctNum": 16, "pronNum": 8, "relPronNum": 2, "demPronNum": 4, "adposNum": 2, "multiplePunctNum": 0, "phraseNum": 0, "nounRate": 0.25301204819277107, "verbRate": 0.0963855421686747, "adjRate": 0.07228915662650602, "infRate": 0.0, "partPastRate": 0.012048192771084338, "partPresRate": 0.0, "partFutRate": 0.0, "transRate": 0.0, "xRate": 0.04819277108433735, "advRate": 0.10843373493975904, "properNounRate": 0.10843373493975904, "numRate": 0.012048192771084338, "conjRate": 0.04819277108433735, "punctRate": 0.1927710843373494, "pronRate": 0.0963855421686747, "relPronRate": 0.024096385542168676, "demPronRate": 0.04819277108433735, "adposRate": 0.024096385542168676, "multiplePunctRate": 0.0, "partsDensityRate": 4.4, "contentfulness": 7.333333333333333, "phraseRate": 0.0, "pastTenseNum": 0, "presentTenseNum": 8, "condNum": 0, "impNum": 0, "freqNum": 0, "causNum": 0, "modalNum": 0, "sg1VerbNum": 8, "sg2VerbNum": 8, "sg3VerbNum": 8, "pl1VerbNum": 8, "pl2VerbNum": 8, "pl3VerbNum": 8, "superlatNum": 0, "comparatNum": 0, "specDerivSuffixNum": 0, "pluralNounNum": 2, "pastTenseRate": 0.0, "presentTenseRate": 1.0, "condRate": 0.0, "impRate": 0.0, "freqRate": 0.0, "causRate": 0.0, "modalRate": 0.0, "sg1VerbRate": 1.0, "sg2VerbRate": 1.0, "sg3VerbRate": 1.0, "pl1VerbRate": 1.0, "pl2VerbRate": 1.0, "pl3VerbRate": 1.0, "superlatRate": 0.0, "comparatRate": 0.0, "specDerivSuffixRate": 0.0, "pluralNounRate": 0.09523809523809523, "subjNum": 3, "objNum": 3, "attNum": 5, "subordNum": 4, "adverbNum": 14, "coordNum": 2, "clauseNum": 10, "simpleNum": 2, "complexNum": 4, "complexity1Num": 4, "complexity2Num": 0, "complexity3Num": 0, "compoundNum": 0, "subjRate": 0.03614457831325301, "objRate": 0.03614457831325301, "attRate": 0.060240963855421686, "subordRate": 0.04819277108433735, "adverbRate": 0.1686746987951807, "coordRate": 0.024096385542168676, "partsRate": 2.7, "clauseRate": 1.6666666666666667, "simpleRate": 0.3333333333333333, "complexRate": 0.6666666666666666, "complexity1Rate": 0.6666666666666666, "complexity2Rate": 0.0, "complexity3Rate": 0.0, "complexClauseRate": 2.0, "sentencesPerParagraph": 0.0, "wordsLengthRate": 5.3283582089552235, "compoundRate": 0.0, "positiveNum": 0, "negativeNum": 0, "precoPositiveNum": 0, "precoNegativeNum": 0, "negemoNum": 0, "negationNum": 1, "functionNum": 39, "contentNum": 44, "vulgarNum": 0, "racistNum": 0, "specStyleNum": 0, "addressingNum": 0, "closingNum": 0, "postscriptNum": 0, "brutalNum": 0, "positiveRate": 0.0, "negativeRate": 0.0, "precoPositiveRate": 0.0, "precoNegativeRate": 0.0, "negemoRate": 0.0, "negationRate": 0.012048192771084338, "functionRate": 0.46987951807228917, "contentRate": 0.5301204819277109, "vulgarRate": 0.0, "racistRate": 0.0, "specStyleRate": 0.0, "addressingRate": 0.0, "closingRate": 0.0, "postscriptRate": 0.0, "brutalRate": 0.0, "epistemicNum": 0, "investNum": 0, "conditionNum": 0, "weaselNum": 0, "peacockNum": 0, "hedgeNum": 0, "doxasticNum": 0, "epistemicRate": 0.0, "investRate": 0.0, "conditionRate": 0.0, "weaselRate": 0.0, "peacockRate": 0.0, "hedgeRate": 0.0, "doxasticRate": 0.0, "loveNum": 0, "anxietyNum": 0, "sorrowNum": 0, "joyNum": 0, "disgustNum": 0, "fearNum": 0, "surpriseNum": 0, "angerNum": 0, "loveRate": 0.0, "anxietyRate": 0.0, "sorrowRate": 0.0, "joyRate": 0.0, "disgustRate": 0.0, "fearRate": 0.0, "surpriseRate": 0.0, "angerRate": 0.0, "slangBeGeneralNum": 0, "slangBeCigaretteNum": 0, "slangBeHumanNum": 0, "slangBeVehicleNum": 0, "slangBeDrugNum": 0, "slangBvNum": 0, "slangBeGeneralRate": 0.0, "slangBeCigaretteRate": 0.0, "slangBeHumanRate": 0.0, "slangBeVehicleRate": 0.0, "slangBeDrugRate": 0.0, "slangBvRate": 0.0, "speechactNum": 0, "quoteNum": 0, "dashNum": 0, "publicNum": 0, "privateNum": 0, "suasiveNum": 0, "discMarkerNum": 0, "smileyNum": 0, "dateNum": 0, "hesitationNum": 0, "restartNum": 0, "repeatNum": 0, "conjBeforeDiscNum": 0, "conjAfterDiscNum": 0, "wordBeforeHesitationNum": 0, "wordAfterHesitationNum": 0, "otherCollocationNum": 0, "speechactRate": 0.0, "quoteRate": 0.0, "dashRate": 0.0, "publicRate": 0.0, "privateRate": 0.0, "suasiveRate": 0.0, "discMarkerRate": 0.0, "smileyRate": 0.0, "dateRate": 0.0, "hesitationRate": 0.0, "restartRate": 0.0, "repeatRate": 0.0, "conjBeforeDiscRate": 0.0, "conjAfterDiscRate": 0.0, "wordBeforeHesitationRate": 0.0, "wordAfterHesitationRate": 0.0, "otherCollocationRate": 0.0, "easyWordNum": 77, "hardWordNum": 6, "easyWordRate": 0.927710843373494, "hardWordRate": 0.07228915662650602, "fleschReadingEaseScore": 75.57729919678718, "gunningFogIndex": 5.562248995983936, "fleschKincaidGradeLevel": 6.1543975903614445, "colemanLiauIndex": 10.385445783132528, "smogIndex": 5.683917801722854, "automatedReadabilityIndex": 6.426305220883535, "linsearWriteIndex": 6.583333333333333, "author": "", "locationNameNum": 1, "locationNameRate": 0.012048192771084338, "personNameNum": 4, "personNameRate": 0.04819277108433735, "organizationNameNum": 0, "organizationNameRate": 0.0, "misspelledNum": 17, "misspelledRate": 0.20481927710843373, "missingAccentNum": 16, "missingAccentRate": 0.1927710843373494, "foreignAccentNum": 0, "foreignAccentRate": 0.0, "wordConcatNum": 0, "wordConcatRate": 0.0, "jLyMistakeNum": 0, "jLyMistakeRate": 0.0, "publicVNum": 0, "freqSuffixNum": 0, "partsNum": 27, "clauseWordNum": 10, "privateVNum": 0}