{"tokenNum": 74, "sentenceNum": 4, "lemmaNum": 54, "lemmaRate": 0.7297297297297297, "sentenceLength": 18.5, "allUpperNum": 0, "firstUpperNum": 4, "allUpperRate": 0.0, "firstUpperRate": 0.05405405405405406, "declarSentNum": 4, "imperSentNum": 0, "questionNum": 0, "declarSentRate": 1.0, "imperSentRate": 0.0, "questionRate": 0.0, "accent": true, "saturation": 7.714285714285714, "paragraphNum": 0, "nounNum": 17, "verbNum": 10, "adjNum": 5, "infNum": 3, "partPastNum": 0, "partPresNum": 2, "partFutNum": 0, "transNum": 0, "xNum": 3, "advNum": 11, "properNounNum": 0, "numNum": 0, "conjNum": 2, "punctNum": 18, "pronNum": 2, "relPronNum": 0, "demPronNum": 3, "adposNum": 1, "multiplePunctNum": 2, "phraseNum": 0, "nounRate": 0.22972972972972974, "verbRate": 0.13513513513513514, "adjRate": 0.06756756756756757, "infRate": 0.04054054054054054, "partPastRate": 0.0, "partPresRate": 0.02702702702702703, "partFutRate": 0.0, "transRate": 0.0, "xRate": 0.04054054054054054, "advRate": 0.14864864864864866, "properNounRate": 0.0, "numRate": 0.0, "conjRate": 0.02702702702702703, "punctRate": 0.24324324324324326, "pronRate": 0.02702702702702703, "relPronRate": 0.0, "demPronRate": 0.04054054054054054, "adposRate": 0.013513513513513514, "multiplePunctRate": 0.1111111111111111, "partsDensityRate": 6.142857142857143, "contentfulness": 10.75, "phraseRate": 0.0, "pastTenseNum": 1, "presentTenseNum": 6, "condNum": 5, "impNum": 1, "freqNum": 0, "causNum": 0, "modalNum": 1, "sg1VerbNum": 10, "sg2VerbNum": 10, "sg3VerbNum": 10, "pl1VerbNum": 10, "pl2VerbNum": 10, "pl3VerbNum": 10, "superlatNum": 0, "comparatNum": 0, "specDerivSuffixNum": 0, "pluralNounNum": 1, "pastTenseRate": 0.1, "presentTenseRate": 0.6, "condRate": 0.5, "impRate": 0.1, "freqRate": 0.0, "causRate": 0.0, "modalRate": 0.1, "sg1VerbRate": 1.0, "sg2VerbRate": 1.0, "sg3VerbRate": 1.0, "pl1VerbRate": 1.0, "pl2VerbRate": 1.0, "pl3VerbRate": 1.0, "superlatRate": 0.0, "comparatRate": 0.0, "specDerivSuffixRate": 0.0, "pluralNounRate": 0.058823529411764705, "subjNum": 4, "objNum": 3, "attNum": 2, "subordNum": 1, "adverbNum": 14, "coordNum": 7, "clauseNum": 7, "simpleNum": 2, "complexNum": 2, "complexity1Num": 1, "complexity2Num": 1, "complexity3Num": 0, "compoundNum": 0, "subjRate": 0.05405405405405406, "objRate": 0.04054054054054054, "attRate": 0.02702702702702703, "subordRate": 0.013513513513513514, "adverbRate": 0.1891891891891892, "coordRate": 0.0945945945945946, "partsRate": 4.285714285714286, "clauseRate": 1.75, "simpleRate": 0.5, "complexRate": 0.5, "complexity1Rate": 0.25, "complexity2Rate": 0.25, "complexity3Rate": 0.0, "complexClauseRate": 2.5, "sentencesPerParagraph": 0.0, "wordsLengthRate": 6.642857142857143, "compoundRate": 0.0, "positiveNum": 0, "negativeNum": 0, "precoPositiveNum": 0, "precoNegativeNum": 0, "negemoNum": 0, "negationNum": 1, "functionNum": 31, "contentNum": 43, "vulgarNum": 0, "racistNum": 0, "specStyleNum": 0, "addressingNum": 0, "closingNum": 0, "postscriptNum": 0, "brutalNum": 0, "positiveRate": 0.0, "negativeRate": 0.0, "precoPositiveRate": 0.0, "precoNegativeRate": 0.0, "negemoRate": 0.0, "negationRate": 0.013513513513513514, "functionRate": 0.4189189189189189, "contentRate": 0.581081081081081, "vulgarRate": 0.0, "racistRate": 0.0, "specStyleRate": 0.0, "addressingRate": 0.0, "closingRate": 0.0, "postscriptRate": 0.0, "brutalRate": 0.0, "epistemicNum": 0, "investNum": 0, "conditionNum": 0, "weaselNum": 0, "peacockNum": 0, "hedgeNum": 0, "doxasticNum": 0, "epistemicRate": 0.0, "investRate": 0.0, "conditionRate": 0.0, "weaselRate": 0.0, "peacockRate": 0.0, "hedgeRate": 0.0, "doxasticRate": 0.0, "loveNum": 0, "anxietyNum": 0, "sorrowNum": 0, "joyNum": 0, "disgustNum": 0, "fearNum": 0, "surpriseNum": 0, "angerNum": 0, "loveRate": 0.0, "anxietyRate": 0.0, "sorrowRate": 0.0, "joyRate": 0.0, "disgustRate": 0.0, "fearRate": 0.0, "surpriseRate": 0.0, "angerRate": 0.0, "slangBeGeneralNum": 0, "slangBeCigaretteNum": 0, "slangBeHumanNum": 0, "slangBeVehicleNum": 0, "slangBeDrugNum": 0, "slangBvNum": 0, "slangBeGeneralRate": 0.0, "slangBeCigaretteRate": 0.0, "slangBeHumanRate": 0.0, "slangBeVehicleRate": 0.0, "slangBeDrugRate": 0.0, "slangBvRate": 0.0, "speechactNum": 0, "quoteNum": 0, "dashNum": 0, "publicNum": 0, "privateNum": 0, "suasiveNum": 0, "discMarkerNum": 0, "smileyNum": 0, "dateNum": 0, "hesitationNum": 0, "restartNum": 0, "repeatNum": 0, "conjBeforeDiscNum": 0, "conjAfterDiscNum": 0, "wordBeforeHesitationNum": 0, "wordAfterHesitationNum": 0, "otherCollocationNum": 0, "speechactRate": 0.0, "quoteRate": 0.0, "dashRate": 0.0, "publicRate": 0.0, "privateRate": 0.0, "suasiveRate": 0.0, "discMarkerRate": 0.0, "smileyRate": 0.0, "dateRate": 0.0, "hesitationRate": 0.0, "restartRate": 0.0, "repeatRate": 0.0, "conjBeforeDiscRate": 0.0, "conjAfterDiscRate": 0.0, "wordBeforeHesitationRate": 0.0, "wordAfterHesitationRate": 0.0, "otherCollocationRate": 0.0, "easyWordNum": 65, "hardWordNum": 9, "easyWordRate": 0.8783783783783784, "hardWordRate": 0.12162162162162163, "fleschReadingEaseScore": 53.15479729729731, "gunningFogIndex": 7.443243243243244, "fleschKincaidGradeLevel": 10.441216216216215, "colemanLiauIndex": 15.241729729729727, "smogIndex": 6.2581, "automatedReadabilityIndex": 12.642972972972977, "linsearWriteIndex": 11.125, "author": "", "locationNameNum": 0, "locationNameRate": 0.0, "personNameNum": 0, "personNameRate": 0.0, "organizationNameNum": 0, "organizationNameRate": 0.0, "misspelledNum": 1, "misspelledRate": 0.013513513513513514, "missingAccentNum": 0, "missingAccentRate": 0.0, "foreignAccentNum": 0, "foreignAccentRate": 0.0, "wordConcatNum": 0, "wordConcatRate": 0.0, "jLyMistakeNum": 0, "jLyMistakeRate": 0.0, "publicVNum": 0, "freqSuffixNum": 0, "partsNum": 30, "clauseWordNum": 7, "privateVNum": 0}