{"tokenNum": 109, "sentenceNum": 7, "lemmaNum": 68, "lemmaRate": 0.6238532110091743, "sentenceLength": 15.571428571428571, "allUpperNum": 0, "firstUpperNum": 6, "allUpperRate": 0.0, "firstUpperRate": 0.05504587155963303, "declarSentNum": 7, "imperSentNum": 0, "questionNum": 0, "declarSentRate": 1.0, "imperSentRate": 0.0, "questionRate": 0.0, "accent": true, "saturation": 4.25, "paragraphNum": 0, "nounNum": 20, "verbNum": 13, "adjNum": 10, "infNum": 3, "partPastNum": 0, "partPresNum": 0, "partFutNum": 0, "transNum": 1, "xNum": 5, "advNum": 13, "properNounNum": 4, "numNum": 1, "conjNum": 8, "punctNum": 27, "pronNum": 7, "relPronNum": 1, "demPronNum": 6, "adposNum": 1, "multiplePunctNum": 2, "phraseNum": 0, "nounRate": 0.1834862385321101, "verbRate": 0.11926605504587157, "adjRate": 0.09174311926605505, "infRate": 0.027522935779816515, "partPastRate": 0.0, "partPresRate": 0.0, "partFutRate": 0.0, "transRate": 0.009174311926605505, "xRate": 0.045871559633027525, "advRate": 0.11926605504587157, "properNounRate": 0.03669724770642202, "numRate": 0.009174311926605505, "conjRate": 0.07339449541284404, "punctRate": 0.24770642201834864, "pronRate": 0.06422018348623854, "relPronRate": 0.009174311926605505, "demPronRate": 0.05504587155963303, "adposRate": 0.009174311926605505, "multiplePunctRate": 0.07407407407407407, "partsDensityRate": 3.5, "contentfulness": 8.0, "phraseRate": 0.0, "pastTenseNum": 1, "presentTenseNum": 9, "condNum": 2, "impNum": 1, "freqNum": 0, "causNum": 0, "modalNum": 0, "sg1VerbNum": 13, "sg2VerbNum": 13, "sg3VerbNum": 13, "pl1VerbNum": 13, "pl2VerbNum": 13, "pl3VerbNum": 13, "superlatNum": 0, "comparatNum": 0, "specDerivSuffixNum": 0, "pluralNounNum": 2, "pastTenseRate": 0.07692307692307693, "presentTenseRate": 0.6923076923076923, "condRate": 0.15384615384615385, "impRate": 0.07692307692307693, "freqRate": 0.0, "causRate": 0.0, "modalRate": 0.0, "sg1VerbRate": 1.0, "sg2VerbRate": 1.0, "sg3VerbRate": 1.0, "pl1VerbRate": 1.0, "pl2VerbRate": 1.0, "pl3VerbRate": 1.0, "superlatRate": 0.0, "comparatRate": 0.0, "specDerivSuffixRate": 0.0, "pluralNounRate": 0.1, "subjNum": 3, "objNum": 3, "attNum": 5, "subordNum": 4, "adverbNum": 16, "coordNum": 6, "clauseNum": 16, "simpleNum": 3, "complexNum": 4, "complexity1Num": 1, "complexity2Num": 1, "complexity3Num": 2, "compoundNum": 0, "subjRate": 0.027522935779816515, "objRate": 0.027522935779816515, "attRate": 0.045871559633027525, "subordRate": 0.03669724770642202, "adverbRate": 0.14678899082568808, "coordRate": 0.05504587155963303, "partsRate": 2.0625, "clauseRate": 2.2857142857142856, "simpleRate": 0.42857142857142855, "complexRate": 0.5714285714285714, "complexity1Rate": 0.14285714285714285, "complexity2Rate": 0.14285714285714285, "complexity3Rate": 0.2857142857142857, "complexClauseRate": 3.25, "sentencesPerParagraph": 0.0, "wordsLengthRate": 4.7317073170731705, "compoundRate": 0.0, "positiveNum": 0, "negativeNum": 0, "precoPositiveNum": 0, "precoNegativeNum": 0, "negemoNum": 0, "negationNum": 4, "functionNum": 53, "contentNum": 56, "vulgarNum": 0, "racistNum": 0, "specStyleNum": 0, "addressingNum": 0, "closingNum": 0, "postscriptNum": 0, "brutalNum": 0, "positiveRate": 0.0, "negativeRate": 0.0, "precoPositiveRate": 0.0, "precoNegativeRate": 0.0, "negemoRate": 0.0, "negationRate": 0.03669724770642202, "functionRate": 0.48623853211009177, "contentRate": 0.5137614678899083, "vulgarRate": 0.0, "racistRate": 0.0, "specStyleRate": 0.0, "addressingRate": 0.0, "closingRate": 0.0, "postscriptRate": 0.0, "brutalRate": 0.0, "epistemicNum": 0, "investNum": 0, "conditionNum": 0, "weaselNum": 0, "peacockNum": 0, "hedgeNum": 0, "doxasticNum": 0, "epistemicRate": 0.0, "investRate": 0.0, "conditionRate": 0.0, "weaselRate": 0.0, "peacockRate": 0.0, "hedgeRate": 0.0, "doxasticRate": 0.0, "loveNum": 0, "anxietyNum": 0, "sorrowNum": 0, "joyNum": 0, "disgustNum": 0, "fearNum": 0, "surpriseNum": 0, "angerNum": 0, "loveRate": 0.0, "anxietyRate": 0.0, "sorrowRate": 0.0, "joyRate": 0.0, "disgustRate": 0.0, "fearRate": 0.0, "surpriseRate": 0.0, "angerRate": 0.0, "slangBeGeneralNum": 0, "slangBeCigaretteNum": 0, "slangBeHumanNum": 0, "slangBeVehicleNum": 0, "slangBeDrugNum": 0, "slangBvNum": 0, "slangBeGeneralRate": 0.0, "slangBeCigaretteRate": 0.0, "slangBeHumanRate": 0.0, "slangBeVehicleRate": 0.0, "slangBeDrugRate": 0.0, "slangBvRate": 0.0, "speechactNum": 0, "quoteNum": 0, "dashNum": 0, "publicNum": 0, "privateNum": 0, "suasiveNum": 0, "discMarkerNum": 0, "smileyNum": 0, "dateNum": 0, "hesitationNum": 0, "restartNum": 0, "repeatNum": 1, "conjBeforeDiscNum": 0, "conjAfterDiscNum": 0, "wordBeforeHesitationNum": 0, "wordAfterHesitationNum": 0, "otherCollocationNum": 0, "speechactRate": 0.0, "quoteRate": 0.0, "dashRate": 0.0, "publicRate": 0.0, "privateRate": 0.0, "suasiveRate": 0.0, "discMarkerRate": 0.0, "smileyRate": 0.0, "dateRate": 0.0, "hesitationRate": 0.0, "restartRate": 0.0, "repeatRate": 0.009174311926605505, "conjBeforeDiscRate": 0.0, "conjAfterDiscRate": 0.0, "wordBeforeHesitationRate": 0.0, "wordAfterHesitationRate": 0.0, "otherCollocationRate": 0.0, "easyWordNum": 104, "hardWordNum": 5, "easyWordRate": 0.9541284403669725, "hardWordRate": 0.045871559633027525, "fleschReadingEaseScore": 97.1162385321101, "gunningFogIndex": 6.24692005242464, "fleschKincaidGradeLevel": 3.581939711664482, "colemanLiauIndex": 7.4896238532110075, "smogIndex": 5.46131890053228, "automatedReadabilityIndex": 4.979659239842725, "linsearWriteIndex": 6.536041939711665, "author": "", "locationNameNum": 0, "locationNameRate": 0.0, "personNameNum": 1, "personNameRate": 0.009174311926605505, "organizationNameNum": 0, "organizationNameRate": 0.0, "misspelledNum": 4, "misspelledRate": 0.03669724770642202, "missingAccentNum": 0, "missingAccentRate": 0.0, "foreignAccentNum": 0, "foreignAccentRate": 0.0, "wordConcatNum": 0, "wordConcatRate": 0.0, "jLyMistakeNum": 0, "jLyMistakeRate": 0.0, "publicVNum": 0, "freqSuffixNum": 0, "partsNum": 33, "clauseWordNum": 16, "privateVNum": 0}