{"tokenNum": 161, "sentenceNum": 8, "lemmaNum": 99, "lemmaRate": 0.6149068322981367, "sentenceLength": 20.125, "allUpperNum": 0, "firstUpperNum": 10, "allUpperRate": 0.0, "firstUpperRate": 0.062111801242236024, "declarSentNum": 7, "imperSentNum": 0, "questionNum": 1, "declarSentRate": 0.875, "imperSentRate": 0.0, "questionRate": 0.125, "accent": true, "saturation": 5.5, "paragraphNum": 0, "nounNum": 29, "verbNum": 22, "adjNum": 14, "infNum": 3, "partPastNum": 1, "partPresNum": 0, "partFutNum": 0, "transNum": 0, "xNum": 7, "advNum": 17, "properNounNum": 2, "numNum": 3, "conjNum": 13, "punctNum": 24, "pronNum": 13, "relPronNum": 3, "demPronNum": 7, "adposNum": 3, "multiplePunctNum": 3, "phraseNum": 0, "nounRate": 0.18012422360248448, "verbRate": 0.13664596273291926, "adjRate": 0.08695652173913043, "infRate": 0.018633540372670808, "partPastRate": 0.006211180124223602, "partPresRate": 0.0, "partFutRate": 0.0, "transRate": 0.0, "xRate": 0.043478260869565216, "advRate": 0.10559006211180125, "properNounRate": 0.012422360248447204, "numRate": 0.018633540372670808, "conjRate": 0.08074534161490683, "punctRate": 0.14906832298136646, "pronRate": 0.08074534161490683, "relPronRate": 0.018633540372670808, "demPronRate": 0.043478260869565216, "adposRate": 0.018633540372670808, "multiplePunctRate": 0.125, "partsDensityRate": 4.555555555555555, "contentfulness": 10.25, "phraseRate": 0.0, "pastTenseNum": 4, "presentTenseNum": 15, "condNum": 0, "impNum": 1, "freqNum": 0, "causNum": 0, "modalNum": 3, "sg1VerbNum": 22, "sg2VerbNum": 22, "sg3VerbNum": 22, "pl1VerbNum": 22, "pl2VerbNum": 22, "pl3VerbNum": 22, "superlatNum": 0, "comparatNum": 0, "specDerivSuffixNum": 0, "pluralNounNum": 4, "pastTenseRate": 0.18181818181818182, "presentTenseRate": 0.6818181818181818, "condRate": 0.0, "impRate": 0.045454545454545456, "freqRate": 0.0, "causRate": 0.0, "modalRate": 0.13636363636363635, "sg1VerbRate": 1.0, "sg2VerbRate": 1.0, "sg3VerbRate": 1.0, "pl1VerbRate": 1.0, "pl2VerbRate": 1.0, "pl3VerbRate": 1.0, "superlatRate": 0.0, "comparatRate": 0.0, "specDerivSuffixRate": 0.0, "pluralNounRate": 0.13793103448275862, "subjNum": 11, "objNum": 9, "attNum": 10, "subordNum": 8, "adverbNum": 25, "coordNum": 7, "clauseNum": 18, "simpleNum": 4, "complexNum": 4, "complexity1Num": 0, "complexity2Num": 2, "complexity3Num": 2, "compoundNum": 0, "subjRate": 0.06832298136645963, "objRate": 0.055900621118012424, "attRate": 0.062111801242236024, "subordRate": 0.049689440993788817, "adverbRate": 0.15527950310559005, "coordRate": 0.043478260869565216, "partsRate": 3.4444444444444446, "clauseRate": 2.25, "simpleRate": 0.5, "complexRate": 0.5, "complexity1Rate": 0.0, "complexity2Rate": 0.25, "complexity3Rate": 0.25, "complexClauseRate": 3.5, "sentencesPerParagraph": 0.0, "wordsLengthRate": 5.335766423357664, "compoundRate": 0.0, "positiveNum": 0, "negativeNum": 0, "precoPositiveNum": 0, "precoNegativeNum": 0, "negemoNum": 0, "negationNum": 8, "functionNum": 79, "contentNum": 82, "vulgarNum": 0, "racistNum": 0, "specStyleNum": 0, "addressingNum": 0, "closingNum": 0, "postscriptNum": 0, "brutalNum": 0, "positiveRate": 0.0, "negativeRate": 0.0, "precoPositiveRate": 0.0, "precoNegativeRate": 0.0, "negemoRate": 0.0, "negationRate": 0.049689440993788817, "functionRate": 0.4906832298136646, "contentRate": 0.5093167701863354, "vulgarRate": 0.0, "racistRate": 0.0, "specStyleRate": 0.0, "addressingRate": 0.0, "closingRate": 0.0, "postscriptRate": 0.0, "brutalRate": 0.0, "epistemicNum": 0, "investNum": 0, "conditionNum": 0, "weaselNum": 0, "peacockNum": 0, "hedgeNum": 0, "doxasticNum": 0, "epistemicRate": 0.0, "investRate": 0.0, "conditionRate": 0.0, "weaselRate": 0.0, "peacockRate": 0.0, "hedgeRate": 0.0, "doxasticRate": 0.0, "loveNum": 0, "anxietyNum": 0, "sorrowNum": 0, "joyNum": 0, "disgustNum": 0, "fearNum": 0, "surpriseNum": 0, "angerNum": 0, "loveRate": 0.0, "anxietyRate": 0.0, "sorrowRate": 0.0, "joyRate": 0.0, "disgustRate": 0.0, "fearRate": 0.0, "surpriseRate": 0.0, "angerRate": 0.0, "slangBeGeneralNum": 0, "slangBeCigaretteNum": 0, "slangBeHumanNum": 0, "slangBeVehicleNum": 0, "slangBeDrugNum": 0, "slangBvNum": 0, "slangBeGeneralRate": 0.0, "slangBeCigaretteRate": 0.0, "slangBeHumanRate": 0.0, "slangBeVehicleRate": 0.0, "slangBeDrugRate": 0.0, "slangBvRate": 0.0, "speechactNum": 0, "quoteNum": 0, "dashNum": 0, "publicNum": 0, "privateNum": 0, "suasiveNum": 0, "discMarkerNum": 0, "smileyNum": 1, "dateNum": 0, "hesitationNum": 0, "restartNum": 0, "repeatNum": 0, "conjBeforeDiscNum": 0, "conjAfterDiscNum": 0, "wordBeforeHesitationNum": 0, "wordAfterHesitationNum": 0, "otherCollocationNum": 0, "speechactRate": 0.0, "quoteRate": 0.0, "dashRate": 0.0, "publicRate": 0.0, "privateRate": 0.0, "suasiveRate": 0.0, "discMarkerRate": 0.0, "smileyRate": 0.006211180124223602, "dateRate": 0.0, "hesitationRate": 0.0, "restartRate": 0.0, "repeatRate": 0.0, "conjBeforeDiscRate": 0.0, "conjAfterDiscRate": 0.0, "wordBeforeHesitationRate": 0.0, "wordAfterHesitationRate": 0.0, "otherCollocationRate": 0.0, "easyWordNum": 148, "hardWordNum": 13, "easyWordRate": 0.9192546583850931, "hardWordRate": 0.08074534161490683, "fleschReadingEaseScore": 57.1435287267081, "gunningFogIndex": 8.082298136645964, "fleschKincaidGradeLevel": 10.288563664596275, "colemanLiauIndex": 12.003577639751551, "smogIndex": 6.88968998030894, "automatedReadabilityIndex": 10.866040372670803, "linsearWriteIndex": 5.987577639751552, "author": "", "locationNameNum": 0, "locationNameRate": 0.0, "personNameNum": 1, "personNameRate": 0.006211180124223602, "organizationNameNum": 0, "organizationNameRate": 0.0, "misspelledNum": 2, "misspelledRate": 0.012422360248447204, "missingAccentNum": 1, "missingAccentRate": 0.006211180124223602, "foreignAccentNum": 0, "foreignAccentRate": 0.0, "wordConcatNum": 1, "wordConcatRate": 0.006211180124223602, "jLyMistakeNum": 0, "jLyMistakeRate": 0.0, "publicVNum": 0, "freqSuffixNum": 0, "partsNum": 62, "clauseWordNum": 18, "privateVNum": 0}