{"tokenNum": 159, "sentenceNum": 14, "lemmaNum": 99, "lemmaRate": 0.6226415094339622, "sentenceLength": 11.357142857142858, "allUpperNum": 0, "firstUpperNum": 21, "allUpperRate": 0.0, "firstUpperRate": 0.1320754716981132, "declarSentNum": 14, "imperSentNum": 0, "questionNum": 0, "declarSentRate": 1.0, "imperSentRate": 0.0, "questionRate": 0.0, "accent": true, "saturation": 3.8076923076923075, "paragraphNum": 0, "nounNum": 42, "verbNum": 9, "adjNum": 8, "infNum": 1, "partPastNum": 0, "partPresNum": 1, "partFutNum": 0, "transNum": 0, "xNum": 12, "advNum": 16, "properNounNum": 11, "numNum": 0, "conjNum": 5, "punctNum": 35, "pronNum": 5, "relPronNum": 2, "demPronNum": 3, "adposNum": 4, "multiplePunctNum": 1, "phraseNum": 0, "nounRate": 0.2641509433962264, "verbRate": 0.05660377358490566, "adjRate": 0.050314465408805034, "infRate": 0.006289308176100629, "partPastRate": 0.0, "partPresRate": 0.006289308176100629, "partFutRate": 0.0, "transRate": 0.0, "xRate": 0.07547169811320754, "advRate": 0.10062893081761007, "properNounRate": 0.06918238993710692, "numRate": 0.0, "conjRate": 0.031446540880503145, "punctRate": 0.22012578616352202, "pronRate": 0.031446540880503145, "relPronRate": 0.012578616352201259, "demPronRate": 0.018867924528301886, "adposRate": 0.025157232704402517, "multiplePunctRate": 0.02857142857142857, "partsDensityRate": 2.8846153846153846, "contentfulness": 5.357142857142857, "phraseRate": 0.0, "pastTenseNum": 0, "presentTenseNum": 8, "condNum": 0, "impNum": 1, "freqNum": 0, "causNum": 0, "modalNum": 0, "sg1VerbNum": 9, "sg2VerbNum": 9, "sg3VerbNum": 9, "pl1VerbNum": 9, "pl2VerbNum": 9, "pl3VerbNum": 9, "superlatNum": 1, "comparatNum": 0, "specDerivSuffixNum": 0, "pluralNounNum": 2, "pastTenseRate": 0.0, "presentTenseRate": 0.8888888888888888, "condRate": 0.0, "impRate": 0.1111111111111111, "freqRate": 0.0, "causRate": 0.0, "modalRate": 0.0, "sg1VerbRate": 1.0, "sg2VerbRate": 1.0, "sg3VerbRate": 1.0, "pl1VerbRate": 1.0, "pl2VerbRate": 1.0, "pl3VerbRate": 1.0, "superlatRate": 0.125, "comparatRate": 0.0, "specDerivSuffixRate": 0.0, "pluralNounRate": 0.047619047619047616, "subjNum": 5, "objNum": 4, "attNum": 6, "subordNum": 4, "adverbNum": 18, "coordNum": 10, "clauseNum": 26, "simpleNum": 7, "complexNum": 7, "complexity1Num": 3, "complexity2Num": 3, "complexity3Num": 1, "compoundNum": 0, "subjRate": 0.031446540880503145, "objRate": 0.025157232704402517, "attRate": 0.03773584905660377, "subordRate": 0.025157232704402517, "adverbRate": 0.11320754716981132, "coordRate": 0.06289308176100629, "partsRate": 1.6538461538461537, "clauseRate": 1.8571428571428572, "simpleRate": 0.5, "complexRate": 0.5, "complexity1Rate": 0.21428571428571427, "complexity2Rate": 0.21428571428571427, "complexity3Rate": 0.07142857142857142, "complexClauseRate": 2.7142857142857144, "sentencesPerParagraph": 0.0, "wordsLengthRate": 4.903225806451613, "compoundRate": 0.0, "positiveNum": 0, "negativeNum": 0, "precoPositiveNum": 0, "precoNegativeNum": 0, "negemoNum": 0, "negationNum": 1, "functionNum": 84, "contentNum": 75, "vulgarNum": 0, "racistNum": 0, "specStyleNum": 0, "addressingNum": 0, "closingNum": 0, "postscriptNum": 0, "brutalNum": 0, "positiveRate": 0.0, "negativeRate": 0.0, "precoPositiveRate": 0.0, "precoNegativeRate": 0.0, "negemoRate": 0.0, "negationRate": 0.006289308176100629, "functionRate": 0.5283018867924528, "contentRate": 0.4716981132075472, "vulgarRate": 0.0, "racistRate": 0.0, "specStyleRate": 0.0, "addressingRate": 0.0, "closingRate": 0.0, "postscriptRate": 0.0, "brutalRate": 0.0, "epistemicNum": 0, "investNum": 0, "conditionNum": 0, "weaselNum": 0, "peacockNum": 0, "hedgeNum": 0, "doxasticNum": 0, "epistemicRate": 0.0, "investRate": 0.0, "conditionRate": 0.0, "weaselRate": 0.0, "peacockRate": 0.0, "hedgeRate": 0.0, "doxasticRate": 0.0, "loveNum": 0, "anxietyNum": 0, "sorrowNum": 0, "joyNum": 0, "disgustNum": 0, "fearNum": 0, "surpriseNum": 0, "angerNum": 0, "loveRate": 0.0, "anxietyRate": 0.0, "sorrowRate": 0.0, "joyRate": 0.0, "disgustRate": 0.0, "fearRate": 0.0, "surpriseRate": 0.0, "angerRate": 0.0, "slangBeGeneralNum": 0, "slangBeCigaretteNum": 0, "slangBeHumanNum": 0, "slangBeVehicleNum": 0, "slangBeDrugNum": 0, "slangBvNum": 0, "slangBeGeneralRate": 0.0, "slangBeCigaretteRate": 0.0, "slangBeHumanRate": 0.0, "slangBeVehicleRate": 0.0, "slangBeDrugRate": 0.0, "slangBvRate": 0.0, "speechactNum": 0, "quoteNum": 0, "dashNum": 0, "publicNum": 0, "privateNum": 0, "suasiveNum": 0, "discMarkerNum": 0, "smileyNum": 1, "dateNum": 0, "hesitationNum": 0, "restartNum": 0, "repeatNum": 0, "conjBeforeDiscNum": 0, "conjAfterDiscNum": 0, "wordBeforeHesitationNum": 0, "wordAfterHesitationNum": 0, "otherCollocationNum": 0, "speechactRate": 0.0, "quoteRate": 0.0, "dashRate": 0.0, "publicRate": 0.0, "privateRate": 0.0, "suasiveRate": 0.0, "discMarkerRate": 0.0, "smileyRate": 0.006289308176100629, "dateRate": 0.0, "hesitationRate": 0.0, "restartRate": 0.0, "repeatRate": 0.0, "conjBeforeDiscRate": 0.0, "conjAfterDiscRate": 0.0, "wordBeforeHesitationRate": 0.0, "wordAfterHesitationRate": 0.0, "otherCollocationRate": 0.0, "easyWordNum": 153, "hardWordNum": 6, "easyWordRate": 0.9622641509433962, "hardWordRate": 0.03773584905660377, "fleschReadingEaseScore": 86.76410377358492, "gunningFogIndex": 4.557951482479785, "fleschKincaidGradeLevel": 3.9789083557951486, "colemanLiauIndex": 7.574515723270434, "smogIndex": 5.683917801722854, "automatedReadabilityIndex": 2.940458221024258, "linsearWriteIndex": 2.5714285714285716, "author": "", "locationNameNum": 7, "locationNameRate": 0.0440251572327044, "personNameNum": 0, "personNameRate": 0.0, "organizationNameNum": 0, "organizationNameRate": 0.0, "misspelledNum": 4, "misspelledRate": 0.025157232704402517, "missingAccentNum": 0, "missingAccentRate": 0.0, "foreignAccentNum": 0, "foreignAccentRate": 0.0, "wordConcatNum": 1, "wordConcatRate": 0.006289308176100629, "jLyMistakeNum": 0, "jLyMistakeRate": 0.0, "publicVNum": 0, "freqSuffixNum": 0, "partsNum": 43, "clauseWordNum": 26, "privateVNum": 0}