{"tokenNum": 89, "sentenceNum": 4, "lemmaNum": 64, "lemmaRate": 0.7191011235955056, "sentenceLength": 22.25, "allUpperNum": 0, "firstUpperNum": 12, "allUpperRate": 0.0, "firstUpperRate": 0.1348314606741573, "declarSentNum": 3, "imperSentNum": 0, "questionNum": 1, "declarSentRate": 0.75, "imperSentRate": 0.0, "questionRate": 0.25, "accent": true, "saturation": 4.923076923076923, "paragraphNum": 0, "nounNum": 22, "verbNum": 12, "adjNum": 6, "infNum": 0, "partPastNum": 1, "partPresNum": 0, "partFutNum": 0, "transNum": 0, "xNum": 3, "advNum": 3, "properNounNum": 7, "numNum": 1, "conjNum": 11, "punctNum": 15, "pronNum": 8, "relPronNum": 0, "demPronNum": 1, "adposNum": 1, "multiplePunctNum": 0, "phraseNum": 0, "nounRate": 0.24719101123595505, "verbRate": 0.1348314606741573, "adjRate": 0.06741573033707865, "infRate": 0.0, "partPastRate": 0.011235955056179775, "partPresRate": 0.0, "partFutRate": 0.0, "transRate": 0.0, "xRate": 0.033707865168539325, "advRate": 0.033707865168539325, "properNounRate": 0.07865168539325842, "numRate": 0.011235955056179775, "conjRate": 0.12359550561797752, "punctRate": 0.16853932584269662, "pronRate": 0.0898876404494382, "relPronRate": 0.0, "demPronRate": 0.011235955056179775, "adposRate": 0.011235955056179775, "multiplePunctRate": 0.0, "partsDensityRate": 3.3076923076923075, "contentfulness": 10.75, "phraseRate": 0.0, "pastTenseNum": 6, "presentTenseNum": 6, "condNum": 3, "impNum": 1, "freqNum": 0, "causNum": 0, "modalNum": 2, "sg1VerbNum": 12, "sg2VerbNum": 12, "sg3VerbNum": 12, "pl1VerbNum": 12, "pl2VerbNum": 12, "pl3VerbNum": 12, "superlatNum": 0, "comparatNum": 0, "specDerivSuffixNum": 0, "pluralNounNum": 8, "pastTenseRate": 0.5, "presentTenseRate": 0.5, "condRate": 0.25, "impRate": 0.08333333333333333, "freqRate": 0.0, "causRate": 0.0, "modalRate": 0.16666666666666666, "sg1VerbRate": 1.0, "sg2VerbRate": 1.0, "sg3VerbRate": 1.0, "pl1VerbRate": 1.0, "pl2VerbRate": 1.0, "pl3VerbRate": 1.0, "superlatRate": 0.0, "comparatRate": 0.0, "specDerivSuffixRate": 0.0, "pluralNounRate": 0.36363636363636365, "subjNum": 8, "objNum": 5, "attNum": 4, "subordNum": 4, "adverbNum": 6, "coordNum": 8, "clauseNum": 13, "simpleNum": 0, "complexNum": 4, "complexity1Num": 2, "complexity2Num": 1, "complexity3Num": 0, "compoundNum": 0, "subjRate": 0.0898876404494382, "objRate": 0.056179775280898875, "attRate": 0.0449438202247191, "subordRate": 0.0449438202247191, "adverbRate": 0.06741573033707865, "coordRate": 0.0898876404494382, "partsRate": 2.3846153846153846, "clauseRate": 3.25, "simpleRate": 0.0, "complexRate": 1.0, "complexity1Rate": 0.5, "complexity2Rate": 0.25, "complexity3Rate": 0.0, "complexClauseRate": 3.25, "sentencesPerParagraph": 0.0, "wordsLengthRate": 5.283783783783784, "compoundRate": 0.0, "positiveNum": 0, "negativeNum": 0, "precoPositiveNum": 0, "precoNegativeNum": 0, "negemoNum": 0, "negationNum": 2, "functionNum": 46, "contentNum": 43, "vulgarNum": 0, "racistNum": 0, "specStyleNum": 0, "addressingNum": 0, "closingNum": 0, "postscriptNum": 0, "brutalNum": 0, "positiveRate": 0.0, "negativeRate": 0.0, "precoPositiveRate": 0.0, "precoNegativeRate": 0.0, "negemoRate": 0.0, "negationRate": 0.02247191011235955, "functionRate": 0.5168539325842697, "contentRate": 0.48314606741573035, "vulgarRate": 0.0, "racistRate": 0.0, "specStyleRate": 0.0, "addressingRate": 0.0, "closingRate": 0.0, "postscriptRate": 0.0, "brutalRate": 0.0, "epistemicNum": 0, "investNum": 0, "conditionNum": 0, "weaselNum": 0, "peacockNum": 0, "hedgeNum": 0, "doxasticNum": 0, "epistemicRate": 0.0, "investRate": 0.0, "conditionRate": 0.0, "weaselRate": 0.0, "peacockRate": 0.0, "hedgeRate": 0.0, "doxasticRate": 0.0, "loveNum": 0, "anxietyNum": 0, "sorrowNum": 0, "joyNum": 0, "disgustNum": 0, "fearNum": 0, "surpriseNum": 0, "angerNum": 0, "loveRate": 0.0, "anxietyRate": 0.0, "sorrowRate": 0.0, "joyRate": 0.0, "disgustRate": 0.0, "fearRate": 0.0, "surpriseRate": 0.0, "angerRate": 0.0, "slangBeGeneralNum": 0, "slangBeCigaretteNum": 0, "slangBeHumanNum": 0, "slangBeVehicleNum": 0, "slangBeDrugNum": 0, "slangBvNum": 0, "slangBeGeneralRate": 0.0, "slangBeCigaretteRate": 0.0, "slangBeHumanRate": 0.0, "slangBeVehicleRate": 0.0, "slangBeDrugRate": 0.0, "slangBvRate": 0.0, "speechactNum": 0, "quoteNum": 0, "dashNum": 0, "publicNum": 0, "privateNum": 0, "suasiveNum": 0, "discMarkerNum": 0, "smileyNum": 0, "dateNum": 0, "hesitationNum": 0, "restartNum": 0, "repeatNum": 0, "conjBeforeDiscNum": 0, "conjAfterDiscNum": 0, "wordBeforeHesitationNum": 0, "wordAfterHesitationNum": 0, "otherCollocationNum": 0, "speechactRate": 0.0, "quoteRate": 0.0, "dashRate": 0.0, "publicRate": 0.0, "privateRate": 0.0, "suasiveRate": 0.0, "discMarkerRate": 0.0, "smileyRate": 0.0, "dateRate": 0.0, "hesitationRate": 0.0, "restartRate": 0.0, "repeatRate": 0.0, "conjBeforeDiscRate": 0.0, "conjAfterDiscRate": 0.0, "wordBeforeHesitationRate": 0.0, "wordAfterHesitationRate": 0.0, "otherCollocationRate": 0.0, "easyWordNum": 83, "hardWordNum": 6, "easyWordRate": 0.9325842696629213, "hardWordRate": 0.06741573033707865, "fleschReadingEaseScore": 65.43102528089888, "gunningFogIndex": 8.926966292134832, "fleschKincaidGradeLevel": 9.660533707865174, "colemanLiauIndex": 10.870314606741573, "smogIndex": 5.683917801722854, "automatedReadabilityIndex": 11.022303370786517, "linsearWriteIndex": 12.25, "author": "", "locationNameNum": 0, "locationNameRate": 0.0, "personNameNum": 2, "personNameRate": 0.02247191011235955, "organizationNameNum": 3, "organizationNameRate": 0.033707865168539325, "misspelledNum": 4, "misspelledRate": 0.0449438202247191, "missingAccentNum": 0, "missingAccentRate": 0.0, "foreignAccentNum": 0, "foreignAccentRate": 0.0, "wordConcatNum": 0, "wordConcatRate": 0.0, "jLyMistakeNum": 0, "jLyMistakeRate": 0.0, "publicVNum": 0, "freqSuffixNum": 0, "partsNum": 31, "clauseWordNum": 13, "privateVNum": 0}