{"tokenNum": 101, "sentenceNum": 10, "lemmaNum": 68, "lemmaRate": 0.6732673267326733, "sentenceLength": 10.1, "allUpperNum": 1, "firstUpperNum": 9, "allUpperRate": 0.009900990099009901, "firstUpperRate": 0.0891089108910891, "declarSentNum": 8, "imperSentNum": 2, "questionNum": 0, "declarSentRate": 0.8, "imperSentRate": 0.2, "questionRate": 0.0, "accent": true, "saturation": 4.0, "paragraphNum": 0, "nounNum": 15, "verbNum": 17, "adjNum": 3, "infNum": 3, "partPastNum": 0, "partPresNum": 0, "partFutNum": 0, "transNum": 0, "xNum": 7, "advNum": 11, "properNounNum": 1, "numNum": 2, "conjNum": 9, "punctNum": 24, "pronNum": 4, "relPronNum": 1, "demPronNum": 3, "adposNum": 0, "multiplePunctNum": 0, "phraseNum": 0, "nounRate": 0.1485148514851485, "verbRate": 0.16831683168316833, "adjRate": 0.0297029702970297, "infRate": 0.0297029702970297, "partPastRate": 0.0, "partPresRate": 0.0, "partFutRate": 0.0, "transRate": 0.0, "xRate": 0.06930693069306931, "advRate": 0.10891089108910891, "properNounRate": 0.009900990099009901, "numRate": 0.019801980198019802, "conjRate": 0.0891089108910891, "punctRate": 0.2376237623762376, "pronRate": 0.039603960396039604, "relPronRate": 0.009900990099009901, "demPronRate": 0.0297029702970297, "adposRate": 0.0, "multiplePunctRate": 0.0, "partsDensityRate": 2.7058823529411766, "contentfulness": 4.6, "phraseRate": 0.0, "pastTenseNum": 9, "presentTenseNum": 5, "condNum": 0, "impNum": 0, "freqNum": 0, "causNum": 0, "modalNum": 2, "sg1VerbNum": 17, "sg2VerbNum": 17, "sg3VerbNum": 17, "pl1VerbNum": 17, "pl2VerbNum": 17, "pl3VerbNum": 17, "superlatNum": 0, "comparatNum": 0, "specDerivSuffixNum": 0, "pluralNounNum": 4, "pastTenseRate": 0.5294117647058824, "presentTenseRate": 0.29411764705882354, "condRate": 0.0, "impRate": 0.0, "freqRate": 0.0, "causRate": 0.0, "modalRate": 0.11764705882352941, "sg1VerbRate": 1.0, "sg2VerbRate": 1.0, "sg3VerbRate": 1.0, "pl1VerbRate": 1.0, "pl2VerbRate": 1.0, "pl3VerbRate": 1.0, "superlatRate": 0.0, "comparatRate": 0.0, "specDerivSuffixRate": 0.0, "pluralNounRate": 0.26666666666666666, "subjNum": 5, "objNum": 3, "attNum": 2, "subordNum": 5, "adverbNum": 14, "coordNum": 5, "clauseNum": 17, "simpleNum": 5, "complexNum": 4, "complexity1Num": 3, "complexity2Num": 0, "complexity3Num": 0, "compoundNum": 0, "subjRate": 0.04950495049504951, "objRate": 0.0297029702970297, "attRate": 0.019801980198019802, "subordRate": 0.04950495049504951, "adverbRate": 0.13861386138613863, "coordRate": 0.04950495049504951, "partsRate": 1.7058823529411764, "clauseRate": 1.7, "simpleRate": 0.5, "complexRate": 0.4, "complexity1Rate": 0.3, "complexity2Rate": 0.0, "complexity3Rate": 0.0, "complexClauseRate": 3.0, "sentencesPerParagraph": 0.0, "wordsLengthRate": 5.1688311688311686, "compoundRate": 0.0, "positiveNum": 0, "negativeNum": 0, "precoPositiveNum": 0, "precoNegativeNum": 0, "negemoNum": 0, "negationNum": 2, "functionNum": 55, "contentNum": 46, "vulgarNum": 0, "racistNum": 0, "specStyleNum": 0, "addressingNum": 0, "closingNum": 0, "postscriptNum": 0, "brutalNum": 0, "positiveRate": 0.0, "negativeRate": 0.0, "precoPositiveRate": 0.0, "precoNegativeRate": 0.0, "negemoRate": 0.0, "negationRate": 0.019801980198019802, "functionRate": 0.5445544554455446, "contentRate": 0.45544554455445546, "vulgarRate": 0.0, "racistRate": 0.0, "specStyleRate": 0.0, "addressingRate": 0.0, "closingRate": 0.0, "postscriptRate": 0.0, "brutalRate": 0.0, "epistemicNum": 0, "investNum": 0, "conditionNum": 0, "weaselNum": 0, "peacockNum": 0, "hedgeNum": 0, "doxasticNum": 0, "epistemicRate": 0.0, "investRate": 0.0, "conditionRate": 0.0, "weaselRate": 0.0, "peacockRate": 0.0, "hedgeRate": 0.0, "doxasticRate": 0.0, "loveNum": 0, "anxietyNum": 0, "sorrowNum": 0, "joyNum": 0, "disgustNum": 0, "fearNum": 0, "surpriseNum": 0, "angerNum": 0, "loveRate": 0.0, "anxietyRate": 0.0, "sorrowRate": 0.0, "joyRate": 0.0, "disgustRate": 0.0, "fearRate": 0.0, "surpriseRate": 0.0, "angerRate": 0.0, "slangBeGeneralNum": 0, "slangBeCigaretteNum": 0, "slangBeHumanNum": 0, "slangBeVehicleNum": 0, "slangBeDrugNum": 0, "slangBvNum": 0, "slangBeGeneralRate": 0.0, "slangBeCigaretteRate": 0.0, "slangBeHumanRate": 0.0, "slangBeVehicleRate": 0.0, "slangBeDrugRate": 0.0, "slangBvRate": 0.0, "speechactNum": 0, "quoteNum": 0, "dashNum": 0, "publicNum": 0, "privateNum": 0, "suasiveNum": 0, "discMarkerNum": 0, "smileyNum": 0, "dateNum": 0, "hesitationNum": 0, "restartNum": 0, "repeatNum": 3, "conjBeforeDiscNum": 0, "conjAfterDiscNum": 0, "wordBeforeHesitationNum": 0, "wordAfterHesitationNum": 0, "otherCollocationNum": 0, "speechactRate": 0.0, "quoteRate": 0.0, "dashRate": 0.0, "publicRate": 0.0, "privateRate": 0.0, "suasiveRate": 0.0, "discMarkerRate": 0.0, "smileyRate": 0.0, "dateRate": 0.0, "hesitationRate": 0.0, "restartRate": 0.0, "repeatRate": 0.0297029702970297, "conjBeforeDiscRate": 0.0, "conjAfterDiscRate": 0.0, "wordBeforeHesitationRate": 0.0, "wordAfterHesitationRate": 0.0, "otherCollocationRate": 0.0, "easyWordNum": 95, "hardWordNum": 6, "easyWordRate": 0.9405940594059405, "hardWordRate": 0.0594059405940594, "fleschReadingEaseScore": 88.53003465346536, "gunningFogIndex": 4.063762376237624, "fleschKincaidGradeLevel": 3.420287128712875, "colemanLiauIndex": 8.284554455445544, "smogIndex": 5.683917801722854, "automatedReadabilityIndex": 2.879702970297032, "linsearWriteIndex": 4.297029702970297, "author": "", "locationNameNum": 0, "locationNameRate": 0.0, "personNameNum": 1, "personNameRate": 0.009900990099009901, "organizationNameNum": 0, "organizationNameRate": 0.0, "misspelledNum": 6, "misspelledRate": 0.0594059405940594, "missingAccentNum": 0, "missingAccentRate": 0.0, "foreignAccentNum": 0, "foreignAccentRate": 0.0, "wordConcatNum": 1, "wordConcatRate": 0.009900990099009901, "jLyMistakeNum": 0, "jLyMistakeRate": 0.0, "publicVNum": 0, "freqSuffixNum": 0, "partsNum": 29, "clauseWordNum": 17, "privateVNum": 0}