{"tokenNum": 116, "sentenceNum": 8, "lemmaNum": 71, "lemmaRate": 0.6120689655172413, "sentenceLength": 14.5, "allUpperNum": 0, "firstUpperNum": 8, "allUpperRate": 0.0, "firstUpperRate": 0.06896551724137931, "declarSentNum": 8, "imperSentNum": 0, "questionNum": 0, "declarSentRate": 1.0, "imperSentRate": 0.0, "questionRate": 0.0, "accent": true, "saturation": 4.733333333333333, "paragraphNum": 0, "nounNum": 19, "verbNum": 15, "adjNum": 8, "infNum": 3, "partPastNum": 1, "partPresNum": 0, "partFutNum": 0, "transNum": 2, "xNum": 7, "advNum": 21, "properNounNum": 1, "numNum": 2, "conjNum": 5, "punctNum": 16, "pronNum": 5, "relPronNum": 2, "demPronNum": 4, "adposNum": 1, "multiplePunctNum": 1, "phraseNum": 0, "nounRate": 0.16379310344827586, "verbRate": 0.12931034482758622, "adjRate": 0.06896551724137931, "infRate": 0.02586206896551724, "partPastRate": 0.008620689655172414, "partPresRate": 0.0, "partFutRate": 0.0, "transRate": 0.017241379310344827, "xRate": 0.0603448275862069, "advRate": 0.1810344827586207, "properNounRate": 0.008620689655172414, "numRate": 0.017241379310344827, "conjRate": 0.04310344827586207, "punctRate": 0.13793103448275862, "pronRate": 0.04310344827586207, "relPronRate": 0.017241379310344827, "demPronRate": 0.034482758620689655, "adposRate": 0.008620689655172414, "multiplePunctRate": 0.0625, "partsDensityRate": 4.2, "contentfulness": 7.875, "phraseRate": 0.0, "pastTenseNum": 12, "presentTenseNum": 0, "condNum": 0, "impNum": 0, "freqNum": 0, "causNum": 0, "modalNum": 0, "sg1VerbNum": 15, "sg2VerbNum": 15, "sg3VerbNum": 15, "pl1VerbNum": 15, "pl2VerbNum": 15, "pl3VerbNum": 15, "superlatNum": 1, "comparatNum": 0, "specDerivSuffixNum": 0, "pluralNounNum": 2, "pastTenseRate": 0.8, "presentTenseRate": 0.0, "condRate": 0.0, "impRate": 0.0, "freqRate": 0.0, "causRate": 0.0, "modalRate": 0.0, "sg1VerbRate": 1.0, "sg2VerbRate": 1.0, "sg3VerbRate": 1.0, "pl1VerbRate": 1.0, "pl2VerbRate": 1.0, "pl3VerbRate": 1.0, "superlatRate": 0.125, "comparatRate": 0.0, "specDerivSuffixRate": 0.0, "pluralNounRate": 0.10526315789473684, "subjNum": 5, "objNum": 4, "attNum": 4, "subordNum": 5, "adverbNum": 24, "coordNum": 1, "clauseNum": 15, "simpleNum": 2, "complexNum": 6, "complexity1Num": 5, "complexity2Num": 1, "complexity3Num": 0, "compoundNum": 0, "subjRate": 0.04310344827586207, "objRate": 0.034482758620689655, "attRate": 0.034482758620689655, "subordRate": 0.04310344827586207, "adverbRate": 0.20689655172413793, "coordRate": 0.008620689655172414, "partsRate": 2.533333333333333, "clauseRate": 1.875, "simpleRate": 0.25, "complexRate": 0.75, "complexity1Rate": 0.625, "complexity2Rate": 0.125, "complexity3Rate": 0.0, "complexClauseRate": 2.1666666666666665, "sentencesPerParagraph": 0.0, "wordsLengthRate": 4.98, "compoundRate": 0.0, "positiveNum": 0, "negativeNum": 0, "precoPositiveNum": 0, "precoNegativeNum": 0, "negemoNum": 0, "negationNum": 4, "functionNum": 53, "contentNum": 63, "vulgarNum": 0, "racistNum": 0, "specStyleNum": 0, "addressingNum": 0, "closingNum": 0, "postscriptNum": 0, "brutalNum": 0, "positiveRate": 0.0, "negativeRate": 0.0, "precoPositiveRate": 0.0, "precoNegativeRate": 0.0, "negemoRate": 0.0, "negationRate": 0.034482758620689655, "functionRate": 0.45689655172413796, "contentRate": 0.5431034482758621, "vulgarRate": 0.0, "racistRate": 0.0, "specStyleRate": 0.0, "addressingRate": 0.0, "closingRate": 0.0, "postscriptRate": 0.0, "brutalRate": 0.0, "epistemicNum": 0, "investNum": 0, "conditionNum": 0, "weaselNum": 0, "peacockNum": 0, "hedgeNum": 0, "doxasticNum": 0, "epistemicRate": 0.0, "investRate": 0.0, "conditionRate": 0.0, "weaselRate": 0.0, "peacockRate": 0.0, "hedgeRate": 0.0, "doxasticRate": 0.0, "loveNum": 0, "anxietyNum": 0, "sorrowNum": 0, "joyNum": 0, "disgustNum": 0, "fearNum": 0, "surpriseNum": 0, "angerNum": 0, "loveRate": 0.0, "anxietyRate": 0.0, "sorrowRate": 0.0, "joyRate": 0.0, "disgustRate": 0.0, "fearRate": 0.0, "surpriseRate": 0.0, "angerRate": 0.0, "slangBeGeneralNum": 0, "slangBeCigaretteNum": 0, "slangBeHumanNum": 0, "slangBeVehicleNum": 0, "slangBeDrugNum": 0, "slangBvNum": 0, "slangBeGeneralRate": 0.0, "slangBeCigaretteRate": 0.0, "slangBeHumanRate": 0.0, "slangBeVehicleRate": 0.0, "slangBeDrugRate": 0.0, "slangBvRate": 0.0, "speechactNum": 0, "quoteNum": 0, "dashNum": 0, "publicNum": 0, "privateNum": 0, "suasiveNum": 0, "discMarkerNum": 0, "smileyNum": 0, "dateNum": 0, "hesitationNum": 0, "restartNum": 0, "repeatNum": 0, "conjBeforeDiscNum": 0, "conjAfterDiscNum": 0, "wordBeforeHesitationNum": 0, "wordAfterHesitationNum": 0, "otherCollocationNum": 0, "speechactRate": 0.0, "quoteRate": 0.0, "dashRate": 0.0, "publicRate": 0.0, "privateRate": 0.0, "suasiveRate": 0.0, "discMarkerRate": 0.0, "smileyRate": 0.0, "dateRate": 0.0, "hesitationRate": 0.0, "restartRate": 0.0, "repeatRate": 0.0, "conjBeforeDiscRate": 0.0, "conjAfterDiscRate": 0.0, "wordBeforeHesitationRate": 0.0, "wordAfterHesitationRate": 0.0, "otherCollocationRate": 0.0, "easyWordNum": 110, "hardWordNum": 6, "easyWordRate": 0.9482758620689655, "hardWordRate": 0.05172413793103448, "fleschReadingEaseScore": 72.51060344827589, "gunningFogIndex": 5.820689655172414, "fleschKincaidGradeLevel": 6.747758620689655, "colemanLiauIndex": 10.044706896551723, "smogIndex": 5.683917801722854, "automatedReadabilityIndex": 6.487155172413793, "linsearWriteIndex": 5.519396551724138, "author": "", "locationNameNum": 0, "locationNameRate": 0.0, "personNameNum": 0, "personNameRate": 0.0, "organizationNameNum": 0, "organizationNameRate": 0.0, "misspelledNum": 4, "misspelledRate": 0.034482758620689655, "missingAccentNum": 4, "missingAccentRate": 0.034482758620689655, "foreignAccentNum": 0, "foreignAccentRate": 0.0, "wordConcatNum": 0, "wordConcatRate": 0.0, "jLyMistakeNum": 0, "jLyMistakeRate": 0.0, "publicVNum": 0, "freqSuffixNum": 0, "partsNum": 38, "clauseWordNum": 15, "privateVNum": 0}