{"tokenNum": 183, "sentenceNum": 9, "lemmaNum": 126, "lemmaRate": 0.6885245901639344, "sentenceLength": 20.333333333333332, "allUpperNum": 1, "firstUpperNum": 15, "allUpperRate": 0.00546448087431694, "firstUpperRate": 0.08196721311475409, "declarSentNum": 9, "imperSentNum": 0, "questionNum": 0, "declarSentRate": 1.0, "imperSentRate": 0.0, "questionRate": 0.0, "accent": true, "saturation": 5.478260869565218, "paragraphNum": 0, "nounNum": 35, "verbNum": 23, "adjNum": 30, "infNum": 4, "partPastNum": 3, "partPresNum": 1, "partFutNum": 0, "transNum": 1, "xNum": 6, "advNum": 19, "properNounNum": 8, "numNum": 3, "conjNum": 6, "punctNum": 29, "pronNum": 6, "relPronNum": 1, "demPronNum": 5, "adposNum": 4, "multiplePunctNum": 3, "phraseNum": 0, "nounRate": 0.1912568306010929, "verbRate": 0.12568306010928962, "adjRate": 0.16393442622950818, "infRate": 0.02185792349726776, "partPastRate": 0.01639344262295082, "partPresRate": 0.00546448087431694, "partFutRate": 0.0, "transRate": 0.00546448087431694, "xRate": 0.03278688524590164, "advRate": 0.10382513661202186, "properNounRate": 0.04371584699453552, "numRate": 0.01639344262295082, "conjRate": 0.03278688524590164, "punctRate": 0.15846994535519127, "pronRate": 0.03278688524590164, "relPronRate": 0.00546448087431694, "demPronRate": 0.0273224043715847, "adposRate": 0.02185792349726776, "multiplePunctRate": 0.10344827586206896, "partsDensityRate": 4.6521739130434785, "contentfulness": 11.88888888888889, "phraseRate": 0.0, "pastTenseNum": 1, "presentTenseNum": 18, "condNum": 0, "impNum": 1, "freqNum": 0, "causNum": 0, "modalNum": 1, "sg1VerbNum": 23, "sg2VerbNum": 23, "sg3VerbNum": 23, "pl1VerbNum": 23, "pl2VerbNum": 23, "pl3VerbNum": 23, "superlatNum": 0, "comparatNum": 0, "specDerivSuffixNum": 0, "pluralNounNum": 6, "pastTenseRate": 0.043478260869565216, "presentTenseRate": 0.782608695652174, "condRate": 0.0, "impRate": 0.043478260869565216, "freqRate": 0.0, "causRate": 0.0, "modalRate": 0.043478260869565216, "sg1VerbRate": 1.0, "sg2VerbRate": 1.0, "sg3VerbRate": 1.0, "pl1VerbRate": 1.0, "pl2VerbRate": 1.0, "pl3VerbRate": 1.0, "superlatRate": 0.0, "comparatRate": 0.0, "specDerivSuffixRate": 0.0, "pluralNounRate": 0.17142857142857143, "subjNum": 17, "objNum": 7, "attNum": 14, "subordNum": 5, "adverbNum": 22, "coordNum": 10, "clauseNum": 23, "simpleNum": 2, "complexNum": 7, "complexity1Num": 5, "complexity2Num": 1, "complexity3Num": 0, "compoundNum": 0, "subjRate": 0.09289617486338798, "objRate": 0.03825136612021858, "attRate": 0.07650273224043716, "subordRate": 0.0273224043715847, "adverbRate": 0.12021857923497267, "coordRate": 0.0546448087431694, "partsRate": 3.0434782608695654, "clauseRate": 2.5555555555555554, "simpleRate": 0.2222222222222222, "complexRate": 0.7777777777777778, "complexity1Rate": 0.5555555555555556, "complexity2Rate": 0.1111111111111111, "complexity3Rate": 0.0, "complexClauseRate": 3.0, "sentencesPerParagraph": 0.0, "wordsLengthRate": 5.3311688311688314, "compoundRate": 0.0, "positiveNum": 0, "negativeNum": 0, "precoPositiveNum": 0, "precoNegativeNum": 0, "negemoNum": 0, "negationNum": 4, "functionNum": 76, "contentNum": 107, "vulgarNum": 0, "racistNum": 0, "specStyleNum": 0, "addressingNum": 0, "closingNum": 0, "postscriptNum": 0, "brutalNum": 0, "positiveRate": 0.0, "negativeRate": 0.0, "precoPositiveRate": 0.0, "precoNegativeRate": 0.0, "negemoRate": 0.0, "negationRate": 0.02185792349726776, "functionRate": 0.41530054644808745, "contentRate": 0.5846994535519126, "vulgarRate": 0.0, "racistRate": 0.0, "specStyleRate": 0.0, "addressingRate": 0.0, "closingRate": 0.0, "postscriptRate": 0.0, "brutalRate": 0.0, "epistemicNum": 0, "investNum": 0, "conditionNum": 0, "weaselNum": 0, "peacockNum": 0, "hedgeNum": 0, "doxasticNum": 0, "epistemicRate": 0.0, "investRate": 0.0, "conditionRate": 0.0, "weaselRate": 0.0, "peacockRate": 0.0, "hedgeRate": 0.0, "doxasticRate": 0.0, "loveNum": 0, "anxietyNum": 0, "sorrowNum": 0, "joyNum": 0, "disgustNum": 0, "fearNum": 0, "surpriseNum": 0, "angerNum": 0, "loveRate": 0.0, "anxietyRate": 0.0, "sorrowRate": 0.0, "joyRate": 0.0, "disgustRate": 0.0, "fearRate": 0.0, "surpriseRate": 0.0, "angerRate": 0.0, "slangBeGeneralNum": 0, "slangBeCigaretteNum": 0, "slangBeHumanNum": 0, "slangBeVehicleNum": 0, "slangBeDrugNum": 0, "slangBvNum": 0, "slangBeGeneralRate": 0.0, "slangBeCigaretteRate": 0.0, "slangBeHumanRate": 0.0, "slangBeVehicleRate": 0.0, "slangBeDrugRate": 0.0, "slangBvRate": 0.0, "speechactNum": 0, "quoteNum": 0, "dashNum": 0, "publicNum": 0, "privateNum": 0, "suasiveNum": 0, "discMarkerNum": 0, "smileyNum": 0, "dateNum": 0, "hesitationNum": 0, "restartNum": 0, "repeatNum": 0, "conjBeforeDiscNum": 0, "conjAfterDiscNum": 0, "wordBeforeHesitationNum": 0, "wordAfterHesitationNum": 0, "otherCollocationNum": 0, "speechactRate": 0.0, "quoteRate": 0.0, "dashRate": 0.0, "publicRate": 0.0, "privateRate": 0.0, "suasiveRate": 0.0, "discMarkerRate": 0.0, "smileyRate": 0.0, "dateRate": 0.0, "hesitationRate": 0.0, "restartRate": 0.0, "repeatRate": 0.0, "conjBeforeDiscRate": 0.0, "conjAfterDiscRate": 0.0, "wordBeforeHesitationRate": 0.0, "wordAfterHesitationRate": 0.0, "otherCollocationRate": 0.0, "easyWordNum": 168, "hardWordNum": 15, "easyWordRate": 0.9180327868852459, "hardWordRate": 0.08196721311475409, "fleschReadingEaseScore": 57.216338797814245, "gunningFogIndex": 8.166120218579236, "fleschKincaidGradeLevel": 10.330163934426228, "colemanLiauIndex": 11.55777595628415, "smogIndex": 7.168621630094336, "automatedReadabilityIndex": 10.613715846994538, "linsearWriteIndex": 5.284153005464481, "author": "", "locationNameNum": 2, "locationNameRate": 0.01092896174863388, "personNameNum": 2, "personNameRate": 0.01092896174863388, "organizationNameNum": 1, "organizationNameRate": 0.00546448087431694, "misspelledNum": 5, "misspelledRate": 0.0273224043715847, "missingAccentNum": 3, "missingAccentRate": 0.01639344262295082, "foreignAccentNum": 0, "foreignAccentRate": 0.0, "wordConcatNum": 1, "wordConcatRate": 0.00546448087431694, "jLyMistakeNum": 0, "jLyMistakeRate": 0.0, "publicVNum": 0, "freqSuffixNum": 0, "partsNum": 70, "clauseWordNum": 23, "privateVNum": 0}