{"tokenNum": 148, "sentenceNum": 12, "lemmaNum": 100, "lemmaRate": 0.6756756756756757, "sentenceLength": 12.333333333333334, "allUpperNum": 0, "firstUpperNum": 14, "allUpperRate": 0.0, "firstUpperRate": 0.0945945945945946, "declarSentNum": 12, "imperSentNum": 0, "questionNum": 0, "declarSentRate": 1.0, "imperSentRate": 0.0, "questionRate": 0.0, "accent": true, "saturation": 4.0, "paragraphNum": 0, "nounNum": 30, "verbNum": 15, "adjNum": 16, "infNum": 2, "partPastNum": 1, "partPresNum": 0, "partFutNum": 0, "transNum": 1, "xNum": 10, "advNum": 11, "properNounNum": 3, "numNum": 1, "conjNum": 11, "punctNum": 33, "pronNum": 4, "relPronNum": 0, "demPronNum": 6, "adposNum": 1, "multiplePunctNum": 1, "phraseNum": 0, "nounRate": 0.20270270270270271, "verbRate": 0.10135135135135136, "adjRate": 0.10810810810810811, "infRate": 0.013513513513513514, "partPastRate": 0.006756756756756757, "partPresRate": 0.0, "partFutRate": 0.0, "transRate": 0.006756756756756757, "xRate": 0.06756756756756757, "advRate": 0.07432432432432433, "properNounRate": 0.02027027027027027, "numRate": 0.006756756756756757, "conjRate": 0.07432432432432433, "punctRate": 0.22297297297297297, "pronRate": 0.02702702702702703, "relPronRate": 0.0, "demPronRate": 0.04054054054054054, "adposRate": 0.006756756756756757, "multiplePunctRate": 0.030303030303030304, "partsDensityRate": 2.88, "contentfulness": 6.0, "phraseRate": 0.0, "pastTenseNum": 7, "presentTenseNum": 6, "condNum": 0, "impNum": 1, "freqNum": 0, "causNum": 0, "modalNum": 0, "sg1VerbNum": 15, "sg2VerbNum": 15, "sg3VerbNum": 15, "pl1VerbNum": 15, "pl2VerbNum": 15, "pl3VerbNum": 15, "superlatNum": 1, "comparatNum": 2, "specDerivSuffixNum": 0, "pluralNounNum": 2, "pastTenseRate": 0.4666666666666667, "presentTenseRate": 0.4, "condRate": 0.0, "impRate": 0.06666666666666667, "freqRate": 0.0, "causRate": 0.0, "modalRate": 0.0, "sg1VerbRate": 1.0, "sg2VerbRate": 1.0, "sg3VerbRate": 1.0, "pl1VerbRate": 1.0, "pl2VerbRate": 1.0, "pl3VerbRate": 1.0, "superlatRate": 0.0625, "comparatRate": 0.125, "specDerivSuffixRate": 0.0, "pluralNounRate": 0.06666666666666667, "subjNum": 4, "objNum": 3, "attNum": 11, "subordNum": 8, "adverbNum": 16, "coordNum": 5, "clauseNum": 25, "simpleNum": 5, "complexNum": 7, "complexity1Num": 3, "complexity2Num": 3, "complexity3Num": 0, "compoundNum": 0, "subjRate": 0.02702702702702703, "objRate": 0.02027027027027027, "attRate": 0.07432432432432433, "subordRate": 0.05405405405405406, "adverbRate": 0.10810810810810811, "coordRate": 0.033783783783783786, "partsRate": 1.56, "clauseRate": 2.0833333333333335, "simpleRate": 0.4166666666666667, "complexRate": 0.5833333333333334, "complexity1Rate": 0.25, "complexity2Rate": 0.25, "complexity3Rate": 0.0, "complexClauseRate": 2.857142857142857, "sentencesPerParagraph": 0.0, "wordsLengthRate": 6.026086956521739, "compoundRate": 0.0, "positiveNum": 0, "negativeNum": 0, "precoPositiveNum": 0, "precoNegativeNum": 0, "negemoNum": 0, "negationNum": 2, "functionNum": 76, "contentNum": 72, "vulgarNum": 0, "racistNum": 0, "specStyleNum": 0, "addressingNum": 0, "closingNum": 0, "postscriptNum": 0, "brutalNum": 0, "positiveRate": 0.0, "negativeRate": 0.0, "precoPositiveRate": 0.0, "precoNegativeRate": 0.0, "negemoRate": 0.0, "negationRate": 0.013513513513513514, "functionRate": 0.5135135135135135, "contentRate": 0.4864864864864865, "vulgarRate": 0.0, "racistRate": 0.0, "specStyleRate": 0.0, "addressingRate": 0.0, "closingRate": 0.0, "postscriptRate": 0.0, "brutalRate": 0.0, "epistemicNum": 0, "investNum": 0, "conditionNum": 0, "weaselNum": 0, "peacockNum": 0, "hedgeNum": 0, "doxasticNum": 0, "epistemicRate": 0.0, "investRate": 0.0, "conditionRate": 0.0, "weaselRate": 0.0, "peacockRate": 0.0, "hedgeRate": 0.0, "doxasticRate": 0.0, "loveNum": 0, "anxietyNum": 0, "sorrowNum": 0, "joyNum": 0, "disgustNum": 0, "fearNum": 0, "surpriseNum": 0, "angerNum": 0, "loveRate": 0.0, "anxietyRate": 0.0, "sorrowRate": 0.0, "joyRate": 0.0, "disgustRate": 0.0, "fearRate": 0.0, "surpriseRate": 0.0, "angerRate": 0.0, "slangBeGeneralNum": 0, "slangBeCigaretteNum": 0, "slangBeHumanNum": 0, "slangBeVehicleNum": 0, "slangBeDrugNum": 0, "slangBvNum": 0, "slangBeGeneralRate": 0.0, "slangBeCigaretteRate": 0.0, "slangBeHumanRate": 0.0, "slangBeVehicleRate": 0.0, "slangBeDrugRate": 0.0, "slangBvRate": 0.0, "speechactNum": 0, "quoteNum": 0, "dashNum": 0, "publicNum": 0, "privateNum": 0, "suasiveNum": 0, "discMarkerNum": 0, "smileyNum": 0, "dateNum": 0, "hesitationNum": 0, "restartNum": 0, "repeatNum": 1, "conjBeforeDiscNum": 0, "conjAfterDiscNum": 0, "wordBeforeHesitationNum": 0, "wordAfterHesitationNum": 0, "otherCollocationNum": 0, "speechactRate": 0.0, "quoteRate": 0.0, "dashRate": 0.0, "publicRate": 0.0, "privateRate": 0.0, "suasiveRate": 0.0, "discMarkerRate": 0.0, "smileyRate": 0.0, "dateRate": 0.0, "hesitationRate": 0.0, "restartRate": 0.0, "repeatRate": 0.006756756756756757, "conjBeforeDiscRate": 0.0, "conjAfterDiscRate": 0.0, "wordBeforeHesitationRate": 0.0, "wordAfterHesitationRate": 0.0, "otherCollocationRate": 0.0, "easyWordNum": 136, "hardWordNum": 12, "easyWordRate": 0.918918918918919, "hardWordRate": 0.08108108108108109, "fleschReadingEaseScore": 68.55990990990992, "gunningFogIndex": 4.965765765765767, "fleschKincaidGradeLevel": 6.760540540540543, "colemanLiauIndex": 12.65482432432432, "smogIndex": 6.742157984588678, "automatedReadabilityIndex": 7.4910585585585565, "linsearWriteIndex": 3.5608108108108105, "author": "", "locationNameNum": 0, "locationNameRate": 0.0, "personNameNum": 1, "personNameRate": 0.006756756756756757, "organizationNameNum": 0, "organizationNameRate": 0.0, "misspelledNum": 1, "misspelledRate": 0.006756756756756757, "missingAccentNum": 0, "missingAccentRate": 0.0, "foreignAccentNum": 0, "foreignAccentRate": 0.0, "wordConcatNum": 1, "wordConcatRate": 0.006756756756756757, "jLyMistakeNum": 0, "jLyMistakeRate": 0.0, "publicVNum": 0, "freqSuffixNum": 0, "partsNum": 39, "clauseWordNum": 25, "privateVNum": 0}