{"tokenNum": 392, "sentenceNum": 19, "lemmaNum": 207, "lemmaRate": 0.5280612244897959, "sentenceLength": 20.63157894736842, "allUpperNum": 2, "firstUpperNum": 30, "allUpperRate": 0.00510204081632653, "firstUpperRate": 0.07653061224489796, "declarSentNum": 18, "imperSentNum": 1, "questionNum": 0, "declarSentRate": 0.9473684210526315, "imperSentRate": 0.05263157894736842, "questionRate": 0.0, "accent": true, "saturation": 4.3125, "paragraphNum": 0, "nounNum": 82, "verbNum": 46, "adjNum": 32, "infNum": 7, "partPastNum": 1, "partPresNum": 1, "partFutNum": 0, "transNum": 2, "xNum": 21, "advNum": 51, "properNounNum": 13, "numNum": 4, "conjNum": 19, "punctNum": 74, "pronNum": 22, "relPronNum": 3, "demPronNum": 15, "adposNum": 4, "multiplePunctNum": 0, "phraseNum": 0, "nounRate": 0.20918367346938777, "verbRate": 0.11734693877551021, "adjRate": 0.08163265306122448, "infRate": 0.017857142857142856, "partPastRate": 0.002551020408163265, "partPresRate": 0.002551020408163265, "partFutRate": 0.0, "transRate": 0.00510204081632653, "xRate": 0.05357142857142857, "advRate": 0.13010204081632654, "properNounRate": 0.03316326530612245, "numRate": 0.01020408163265306, "conjRate": 0.04846938775510204, "punctRate": 0.18877551020408162, "pronRate": 0.05612244897959184, "relPronRate": 0.007653061224489796, "demPronRate": 0.03826530612244898, "adposRate": 0.01020408163265306, "multiplePunctRate": 0.0, "partsDensityRate": 4.395833333333333, "contentfulness": 11.105263157894736, "phraseRate": 0.0, "pastTenseNum": 14, "presentTenseNum": 25, "condNum": 6, "impNum": 1, "freqNum": 0, "causNum": 0, "modalNum": 3, "sg1VerbNum": 46, "sg2VerbNum": 46, "sg3VerbNum": 46, "pl1VerbNum": 46, "pl2VerbNum": 46, "pl3VerbNum": 46, "superlatNum": 0, "comparatNum": 1, "specDerivSuffixNum": 0, "pluralNounNum": 14, "pastTenseRate": 0.30434782608695654, "presentTenseRate": 0.5434782608695652, "condRate": 0.13043478260869565, "impRate": 0.021739130434782608, "freqRate": 0.0, "causRate": 0.0, "modalRate": 0.06521739130434782, "sg1VerbRate": 1.0, "sg2VerbRate": 1.0, "sg3VerbRate": 1.0, "pl1VerbRate": 1.0, "pl2VerbRate": 1.0, "pl3VerbRate": 1.0, "superlatRate": 0.0, "comparatRate": 0.03125, "specDerivSuffixRate": 0.0, "pluralNounRate": 0.17073170731707318, "subjNum": 23, "objNum": 18, "attNum": 23, "subordNum": 15, "adverbNum": 62, "coordNum": 12, "clauseNum": 48, "simpleNum": 4, "complexNum": 15, "complexity1Num": 8, "complexity2Num": 2, "complexity3Num": 4, "compoundNum": 0, "subjRate": 0.058673469387755105, "objRate": 0.04591836734693878, "attRate": 0.058673469387755105, "subordRate": 0.03826530612244898, "adverbRate": 0.15816326530612246, "coordRate": 0.030612244897959183, "partsRate": 2.875, "clauseRate": 2.526315789473684, "simpleRate": 0.21052631578947367, "complexRate": 0.7894736842105263, "complexity1Rate": 0.42105263157894735, "complexity2Rate": 0.10526315789473684, "complexity3Rate": 0.21052631578947367, "complexClauseRate": 2.933333333333333, "sentencesPerParagraph": 0.0, "wordsLengthRate": 5.481132075471698, "compoundRate": 0.0, "positiveNum": 0, "negativeNum": 0, "precoPositiveNum": 0, "precoNegativeNum": 0, "negemoNum": 0, "negationNum": 9, "functionNum": 181, "contentNum": 211, "vulgarNum": 0, "racistNum": 0, "specStyleNum": 0, "addressingNum": 0, "closingNum": 0, "postscriptNum": 0, "brutalNum": 0, "positiveRate": 0.0, "negativeRate": 0.0, "precoPositiveRate": 0.0, "precoNegativeRate": 0.0, "negemoRate": 0.0, "negationRate": 0.02295918367346939, "functionRate": 0.461734693877551, "contentRate": 0.5382653061224489, "vulgarRate": 0.0, "racistRate": 0.0, "specStyleRate": 0.0, "addressingRate": 0.0, "closingRate": 0.0, "postscriptRate": 0.0, "brutalRate": 0.0, "epistemicNum": 0, "investNum": 0, "conditionNum": 0, "weaselNum": 0, "peacockNum": 0, "hedgeNum": 0, "doxasticNum": 0, "epistemicRate": 0.0, "investRate": 0.0, "conditionRate": 0.0, "weaselRate": 0.0, "peacockRate": 0.0, "hedgeRate": 0.0, "doxasticRate": 0.0, "loveNum": 0, "anxietyNum": 0, "sorrowNum": 0, "joyNum": 0, "disgustNum": 0, "fearNum": 0, "surpriseNum": 0, "angerNum": 0, "loveRate": 0.0, "anxietyRate": 0.0, "sorrowRate": 0.0, "joyRate": 0.0, "disgustRate": 0.0, "fearRate": 0.0, "surpriseRate": 0.0, "angerRate": 0.0, "slangBeGeneralNum": 0, "slangBeCigaretteNum": 0, "slangBeHumanNum": 0, "slangBeVehicleNum": 0, "slangBeDrugNum": 0, "slangBvNum": 0, "slangBeGeneralRate": 0.0, "slangBeCigaretteRate": 0.0, "slangBeHumanRate": 0.0, "slangBeVehicleRate": 0.0, "slangBeDrugRate": 0.0, "slangBvRate": 0.0, "speechactNum": 0, "quoteNum": 0, "dashNum": 0, "publicNum": 0, "privateNum": 0, "suasiveNum": 0, "discMarkerNum": 0, "smileyNum": 0, "dateNum": 1, "hesitationNum": 0, "restartNum": 0, "repeatNum": 6, "conjBeforeDiscNum": 0, "conjAfterDiscNum": 0, "wordBeforeHesitationNum": 0, "wordAfterHesitationNum": 0, "otherCollocationNum": 0, "speechactRate": 0.0, "quoteRate": 0.0, "dashRate": 0.0, "publicRate": 0.0, "privateRate": 0.0, "suasiveRate": 0.0, "discMarkerRate": 0.0, "smileyRate": 0.0, "dateRate": 0.002551020408163265, "hesitationRate": 0.0, "restartRate": 0.0, "repeatRate": 0.015306122448979591, "conjBeforeDiscRate": 0.0, "conjAfterDiscRate": 0.0, "wordBeforeHesitationRate": 0.0, "wordAfterHesitationRate": 0.0, "otherCollocationRate": 0.0, "easyWordNum": 370, "hardWordNum": 22, "easyWordRate": 0.9438775510204082, "hardWordRate": 0.05612244897959184, "fleschReadingEaseScore": 67.41078410311495, "gunningFogIndex": 8.27406015037594, "fleschKincaidGradeLevel": 8.98233619763695, "colemanLiauIndex": 11.080492346938769, "smogIndex": 8.021203637495837, "automatedReadabilityIndex": 10.381172126745433, "linsearWriteIndex": 1.7859828141783027, "author": "", "locationNameNum": 0, "locationNameRate": 0.0, "personNameNum": 1, "personNameRate": 0.002551020408163265, "organizationNameNum": 3, "organizationNameRate": 0.007653061224489796, "misspelledNum": 5, "misspelledRate": 0.012755102040816327, "missingAccentNum": 1, "missingAccentRate": 0.002551020408163265, "foreignAccentNum": 0, "foreignAccentRate": 0.0, "wordConcatNum": 2, "wordConcatRate": 0.00510204081632653, "jLyMistakeNum": 0, "jLyMistakeRate": 0.0, "publicVNum": 0, "freqSuffixNum": 0, "partsNum": 138, "clauseWordNum": 48, "privateVNum": 0}