{"tokenNum": 84, "sentenceNum": 11, "lemmaNum": 51, "lemmaRate": 0.6071428571428571, "sentenceLength": 7.636363636363637, "allUpperNum": 0, "firstUpperNum": 17, "allUpperRate": 0.0, "firstUpperRate": 0.20238095238095238, "declarSentNum": 10, "imperSentNum": 1, "questionNum": 0, "declarSentRate": 0.9090909090909091, "imperSentRate": 0.09090909090909091, "questionRate": 0.0, "accent": true, "saturation": 2.8333333333333335, "paragraphNum": 0, "nounNum": 16, "verbNum": 19, "adjNum": 3, "infNum": 1, "partPastNum": 0, "partPresNum": 0, "partFutNum": 0, "transNum": 0, "xNum": 10, "advNum": 5, "properNounNum": 5, "numNum": 0, "conjNum": 5, "punctNum": 17, "pronNum": 3, "relPronNum": 0, "demPronNum": 4, "adposNum": 0, "multiplePunctNum": 1, "phraseNum": 0, "nounRate": 0.19047619047619047, "verbRate": 0.2261904761904762, "adjRate": 0.03571428571428571, "infRate": 0.011904761904761904, "partPastRate": 0.0, "partPresRate": 0.0, "partFutRate": 0.0, "transRate": 0.0, "xRate": 0.11904761904761904, "advRate": 0.05952380952380952, "properNounRate": 0.05952380952380952, "numRate": 0.0, "conjRate": 0.05952380952380952, "punctRate": 0.20238095238095238, "pronRate": 0.03571428571428571, "relPronRate": 0.0, "demPronRate": 0.047619047619047616, "adposRate": 0.0, "multiplePunctRate": 0.058823529411764705, "partsDensityRate": 2.388888888888889, "contentfulness": 3.909090909090909, "phraseRate": 0.0, "pastTenseNum": 9, "presentTenseNum": 10, "condNum": 1, "impNum": 0, "freqNum": 0, "causNum": 0, "modalNum": 0, "sg1VerbNum": 19, "sg2VerbNum": 19, "sg3VerbNum": 19, "pl1VerbNum": 19, "pl2VerbNum": 19, "pl3VerbNum": 19, "superlatNum": 0, "comparatNum": 0, "specDerivSuffixNum": 0, "pluralNounNum": 1, "pastTenseRate": 0.47368421052631576, "presentTenseRate": 0.5263157894736842, "condRate": 0.05263157894736842, "impRate": 0.0, "freqRate": 0.0, "causRate": 0.0, "modalRate": 0.0, "sg1VerbRate": 1.0, "sg2VerbRate": 1.0, "sg3VerbRate": 1.0, "pl1VerbRate": 1.0, "pl2VerbRate": 1.0, "pl3VerbRate": 1.0, "superlatRate": 0.0, "comparatRate": 0.0, "specDerivSuffixRate": 0.0, "pluralNounRate": 0.0625, "subjNum": 5, "objNum": 3, "attNum": 1, "subordNum": 1, "adverbNum": 7, "coordNum": 4, "clauseNum": 18, "simpleNum": 7, "complexNum": 4, "complexity1Num": 1, "complexity2Num": 3, "complexity3Num": 0, "compoundNum": 0, "subjRate": 0.05952380952380952, "objRate": 0.03571428571428571, "attRate": 0.011904761904761904, "subordRate": 0.011904761904761904, "adverbRate": 0.08333333333333333, "coordRate": 0.047619047619047616, "partsRate": 1.1111111111111112, "clauseRate": 1.6363636363636365, "simpleRate": 0.6363636363636364, "complexRate": 0.36363636363636365, "complexity1Rate": 0.09090909090909091, "complexity2Rate": 0.2727272727272727, "complexity3Rate": 0.0, "complexClauseRate": 2.75, "sentencesPerParagraph": 0.0, "wordsLengthRate": 5.029850746268656, "compoundRate": 0.0, "positiveNum": 0, "negativeNum": 0, "precoPositiveNum": 0, "precoNegativeNum": 0, "negemoNum": 0, "negationNum": 0, "functionNum": 41, "contentNum": 43, "vulgarNum": 0, "racistNum": 0, "specStyleNum": 0, "addressingNum": 0, "closingNum": 0, "postscriptNum": 0, "brutalNum": 0, "positiveRate": 0.0, "negativeRate": 0.0, "precoPositiveRate": 0.0, "precoNegativeRate": 0.0, "negemoRate": 0.0, "negationRate": 0.0, "functionRate": 0.4880952380952381, "contentRate": 0.5119047619047619, "vulgarRate": 0.0, "racistRate": 0.0, "specStyleRate": 0.0, "addressingRate": 0.0, "closingRate": 0.0, "postscriptRate": 0.0, "brutalRate": 0.0, "epistemicNum": 0, "investNum": 0, "conditionNum": 0, "weaselNum": 0, "peacockNum": 0, "hedgeNum": 0, "doxasticNum": 0, "epistemicRate": 0.0, "investRate": 0.0, "conditionRate": 0.0, "weaselRate": 0.0, "peacockRate": 0.0, "hedgeRate": 0.0, "doxasticRate": 0.0, "loveNum": 0, "anxietyNum": 0, "sorrowNum": 0, "joyNum": 0, "disgustNum": 0, "fearNum": 0, "surpriseNum": 0, "angerNum": 0, "loveRate": 0.0, "anxietyRate": 0.0, "sorrowRate": 0.0, "joyRate": 0.0, "disgustRate": 0.0, "fearRate": 0.0, "surpriseRate": 0.0, "angerRate": 0.0, "slangBeGeneralNum": 0, "slangBeCigaretteNum": 0, "slangBeHumanNum": 0, "slangBeVehicleNum": 0, "slangBeDrugNum": 0, "slangBvNum": 0, "slangBeGeneralRate": 0.0, "slangBeCigaretteRate": 0.0, "slangBeHumanRate": 0.0, "slangBeVehicleRate": 0.0, "slangBeDrugRate": 0.0, "slangBvRate": 0.0, "speechactNum": 0, "quoteNum": 0, "dashNum": 0, "publicNum": 0, "privateNum": 0, "suasiveNum": 0, "discMarkerNum": 0, "smileyNum": 0, "dateNum": 0, "hesitationNum": 0, "restartNum": 0, "repeatNum": 0, "conjBeforeDiscNum": 0, "conjAfterDiscNum": 0, "wordBeforeHesitationNum": 0, "wordAfterHesitationNum": 0, "otherCollocationNum": 0, "speechactRate": 0.0, "quoteRate": 0.0, "dashRate": 0.0, "publicRate": 0.0, "privateRate": 0.0, "suasiveRate": 0.0, "discMarkerRate": 0.0, "smileyRate": 0.0, "dateRate": 0.0, "hesitationRate": 0.0, "restartRate": 0.0, "repeatRate": 0.0, "conjBeforeDiscRate": 0.0, "conjAfterDiscRate": 0.0, "wordBeforeHesitationRate": 0.0, "wordAfterHesitationRate": 0.0, "otherCollocationRate": 0.0, "easyWordNum": 81, "hardWordNum": 3, "easyWordRate": 0.9642857142857143, "hardWordRate": 0.03571428571428571, "fleschReadingEaseScore": 98.36980519480521, "gunningFogIndex": 3.068831168831169, "fleschKincaidGradeLevel": 1.4358008658008679, "colemanLiauIndex": 8.180321428571425, "smogIndex": 4.935628992294339, "automatedReadabilityIndex": 1.5646103896103867, "linsearWriteIndex": 2.6363636363636362, "author": "", "locationNameNum": 0, "locationNameRate": 0.0, "personNameNum": 1, "personNameRate": 0.011904761904761904, "organizationNameNum": 0, "organizationNameRate": 0.0, "misspelledNum": 4, "misspelledRate": 0.047619047619047616, "missingAccentNum": 1, "missingAccentRate": 0.011904761904761904, "foreignAccentNum": 0, "foreignAccentRate": 0.0, "wordConcatNum": 3, "wordConcatRate": 0.03571428571428571, "jLyMistakeNum": 0, "jLyMistakeRate": 0.0, "publicVNum": 0, "freqSuffixNum": 0, "partsNum": 20, "clauseWordNum": 18, "privateVNum": 0}