{"tokenNum": 244, "sentenceNum": 10, "lemmaNum": 131, "lemmaRate": 0.5368852459016393, "sentenceLength": 24.4, "allUpperNum": 3, "firstUpperNum": 23, "allUpperRate": 0.012295081967213115, "firstUpperRate": 0.0942622950819672, "declarSentNum": 10, "imperSentNum": 0, "questionNum": 0, "declarSentRate": 1.0, "imperSentRate": 0.0, "questionRate": 0.0, "accent": true, "saturation": 4.09375, "paragraphNum": 0, "nounNum": 54, "verbNum": 35, "adjNum": 12, "infNum": 7, "partPastNum": 0, "partPresNum": 0, "partFutNum": 0, "transNum": 0, "xNum": 9, "advNum": 25, "properNounNum": 16, "numNum": 1, "conjNum": 25, "punctNum": 30, "pronNum": 11, "relPronNum": 3, "demPronNum": 10, "adposNum": 4, "multiplePunctNum": 0, "phraseNum": 0, "nounRate": 0.22131147540983606, "verbRate": 0.14344262295081966, "adjRate": 0.04918032786885246, "infRate": 0.028688524590163935, "partPastRate": 0.0, "partPresRate": 0.0, "partFutRate": 0.0, "transRate": 0.0, "xRate": 0.036885245901639344, "advRate": 0.10245901639344263, "properNounRate": 0.06557377049180328, "numRate": 0.004098360655737705, "conjRate": 0.10245901639344263, "punctRate": 0.12295081967213115, "pronRate": 0.045081967213114756, "relPronRate": 0.012295081967213115, "demPronRate": 0.040983606557377046, "adposRate": 0.01639344262295082, "multiplePunctRate": 0.0, "partsDensityRate": 3.9375, "contentfulness": 12.6, "phraseRate": 0.0, "pastTenseNum": 10, "presentTenseNum": 18, "condNum": 0, "impNum": 2, "freqNum": 0, "causNum": 0, "modalNum": 0, "sg1VerbNum": 35, "sg2VerbNum": 35, "sg3VerbNum": 35, "pl1VerbNum": 35, "pl2VerbNum": 35, "pl3VerbNum": 35, "superlatNum": 0, "comparatNum": 1, "specDerivSuffixNum": 0, "pluralNounNum": 5, "pastTenseRate": 0.2857142857142857, "presentTenseRate": 0.5142857142857142, "condRate": 0.0, "impRate": 0.05714285714285714, "freqRate": 0.0, "causRate": 0.0, "modalRate": 0.0, "sg1VerbRate": 1.0, "sg2VerbRate": 1.0, "sg3VerbRate": 1.0, "pl1VerbRate": 1.0, "pl2VerbRate": 1.0, "pl3VerbRate": 1.0, "superlatRate": 0.0, "comparatRate": 0.08333333333333333, "specDerivSuffixRate": 0.0, "pluralNounRate": 0.09259259259259259, "subjNum": 14, "objNum": 17, "attNum": 8, "subordNum": 14, "adverbNum": 26, "coordNum": 8, "clauseNum": 32, "simpleNum": 2, "complexNum": 8, "complexity1Num": 2, "complexity2Num": 2, "complexity3Num": 1, "compoundNum": 0, "subjRate": 0.05737704918032787, "objRate": 0.06967213114754098, "attRate": 0.03278688524590164, "subordRate": 0.05737704918032787, "adverbRate": 0.10655737704918032, "coordRate": 0.03278688524590164, "partsRate": 2.28125, "clauseRate": 3.2, "simpleRate": 0.2, "complexRate": 0.8, "complexity1Rate": 0.2, "complexity2Rate": 0.2, "complexity3Rate": 0.1, "complexClauseRate": 3.75, "sentencesPerParagraph": 0.0, "wordsLengthRate": 4.88785046728972, "compoundRate": 0.0, "positiveNum": 0, "negativeNum": 0, "precoPositiveNum": 0, "precoNegativeNum": 0, "negemoNum": 0, "negationNum": 8, "functionNum": 118, "contentNum": 126, "vulgarNum": 0, "racistNum": 0, "specStyleNum": 0, "addressingNum": 0, "closingNum": 0, "postscriptNum": 0, "brutalNum": 0, "positiveRate": 0.0, "negativeRate": 0.0, "precoPositiveRate": 0.0, "precoNegativeRate": 0.0, "negemoRate": 0.0, "negationRate": 0.03278688524590164, "functionRate": 0.48360655737704916, "contentRate": 0.5163934426229508, "vulgarRate": 0.0, "racistRate": 0.0, "specStyleRate": 0.0, "addressingRate": 0.0, "closingRate": 0.0, "postscriptRate": 0.0, "brutalRate": 0.0, "epistemicNum": 0, "investNum": 0, "conditionNum": 0, "weaselNum": 0, "peacockNum": 0, "hedgeNum": 0, "doxasticNum": 0, "epistemicRate": 0.0, "investRate": 0.0, "conditionRate": 0.0, "weaselRate": 0.0, "peacockRate": 0.0, "hedgeRate": 0.0, "doxasticRate": 0.0, "loveNum": 0, "anxietyNum": 0, "sorrowNum": 0, "joyNum": 0, "disgustNum": 0, "fearNum": 0, "surpriseNum": 0, "angerNum": 0, "loveRate": 0.0, "anxietyRate": 0.0, "sorrowRate": 0.0, "joyRate": 0.0, "disgustRate": 0.0, "fearRate": 0.0, "surpriseRate": 0.0, "angerRate": 0.0, "slangBeGeneralNum": 0, "slangBeCigaretteNum": 0, "slangBeHumanNum": 0, "slangBeVehicleNum": 0, "slangBeDrugNum": 0, "slangBvNum": 0, "slangBeGeneralRate": 0.0, "slangBeCigaretteRate": 0.0, "slangBeHumanRate": 0.0, "slangBeVehicleRate": 0.0, "slangBeDrugRate": 0.0, "slangBvRate": 0.0, "speechactNum": 0, "quoteNum": 0, "dashNum": 0, "publicNum": 0, "privateNum": 0, "suasiveNum": 0, "discMarkerNum": 0, "smileyNum": 0, "dateNum": 0, "hesitationNum": 0, "restartNum": 0, "repeatNum": 0, "conjBeforeDiscNum": 0, "conjAfterDiscNum": 0, "wordBeforeHesitationNum": 0, "wordAfterHesitationNum": 0, "otherCollocationNum": 0, "speechactRate": 0.0, "quoteRate": 0.0, "dashRate": 0.0, "publicRate": 0.0, "privateRate": 0.0, "suasiveRate": 0.0, "discMarkerRate": 0.0, "smileyRate": 0.0, "dateRate": 0.0, "hesitationRate": 0.0, "restartRate": 0.0, "repeatRate": 0.0, "conjBeforeDiscRate": 0.0, "conjAfterDiscRate": 0.0, "wordBeforeHesitationRate": 0.0, "wordAfterHesitationRate": 0.0, "otherCollocationRate": 0.0, "easyWordNum": 231, "hardWordNum": 13, "easyWordRate": 0.9467213114754098, "hardWordRate": 0.05327868852459016, "fleschReadingEaseScore": 57.249327868852475, "gunningFogIndex": 9.781311475409836, "fleschKincaidGradeLevel": 11.335836065573776, "colemanLiauIndex": 9.932418032786881, "smogIndex": 6.88968998030894, "automatedReadabilityIndex": 11.34729508196721, "linsearWriteIndex": 4.3483606557377055, "author": "", "locationNameNum": 0, "locationNameRate": 0.0, "personNameNum": 6, "personNameRate": 0.02459016393442623, "organizationNameNum": 2, "organizationNameRate": 0.00819672131147541, "misspelledNum": 57, "misspelledRate": 0.2336065573770492, "missingAccentNum": 52, "missingAccentRate": 0.21311475409836064, "foreignAccentNum": 0, "foreignAccentRate": 0.0, "wordConcatNum": 0, "wordConcatRate": 0.0, "jLyMistakeNum": 1, "jLyMistakeRate": 0.004098360655737705, "publicVNum": 0, "freqSuffixNum": 0, "partsNum": 73, "clauseWordNum": 32, "privateVNum": 0}