{"tokenNum": 176, "sentenceNum": 8, "lemmaNum": 101, "lemmaRate": 0.5738636363636364, "sentenceLength": 22.0, "allUpperNum": 3, "firstUpperNum": 18, "allUpperRate": 0.017045454545454544, "firstUpperRate": 0.10227272727272728, "declarSentNum": 8, "imperSentNum": 0, "questionNum": 0, "declarSentRate": 1.0, "imperSentRate": 0.0, "questionRate": 0.0, "accent": true, "saturation": 4.208333333333333, "paragraphNum": 0, "nounNum": 31, "verbNum": 17, "adjNum": 16, "infNum": 2, "partPastNum": 0, "partPresNum": 0, "partFutNum": 0, "transNum": 1, "xNum": 9, "advNum": 20, "properNounNum": 10, "numNum": 2, "conjNum": 15, "punctNum": 37, "pronNum": 17, "relPronNum": 4, "demPronNum": 8, "adposNum": 1, "multiplePunctNum": 8, "phraseNum": 0, "nounRate": 0.17613636363636365, "verbRate": 0.09659090909090909, "adjRate": 0.09090909090909091, "infRate": 0.011363636363636364, "partPastRate": 0.0, "partPresRate": 0.0, "partFutRate": 0.0, "transRate": 0.005681818181818182, "xRate": 0.05113636363636364, "advRate": 0.11363636363636363, "properNounRate": 0.056818181818181816, "numRate": 0.011363636363636364, "conjRate": 0.08522727272727272, "punctRate": 0.21022727272727273, "pronRate": 0.09659090909090909, "relPronRate": 0.022727272727272728, "demPronRate": 0.045454545454545456, "adposRate": 0.005681818181818182, "multiplePunctRate": 0.21621621621621623, "partsDensityRate": 3.5, "contentfulness": 10.5, "phraseRate": 0.0, "pastTenseNum": 10, "presentTenseNum": 5, "condNum": 0, "impNum": 0, "freqNum": 0, "causNum": 0, "modalNum": 0, "sg1VerbNum": 17, "sg2VerbNum": 17, "sg3VerbNum": 17, "pl1VerbNum": 17, "pl2VerbNum": 17, "pl3VerbNum": 17, "superlatNum": 0, "comparatNum": 2, "specDerivSuffixNum": 0, "pluralNounNum": 1, "pastTenseRate": 0.5882352941176471, "presentTenseRate": 0.29411764705882354, "condRate": 0.0, "impRate": 0.0, "freqRate": 0.0, "causRate": 0.0, "modalRate": 0.0, "sg1VerbRate": 1.0, "sg2VerbRate": 1.0, "sg3VerbRate": 1.0, "pl1VerbRate": 1.0, "pl2VerbRate": 1.0, "pl3VerbRate": 1.0, "superlatRate": 0.0, "comparatRate": 0.125, "specDerivSuffixRate": 0.0, "pluralNounRate": 0.03225806451612903, "subjNum": 12, "objNum": 7, "attNum": 9, "subordNum": 6, "adverbNum": 24, "coordNum": 8, "clauseNum": 24, "simpleNum": 2, "complexNum": 6, "complexity1Num": 2, "complexity2Num": 2, "complexity3Num": 0, "compoundNum": 0, "subjRate": 0.06818181818181818, "objRate": 0.03977272727272727, "attRate": 0.05113636363636364, "subordRate": 0.03409090909090909, "adverbRate": 0.13636363636363635, "coordRate": 0.045454545454545456, "partsRate": 2.5, "clauseRate": 3.0, "simpleRate": 0.25, "complexRate": 0.75, "complexity1Rate": 0.25, "complexity2Rate": 0.25, "complexity3Rate": 0.0, "complexClauseRate": 3.6666666666666665, "sentencesPerParagraph": 0.0, "wordsLengthRate": 4.841726618705036, "compoundRate": 0.0, "positiveNum": 0, "negativeNum": 0, "precoPositiveNum": 0, "precoNegativeNum": 0, "negemoNum": 0, "negationNum": 3, "functionNum": 92, "contentNum": 84, "vulgarNum": 0, "racistNum": 0, "specStyleNum": 0, "addressingNum": 0, "closingNum": 0, "postscriptNum": 0, "brutalNum": 0, "positiveRate": 0.0, "negativeRate": 0.0, "precoPositiveRate": 0.0, "precoNegativeRate": 0.0, "negemoRate": 0.0, "negationRate": 0.017045454545454544, "functionRate": 0.5227272727272727, "contentRate": 0.4772727272727273, "vulgarRate": 0.0, "racistRate": 0.0, "specStyleRate": 0.0, "addressingRate": 0.0, "closingRate": 0.0, "postscriptRate": 0.0, "brutalRate": 0.0, "epistemicNum": 0, "investNum": 0, "conditionNum": 0, "weaselNum": 0, "peacockNum": 0, "hedgeNum": 0, "doxasticNum": 0, "epistemicRate": 0.0, "investRate": 0.0, "conditionRate": 0.0, "weaselRate": 0.0, "peacockRate": 0.0, "hedgeRate": 0.0, "doxasticRate": 0.0, "loveNum": 0, "anxietyNum": 0, "sorrowNum": 0, "joyNum": 0, "disgustNum": 0, "fearNum": 0, "surpriseNum": 0, "angerNum": 0, "loveRate": 0.0, "anxietyRate": 0.0, "sorrowRate": 0.0, "joyRate": 0.0, "disgustRate": 0.0, "fearRate": 0.0, "surpriseRate": 0.0, "angerRate": 0.0, "slangBeGeneralNum": 0, "slangBeCigaretteNum": 0, "slangBeHumanNum": 0, "slangBeVehicleNum": 0, "slangBeDrugNum": 0, "slangBvNum": 0, "slangBeGeneralRate": 0.0, "slangBeCigaretteRate": 0.0, "slangBeHumanRate": 0.0, "slangBeVehicleRate": 0.0, "slangBeDrugRate": 0.0, "slangBvRate": 0.0, "speechactNum": 0, "quoteNum": 0, "dashNum": 0, "publicNum": 0, "privateNum": 0, "suasiveNum": 0, "discMarkerNum": 0, "smileyNum": 1, "dateNum": 2, "hesitationNum": 0, "restartNum": 0, "repeatNum": 0, "conjBeforeDiscNum": 0, "conjAfterDiscNum": 0, "wordBeforeHesitationNum": 0, "wordAfterHesitationNum": 0, "otherCollocationNum": 0, "speechactRate": 0.0, "quoteRate": 0.0, "dashRate": 0.0, "publicRate": 0.0, "privateRate": 0.0, "suasiveRate": 0.0, "discMarkerRate": 0.0, "smileyRate": 0.005681818181818182, "dateRate": 0.011363636363636364, "hesitationRate": 0.0, "restartRate": 0.0, "repeatRate": 0.0, "conjBeforeDiscRate": 0.0, "conjAfterDiscRate": 0.0, "wordBeforeHesitationRate": 0.0, "wordAfterHesitationRate": 0.0, "otherCollocationRate": 0.0, "easyWordNum": 170, "hardWordNum": 6, "easyWordRate": 0.9659090909090909, "hardWordRate": 0.03409090909090909, "fleschReadingEaseScore": 82.11977272727273, "gunningFogIndex": 8.813636363636364, "fleschKincaidGradeLevel": 7.270681818181817, "colemanLiauIndex": 8.094522727272722, "smogIndex": 5.683917801722854, "automatedReadabilityIndex": 8.677613636363635, "linsearWriteIndex": 5.356534090909092, "author": "", "locationNameNum": 1, "locationNameRate": 0.005681818181818182, "personNameNum": 2, "personNameRate": 0.011363636363636364, "organizationNameNum": 0, "organizationNameRate": 0.0, "misspelledNum": 0, "misspelledRate": 0.0, "missingAccentNum": 0, "missingAccentRate": 0.0, "foreignAccentNum": 0, "foreignAccentRate": 0.0, "wordConcatNum": 0, "wordConcatRate": 0.0, "jLyMistakeNum": 0, "jLyMistakeRate": 0.0, "publicVNum": 0, "freqSuffixNum": 0, "partsNum": 60, "clauseWordNum": 24, "privateVNum": 0}