{"tokenNum": 120, "sentenceNum": 7, "lemmaNum": 73, "lemmaRate": 0.6083333333333333, "sentenceLength": 17.142857142857142, "allUpperNum": 1, "firstUpperNum": 7, "allUpperRate": 0.008333333333333333, "firstUpperRate": 0.058333333333333334, "declarSentNum": 7, "imperSentNum": 0, "questionNum": 0, "declarSentRate": 1.0, "imperSentRate": 0.0, "questionRate": 0.0, "accent": true, "saturation": 4.294117647058823, "paragraphNum": 0, "nounNum": 17, "verbNum": 14, "adjNum": 7, "infNum": 0, "partPastNum": 0, "partPresNum": 0, "partFutNum": 0, "transNum": 2, "xNum": 7, "advNum": 21, "properNounNum": 2, "numNum": 1, "conjNum": 6, "punctNum": 28, "pronNum": 10, "relPronNum": 3, "demPronNum": 5, "adposNum": 1, "multiplePunctNum": 1, "phraseNum": 0, "nounRate": 0.14166666666666666, "verbRate": 0.11666666666666667, "adjRate": 0.058333333333333334, "infRate": 0.0, "partPastRate": 0.0, "partPresRate": 0.0, "partFutRate": 0.0, "transRate": 0.016666666666666666, "xRate": 0.058333333333333334, "advRate": 0.175, "properNounRate": 0.016666666666666666, "numRate": 0.008333333333333333, "conjRate": 0.05, "punctRate": 0.23333333333333334, "pronRate": 0.08333333333333333, "relPronRate": 0.025, "demPronRate": 0.041666666666666664, "adposRate": 0.008333333333333333, "multiplePunctRate": 0.03571428571428571, "partsDensityRate": 3.4705882352941178, "contentfulness": 8.428571428571429, "phraseRate": 0.0, "pastTenseNum": 5, "presentTenseNum": 9, "condNum": 0, "impNum": 1, "freqNum": 0, "causNum": 0, "modalNum": 0, "sg1VerbNum": 14, "sg2VerbNum": 14, "sg3VerbNum": 14, "pl1VerbNum": 14, "pl2VerbNum": 14, "pl3VerbNum": 14, "superlatNum": 0, "comparatNum": 0, "specDerivSuffixNum": 0, "pluralNounNum": 1, "pastTenseRate": 0.35714285714285715, "presentTenseRate": 0.6428571428571429, "condRate": 0.0, "impRate": 0.07142857142857142, "freqRate": 0.0, "causRate": 0.0, "modalRate": 0.0, "sg1VerbRate": 1.0, "sg2VerbRate": 1.0, "sg3VerbRate": 1.0, "pl1VerbRate": 1.0, "pl2VerbRate": 1.0, "pl3VerbRate": 1.0, "superlatRate": 0.0, "comparatRate": 0.0, "specDerivSuffixRate": 0.0, "pluralNounRate": 0.058823529411764705, "subjNum": 13, "objNum": 4, "attNum": 3, "subordNum": 5, "adverbNum": 22, "coordNum": 4, "clauseNum": 17, "simpleNum": 3, "complexNum": 4, "complexity1Num": 2, "complexity2Num": 0, "complexity3Num": 0, "compoundNum": 0, "subjRate": 0.10833333333333334, "objRate": 0.03333333333333333, "attRate": 0.025, "subordRate": 0.041666666666666664, "adverbRate": 0.18333333333333332, "coordRate": 0.03333333333333333, "partsRate": 2.7058823529411766, "clauseRate": 2.4285714285714284, "simpleRate": 0.42857142857142855, "complexRate": 0.5714285714285714, "complexity1Rate": 0.2857142857142857, "complexity2Rate": 0.0, "complexity3Rate": 0.0, "complexClauseRate": 3.5, "sentencesPerParagraph": 0.0, "wordsLengthRate": 4.565217391304348, "compoundRate": 0.0, "positiveNum": 0, "negativeNum": 0, "precoPositiveNum": 0, "precoNegativeNum": 0, "negemoNum": 0, "negationNum": 0, "functionNum": 61, "contentNum": 59, "vulgarNum": 0, "racistNum": 0, "specStyleNum": 0, "addressingNum": 0, "closingNum": 0, "postscriptNum": 0, "brutalNum": 0, "positiveRate": 0.0, "negativeRate": 0.0, "precoPositiveRate": 0.0, "precoNegativeRate": 0.0, "negemoRate": 0.0, "negationRate": 0.0, "functionRate": 0.5083333333333333, "contentRate": 0.49166666666666664, "vulgarRate": 0.0, "racistRate": 0.0, "specStyleRate": 0.0, "addressingRate": 0.0, "closingRate": 0.0, "postscriptRate": 0.0, "brutalRate": 0.0, "epistemicNum": 0, "investNum": 0, "conditionNum": 0, "weaselNum": 0, "peacockNum": 0, "hedgeNum": 0, "doxasticNum": 0, "epistemicRate": 0.0, "investRate": 0.0, "conditionRate": 0.0, "weaselRate": 0.0, "peacockRate": 0.0, "hedgeRate": 0.0, "doxasticRate": 0.0, "loveNum": 0, "anxietyNum": 0, "sorrowNum": 0, "joyNum": 0, "disgustNum": 0, "fearNum": 0, "surpriseNum": 0, "angerNum": 0, "loveRate": 0.0, "anxietyRate": 0.0, "sorrowRate": 0.0, "joyRate": 0.0, "disgustRate": 0.0, "fearRate": 0.0, "surpriseRate": 0.0, "angerRate": 0.0, "slangBeGeneralNum": 0, "slangBeCigaretteNum": 0, "slangBeHumanNum": 0, "slangBeVehicleNum": 0, "slangBeDrugNum": 0, "slangBvNum": 0, "slangBeGeneralRate": 0.0, "slangBeCigaretteRate": 0.0, "slangBeHumanRate": 0.0, "slangBeVehicleRate": 0.0, "slangBeDrugRate": 0.0, "slangBvRate": 0.0, "speechactNum": 0, "quoteNum": 0, "dashNum": 0, "publicNum": 0, "privateNum": 0, "suasiveNum": 0, "discMarkerNum": 0, "smileyNum": 0, "dateNum": 0, "hesitationNum": 0, "restartNum": 0, "repeatNum": 1, "conjBeforeDiscNum": 0, "conjAfterDiscNum": 0, "wordBeforeHesitationNum": 0, "wordAfterHesitationNum": 0, "otherCollocationNum": 0, "speechactRate": 0.0, "quoteRate": 0.0, "dashRate": 0.0, "publicRate": 0.0, "privateRate": 0.0, "suasiveRate": 0.0, "discMarkerRate": 0.0, "smileyRate": 0.0, "dateRate": 0.0, "hesitationRate": 0.0, "restartRate": 0.0, "repeatRate": 0.008333333333333333, "conjBeforeDiscRate": 0.0, "conjAfterDiscRate": 0.0, "wordBeforeHesitationRate": 0.0, "wordAfterHesitationRate": 0.0, "otherCollocationRate": 0.0, "easyWordNum": 119, "hardWordNum": 1, "easyWordRate": 0.9916666666666667, "hardWordRate": 0.008333333333333333, "fleschReadingEaseScore": 89.325, "gunningFogIndex": 6.860476190476191, "fleschKincaidGradeLevel": 5.059047619047622, "colemanLiauIndex": 5.6983250000000005, "smogIndex": 4.1721, "automatedReadabilityIndex": 4.3329285714285675, "linsearWriteIndex": 5.845238095238096, "author": "", "locationNameNum": 0, "locationNameRate": 0.0, "personNameNum": 1, "personNameRate": 0.008333333333333333, "organizationNameNum": 0, "organizationNameRate": 0.0, "misspelledNum": 0, "misspelledRate": 0.0, "missingAccentNum": 0, "missingAccentRate": 0.0, "foreignAccentNum": 0, "foreignAccentRate": 0.0, "wordConcatNum": 0, "wordConcatRate": 0.0, "jLyMistakeNum": 0, "jLyMistakeRate": 0.0, "publicVNum": 0, "freqSuffixNum": 0, "partsNum": 46, "clauseWordNum": 17, "privateVNum": 0}