{"tokenNum": 107, "sentenceNum": 9, "lemmaNum": 69, "lemmaRate": 0.6448598130841121, "sentenceLength": 11.88888888888889, "allUpperNum": 8, "firstUpperNum": 16, "allUpperRate": 0.07476635514018691, "firstUpperRate": 0.14953271028037382, "declarSentNum": 7, "imperSentNum": 2, "questionNum": 0, "declarSentRate": 0.7777777777777778, "imperSentRate": 0.2222222222222222, "questionRate": 0.0, "accent": true, "saturation": 5.3076923076923075, "paragraphNum": 0, "nounNum": 25, "verbNum": 12, "adjNum": 5, "infNum": 2, "partPastNum": 0, "partPresNum": 0, "partFutNum": 0, "transNum": 0, "xNum": 4, "advNum": 10, "properNounNum": 12, "numNum": 1, "conjNum": 3, "punctNum": 23, "pronNum": 10, "relPronNum": 3, "demPronNum": 4, "adposNum": 1, "multiplePunctNum": 0, "phraseNum": 0, "nounRate": 0.2336448598130841, "verbRate": 0.11214953271028037, "adjRate": 0.04672897196261682, "infRate": 0.018691588785046728, "partPastRate": 0.0, "partPresRate": 0.0, "partFutRate": 0.0, "transRate": 0.0, "xRate": 0.037383177570093455, "advRate": 0.09345794392523364, "properNounRate": 0.11214953271028037, "numRate": 0.009345794392523364, "conjRate": 0.028037383177570093, "punctRate": 0.21495327102803738, "pronRate": 0.09345794392523364, "relPronRate": 0.028037383177570093, "demPronRate": 0.037383177570093455, "adposRate": 0.009345794392523364, "multiplePunctRate": 0.0, "partsDensityRate": 4.0, "contentfulness": 5.777777777777778, "phraseRate": 0.0, "pastTenseNum": 6, "presentTenseNum": 4, "condNum": 0, "impNum": 0, "freqNum": 0, "causNum": 0, "modalNum": 0, "sg1VerbNum": 12, "sg2VerbNum": 12, "sg3VerbNum": 12, "pl1VerbNum": 12, "pl2VerbNum": 12, "pl3VerbNum": 12, "superlatNum": 0, "comparatNum": 1, "specDerivSuffixNum": 0, "pluralNounNum": 2, "pastTenseRate": 0.5, "presentTenseRate": 0.3333333333333333, "condRate": 0.0, "impRate": 0.0, "freqRate": 0.0, "causRate": 0.0, "modalRate": 0.0, "sg1VerbRate": 1.0, "sg2VerbRate": 1.0, "sg3VerbRate": 1.0, "pl1VerbRate": 1.0, "pl2VerbRate": 1.0, "pl3VerbRate": 1.0, "superlatRate": 0.0, "comparatRate": 0.2, "specDerivSuffixRate": 0.0, "pluralNounRate": 0.08, "subjNum": 8, "objNum": 6, "attNum": 3, "subordNum": 4, "adverbNum": 16, "coordNum": 8, "clauseNum": 13, "simpleNum": 6, "complexNum": 3, "complexity1Num": 2, "complexity2Num": 1, "complexity3Num": 0, "compoundNum": 0, "subjRate": 0.07476635514018691, "objRate": 0.056074766355140186, "attRate": 0.028037383177570093, "subordRate": 0.037383177570093455, "adverbRate": 0.14953271028037382, "coordRate": 0.07476635514018691, "partsRate": 3.1538461538461537, "clauseRate": 1.4444444444444444, "simpleRate": 0.6666666666666666, "complexRate": 0.3333333333333333, "complexity1Rate": 0.2222222222222222, "complexity2Rate": 0.1111111111111111, "complexity3Rate": 0.0, "complexClauseRate": 2.3333333333333335, "sentencesPerParagraph": 0.0, "wordsLengthRate": 4.904761904761905, "compoundRate": 0.0, "positiveNum": 0, "negativeNum": 0, "precoPositiveNum": 0, "precoNegativeNum": 0, "negemoNum": 0, "negationNum": 1, "functionNum": 55, "contentNum": 52, "vulgarNum": 0, "racistNum": 0, "specStyleNum": 0, "addressingNum": 0, "closingNum": 0, "postscriptNum": 0, "brutalNum": 0, "positiveRate": 0.0, "negativeRate": 0.0, "precoPositiveRate": 0.0, "precoNegativeRate": 0.0, "negemoRate": 0.0, "negationRate": 0.009345794392523364, "functionRate": 0.514018691588785, "contentRate": 0.48598130841121495, "vulgarRate": 0.0, "racistRate": 0.0, "specStyleRate": 0.0, "addressingRate": 0.0, "closingRate": 0.0, "postscriptRate": 0.0, "brutalRate": 0.0, "epistemicNum": 0, "investNum": 0, "conditionNum": 0, "weaselNum": 0, "peacockNum": 0, "hedgeNum": 0, "doxasticNum": 0, "epistemicRate": 0.0, "investRate": 0.0, "conditionRate": 0.0, "weaselRate": 0.0, "peacockRate": 0.0, "hedgeRate": 0.0, "doxasticRate": 0.0, "loveNum": 0, "anxietyNum": 0, "sorrowNum": 0, "joyNum": 0, "disgustNum": 0, "fearNum": 0, "surpriseNum": 0, "angerNum": 0, "loveRate": 0.0, "anxietyRate": 0.0, "sorrowRate": 0.0, "joyRate": 0.0, "disgustRate": 0.0, "fearRate": 0.0, "surpriseRate": 0.0, "angerRate": 0.0, "slangBeGeneralNum": 0, "slangBeCigaretteNum": 0, "slangBeHumanNum": 0, "slangBeVehicleNum": 0, "slangBeDrugNum": 0, "slangBvNum": 0, "slangBeGeneralRate": 0.0, "slangBeCigaretteRate": 0.0, "slangBeHumanRate": 0.0, "slangBeVehicleRate": 0.0, "slangBeDrugRate": 0.0, "slangBvRate": 0.0, "speechactNum": 0, "quoteNum": 0, "dashNum": 0, "publicNum": 0, "privateNum": 0, "suasiveNum": 0, "discMarkerNum": 0, "smileyNum": 0, "dateNum": 0, "hesitationNum": 0, "restartNum": 0, "repeatNum": 4, "conjBeforeDiscNum": 0, "conjAfterDiscNum": 0, "wordBeforeHesitationNum": 0, "wordAfterHesitationNum": 0, "otherCollocationNum": 0, "speechactRate": 0.0, "quoteRate": 0.0, "dashRate": 0.0, "publicRate": 0.0, "privateRate": 0.0, "suasiveRate": 0.0, "discMarkerRate": 0.0, "smileyRate": 0.0, "dateRate": 0.0, "hesitationRate": 0.0, "restartRate": 0.0, "repeatRate": 0.037383177570093455, "conjBeforeDiscRate": 0.0, "conjAfterDiscRate": 0.0, "wordBeforeHesitationRate": 0.0, "wordAfterHesitationRate": 0.0, "otherCollocationRate": 0.0, "easyWordNum": 102, "hardWordNum": 5, "easyWordRate": 0.9532710280373832, "hardWordRate": 0.04672897196261682, "fleschReadingEaseScore": 81.70422637590863, "gunningFogIndex": 4.7742471443406025, "fleschKincaidGradeLevel": 4.816760124610592, "colemanLiauIndex": 7.9248878504672895, "smogIndex": 5.46131890053228, "automatedReadabilityIndex": 3.4865005192108, "linsearWriteIndex": 4.867082035306335, "author": "", "locationNameNum": 0, "locationNameRate": 0.0, "personNameNum": 3, "personNameRate": 0.028037383177570093, "organizationNameNum": 1, "organizationNameRate": 0.009345794392523364, "misspelledNum": 5, "misspelledRate": 0.04672897196261682, "missingAccentNum": 4, "missingAccentRate": 0.037383177570093455, "foreignAccentNum": 0, "foreignAccentRate": 0.0, "wordConcatNum": 0, "wordConcatRate": 0.0, "jLyMistakeNum": 0, "jLyMistakeRate": 0.0, "publicVNum": 0, "freqSuffixNum": 0, "partsNum": 41, "clauseWordNum": 13, "privateVNum": 0}