{"tokenNum": 275, "sentenceNum": 21, "lemmaNum": 168, "lemmaRate": 0.610909090909091, "sentenceLength": 13.095238095238095, "allUpperNum": 0, "firstUpperNum": 40, "allUpperRate": 0.0, "firstUpperRate": 0.14545454545454545, "declarSentNum": 21, "imperSentNum": 0, "questionNum": 0, "declarSentRate": 1.0, "imperSentRate": 0.0, "questionRate": 0.0, "accent": false, "saturation": 4.2, "paragraphNum": 0, "nounNum": 79, "verbNum": 20, "adjNum": 22, "infNum": 0, "partPastNum": 0, "partPresNum": 0, "partFutNum": 0, "transNum": 0, "xNum": 21, "advNum": 21, "properNounNum": 25, "numNum": 12, "conjNum": 8, "punctNum": 63, "pronNum": 7, "relPronNum": 0, "demPronNum": 7, "adposNum": 2, "multiplePunctNum": 1, "phraseNum": 0, "nounRate": 0.2872727272727273, "verbRate": 0.07272727272727272, "adjRate": 0.08, "infRate": 0.0, "partPastRate": 0.0, "partPresRate": 0.0, "partFutRate": 0.0, "transRate": 0.0, "xRate": 0.07636363636363637, "advRate": 0.07636363636363637, "properNounRate": 0.09090909090909091, "numRate": 0.04363636363636364, "conjRate": 0.02909090909090909, "punctRate": 0.2290909090909091, "pronRate": 0.025454545454545455, "relPronRate": 0.0, "demPronRate": 0.025454545454545455, "adposRate": 0.007272727272727273, "multiplePunctRate": 0.015873015873015872, "partsDensityRate": 3.55, "contentfulness": 6.761904761904762, "phraseRate": 0.0, "pastTenseNum": 13, "presentTenseNum": 7, "condNum": 1, "impNum": 1, "freqNum": 0, "causNum": 0, "modalNum": 0, "sg1VerbNum": 20, "sg2VerbNum": 20, "sg3VerbNum": 20, "pl1VerbNum": 20, "pl2VerbNum": 20, "pl3VerbNum": 20, "superlatNum": 0, "comparatNum": 1, "specDerivSuffixNum": 0, "pluralNounNum": 9, "pastTenseRate": 0.65, "presentTenseRate": 0.35, "condRate": 0.05, "impRate": 0.05, "freqRate": 0.0, "causRate": 0.0, "modalRate": 0.0, "sg1VerbRate": 1.0, "sg2VerbRate": 1.0, "sg3VerbRate": 1.0, "pl1VerbRate": 1.0, "pl2VerbRate": 1.0, "pl3VerbRate": 1.0, "superlatRate": 0.0, "comparatRate": 0.045454545454545456, "specDerivSuffixRate": 0.0, "pluralNounRate": 0.11392405063291139, "subjNum": 18, "objNum": 4, "attNum": 12, "subordNum": 2, "adverbNum": 26, "coordNum": 22, "clauseNum": 40, "simpleNum": 10, "complexNum": 11, "complexity1Num": 5, "complexity2Num": 5, "complexity3Num": 0, "compoundNum": 0, "subjRate": 0.06545454545454546, "objRate": 0.014545454545454545, "attRate": 0.04363636363636364, "subordRate": 0.007272727272727273, "adverbRate": 0.09454545454545454, "coordRate": 0.08, "partsRate": 2.05, "clauseRate": 1.9047619047619047, "simpleRate": 0.47619047619047616, "complexRate": 0.5238095238095238, "complexity1Rate": 0.23809523809523808, "complexity2Rate": 0.23809523809523808, "complexity3Rate": 0.0, "complexClauseRate": 2.727272727272727, "sentencesPerParagraph": 0.0, "wordsLengthRate": 5.028301886792453, "compoundRate": 0.0, "positiveNum": 0, "negativeNum": 0, "precoPositiveNum": 0, "precoNegativeNum": 0, "negemoNum": 0, "negationNum": 3, "functionNum": 133, "contentNum": 142, "vulgarNum": 0, "racistNum": 0, "specStyleNum": 0, "addressingNum": 0, "closingNum": 0, "postscriptNum": 0, "brutalNum": 0, "positiveRate": 0.0, "negativeRate": 0.0, "precoPositiveRate": 0.0, "precoNegativeRate": 0.0, "negemoRate": 0.0, "negationRate": 0.01090909090909091, "functionRate": 0.48363636363636364, "contentRate": 0.5163636363636364, "vulgarRate": 0.0, "racistRate": 0.0, "specStyleRate": 0.0, "addressingRate": 0.0, "closingRate": 0.0, "postscriptRate": 0.0, "brutalRate": 0.0, "epistemicNum": 0, "investNum": 0, "conditionNum": 0, "weaselNum": 0, "peacockNum": 0, "hedgeNum": 0, "doxasticNum": 0, "epistemicRate": 0.0, "investRate": 0.0, "conditionRate": 0.0, "weaselRate": 0.0, "peacockRate": 0.0, "hedgeRate": 0.0, "doxasticRate": 0.0, "loveNum": 0, "anxietyNum": 0, "sorrowNum": 0, "joyNum": 0, "disgustNum": 0, "fearNum": 0, "surpriseNum": 0, "angerNum": 0, "loveRate": 0.0, "anxietyRate": 0.0, "sorrowRate": 0.0, "joyRate": 0.0, "disgustRate": 0.0, "fearRate": 0.0, "surpriseRate": 0.0, "angerRate": 0.0, "slangBeGeneralNum": 0, "slangBeCigaretteNum": 0, "slangBeHumanNum": 0, "slangBeVehicleNum": 0, "slangBeDrugNum": 0, "slangBvNum": 0, "slangBeGeneralRate": 0.0, "slangBeCigaretteRate": 0.0, "slangBeHumanRate": 0.0, "slangBeVehicleRate": 0.0, "slangBeDrugRate": 0.0, "slangBvRate": 0.0, "speechactNum": 0, "quoteNum": 0, "dashNum": 0, "publicNum": 0, "privateNum": 0, "suasiveNum": 0, "discMarkerNum": 0, "smileyNum": 0, "dateNum": 0, "hesitationNum": 0, "restartNum": 1, "repeatNum": 0, "conjBeforeDiscNum": 0, "conjAfterDiscNum": 0, "wordBeforeHesitationNum": 0, "wordAfterHesitationNum": 0, "otherCollocationNum": 0, "speechactRate": 0.0, "quoteRate": 0.0, "dashRate": 0.0, "publicRate": 0.0, "privateRate": 0.0, "suasiveRate": 0.0, "discMarkerRate": 0.0, "smileyRate": 0.0, "dateRate": 0.0, "hesitationRate": 0.0, "restartRate": 0.0036363636363636364, "repeatRate": 0.0, "conjBeforeDiscRate": 0.0, "conjAfterDiscRate": 0.0, "wordBeforeHesitationRate": 0.0, "wordAfterHesitationRate": 0.0, "otherCollocationRate": 0.0, "easyWordNum": 258, "hardWordNum": 17, "easyWordRate": 0.9381818181818182, "hardWordRate": 0.06181818181818182, "fleschReadingEaseScore": 80.94842424242428, "gunningFogIndex": 5.262822510822511, "fleschKincaidGradeLevel": 5.22187012987013, "colemanLiauIndex": 7.995370909090909, "smogIndex": 7.42949916751922, "automatedReadabilityIndex": 4.146019047619049, "linsearWriteIndex": 1.502164502164502, "author": "", "locationNameNum": 0, "locationNameRate": 0.0, "personNameNum": 5, "personNameRate": 0.01818181818181818, "organizationNameNum": 1, "organizationNameRate": 0.0036363636363636364, "misspelledNum": 54, "misspelledRate": 0.19636363636363635, "missingAccentNum": 51, "missingAccentRate": 0.18545454545454546, "foreignAccentNum": 0, "foreignAccentRate": 0.0, "wordConcatNum": 0, "wordConcatRate": 0.0, "jLyMistakeNum": 0, "jLyMistakeRate": 0.0, "publicVNum": 0, "freqSuffixNum": 0, "partsNum": 82, "clauseWordNum": 40, "privateVNum": 0}