{"tokenNum": 623, "sentenceNum": 15, "lemmaNum": 363, "lemmaRate": 0.5826645264847512, "sentenceLength": 41.53333333333333, "allUpperNum": 7, "firstUpperNum": 83, "allUpperRate": 0.011235955056179775, "firstUpperRate": 0.1332263242375602, "declarSentNum": 12, "imperSentNum": 2, "questionNum": 1, "declarSentRate": 0.8, "imperSentRate": 0.13333333333333333, "questionRate": 0.06666666666666667, "accent": false, "saturation": 5.041666666666667, "paragraphNum": 0, "nounNum": 204, "verbNum": 55, "adjNum": 62, "infNum": 7, "partPastNum": 5, "partPresNum": 2, "partFutNum": 0, "transNum": 2, "xNum": 12, "advNum": 34, "properNounNum": 69, "numNum": 9, "conjNum": 20, "punctNum": 145, "pronNum": 20, "relPronNum": 4, "demPronNum": 18, "adposNum": 6, "multiplePunctNum": 1, "phraseNum": 0, "nounRate": 0.3274478330658106, "verbRate": 0.08828250401284109, "adjRate": 0.09951845906902086, "infRate": 0.011235955056179775, "partPastRate": 0.008025682182985553, "partPresRate": 0.0032102728731942215, "partFutRate": 0.0, "transRate": 0.0032102728731942215, "xRate": 0.019261637239165328, "advRate": 0.05457463884430177, "properNounRate": 0.11075441412520064, "numRate": 0.014446227929373997, "conjRate": 0.03210272873194221, "punctRate": 0.23274478330658105, "pronRate": 0.03210272873194221, "relPronRate": 0.006420545746388443, "demPronRate": 0.028892455858747994, "adposRate": 0.009630818619582664, "multiplePunctRate": 0.006896551724137931, "partsDensityRate": 4.930555555555555, "contentfulness": 23.666666666666668, "phraseRate": 0.0, "pastTenseNum": 34, "presentTenseNum": 14, "condNum": 0, "impNum": 5, "freqNum": 0, "causNum": 1, "modalNum": 0, "sg1VerbNum": 55, "sg2VerbNum": 55, "sg3VerbNum": 55, "pl1VerbNum": 55, "pl2VerbNum": 55, "pl3VerbNum": 55, "superlatNum": 1, "comparatNum": 1, "specDerivSuffixNum": 0, "pluralNounNum": 19, "pastTenseRate": 0.6181818181818182, "presentTenseRate": 0.2545454545454545, "condRate": 0.0, "impRate": 0.09090909090909091, "freqRate": 0.0, "causRate": 0.01818181818181818, "modalRate": 0.0, "sg1VerbRate": 1.0, "sg2VerbRate": 1.0, "sg3VerbRate": 1.0, "pl1VerbRate": 1.0, "pl2VerbRate": 1.0, "pl3VerbRate": 1.0, "superlatRate": 0.016129032258064516, "comparatRate": 0.016129032258064516, "specDerivSuffixRate": 0.0, "pluralNounRate": 0.09313725490196079, "subjNum": 30, "objNum": 14, "attNum": 44, "subordNum": 11, "adverbNum": 40, "coordNum": 55, "clauseNum": 72, "simpleNum": 2, "complexNum": 12, "complexity1Num": 3, "complexity2Num": 3, "complexity3Num": 1, "compoundNum": 0, "subjRate": 0.048154093097913325, "objRate": 0.02247191011235955, "attRate": 0.07062600321027288, "subordRate": 0.01765650080256822, "adverbRate": 0.06420545746388442, "coordRate": 0.08828250401284109, "partsRate": 2.5416666666666665, "clauseRate": 4.8, "simpleRate": 0.13333333333333333, "complexRate": 0.8, "complexity1Rate": 0.2, "complexity2Rate": 0.2, "complexity3Rate": 0.06666666666666667, "complexClauseRate": 5.833333333333333, "sentencesPerParagraph": 0.0, "wordsLengthRate": 5.665271966527197, "compoundRate": 0.0, "positiveNum": 0, "negativeNum": 0, "precoPositiveNum": 0, "precoNegativeNum": 0, "negemoNum": 0, "negationNum": 5, "functionNum": 268, "contentNum": 355, "vulgarNum": 0, "racistNum": 0, "specStyleNum": 0, "addressingNum": 0, "closingNum": 0, "postscriptNum": 0, "brutalNum": 0, "positiveRate": 0.0, "negativeRate": 0.0, "precoPositiveRate": 0.0, "precoNegativeRate": 0.0, "negemoRate": 0.0, "negationRate": 0.008025682182985553, "functionRate": 0.4301765650080257, "contentRate": 0.5698234349919743, "vulgarRate": 0.0, "racistRate": 0.0, "specStyleRate": 0.0, "addressingRate": 0.0, "closingRate": 0.0, "postscriptRate": 0.0, "brutalRate": 0.0, "epistemicNum": 0, "investNum": 0, "conditionNum": 0, "weaselNum": 0, "peacockNum": 0, "hedgeNum": 0, "doxasticNum": 0, "epistemicRate": 0.0, "investRate": 0.0, "conditionRate": 0.0, "weaselRate": 0.0, "peacockRate": 0.0, "hedgeRate": 0.0, "doxasticRate": 0.0, "loveNum": 0, "anxietyNum": 0, "sorrowNum": 0, "joyNum": 0, "disgustNum": 0, "fearNum": 0, "surpriseNum": 0, "angerNum": 0, "loveRate": 0.0, "anxietyRate": 0.0, "sorrowRate": 0.0, "joyRate": 0.0, "disgustRate": 0.0, "fearRate": 0.0, "surpriseRate": 0.0, "angerRate": 0.0, "slangBeGeneralNum": 0, "slangBeCigaretteNum": 0, "slangBeHumanNum": 0, "slangBeVehicleNum": 0, "slangBeDrugNum": 0, "slangBvNum": 0, "slangBeGeneralRate": 0.0, "slangBeCigaretteRate": 0.0, "slangBeHumanRate": 0.0, "slangBeVehicleRate": 0.0, "slangBeDrugRate": 0.0, "slangBvRate": 0.0, "speechactNum": 0, "quoteNum": 0, "dashNum": 0, "publicNum": 0, "privateNum": 0, "suasiveNum": 0, "discMarkerNum": 0, "smileyNum": 0, "dateNum": 0, "hesitationNum": 0, "restartNum": 2, "repeatNum": 1, "conjBeforeDiscNum": 0, "conjAfterDiscNum": 0, "wordBeforeHesitationNum": 0, "wordAfterHesitationNum": 0, "otherCollocationNum": 0, "speechactRate": 0.0, "quoteRate": 0.0, "dashRate": 0.0, "publicRate": 0.0, "privateRate": 0.0, "suasiveRate": 0.0, "discMarkerRate": 0.0, "smileyRate": 0.0, "dateRate": 0.0, "hesitationRate": 0.0, "restartRate": 0.0032102728731942215, "repeatRate": 0.0016051364365971107, "conjBeforeDiscRate": 0.0, "conjAfterDiscRate": 0.0, "wordBeforeHesitationRate": 0.0, "wordAfterHesitationRate": 0.0, "otherCollocationRate": 0.0, "easyWordNum": 570, "hardWordNum": 53, "easyWordRate": 0.9149277688603531, "hardWordRate": 0.08507223113964688, "fleschReadingEaseScore": 34.58749491706797, "gunningFogIndex": 16.646720171214554, "fleschKincaidGradeLevel": 18.753104333868382, "colemanLiauIndex": 11.116187800963079, "smogIndex": 10.72225461451958, "automatedReadabilityIndex": 20.860535045478862, "linsearWriteIndex": 2.857677902621723, "author": "", "locationNameNum": 3, "locationNameRate": 0.004815409309791332, "personNameNum": 26, "personNameRate": 0.04173354735152488, "organizationNameNum": 2, "organizationNameRate": 0.0032102728731942215, "misspelledNum": 178, "misspelledRate": 0.2857142857142857, "missingAccentNum": 158, "missingAccentRate": 0.2536115569823435, "foreignAccentNum": 0, "foreignAccentRate": 0.0, "wordConcatNum": 0, "wordConcatRate": 0.0, "jLyMistakeNum": 0, "jLyMistakeRate": 0.0, "publicVNum": 0, "freqSuffixNum": 0, "partsNum": 183, "clauseWordNum": 72, "privateVNum": 0}