{"tokenNum": 87, "sentenceNum": 6, "lemmaNum": 59, "lemmaRate": 0.6781609195402298, "sentenceLength": 14.5, "allUpperNum": 0, "firstUpperNum": 8, "allUpperRate": 0.0, "firstUpperRate": 0.09195402298850575, "declarSentNum": 5, "imperSentNum": 1, "questionNum": 0, "declarSentRate": 0.8333333333333334, "imperSentRate": 0.16666666666666666, "questionRate": 0.0, "accent": false, "saturation": 4.538461538461538, "paragraphNum": 0, "nounNum": 16, "verbNum": 9, "adjNum": 8, "infNum": 1, "partPastNum": 1, "partPresNum": 0, "partFutNum": 0, "transNum": 0, "xNum": 3, "advNum": 3, "properNounNum": 5, "numNum": 2, "conjNum": 7, "punctNum": 32, "pronNum": 3, "relPronNum": 1, "demPronNum": 2, "adposNum": 1, "multiplePunctNum": 7, "phraseNum": 0, "nounRate": 0.1839080459770115, "verbRate": 0.10344827586206896, "adjRate": 0.09195402298850575, "infRate": 0.011494252873563218, "partPastRate": 0.011494252873563218, "partPresRate": 0.0, "partFutRate": 0.0, "transRate": 0.0, "xRate": 0.034482758620689655, "advRate": 0.034482758620689655, "properNounRate": 0.05747126436781609, "numRate": 0.022988505747126436, "conjRate": 0.08045977011494253, "punctRate": 0.367816091954023, "pronRate": 0.034482758620689655, "relPronRate": 0.011494252873563218, "demPronRate": 0.022988505747126436, "adposRate": 0.011494252873563218, "multiplePunctRate": 0.21875, "partsDensityRate": 2.769230769230769, "contentfulness": 6.0, "phraseRate": 0.0, "pastTenseNum": 2, "presentTenseNum": 6, "condNum": 0, "impNum": 1, "freqNum": 0, "causNum": 0, "modalNum": 1, "sg1VerbNum": 9, "sg2VerbNum": 9, "sg3VerbNum": 9, "pl1VerbNum": 9, "pl2VerbNum": 9, "pl3VerbNum": 9, "superlatNum": 0, "comparatNum": 0, "specDerivSuffixNum": 0, "pluralNounNum": 1, "pastTenseRate": 0.2222222222222222, "presentTenseRate": 0.6666666666666666, "condRate": 0.0, "impRate": 0.1111111111111111, "freqRate": 0.0, "causRate": 0.0, "modalRate": 0.1111111111111111, "sg1VerbRate": 1.0, "sg2VerbRate": 1.0, "sg3VerbRate": 1.0, "pl1VerbRate": 1.0, "pl2VerbRate": 1.0, "pl3VerbRate": 1.0, "superlatRate": 0.0, "comparatRate": 0.0, "specDerivSuffixRate": 0.0, "pluralNounRate": 0.0625, "subjNum": 4, "objNum": 2, "attNum": 5, "subordNum": 3, "adverbNum": 5, "coordNum": 1, "clauseNum": 13, "simpleNum": 2, "complexNum": 4, "complexity1Num": 2, "complexity2Num": 1, "complexity3Num": 1, "compoundNum": 0, "subjRate": 0.04597701149425287, "objRate": 0.022988505747126436, "attRate": 0.05747126436781609, "subordRate": 0.034482758620689655, "adverbRate": 0.05747126436781609, "coordRate": 0.011494252873563218, "partsRate": 1.3076923076923077, "clauseRate": 2.1666666666666665, "simpleRate": 0.3333333333333333, "complexRate": 0.6666666666666666, "complexity1Rate": 0.3333333333333333, "complexity2Rate": 0.16666666666666666, "complexity3Rate": 0.16666666666666666, "complexClauseRate": 2.75, "sentencesPerParagraph": 0.0, "wordsLengthRate": 5.381818181818182, "compoundRate": 0.0, "positiveNum": 0, "negativeNum": 0, "precoPositiveNum": 0, "precoNegativeNum": 0, "negemoNum": 0, "negationNum": 1, "functionNum": 51, "contentNum": 36, "vulgarNum": 0, "racistNum": 0, "specStyleNum": 0, "addressingNum": 0, "closingNum": 0, "postscriptNum": 0, "brutalNum": 0, "positiveRate": 0.0, "negativeRate": 0.0, "precoPositiveRate": 0.0, "precoNegativeRate": 0.0, "negemoRate": 0.0, "negationRate": 0.011494252873563218, "functionRate": 0.5862068965517241, "contentRate": 0.41379310344827586, "vulgarRate": 0.0, "racistRate": 0.0, "specStyleRate": 0.0, "addressingRate": 0.0, "closingRate": 0.0, "postscriptRate": 0.0, "brutalRate": 0.0, "epistemicNum": 0, "investNum": 0, "conditionNum": 0, "weaselNum": 0, "peacockNum": 0, "hedgeNum": 0, "doxasticNum": 0, "epistemicRate": 0.0, "investRate": 0.0, "conditionRate": 0.0, "weaselRate": 0.0, "peacockRate": 0.0, "hedgeRate": 0.0, "doxasticRate": 0.0, "loveNum": 0, "anxietyNum": 0, "sorrowNum": 0, "joyNum": 0, "disgustNum": 0, "fearNum": 0, "surpriseNum": 0, "angerNum": 0, "loveRate": 0.0, "anxietyRate": 0.0, "sorrowRate": 0.0, "joyRate": 0.0, "disgustRate": 0.0, "fearRate": 0.0, "surpriseRate": 0.0, "angerRate": 0.0, "slangBeGeneralNum": 0, "slangBeCigaretteNum": 0, "slangBeHumanNum": 0, "slangBeVehicleNum": 0, "slangBeDrugNum": 0, "slangBvNum": 0, "slangBeGeneralRate": 0.0, "slangBeCigaretteRate": 0.0, "slangBeHumanRate": 0.0, "slangBeVehicleRate": 0.0, "slangBeDrugRate": 0.0, "slangBvRate": 0.0, "speechactNum": 0, "quoteNum": 0, "dashNum": 0, "publicNum": 0, "privateNum": 0, "suasiveNum": 0, "discMarkerNum": 0, "smileyNum": 4, "dateNum": 0, "hesitationNum": 0, "restartNum": 0, "repeatNum": 0, "conjBeforeDiscNum": 0, "conjAfterDiscNum": 0, "wordBeforeHesitationNum": 0, "wordAfterHesitationNum": 0, "otherCollocationNum": 0, "speechactRate": 0.0, "quoteRate": 0.0, "dashRate": 0.0, "publicRate": 0.0, "privateRate": 0.0, "suasiveRate": 0.0, "discMarkerRate": 0.0, "smileyRate": 0.04597701149425287, "dateRate": 0.0, "hesitationRate": 0.0, "restartRate": 0.0, "repeatRate": 0.0, "conjBeforeDiscRate": 0.0, "conjAfterDiscRate": 0.0, "wordBeforeHesitationRate": 0.0, "wordAfterHesitationRate": 0.0, "otherCollocationRate": 0.0, "easyWordNum": 81, "hardWordNum": 6, "easyWordRate": 0.9310344827586207, "hardWordRate": 0.06896551724137931, "fleschReadingEaseScore": 98.76577586206898, "gunningFogIndex": 5.827586206896552, "fleschKincaidGradeLevel": 3.0856896551724162, "colemanLiauIndex": 6.81197701149425, "smogIndex": 5.683917801722854, "automatedReadabilityIndex": 3.902068965517241, "linsearWriteIndex": 7.0, "author": "", "locationNameNum": 0, "locationNameRate": 0.0, "personNameNum": 4, "personNameRate": 0.04597701149425287, "organizationNameNum": 0, "organizationNameRate": 0.0, "misspelledNum": 14, "misspelledRate": 0.16091954022988506, "missingAccentNum": 13, "missingAccentRate": 0.14942528735632185, "foreignAccentNum": 0, "foreignAccentRate": 0.0, "wordConcatNum": 0, "wordConcatRate": 0.0, "jLyMistakeNum": 0, "jLyMistakeRate": 0.0, "publicVNum": 0, "freqSuffixNum": 0, "partsNum": 17, "clauseWordNum": 13, "privateVNum": 0}