{"tokenNum": 122, "sentenceNum": 6, "lemmaNum": 83, "lemmaRate": 0.680327868852459, "sentenceLength": 20.333333333333332, "allUpperNum": 10, "firstUpperNum": 15, "allUpperRate": 0.08196721311475409, "firstUpperRate": 0.12295081967213115, "declarSentNum": 1, "imperSentNum": 5, "questionNum": 0, "declarSentRate": 0.16666666666666666, "imperSentRate": 0.8333333333333334, "questionRate": 0.0, "accent": true, "saturation": 5.928571428571429, "paragraphNum": 0, "nounNum": 45, "verbNum": 8, "adjNum": 11, "infNum": 1, "partPastNum": 1, "partPresNum": 0, "partFutNum": 0, "transNum": 0, "xNum": 5, "advNum": 8, "properNounNum": 19, "numNum": 0, "conjNum": 9, "punctNum": 33, "pronNum": 1, "relPronNum": 0, "demPronNum": 2, "adposNum": 0, "multiplePunctNum": 1, "phraseNum": 0, "nounRate": 0.36885245901639346, "verbRate": 0.06557377049180328, "adjRate": 0.09016393442622951, "infRate": 0.00819672131147541, "partPastRate": 0.00819672131147541, "partPresRate": 0.0, "partFutRate": 0.0, "transRate": 0.0, "xRate": 0.040983606557377046, "advRate": 0.06557377049180328, "properNounRate": 0.1557377049180328, "numRate": 0.0, "conjRate": 0.07377049180327869, "punctRate": 0.27049180327868855, "pronRate": 0.00819672131147541, "relPronRate": 0.0, "demPronRate": 0.01639344262295082, "adposRate": 0.0, "multiplePunctRate": 0.030303030303030304, "partsDensityRate": 5.142857142857143, "contentfulness": 12.0, "phraseRate": 0.0, "pastTenseNum": 5, "presentTenseNum": 2, "condNum": 0, "impNum": 0, "freqNum": 0, "causNum": 0, "modalNum": 0, "sg1VerbNum": 8, "sg2VerbNum": 8, "sg3VerbNum": 8, "pl1VerbNum": 8, "pl2VerbNum": 8, "pl3VerbNum": 8, "superlatNum": 0, "comparatNum": 0, "specDerivSuffixNum": 0, "pluralNounNum": 4, "pastTenseRate": 0.625, "presentTenseRate": 0.25, "condRate": 0.0, "impRate": 0.0, "freqRate": 0.0, "causRate": 0.0, "modalRate": 0.0, "sg1VerbRate": 1.0, "sg2VerbRate": 1.0, "sg3VerbRate": 1.0, "pl1VerbRate": 1.0, "pl2VerbRate": 1.0, "pl3VerbRate": 1.0, "superlatRate": 0.0, "comparatRate": 0.0, "specDerivSuffixRate": 0.0, "pluralNounRate": 0.08888888888888889, "subjNum": 5, "objNum": 1, "attNum": 9, "subordNum": 1, "adverbNum": 8, "coordNum": 19, "clauseNum": 14, "simpleNum": 3, "complexNum": 3, "complexity1Num": 0, "complexity2Num": 1, "complexity3Num": 2, "compoundNum": 0, "subjRate": 0.040983606557377046, "objRate": 0.00819672131147541, "attRate": 0.07377049180327869, "subordRate": 0.00819672131147541, "adverbRate": 0.06557377049180328, "coordRate": 0.1557377049180328, "partsRate": 3.0, "clauseRate": 2.3333333333333335, "simpleRate": 0.5, "complexRate": 0.5, "complexity1Rate": 0.0, "complexity2Rate": 0.16666666666666666, "complexity3Rate": 0.3333333333333333, "complexClauseRate": 3.6666666666666665, "sentencesPerParagraph": 0.0, "wordsLengthRate": 5.932584269662922, "compoundRate": 0.0, "positiveNum": 0, "negativeNum": 0, "precoPositiveNum": 0, "precoNegativeNum": 0, "negemoNum": 0, "negationNum": 0, "functionNum": 50, "contentNum": 72, "vulgarNum": 0, "racistNum": 0, "specStyleNum": 0, "addressingNum": 0, "closingNum": 0, "postscriptNum": 0, "brutalNum": 0, "positiveRate": 0.0, "negativeRate": 0.0, "precoPositiveRate": 0.0, "precoNegativeRate": 0.0, "negemoRate": 0.0, "negationRate": 0.0, "functionRate": 0.4098360655737705, "contentRate": 0.5901639344262295, "vulgarRate": 0.0, "racistRate": 0.0, "specStyleRate": 0.0, "addressingRate": 0.0, "closingRate": 0.0, "postscriptRate": 0.0, "brutalRate": 0.0, "epistemicNum": 0, "investNum": 0, "conditionNum": 0, "weaselNum": 0, "peacockNum": 0, "hedgeNum": 0, "doxasticNum": 0, "epistemicRate": 0.0, "investRate": 0.0, "conditionRate": 0.0, "weaselRate": 0.0, "peacockRate": 0.0, "hedgeRate": 0.0, "doxasticRate": 0.0, "loveNum": 0, "anxietyNum": 0, "sorrowNum": 0, "joyNum": 0, "disgustNum": 0, "fearNum": 0, "surpriseNum": 0, "angerNum": 0, "loveRate": 0.0, "anxietyRate": 0.0, "sorrowRate": 0.0, "joyRate": 0.0, "disgustRate": 0.0, "fearRate": 0.0, "surpriseRate": 0.0, "angerRate": 0.0, "slangBeGeneralNum": 0, "slangBeCigaretteNum": 0, "slangBeHumanNum": 0, "slangBeVehicleNum": 0, "slangBeDrugNum": 0, "slangBvNum": 0, "slangBeGeneralRate": 0.0, "slangBeCigaretteRate": 0.0, "slangBeHumanRate": 0.0, "slangBeVehicleRate": 0.0, "slangBeDrugRate": 0.0, "slangBvRate": 0.0, "speechactNum": 0, "quoteNum": 0, "dashNum": 0, "publicNum": 0, "privateNum": 0, "suasiveNum": 0, "discMarkerNum": 0, "smileyNum": 0, "dateNum": 0, "hesitationNum": 0, "restartNum": 0, "repeatNum": 4, "conjBeforeDiscNum": 0, "conjAfterDiscNum": 0, "wordBeforeHesitationNum": 0, "wordAfterHesitationNum": 0, "otherCollocationNum": 0, "speechactRate": 0.0, "quoteRate": 0.0, "dashRate": 0.0, "publicRate": 0.0, "privateRate": 0.0, "suasiveRate": 0.0, "discMarkerRate": 0.0, "smileyRate": 0.0, "dateRate": 0.0, "hesitationRate": 0.0, "restartRate": 0.0, "repeatRate": 0.03278688524590164, "conjBeforeDiscRate": 0.0, "conjAfterDiscRate": 0.0, "wordBeforeHesitationRate": 0.0, "wordAfterHesitationRate": 0.0, "otherCollocationRate": 0.0, "easyWordNum": 104, "hardWordNum": 18, "easyWordRate": 0.8524590163934426, "hardWordRate": 0.14754098360655737, "fleschReadingEaseScore": 57.216338797814245, "gunningFogIndex": 8.192349726775957, "fleschKincaidGradeLevel": 10.330163934426228, "colemanLiauIndex": 11.09108196721311, "smogIndex": 7.554174236665414, "automatedReadabilityIndex": 10.240519125683058, "linsearWriteIndex": 10.587431693989071, "author": "", "locationNameNum": 2, "locationNameRate": 0.01639344262295082, "personNameNum": 1, "personNameRate": 0.00819672131147541, "organizationNameNum": 1, "organizationNameRate": 0.00819672131147541, "misspelledNum": 10, "misspelledRate": 0.08196721311475409, "missingAccentNum": 5, "missingAccentRate": 0.040983606557377046, "foreignAccentNum": 0, "foreignAccentRate": 0.0, "wordConcatNum": 1, "wordConcatRate": 0.00819672131147541, "jLyMistakeNum": 0, "jLyMistakeRate": 0.0, "publicVNum": 0, "freqSuffixNum": 0, "partsNum": 42, "clauseWordNum": 14, "privateVNum": 0}