{"tokenNum": 101, "sentenceNum": 7, "lemmaNum": 65, "lemmaRate": 0.6435643564356436, "sentenceLength": 14.428571428571429, "allUpperNum": 0, "firstUpperNum": 8, "allUpperRate": 0.0, "firstUpperRate": 0.07920792079207921, "declarSentNum": 7, "imperSentNum": 0, "questionNum": 0, "declarSentRate": 1.0, "imperSentRate": 0.0, "questionRate": 0.0, "accent": true, "saturation": 4.0625, "paragraphNum": 0, "nounNum": 24, "verbNum": 10, "adjNum": 3, "infNum": 1, "partPastNum": 0, "partPresNum": 1, "partFutNum": 0, "transNum": 0, "xNum": 6, "advNum": 8, "properNounNum": 3, "numNum": 2, "conjNum": 12, "punctNum": 19, "pronNum": 6, "relPronNum": 1, "demPronNum": 4, "adposNum": 5, "multiplePunctNum": 0, "phraseNum": 0, "nounRate": 0.2376237623762376, "verbRate": 0.09900990099009901, "adjRate": 0.0297029702970297, "infRate": 0.009900990099009901, "partPastRate": 0.0, "partPresRate": 0.009900990099009901, "partFutRate": 0.0, "transRate": 0.0, "xRate": 0.0594059405940594, "advRate": 0.07920792079207921, "properNounRate": 0.0297029702970297, "numRate": 0.019801980198019802, "conjRate": 0.1188118811881188, "punctRate": 0.18811881188118812, "pronRate": 0.0594059405940594, "relPronRate": 0.009900990099009901, "demPronRate": 0.039603960396039604, "adposRate": 0.04950495049504951, "multiplePunctRate": 0.0, "partsDensityRate": 2.8125, "contentfulness": 6.428571428571429, "phraseRate": 0.0, "pastTenseNum": 4, "presentTenseNum": 5, "condNum": 0, "impNum": 0, "freqNum": 0, "causNum": 0, "modalNum": 0, "sg1VerbNum": 10, "sg2VerbNum": 10, "sg3VerbNum": 10, "pl1VerbNum": 10, "pl2VerbNum": 10, "pl3VerbNum": 10, "superlatNum": 0, "comparatNum": 0, "specDerivSuffixNum": 0, "pluralNounNum": 1, "pastTenseRate": 0.4, "presentTenseRate": 0.5, "condRate": 0.0, "impRate": 0.0, "freqRate": 0.0, "causRate": 0.0, "modalRate": 0.0, "sg1VerbRate": 1.0, "sg2VerbRate": 1.0, "sg3VerbRate": 1.0, "pl1VerbRate": 1.0, "pl2VerbRate": 1.0, "pl3VerbRate": 1.0, "superlatRate": 0.0, "comparatRate": 0.0, "specDerivSuffixRate": 0.0, "pluralNounRate": 0.041666666666666664, "subjNum": 4, "objNum": 4, "attNum": 3, "subordNum": 3, "adverbNum": 11, "coordNum": 3, "clauseNum": 16, "simpleNum": 3, "complexNum": 4, "complexity1Num": 2, "complexity2Num": 1, "complexity3Num": 0, "compoundNum": 0, "subjRate": 0.039603960396039604, "objRate": 0.039603960396039604, "attRate": 0.0297029702970297, "subordRate": 0.0297029702970297, "adverbRate": 0.10891089108910891, "coordRate": 0.0297029702970297, "partsRate": 1.5625, "clauseRate": 2.2857142857142856, "simpleRate": 0.42857142857142855, "complexRate": 0.5714285714285714, "complexity1Rate": 0.2857142857142857, "complexity2Rate": 0.14285714285714285, "complexity3Rate": 0.0, "complexClauseRate": 3.25, "sentencesPerParagraph": 0.0, "wordsLengthRate": 4.390243902439025, "compoundRate": 0.0, "positiveNum": 0, "negativeNum": 0, "precoPositiveNum": 0, "precoNegativeNum": 0, "negemoNum": 0, "negationNum": 1, "functionNum": 56, "contentNum": 45, "vulgarNum": 0, "racistNum": 0, "specStyleNum": 0, "addressingNum": 0, "closingNum": 0, "postscriptNum": 0, "brutalNum": 0, "positiveRate": 0.0, "negativeRate": 0.0, "precoPositiveRate": 0.0, "precoNegativeRate": 0.0, "negemoRate": 0.0, "negationRate": 0.009900990099009901, "functionRate": 0.5544554455445545, "contentRate": 0.44554455445544555, "vulgarRate": 0.0, "racistRate": 0.0, "specStyleRate": 0.0, "addressingRate": 0.0, "closingRate": 0.0, "postscriptRate": 0.0, "brutalRate": 0.0, "epistemicNum": 0, "investNum": 0, "conditionNum": 0, "weaselNum": 0, "peacockNum": 0, "hedgeNum": 0, "doxasticNum": 0, "epistemicRate": 0.0, "investRate": 0.0, "conditionRate": 0.0, "weaselRate": 0.0, "peacockRate": 0.0, "hedgeRate": 0.0, "doxasticRate": 0.0, "loveNum": 0, "anxietyNum": 0, "sorrowNum": 0, "joyNum": 0, "disgustNum": 0, "fearNum": 0, "surpriseNum": 0, "angerNum": 0, "loveRate": 0.0, "anxietyRate": 0.0, "sorrowRate": 0.0, "joyRate": 0.0, "disgustRate": 0.0, "fearRate": 0.0, "surpriseRate": 0.0, "angerRate": 0.0, "slangBeGeneralNum": 0, "slangBeCigaretteNum": 0, "slangBeHumanNum": 0, "slangBeVehicleNum": 0, "slangBeDrugNum": 0, "slangBvNum": 0, "slangBeGeneralRate": 0.0, "slangBeCigaretteRate": 0.0, "slangBeHumanRate": 0.0, "slangBeVehicleRate": 0.0, "slangBeDrugRate": 0.0, "slangBvRate": 0.0, "speechactNum": 0, "quoteNum": 0, "dashNum": 0, "publicNum": 0, "privateNum": 0, "suasiveNum": 0, "discMarkerNum": 0, "smileyNum": 0, "dateNum": 0, "hesitationNum": 0, "restartNum": 0, "repeatNum": 0, "conjBeforeDiscNum": 0, "conjAfterDiscNum": 0, "wordBeforeHesitationNum": 0, "wordAfterHesitationNum": 0, "otherCollocationNum": 0, "speechactRate": 0.0, "quoteRate": 0.0, "dashRate": 0.0, "publicRate": 0.0, "privateRate": 0.0, "suasiveRate": 0.0, "discMarkerRate": 0.0, "smileyRate": 0.0, "dateRate": 0.0, "hesitationRate": 0.0, "restartRate": 0.0, "repeatRate": 0.0, "conjBeforeDiscRate": 0.0, "conjAfterDiscRate": 0.0, "wordBeforeHesitationRate": 0.0, "wordAfterHesitationRate": 0.0, "otherCollocationRate": 0.0, "easyWordNum": 99, "hardWordNum": 2, "easyWordRate": 0.9801980198019802, "hardWordRate": 0.019801980198019802, "fleschReadingEaseScore": 93.35039603960396, "gunningFogIndex": 5.77934936350778, "fleschKincaidGradeLevel": 3.8232814710042433, "colemanLiauIndex": 5.951970297029703, "smogIndex": 4.604124745555138, "automatedReadabilityIndex": 3.1786421499292814, "linsearWriteIndex": 6.001414427157002, "author": "", "locationNameNum": 0, "locationNameRate": 0.0, "personNameNum": 1, "personNameRate": 0.009900990099009901, "organizationNameNum": 0, "organizationNameRate": 0.0, "misspelledNum": 3, "misspelledRate": 0.0297029702970297, "missingAccentNum": 1, "missingAccentRate": 0.009900990099009901, "foreignAccentNum": 0, "foreignAccentRate": 0.0, "wordConcatNum": 0, "wordConcatRate": 0.0, "jLyMistakeNum": 0, "jLyMistakeRate": 0.0, "publicVNum": 0, "freqSuffixNum": 0, "partsNum": 25, "clauseWordNum": 16, "privateVNum": 0}