{"tokenNum": 121, "sentenceNum": 7, "lemmaNum": 66, "lemmaRate": 0.5454545454545454, "sentenceLength": 17.285714285714285, "allUpperNum": 2, "firstUpperNum": 13, "allUpperRate": 0.01652892561983471, "firstUpperRate": 0.10743801652892562, "declarSentNum": 7, "imperSentNum": 0, "questionNum": 0, "declarSentRate": 1.0, "imperSentRate": 0.0, "questionRate": 0.0, "accent": true, "saturation": 3.6666666666666665, "paragraphNum": 0, "nounNum": 12, "verbNum": 15, "adjNum": 12, "infNum": 1, "partPastNum": 0, "partPresNum": 0, "partFutNum": 0, "transNum": 0, "xNum": 6, "advNum": 10, "properNounNum": 6, "numNum": 1, "conjNum": 11, "punctNum": 28, "pronNum": 15, "relPronNum": 1, "demPronNum": 5, "adposNum": 1, "multiplePunctNum": 1, "phraseNum": 0, "nounRate": 0.09917355371900827, "verbRate": 0.12396694214876033, "adjRate": 0.09917355371900827, "infRate": 0.008264462809917356, "partPastRate": 0.0, "partPresRate": 0.0, "partFutRate": 0.0, "transRate": 0.0, "xRate": 0.049586776859504134, "advRate": 0.08264462809917356, "properNounRate": 0.049586776859504134, "numRate": 0.008264462809917356, "conjRate": 0.09090909090909091, "punctRate": 0.23140495867768596, "pronRate": 0.12396694214876033, "relPronRate": 0.008264462809917356, "demPronRate": 0.04132231404958678, "adposRate": 0.008264462809917356, "multiplePunctRate": 0.03571428571428571, "partsDensityRate": 2.7222222222222223, "contentfulness": 7.0, "phraseRate": 0.0, "pastTenseNum": 8, "presentTenseNum": 6, "condNum": 0, "impNum": 2, "freqNum": 0, "causNum": 0, "modalNum": 0, "sg1VerbNum": 15, "sg2VerbNum": 15, "sg3VerbNum": 15, "pl1VerbNum": 15, "pl2VerbNum": 15, "pl3VerbNum": 15, "superlatNum": 0, "comparatNum": 4, "specDerivSuffixNum": 0, "pluralNounNum": 0, "pastTenseRate": 0.5333333333333333, "presentTenseRate": 0.4, "condRate": 0.0, "impRate": 0.13333333333333333, "freqRate": 0.0, "causRate": 0.0, "modalRate": 0.0, "sg1VerbRate": 1.0, "sg2VerbRate": 1.0, "sg3VerbRate": 1.0, "pl1VerbRate": 1.0, "pl2VerbRate": 1.0, "pl3VerbRate": 1.0, "superlatRate": 0.0, "comparatRate": 0.3333333333333333, "specDerivSuffixRate": 0.0, "pluralNounRate": 0.0, "subjNum": 7, "objNum": 6, "attNum": 3, "subordNum": 7, "adverbNum": 10, "coordNum": 9, "clauseNum": 18, "simpleNum": 2, "complexNum": 5, "complexity1Num": 2, "complexity2Num": 1, "complexity3Num": 1, "compoundNum": 0, "subjRate": 0.05785123966942149, "objRate": 0.049586776859504134, "attRate": 0.024793388429752067, "subordRate": 0.05785123966942149, "adverbRate": 0.08264462809917356, "coordRate": 0.0743801652892562, "partsRate": 1.9444444444444444, "clauseRate": 2.5714285714285716, "simpleRate": 0.2857142857142857, "complexRate": 0.7142857142857143, "complexity1Rate": 0.2857142857142857, "complexity2Rate": 0.14285714285714285, "complexity3Rate": 0.14285714285714285, "complexClauseRate": 3.2, "sentencesPerParagraph": 0.0, "wordsLengthRate": 4.688172043010753, "compoundRate": 0.0, "positiveNum": 0, "negativeNum": 0, "precoPositiveNum": 0, "precoNegativeNum": 0, "negemoNum": 0, "negationNum": 3, "functionNum": 72, "contentNum": 49, "vulgarNum": 0, "racistNum": 0, "specStyleNum": 0, "addressingNum": 0, "closingNum": 0, "postscriptNum": 0, "brutalNum": 0, "positiveRate": 0.0, "negativeRate": 0.0, "precoPositiveRate": 0.0, "precoNegativeRate": 0.0, "negemoRate": 0.0, "negationRate": 0.024793388429752067, "functionRate": 0.5950413223140496, "contentRate": 0.4049586776859504, "vulgarRate": 0.0, "racistRate": 0.0, "specStyleRate": 0.0, "addressingRate": 0.0, "closingRate": 0.0, "postscriptRate": 0.0, "brutalRate": 0.0, "epistemicNum": 0, "investNum": 0, "conditionNum": 0, "weaselNum": 0, "peacockNum": 0, "hedgeNum": 0, "doxasticNum": 0, "epistemicRate": 0.0, "investRate": 0.0, "conditionRate": 0.0, "weaselRate": 0.0, "peacockRate": 0.0, "hedgeRate": 0.0, "doxasticRate": 0.0, "loveNum": 0, "anxietyNum": 0, "sorrowNum": 0, "joyNum": 0, "disgustNum": 0, "fearNum": 0, "surpriseNum": 0, "angerNum": 0, "loveRate": 0.0, "anxietyRate": 0.0, "sorrowRate": 0.0, "joyRate": 0.0, "disgustRate": 0.0, "fearRate": 0.0, "surpriseRate": 0.0, "angerRate": 0.0, "slangBeGeneralNum": 0, "slangBeCigaretteNum": 0, "slangBeHumanNum": 0, "slangBeVehicleNum": 0, "slangBeDrugNum": 0, "slangBvNum": 0, "slangBeGeneralRate": 0.0, "slangBeCigaretteRate": 0.0, "slangBeHumanRate": 0.0, "slangBeVehicleRate": 0.0, "slangBeDrugRate": 0.0, "slangBvRate": 0.0, "speechactNum": 0, "quoteNum": 0, "dashNum": 0, "publicNum": 0, "privateNum": 0, "suasiveNum": 0, "discMarkerNum": 0, "smileyNum": 0, "dateNum": 0, "hesitationNum": 0, "restartNum": 0, "repeatNum": 0, "conjBeforeDiscNum": 0, "conjAfterDiscNum": 0, "wordBeforeHesitationNum": 0, "wordAfterHesitationNum": 0, "otherCollocationNum": 0, "speechactRate": 0.0, "quoteRate": 0.0, "dashRate": 0.0, "publicRate": 0.0, "privateRate": 0.0, "suasiveRate": 0.0, "discMarkerRate": 0.0, "smileyRate": 0.0, "dateRate": 0.0, "hesitationRate": 0.0, "restartRate": 0.0, "repeatRate": 0.0, "conjBeforeDiscRate": 0.0, "conjAfterDiscRate": 0.0, "wordBeforeHesitationRate": 0.0, "wordAfterHesitationRate": 0.0, "otherCollocationRate": 0.0, "easyWordNum": 118, "hardWordNum": 3, "easyWordRate": 0.9752066115702479, "hardWordRate": 0.024793388429752067, "fleschReadingEaseScore": 94.2023966942149, "gunningFogIndex": 6.924203069657615, "fleschKincaidGradeLevel": 4.414238488783944, "colemanLiauIndex": 6.591561983471074, "smogIndex": 4.935628992294339, "automatedReadabilityIndex": 5.118642266824086, "linsearWriteIndex": 6.142857142857143, "author": "", "locationNameNum": 0, "locationNameRate": 0.0, "personNameNum": 0, "personNameRate": 0.0, "organizationNameNum": 0, "organizationNameRate": 0.0, "misspelledNum": 0, "misspelledRate": 0.0, "missingAccentNum": 0, "missingAccentRate": 0.0, "foreignAccentNum": 0, "foreignAccentRate": 0.0, "wordConcatNum": 0, "wordConcatRate": 0.0, "jLyMistakeNum": 0, "jLyMistakeRate": 0.0, "publicVNum": 0, "freqSuffixNum": 0, "partsNum": 35, "clauseWordNum": 18, "privateVNum": 0}