{"tokenNum": 87, "sentenceNum": 7, "lemmaNum": 48, "lemmaRate": 0.5517241379310345, "sentenceLength": 12.428571428571429, "allUpperNum": 0, "firstUpperNum": 7, "allUpperRate": 0.0, "firstUpperRate": 0.08045977011494253, "declarSentNum": 7, "imperSentNum": 0, "questionNum": 0, "declarSentRate": 1.0, "imperSentRate": 0.0, "questionRate": 0.0, "accent": true, "saturation": 3.6923076923076925, "paragraphNum": 0, "nounNum": 12, "verbNum": 9, "adjNum": 8, "infNum": 1, "partPastNum": 0, "partPresNum": 1, "partFutNum": 0, "transNum": 0, "xNum": 5, "advNum": 10, "properNounNum": 2, "numNum": 1, "conjNum": 10, "punctNum": 13, "pronNum": 12, "relPronNum": 1, "demPronNum": 7, "adposNum": 0, "multiplePunctNum": 0, "phraseNum": 0, "nounRate": 0.13793103448275862, "verbRate": 0.10344827586206896, "adjRate": 0.09195402298850575, "infRate": 0.011494252873563218, "partPastRate": 0.0, "partPresRate": 0.011494252873563218, "partFutRate": 0.0, "transRate": 0.0, "xRate": 0.05747126436781609, "advRate": 0.11494252873563218, "properNounRate": 0.022988505747126436, "numRate": 0.011494252873563218, "conjRate": 0.11494252873563218, "punctRate": 0.14942528735632185, "pronRate": 0.13793103448275862, "relPronRate": 0.011494252873563218, "demPronRate": 0.08045977011494253, "adposRate": 0.0, "multiplePunctRate": 0.0, "partsDensityRate": 3.0, "contentfulness": 5.571428571428571, "phraseRate": 0.0, "pastTenseNum": 0, "presentTenseNum": 8, "condNum": 1, "impNum": 0, "freqNum": 0, "causNum": 0, "modalNum": 2, "sg1VerbNum": 9, "sg2VerbNum": 9, "sg3VerbNum": 9, "pl1VerbNum": 9, "pl2VerbNum": 9, "pl3VerbNum": 9, "superlatNum": 2, "comparatNum": 1, "specDerivSuffixNum": 0, "pluralNounNum": 0, "pastTenseRate": 0.0, "presentTenseRate": 0.8888888888888888, "condRate": 0.1111111111111111, "impRate": 0.0, "freqRate": 0.0, "causRate": 0.0, "modalRate": 0.2222222222222222, "sg1VerbRate": 1.0, "sg2VerbRate": 1.0, "sg3VerbRate": 1.0, "pl1VerbRate": 1.0, "pl2VerbRate": 1.0, "pl3VerbRate": 1.0, "superlatRate": 0.25, "comparatRate": 0.125, "specDerivSuffixRate": 0.0, "pluralNounRate": 0.0, "subjNum": 9, "objNum": 3, "attNum": 5, "subordNum": 6, "adverbNum": 12, "coordNum": 5, "clauseNum": 13, "simpleNum": 1, "complexNum": 5, "complexity1Num": 3, "complexity2Num": 2, "complexity3Num": 0, "compoundNum": 0, "subjRate": 0.10344827586206896, "objRate": 0.034482758620689655, "attRate": 0.05747126436781609, "subordRate": 0.06896551724137931, "adverbRate": 0.13793103448275862, "coordRate": 0.05747126436781609, "partsRate": 2.6153846153846154, "clauseRate": 1.8571428571428572, "simpleRate": 0.14285714285714285, "complexRate": 0.7142857142857143, "complexity1Rate": 0.42857142857142855, "complexity2Rate": 0.2857142857142857, "complexity3Rate": 0.0, "complexClauseRate": 2.4, "sentencesPerParagraph": 0.0, "wordsLengthRate": 4.472972972972973, "compoundRate": 0.0, "positiveNum": 0, "negativeNum": 0, "precoPositiveNum": 0, "precoNegativeNum": 0, "negemoNum": 0, "negationNum": 4, "functionNum": 48, "contentNum": 39, "vulgarNum": 0, "racistNum": 0, "specStyleNum": 0, "addressingNum": 0, "closingNum": 0, "postscriptNum": 0, "brutalNum": 0, "positiveRate": 0.0, "negativeRate": 0.0, "precoPositiveRate": 0.0, "precoNegativeRate": 0.0, "negemoRate": 0.0, "negationRate": 0.04597701149425287, "functionRate": 0.5517241379310345, "contentRate": 0.4482758620689655, "vulgarRate": 0.0, "racistRate": 0.0, "specStyleRate": 0.0, "addressingRate": 0.0, "closingRate": 0.0, "postscriptRate": 0.0, "brutalRate": 0.0, "epistemicNum": 0, "investNum": 0, "conditionNum": 0, "weaselNum": 0, "peacockNum": 0, "hedgeNum": 0, "doxasticNum": 0, "epistemicRate": 0.0, "investRate": 0.0, "conditionRate": 0.0, "weaselRate": 0.0, "peacockRate": 0.0, "hedgeRate": 0.0, "doxasticRate": 0.0, "loveNum": 0, "anxietyNum": 0, "sorrowNum": 0, "joyNum": 0, "disgustNum": 0, "fearNum": 0, "surpriseNum": 0, "angerNum": 0, "loveRate": 0.0, "anxietyRate": 0.0, "sorrowRate": 0.0, "joyRate": 0.0, "disgustRate": 0.0, "fearRate": 0.0, "surpriseRate": 0.0, "angerRate": 0.0, "slangBeGeneralNum": 0, "slangBeCigaretteNum": 0, "slangBeHumanNum": 0, "slangBeVehicleNum": 0, "slangBeDrugNum": 0, "slangBvNum": 0, "slangBeGeneralRate": 0.0, "slangBeCigaretteRate": 0.0, "slangBeHumanRate": 0.0, "slangBeVehicleRate": 0.0, "slangBeDrugRate": 0.0, "slangBvRate": 0.0, "speechactNum": 0, "quoteNum": 0, "dashNum": 0, "publicNum": 0, "privateNum": 0, "suasiveNum": 0, "discMarkerNum": 0, "smileyNum": 0, "dateNum": 0, "hesitationNum": 0, "restartNum": 0, "repeatNum": 0, "conjBeforeDiscNum": 0, "conjAfterDiscNum": 0, "wordBeforeHesitationNum": 0, "wordAfterHesitationNum": 0, "otherCollocationNum": 0, "speechactRate": 0.0, "quoteRate": 0.0, "dashRate": 0.0, "publicRate": 0.0, "privateRate": 0.0, "suasiveRate": 0.0, "discMarkerRate": 0.0, "smileyRate": 0.0, "dateRate": 0.0, "hesitationRate": 0.0, "restartRate": 0.0, "repeatRate": 0.0, "conjBeforeDiscRate": 0.0, "conjAfterDiscRate": 0.0, "wordBeforeHesitationRate": 0.0, "wordAfterHesitationRate": 0.0, "otherCollocationRate": 0.0, "easyWordNum": 84, "hardWordNum": 3, "easyWordRate": 0.9655172413793104, "hardWordRate": 0.034482758620689655, "fleschReadingEaseScore": 90.17172413793105, "gunningFogIndex": 4.985221674876848, "fleschKincaidGradeLevel": 3.7697865353037763, "colemanLiauIndex": 7.150448275862065, "smogIndex": 4.935628992294339, "automatedReadabilityIndex": 3.1370443349753714, "linsearWriteIndex": 5.285714285714286, "author": "", "locationNameNum": 1, "locationNameRate": 0.011494252873563218, "personNameNum": 0, "personNameRate": 0.0, "organizationNameNum": 0, "organizationNameRate": 0.0, "misspelledNum": 0, "misspelledRate": 0.0, "missingAccentNum": 0, "missingAccentRate": 0.0, "foreignAccentNum": 0, "foreignAccentRate": 0.0, "wordConcatNum": 0, "wordConcatRate": 0.0, "jLyMistakeNum": 0, "jLyMistakeRate": 0.0, "publicVNum": 0, "freqSuffixNum": 0, "partsNum": 34, "clauseWordNum": 13, "privateVNum": 0}