{"tokenNum": 102, "sentenceNum": 5, "lemmaNum": 70, "lemmaRate": 0.6862745098039216, "sentenceLength": 20.4, "allUpperNum": 2, "firstUpperNum": 9, "allUpperRate": 0.0196078431372549, "firstUpperRate": 0.08823529411764706, "declarSentNum": 5, "imperSentNum": 0, "questionNum": 0, "declarSentRate": 1.0, "imperSentRate": 0.0, "questionRate": 0.0, "accent": true, "saturation": 4.666666666666667, "paragraphNum": 0, "nounNum": 13, "verbNum": 12, "adjNum": 7, "infNum": 1, "partPastNum": 0, "partPresNum": 1, "partFutNum": 0, "transNum": 1, "xNum": 5, "advNum": 11, "properNounNum": 2, "numNum": 1, "conjNum": 5, "punctNum": 26, "pronNum": 8, "relPronNum": 3, "demPronNum": 3, "adposNum": 2, "multiplePunctNum": 0, "phraseNum": 0, "nounRate": 0.12745098039215685, "verbRate": 0.11764705882352941, "adjRate": 0.06862745098039216, "infRate": 0.00980392156862745, "partPastRate": 0.0, "partPresRate": 0.00980392156862745, "partFutRate": 0.0, "transRate": 0.00980392156862745, "xRate": 0.049019607843137254, "advRate": 0.10784313725490197, "properNounRate": 0.0196078431372549, "numRate": 0.00980392156862745, "conjRate": 0.049019607843137254, "punctRate": 0.2549019607843137, "pronRate": 0.0784313725490196, "relPronRate": 0.029411764705882353, "demPronRate": 0.029411764705882353, "adposRate": 0.0196078431372549, "multiplePunctRate": 0.0, "partsDensityRate": 2.8666666666666667, "contentfulness": 8.6, "phraseRate": 0.0, "pastTenseNum": 1, "presentTenseNum": 10, "condNum": 0, "impNum": 1, "freqNum": 0, "causNum": 0, "modalNum": 0, "sg1VerbNum": 12, "sg2VerbNum": 12, "sg3VerbNum": 12, "pl1VerbNum": 12, "pl2VerbNum": 12, "pl3VerbNum": 12, "superlatNum": 0, "comparatNum": 0, "specDerivSuffixNum": 0, "pluralNounNum": 1, "pastTenseRate": 0.08333333333333333, "presentTenseRate": 0.8333333333333334, "condRate": 0.0, "impRate": 0.08333333333333333, "freqRate": 0.0, "causRate": 0.0, "modalRate": 0.0, "sg1VerbRate": 1.0, "sg2VerbRate": 1.0, "sg3VerbRate": 1.0, "pl1VerbRate": 1.0, "pl2VerbRate": 1.0, "pl3VerbRate": 1.0, "superlatRate": 0.0, "comparatRate": 0.0, "specDerivSuffixRate": 0.0, "pluralNounRate": 0.07692307692307693, "subjNum": 5, "objNum": 6, "attNum": 5, "subordNum": 5, "adverbNum": 12, "coordNum": 2, "clauseNum": 15, "simpleNum": 1, "complexNum": 4, "complexity1Num": 0, "complexity2Num": 3, "complexity3Num": 0, "compoundNum": 0, "subjRate": 0.049019607843137254, "objRate": 0.058823529411764705, "attRate": 0.049019607843137254, "subordRate": 0.049019607843137254, "adverbRate": 0.11764705882352941, "coordRate": 0.0196078431372549, "partsRate": 2.0, "clauseRate": 3.0, "simpleRate": 0.2, "complexRate": 0.8, "complexity1Rate": 0.0, "complexity2Rate": 0.6, "complexity3Rate": 0.0, "complexClauseRate": 3.5, "sentencesPerParagraph": 0.0, "wordsLengthRate": 5.4868421052631575, "compoundRate": 0.0, "positiveNum": 0, "negativeNum": 0, "precoPositiveNum": 0, "precoNegativeNum": 0, "negemoNum": 0, "negationNum": 2, "functionNum": 59, "contentNum": 43, "vulgarNum": 0, "racistNum": 0, "specStyleNum": 0, "addressingNum": 0, "closingNum": 0, "postscriptNum": 0, "brutalNum": 0, "positiveRate": 0.0, "negativeRate": 0.0, "precoPositiveRate": 0.0, "precoNegativeRate": 0.0, "negemoRate": 0.0, "negationRate": 0.0196078431372549, "functionRate": 0.5784313725490197, "contentRate": 0.4215686274509804, "vulgarRate": 0.0, "racistRate": 0.0, "specStyleRate": 0.0, "addressingRate": 0.0, "closingRate": 0.0, "postscriptRate": 0.0, "brutalRate": 0.0, "epistemicNum": 0, "investNum": 0, "conditionNum": 0, "weaselNum": 0, "peacockNum": 0, "hedgeNum": 0, "doxasticNum": 0, "epistemicRate": 0.0, "investRate": 0.0, "conditionRate": 0.0, "weaselRate": 0.0, "peacockRate": 0.0, "hedgeRate": 0.0, "doxasticRate": 0.0, "loveNum": 0, "anxietyNum": 0, "sorrowNum": 0, "joyNum": 0, "disgustNum": 0, "fearNum": 0, "surpriseNum": 0, "angerNum": 0, "loveRate": 0.0, "anxietyRate": 0.0, "sorrowRate": 0.0, "joyRate": 0.0, "disgustRate": 0.0, "fearRate": 0.0, "surpriseRate": 0.0, "angerRate": 0.0, "slangBeGeneralNum": 0, "slangBeCigaretteNum": 0, "slangBeHumanNum": 0, "slangBeVehicleNum": 0, "slangBeDrugNum": 0, "slangBvNum": 0, "slangBeGeneralRate": 0.0, "slangBeCigaretteRate": 0.0, "slangBeHumanRate": 0.0, "slangBeVehicleRate": 0.0, "slangBeDrugRate": 0.0, "slangBvRate": 0.0, "speechactNum": 0, "quoteNum": 0, "dashNum": 0, "publicNum": 0, "privateNum": 0, "suasiveNum": 0, "discMarkerNum": 0, "smileyNum": 0, "dateNum": 0, "hesitationNum": 0, "restartNum": 0, "repeatNum": 5, "conjBeforeDiscNum": 0, "conjAfterDiscNum": 0, "wordBeforeHesitationNum": 0, "wordAfterHesitationNum": 0, "otherCollocationNum": 0, "speechactRate": 0.0, "quoteRate": 0.0, "dashRate": 0.0, "publicRate": 0.0, "privateRate": 0.0, "suasiveRate": 0.0, "discMarkerRate": 0.0, "smileyRate": 0.0, "dateRate": 0.0, "hesitationRate": 0.0, "restartRate": 0.0, "repeatRate": 0.049019607843137254, "conjBeforeDiscRate": 0.0, "conjAfterDiscRate": 0.0, "wordBeforeHesitationRate": 0.0, "wordAfterHesitationRate": 0.0, "otherCollocationRate": 0.0, "easyWordNum": 95, "hardWordNum": 7, "easyWordRate": 0.9313725490196079, "hardWordRate": 0.06862745098039216, "fleschReadingEaseScore": 65.86429411764708, "gunningFogIndex": 8.187450980392157, "fleschKincaidGradeLevel": 9.14050980392157, "colemanLiauIndex": 9.434460784313721, "smogIndex": 5.888618617440368, "automatedReadabilityIndex": 8.949117647058824, "linsearWriteIndex": 10.980392156862745, "author": "", "locationNameNum": 0, "locationNameRate": 0.0, "personNameNum": 2, "personNameRate": 0.0196078431372549, "organizationNameNum": 0, "organizationNameRate": 0.0, "misspelledNum": 2, "misspelledRate": 0.0196078431372549, "missingAccentNum": 1, "missingAccentRate": 0.00980392156862745, "foreignAccentNum": 0, "foreignAccentRate": 0.0, "wordConcatNum": 0, "wordConcatRate": 0.0, "jLyMistakeNum": 0, "jLyMistakeRate": 0.0, "publicVNum": 0, "freqSuffixNum": 0, "partsNum": 30, "clauseWordNum": 15, "privateVNum": 0}