{"tokenNum": 336, "sentenceNum": 28, "lemmaNum": 181, "lemmaRate": 0.5386904761904762, "sentenceLength": 12.0, "allUpperNum": 2, "firstUpperNum": 43, "allUpperRate": 0.005952380952380952, "firstUpperRate": 0.12797619047619047, "declarSentNum": 28, "imperSentNum": 0, "questionNum": 0, "declarSentRate": 1.0, "imperSentRate": 0.0, "questionRate": 0.0, "accent": true, "saturation": 4.414634146341464, "paragraphNum": 0, "nounNum": 70, "verbNum": 39, "adjNum": 35, "infNum": 4, "partPastNum": 3, "partPresNum": 2, "partFutNum": 0, "transNum": 2, "xNum": 26, "advNum": 28, "properNounNum": 16, "numNum": 1, "conjNum": 20, "punctNum": 57, "pronNum": 19, "relPronNum": 3, "demPronNum": 10, "adposNum": 1, "multiplePunctNum": 1, "phraseNum": 0, "nounRate": 0.20833333333333334, "verbRate": 0.11607142857142858, "adjRate": 0.10416666666666667, "infRate": 0.011904761904761904, "partPastRate": 0.008928571428571428, "partPresRate": 0.005952380952380952, "partFutRate": 0.0, "transRate": 0.005952380952380952, "xRate": 0.07738095238095238, "advRate": 0.08333333333333333, "properNounRate": 0.047619047619047616, "numRate": 0.002976190476190476, "conjRate": 0.05952380952380952, "punctRate": 0.16964285714285715, "pronRate": 0.05654761904761905, "relPronRate": 0.008928571428571428, "demPronRate": 0.02976190476190476, "adposRate": 0.002976190476190476, "multiplePunctRate": 0.017543859649122806, "partsDensityRate": 4.195121951219512, "contentfulness": 6.142857142857143, "phraseRate": 0.0, "pastTenseNum": 27, "presentTenseNum": 8, "condNum": 2, "impNum": 0, "freqNum": 0, "causNum": 0, "modalNum": 1, "sg1VerbNum": 39, "sg2VerbNum": 39, "sg3VerbNum": 39, "pl1VerbNum": 39, "pl2VerbNum": 39, "pl3VerbNum": 39, "superlatNum": 2, "comparatNum": 1, "specDerivSuffixNum": 0, "pluralNounNum": 6, "pastTenseRate": 0.6923076923076923, "presentTenseRate": 0.20512820512820512, "condRate": 0.05128205128205128, "impRate": 0.0, "freqRate": 0.0, "causRate": 0.0, "modalRate": 0.02564102564102564, "sg1VerbRate": 1.0, "sg2VerbRate": 1.0, "sg3VerbRate": 1.0, "pl1VerbRate": 1.0, "pl2VerbRate": 1.0, "pl3VerbRate": 1.0, "superlatRate": 0.05714285714285714, "comparatRate": 0.02857142857142857, "specDerivSuffixRate": 0.0, "pluralNounRate": 0.08571428571428572, "subjNum": 23, "objNum": 6, "attNum": 27, "subordNum": 10, "adverbNum": 36, "coordNum": 7, "clauseNum": 41, "simpleNum": 17, "complexNum": 11, "complexity1Num": 9, "complexity2Num": 2, "complexity3Num": 0, "compoundNum": 0, "subjRate": 0.06845238095238096, "objRate": 0.017857142857142856, "attRate": 0.08035714285714286, "subordRate": 0.02976190476190476, "adverbRate": 0.10714285714285714, "coordRate": 0.020833333333333332, "partsRate": 2.4146341463414633, "clauseRate": 1.4642857142857142, "simpleRate": 0.6071428571428571, "complexRate": 0.39285714285714285, "complexity1Rate": 0.32142857142857145, "complexity2Rate": 0.07142857142857142, "complexity3Rate": 0.0, "complexClauseRate": 2.1818181818181817, "sentencesPerParagraph": 0.0, "wordsLengthRate": 5.21505376344086, "compoundRate": 0.0, "positiveNum": 0, "negativeNum": 0, "precoPositiveNum": 0, "precoNegativeNum": 0, "negemoNum": 0, "negationNum": 5, "functionNum": 164, "contentNum": 172, "vulgarNum": 0, "racistNum": 0, "specStyleNum": 0, "addressingNum": 0, "closingNum": 0, "postscriptNum": 0, "brutalNum": 0, "positiveRate": 0.0, "negativeRate": 0.0, "precoPositiveRate": 0.0, "precoNegativeRate": 0.0, "negemoRate": 0.0, "negationRate": 0.01488095238095238, "functionRate": 0.4880952380952381, "contentRate": 0.5119047619047619, "vulgarRate": 0.0, "racistRate": 0.0, "specStyleRate": 0.0, "addressingRate": 0.0, "closingRate": 0.0, "postscriptRate": 0.0, "brutalRate": 0.0, "epistemicNum": 0, "investNum": 0, "conditionNum": 0, "weaselNum": 0, "peacockNum": 0, "hedgeNum": 0, "doxasticNum": 0, "epistemicRate": 0.0, "investRate": 0.0, "conditionRate": 0.0, "weaselRate": 0.0, "peacockRate": 0.0, "hedgeRate": 0.0, "doxasticRate": 0.0, "loveNum": 0, "anxietyNum": 0, "sorrowNum": 0, "joyNum": 0, "disgustNum": 0, "fearNum": 0, "surpriseNum": 0, "angerNum": 0, "loveRate": 0.0, "anxietyRate": 0.0, "sorrowRate": 0.0, "joyRate": 0.0, "disgustRate": 0.0, "fearRate": 0.0, "surpriseRate": 0.0, "angerRate": 0.0, "slangBeGeneralNum": 0, "slangBeCigaretteNum": 0, "slangBeHumanNum": 0, "slangBeVehicleNum": 0, "slangBeDrugNum": 0, "slangBvNum": 0, "slangBeGeneralRate": 0.0, "slangBeCigaretteRate": 0.0, "slangBeHumanRate": 0.0, "slangBeVehicleRate": 0.0, "slangBeDrugRate": 0.0, "slangBvRate": 0.0, "speechactNum": 0, "quoteNum": 0, "dashNum": 0, "publicNum": 0, "privateNum": 0, "suasiveNum": 0, "discMarkerNum": 0, "smileyNum": 0, "dateNum": 0, "hesitationNum": 0, "restartNum": 0, "repeatNum": 2, "conjBeforeDiscNum": 0, "conjAfterDiscNum": 0, "wordBeforeHesitationNum": 0, "wordAfterHesitationNum": 0, "otherCollocationNum": 0, "speechactRate": 0.0, "quoteRate": 0.0, "dashRate": 0.0, "publicRate": 0.0, "privateRate": 0.0, "suasiveRate": 0.0, "discMarkerRate": 0.0, "smileyRate": 0.0, "dateRate": 0.0, "hesitationRate": 0.0, "restartRate": 0.0, "repeatRate": 0.005952380952380952, "conjBeforeDiscRate": 0.0, "conjAfterDiscRate": 0.0, "wordBeforeHesitationRate": 0.0, "wordAfterHesitationRate": 0.0, "otherCollocationRate": 0.0, "easyWordNum": 307, "hardWordNum": 29, "easyWordRate": 0.9136904761904762, "hardWordRate": 0.08630952380952381, "fleschReadingEaseScore": 69.76928571428572, "gunningFogIndex": 4.83452380952381, "fleschKincaidGradeLevel": 6.509047619047621, "colemanLiauIndex": 10.28403571428571, "smogIndex": 8.745826893841286, "automatedReadabilityIndex": 5.428571428571431, "linsearWriteIndex": 0.9557823129251699, "author": "", "locationNameNum": 1, "locationNameRate": 0.002976190476190476, "personNameNum": 2, "personNameRate": 0.005952380952380952, "organizationNameNum": 2, "organizationNameRate": 0.005952380952380952, "misspelledNum": 89, "misspelledRate": 0.2648809523809524, "missingAccentNum": 81, "missingAccentRate": 0.24107142857142858, "foreignAccentNum": 0, "foreignAccentRate": 0.0, "wordConcatNum": 2, "wordConcatRate": 0.005952380952380952, "jLyMistakeNum": 2, "jLyMistakeRate": 0.005952380952380952, "publicVNum": 0, "freqSuffixNum": 0, "partsNum": 99, "clauseWordNum": 41, "privateVNum": 0}