{"tokenNum": 161, "sentenceNum": 14, "lemmaNum": 89, "lemmaRate": 0.5527950310559007, "sentenceLength": 11.5, "allUpperNum": 3, "firstUpperNum": 23, "allUpperRate": 0.018633540372670808, "firstUpperRate": 0.14285714285714285, "declarSentNum": 13, "imperSentNum": 1, "questionNum": 0, "declarSentRate": 0.9285714285714286, "imperSentRate": 0.07142857142857142, "questionRate": 0.0, "accent": true, "saturation": 3.2962962962962963, "paragraphNum": 0, "nounNum": 31, "verbNum": 19, "adjNum": 4, "infNum": 1, "partPastNum": 0, "partPresNum": 2, "partFutNum": 0, "transNum": 1, "xNum": 14, "advNum": 16, "properNounNum": 7, "numNum": 2, "conjNum": 5, "punctNum": 46, "pronNum": 9, "relPronNum": 3, "demPronNum": 5, "adposNum": 1, "multiplePunctNum": 2, "phraseNum": 0, "nounRate": 0.19254658385093168, "verbRate": 0.11801242236024845, "adjRate": 0.024844720496894408, "infRate": 0.006211180124223602, "partPastRate": 0.0, "partPresRate": 0.012422360248447204, "partFutRate": 0.0, "transRate": 0.006211180124223602, "xRate": 0.08695652173913043, "advRate": 0.09937888198757763, "properNounRate": 0.043478260869565216, "numRate": 0.012422360248447204, "conjRate": 0.031055900621118012, "punctRate": 0.2857142857142857, "pronRate": 0.055900621118012424, "relPronRate": 0.018633540372670808, "demPronRate": 0.031055900621118012, "adposRate": 0.006211180124223602, "multiplePunctRate": 0.043478260869565216, "partsDensityRate": 2.5925925925925926, "contentfulness": 5.0, "phraseRate": 0.0, "pastTenseNum": 6, "presentTenseNum": 12, "condNum": 1, "impNum": 0, "freqNum": 0, "causNum": 0, "modalNum": 0, "sg1VerbNum": 19, "sg2VerbNum": 19, "sg3VerbNum": 19, "pl1VerbNum": 19, "pl2VerbNum": 19, "pl3VerbNum": 19, "superlatNum": 0, "comparatNum": 0, "specDerivSuffixNum": 0, "pluralNounNum": 2, "pastTenseRate": 0.3157894736842105, "presentTenseRate": 0.631578947368421, "condRate": 0.05263157894736842, "impRate": 0.0, "freqRate": 0.0, "causRate": 0.0, "modalRate": 0.0, "sg1VerbRate": 1.0, "sg2VerbRate": 1.0, "sg3VerbRate": 1.0, "pl1VerbRate": 1.0, "pl2VerbRate": 1.0, "pl3VerbRate": 1.0, "superlatRate": 0.0, "comparatRate": 0.0, "specDerivSuffixRate": 0.0, "pluralNounRate": 0.06451612903225806, "subjNum": 12, "objNum": 2, "attNum": 4, "subordNum": 5, "adverbNum": 16, "coordNum": 4, "clauseNum": 27, "simpleNum": 7, "complexNum": 7, "complexity1Num": 5, "complexity2Num": 1, "complexity3Num": 0, "compoundNum": 0, "subjRate": 0.07453416149068323, "objRate": 0.012422360248447204, "attRate": 0.024844720496894408, "subordRate": 0.031055900621118012, "adverbRate": 0.09937888198757763, "coordRate": 0.024844720496894408, "partsRate": 1.4074074074074074, "clauseRate": 1.9285714285714286, "simpleRate": 0.5, "complexRate": 0.5, "complexity1Rate": 0.35714285714285715, "complexity2Rate": 0.07142857142857142, "complexity3Rate": 0.0, "complexClauseRate": 2.857142857142857, "sentencesPerParagraph": 0.0, "wordsLengthRate": 4.982608695652174, "compoundRate": 0.0, "positiveNum": 0, "negativeNum": 0, "precoPositiveNum": 0, "precoNegativeNum": 0, "negemoNum": 0, "negationNum": 1, "functionNum": 91, "contentNum": 70, "vulgarNum": 0, "racistNum": 0, "specStyleNum": 0, "addressingNum": 0, "closingNum": 0, "postscriptNum": 0, "brutalNum": 0, "positiveRate": 0.0, "negativeRate": 0.0, "precoPositiveRate": 0.0, "precoNegativeRate": 0.0, "negemoRate": 0.0, "negationRate": 0.006211180124223602, "functionRate": 0.5652173913043478, "contentRate": 0.43478260869565216, "vulgarRate": 0.0, "racistRate": 0.0, "specStyleRate": 0.0, "addressingRate": 0.0, "closingRate": 0.0, "postscriptRate": 0.0, "brutalRate": 0.0, "epistemicNum": 0, "investNum": 0, "conditionNum": 0, "weaselNum": 0, "peacockNum": 0, "hedgeNum": 0, "doxasticNum": 0, "epistemicRate": 0.0, "investRate": 0.0, "conditionRate": 0.0, "weaselRate": 0.0, "peacockRate": 0.0, "hedgeRate": 0.0, "doxasticRate": 0.0, "loveNum": 0, "anxietyNum": 0, "sorrowNum": 0, "joyNum": 0, "disgustNum": 0, "fearNum": 0, "surpriseNum": 0, "angerNum": 0, "loveRate": 0.0, "anxietyRate": 0.0, "sorrowRate": 0.0, "joyRate": 0.0, "disgustRate": 0.0, "fearRate": 0.0, "surpriseRate": 0.0, "angerRate": 0.0, "slangBeGeneralNum": 0, "slangBeCigaretteNum": 0, "slangBeHumanNum": 0, "slangBeVehicleNum": 0, "slangBeDrugNum": 0, "slangBvNum": 0, "slangBeGeneralRate": 0.0, "slangBeCigaretteRate": 0.0, "slangBeHumanRate": 0.0, "slangBeVehicleRate": 0.0, "slangBeDrugRate": 0.0, "slangBvRate": 0.0, "speechactNum": 0, "quoteNum": 0, "dashNum": 0, "publicNum": 0, "privateNum": 0, "suasiveNum": 0, "discMarkerNum": 0, "smileyNum": 0, "dateNum": 0, "hesitationNum": 0, "restartNum": 0, "repeatNum": 5, "conjBeforeDiscNum": 0, "conjAfterDiscNum": 0, "wordBeforeHesitationNum": 0, "wordAfterHesitationNum": 0, "otherCollocationNum": 0, "speechactRate": 0.0, "quoteRate": 0.0, "dashRate": 0.0, "publicRate": 0.0, "privateRate": 0.0, "suasiveRate": 0.0, "discMarkerRate": 0.0, "smileyRate": 0.0, "dateRate": 0.0, "hesitationRate": 0.0, "restartRate": 0.0, "repeatRate": 0.031055900621118012, "conjBeforeDiscRate": 0.0, "conjAfterDiscRate": 0.0, "wordBeforeHesitationRate": 0.0, "wordAfterHesitationRate": 0.0, "otherCollocationRate": 0.0, "easyWordNum": 155, "hardWordNum": 6, "easyWordRate": 0.9627329192546584, "hardWordRate": 0.037267080745341616, "fleschReadingEaseScore": 93.22212732919257, "gunningFogIndex": 4.614906832298137, "fleschKincaidGradeLevel": 3.113633540372671, "colemanLiauIndex": 6.113465838509317, "smogIndex": 5.683917801722854, "automatedReadabilityIndex": 1.8435403726708088, "linsearWriteIndex": 2.527062999112688, "author": "", "locationNameNum": 0, "locationNameRate": 0.0, "personNameNum": 4, "personNameRate": 0.024844720496894408, "organizationNameNum": 0, "organizationNameRate": 0.0, "misspelledNum": 1, "misspelledRate": 0.006211180124223602, "missingAccentNum": 0, "missingAccentRate": 0.0, "foreignAccentNum": 0, "foreignAccentRate": 0.0, "wordConcatNum": 0, "wordConcatRate": 0.0, "jLyMistakeNum": 0, "jLyMistakeRate": 0.0, "publicVNum": 0, "freqSuffixNum": 0, "partsNum": 38, "clauseWordNum": 27, "privateVNum": 0}