{"tokenNum": 118, "sentenceNum": 6, "lemmaNum": 73, "lemmaRate": 0.6186440677966102, "sentenceLength": 19.666666666666668, "allUpperNum": 3, "firstUpperNum": 17, "allUpperRate": 0.025423728813559324, "firstUpperRate": 0.1440677966101695, "declarSentNum": 6, "imperSentNum": 0, "questionNum": 0, "declarSentRate": 1.0, "imperSentRate": 0.0, "questionRate": 0.0, "accent": false, "saturation": 4.294117647058823, "paragraphNum": 0, "nounNum": 25, "verbNum": 11, "adjNum": 6, "infNum": 1, "partPastNum": 0, "partPresNum": 0, "partFutNum": 0, "transNum": 0, "xNum": 4, "advNum": 11, "properNounNum": 13, "numNum": 1, "conjNum": 11, "punctNum": 30, "pronNum": 7, "relPronNum": 2, "demPronNum": 8, "adposNum": 1, "multiplePunctNum": 1, "phraseNum": 0, "nounRate": 0.211864406779661, "verbRate": 0.09322033898305085, "adjRate": 0.05084745762711865, "infRate": 0.00847457627118644, "partPastRate": 0.0, "partPresRate": 0.0, "partFutRate": 0.0, "transRate": 0.0, "xRate": 0.03389830508474576, "advRate": 0.09322033898305085, "properNounRate": 0.11016949152542373, "numRate": 0.00847457627118644, "conjRate": 0.09322033898305085, "punctRate": 0.2542372881355932, "pronRate": 0.059322033898305086, "relPronRate": 0.01694915254237288, "demPronRate": 0.06779661016949153, "adposRate": 0.00847457627118644, "multiplePunctRate": 0.03333333333333333, "partsDensityRate": 3.1176470588235294, "contentfulness": 8.833333333333334, "phraseRate": 0.0, "pastTenseNum": 3, "presentTenseNum": 7, "condNum": 0, "impNum": 0, "freqNum": 0, "causNum": 0, "modalNum": 0, "sg1VerbNum": 11, "sg2VerbNum": 11, "sg3VerbNum": 11, "pl1VerbNum": 11, "pl2VerbNum": 11, "pl3VerbNum": 11, "superlatNum": 0, "comparatNum": 1, "specDerivSuffixNum": 0, "pluralNounNum": 0, "pastTenseRate": 0.2727272727272727, "presentTenseRate": 0.6363636363636364, "condRate": 0.0, "impRate": 0.0, "freqRate": 0.0, "causRate": 0.0, "modalRate": 0.0, "sg1VerbRate": 1.0, "sg2VerbRate": 1.0, "sg3VerbRate": 1.0, "pl1VerbRate": 1.0, "pl2VerbRate": 1.0, "pl3VerbRate": 1.0, "superlatRate": 0.0, "comparatRate": 0.16666666666666666, "specDerivSuffixRate": 0.0, "pluralNounRate": 0.0, "subjNum": 6, "objNum": 3, "attNum": 3, "subordNum": 4, "adverbNum": 14, "coordNum": 3, "clauseNum": 17, "simpleNum": 2, "complexNum": 4, "complexity1Num": 1, "complexity2Num": 0, "complexity3Num": 2, "compoundNum": 0, "subjRate": 0.05084745762711865, "objRate": 0.025423728813559324, "attRate": 0.025423728813559324, "subordRate": 0.03389830508474576, "adverbRate": 0.11864406779661017, "coordRate": 0.025423728813559324, "partsRate": 1.7058823529411764, "clauseRate": 2.8333333333333335, "simpleRate": 0.3333333333333333, "complexRate": 0.6666666666666666, "complexity1Rate": 0.16666666666666666, "complexity2Rate": 0.0, "complexity3Rate": 0.3333333333333333, "complexClauseRate": 3.75, "sentencesPerParagraph": 0.0, "wordsLengthRate": 4.670454545454546, "compoundRate": 0.0, "positiveNum": 0, "negativeNum": 0, "precoPositiveNum": 0, "precoNegativeNum": 0, "negemoNum": 0, "negationNum": 3, "functionNum": 65, "contentNum": 53, "vulgarNum": 0, "racistNum": 0, "specStyleNum": 0, "addressingNum": 0, "closingNum": 0, "postscriptNum": 0, "brutalNum": 0, "positiveRate": 0.0, "negativeRate": 0.0, "precoPositiveRate": 0.0, "precoNegativeRate": 0.0, "negemoRate": 0.0, "negationRate": 0.025423728813559324, "functionRate": 0.5508474576271186, "contentRate": 0.4491525423728814, "vulgarRate": 0.0, "racistRate": 0.0, "specStyleRate": 0.0, "addressingRate": 0.0, "closingRate": 0.0, "postscriptRate": 0.0, "brutalRate": 0.0, "epistemicNum": 0, "investNum": 0, "conditionNum": 0, "weaselNum": 0, "peacockNum": 0, "hedgeNum": 0, "doxasticNum": 0, "epistemicRate": 0.0, "investRate": 0.0, "conditionRate": 0.0, "weaselRate": 0.0, "peacockRate": 0.0, "hedgeRate": 0.0, "doxasticRate": 0.0, "loveNum": 0, "anxietyNum": 0, "sorrowNum": 0, "joyNum": 0, "disgustNum": 0, "fearNum": 0, "surpriseNum": 0, "angerNum": 0, "loveRate": 0.0, "anxietyRate": 0.0, "sorrowRate": 0.0, "joyRate": 0.0, "disgustRate": 0.0, "fearRate": 0.0, "surpriseRate": 0.0, "angerRate": 0.0, "slangBeGeneralNum": 0, "slangBeCigaretteNum": 0, "slangBeHumanNum": 0, "slangBeVehicleNum": 0, "slangBeDrugNum": 0, "slangBvNum": 0, "slangBeGeneralRate": 0.0, "slangBeCigaretteRate": 0.0, "slangBeHumanRate": 0.0, "slangBeVehicleRate": 0.0, "slangBeDrugRate": 0.0, "slangBvRate": 0.0, "speechactNum": 0, "quoteNum": 0, "dashNum": 0, "publicNum": 0, "privateNum": 0, "suasiveNum": 0, "discMarkerNum": 0, "smileyNum": 0, "dateNum": 0, "hesitationNum": 0, "restartNum": 0, "repeatNum": 7, "conjBeforeDiscNum": 0, "conjAfterDiscNum": 0, "wordBeforeHesitationNum": 0, "wordAfterHesitationNum": 0, "otherCollocationNum": 0, "speechactRate": 0.0, "quoteRate": 0.0, "dashRate": 0.0, "publicRate": 0.0, "privateRate": 0.0, "suasiveRate": 0.0, "discMarkerRate": 0.0, "smileyRate": 0.0, "dateRate": 0.0, "hesitationRate": 0.0, "restartRate": 0.0, "repeatRate": 0.059322033898305086, "conjBeforeDiscRate": 0.0, "conjAfterDiscRate": 0.0, "wordBeforeHesitationRate": 0.0, "wordAfterHesitationRate": 0.0, "otherCollocationRate": 0.0, "easyWordNum": 112, "hardWordNum": 6, "easyWordRate": 0.9491525423728814, "hardWordRate": 0.05084745762711865, "fleschReadingEaseScore": 81.48180790960453, "gunningFogIndex": 7.887005649717515, "fleschKincaidGradeLevel": 6.780000000000001, "colemanLiauIndex": 6.062728813559321, "smogIndex": 5.683917801722854, "automatedReadabilityIndex": 5.886214689265536, "linsearWriteIndex": 7.898305084745763, "author": "", "locationNameNum": 1, "locationNameRate": 0.00847457627118644, "personNameNum": 5, "personNameRate": 0.0423728813559322, "organizationNameNum": 1, "organizationNameRate": 0.00847457627118644, "misspelledNum": 23, "misspelledRate": 0.19491525423728814, "missingAccentNum": 22, "missingAccentRate": 0.1864406779661017, "foreignAccentNum": 0, "foreignAccentRate": 0.0, "wordConcatNum": 0, "wordConcatRate": 0.0, "jLyMistakeNum": 0, "jLyMistakeRate": 0.0, "publicVNum": 0, "freqSuffixNum": 0, "partsNum": 29, "clauseWordNum": 17, "privateVNum": 0}