{"tokenNum": 212, "sentenceNum": 20, "lemmaNum": 128, "lemmaRate": 0.6037735849056604, "sentenceLength": 10.6, "allUpperNum": 0, "firstUpperNum": 30, "allUpperRate": 0.0, "firstUpperRate": 0.14150943396226415, "declarSentNum": 20, "imperSentNum": 0, "questionNum": 0, "declarSentRate": 1.0, "imperSentRate": 0.0, "questionRate": 0.0, "accent": true, "saturation": 3.2, "paragraphNum": 0, "nounNum": 36, "verbNum": 37, "adjNum": 10, "infNum": 3, "partPastNum": 0, "partPresNum": 0, "partFutNum": 0, "transNum": 0, "xNum": 18, "advNum": 15, "properNounNum": 11, "numNum": 3, "conjNum": 16, "punctNum": 49, "pronNum": 14, "relPronNum": 1, "demPronNum": 4, "adposNum": 1, "multiplePunctNum": 2, "phraseNum": 0, "nounRate": 0.16981132075471697, "verbRate": 0.17452830188679244, "adjRate": 0.04716981132075472, "infRate": 0.014150943396226415, "partPastRate": 0.0, "partPresRate": 0.0, "partFutRate": 0.0, "transRate": 0.0, "xRate": 0.08490566037735849, "advRate": 0.07075471698113207, "properNounRate": 0.05188679245283019, "numRate": 0.014150943396226415, "conjRate": 0.07547169811320754, "punctRate": 0.23113207547169812, "pronRate": 0.0660377358490566, "relPronRate": 0.0047169811320754715, "demPronRate": 0.018867924528301886, "adposRate": 0.0047169811320754715, "multiplePunctRate": 0.04081632653061224, "partsDensityRate": 2.45, "contentfulness": 4.9, "phraseRate": 0.0, "pastTenseNum": 9, "presentTenseNum": 25, "condNum": 0, "impNum": 10, "freqNum": 0, "causNum": 0, "modalNum": 0, "sg1VerbNum": 37, "sg2VerbNum": 37, "sg3VerbNum": 37, "pl1VerbNum": 37, "pl2VerbNum": 37, "pl3VerbNum": 37, "superlatNum": 1, "comparatNum": 0, "specDerivSuffixNum": 0, "pluralNounNum": 3, "pastTenseRate": 0.24324324324324326, "presentTenseRate": 0.6756756756756757, "condRate": 0.0, "impRate": 0.2702702702702703, "freqRate": 0.0, "causRate": 0.0, "modalRate": 0.0, "sg1VerbRate": 1.0, "sg2VerbRate": 1.0, "sg3VerbRate": 1.0, "pl1VerbRate": 1.0, "pl2VerbRate": 1.0, "pl3VerbRate": 1.0, "superlatRate": 0.1, "comparatRate": 0.0, "specDerivSuffixRate": 0.0, "pluralNounRate": 0.08333333333333333, "subjNum": 14, "objNum": 5, "attNum": 6, "subordNum": 12, "adverbNum": 22, "coordNum": 13, "clauseNum": 40, "simpleNum": 5, "complexNum": 15, "complexity1Num": 11, "complexity2Num": 3, "complexity3Num": 1, "compoundNum": 0, "subjRate": 0.0660377358490566, "objRate": 0.02358490566037736, "attRate": 0.02830188679245283, "subordRate": 0.05660377358490566, "adverbRate": 0.10377358490566038, "coordRate": 0.06132075471698113, "partsRate": 1.5, "clauseRate": 2.0, "simpleRate": 0.25, "complexRate": 0.75, "complexity1Rate": 0.55, "complexity2Rate": 0.15, "complexity3Rate": 0.05, "complexClauseRate": 2.3333333333333335, "sentencesPerParagraph": 0.0, "wordsLengthRate": 4.895705521472393, "compoundRate": 0.0, "positiveNum": 0, "negativeNum": 0, "precoPositiveNum": 0, "precoNegativeNum": 0, "negemoNum": 0, "negationNum": 6, "functionNum": 114, "contentNum": 98, "vulgarNum": 0, "racistNum": 0, "specStyleNum": 0, "addressingNum": 0, "closingNum": 0, "postscriptNum": 0, "brutalNum": 0, "positiveRate": 0.0, "negativeRate": 0.0, "precoPositiveRate": 0.0, "precoNegativeRate": 0.0, "negemoRate": 0.0, "negationRate": 0.02830188679245283, "functionRate": 0.5377358490566038, "contentRate": 0.46226415094339623, "vulgarRate": 0.0, "racistRate": 0.0, "specStyleRate": 0.0, "addressingRate": 0.0, "closingRate": 0.0, "postscriptRate": 0.0, "brutalRate": 0.0, "epistemicNum": 0, "investNum": 0, "conditionNum": 0, "weaselNum": 0, "peacockNum": 0, "hedgeNum": 0, "doxasticNum": 0, "epistemicRate": 0.0, "investRate": 0.0, "conditionRate": 0.0, "weaselRate": 0.0, "peacockRate": 0.0, "hedgeRate": 0.0, "doxasticRate": 0.0, "loveNum": 0, "anxietyNum": 0, "sorrowNum": 0, "joyNum": 0, "disgustNum": 0, "fearNum": 0, "surpriseNum": 0, "angerNum": 0, "loveRate": 0.0, "anxietyRate": 0.0, "sorrowRate": 0.0, "joyRate": 0.0, "disgustRate": 0.0, "fearRate": 0.0, "surpriseRate": 0.0, "angerRate": 0.0, "slangBeGeneralNum": 0, "slangBeCigaretteNum": 0, "slangBeHumanNum": 0, "slangBeVehicleNum": 0, "slangBeDrugNum": 0, "slangBvNum": 0, "slangBeGeneralRate": 0.0, "slangBeCigaretteRate": 0.0, "slangBeHumanRate": 0.0, "slangBeVehicleRate": 0.0, "slangBeDrugRate": 0.0, "slangBvRate": 0.0, "speechactNum": 0, "quoteNum": 1, "dashNum": 0, "publicNum": 0, "privateNum": 0, "suasiveNum": 0, "discMarkerNum": 0, "smileyNum": 0, "dateNum": 0, "hesitationNum": 0, "restartNum": 0, "repeatNum": 0, "conjBeforeDiscNum": 0, "conjAfterDiscNum": 0, "wordBeforeHesitationNum": 0, "wordAfterHesitationNum": 0, "otherCollocationNum": 0, "speechactRate": 0.0, "quoteRate": 0.0047169811320754715, "dashRate": 0.0, "publicRate": 0.0, "privateRate": 0.0, "suasiveRate": 0.0, "discMarkerRate": 0.0, "smileyRate": 0.0, "dateRate": 0.0, "hesitationRate": 0.0, "restartRate": 0.0, "repeatRate": 0.0, "conjBeforeDiscRate": 0.0, "conjAfterDiscRate": 0.0, "wordBeforeHesitationRate": 0.0, "wordAfterHesitationRate": 0.0, "otherCollocationRate": 0.0, "easyWordNum": 208, "hardWordNum": 4, "easyWordRate": 0.9811320754716981, "hardWordRate": 0.018867924528301886, "fleschReadingEaseScore": 101.4995849056604, "gunningFogIndex": 4.2475471698113205, "fleschKincaidGradeLevel": 1.7355094339622674, "colemanLiauIndex": 7.315188679245281, "smogIndex": 5.2151, "automatedReadabilityIndex": 2.354528301886795, "linsearWriteIndex": 1.382075471698113, "author": "", "locationNameNum": 0, "locationNameRate": 0.0, "personNameNum": 6, "personNameRate": 0.02830188679245283, "organizationNameNum": 0, "organizationNameRate": 0.0, "misspelledNum": 2, "misspelledRate": 0.009433962264150943, "missingAccentNum": 0, "missingAccentRate": 0.0, "foreignAccentNum": 0, "foreignAccentRate": 0.0, "wordConcatNum": 1, "wordConcatRate": 0.0047169811320754715, "jLyMistakeNum": 0, "jLyMistakeRate": 0.0, "publicVNum": 0, "freqSuffixNum": 0, "partsNum": 60, "clauseWordNum": 40, "privateVNum": 0}