{"tokenNum": 93, "sentenceNum": 5, "lemmaNum": 59, "lemmaRate": 0.6344086021505376, "sentenceLength": 18.6, "allUpperNum": 0, "firstUpperNum": 4, "allUpperRate": 0.0, "firstUpperRate": 0.043010752688172046, "declarSentNum": 4, "imperSentNum": 0, "questionNum": 1, "declarSentRate": 0.8, "imperSentRate": 0.0, "questionRate": 0.2, "accent": true, "saturation": 3.933333333333333, "paragraphNum": 0, "nounNum": 15, "verbNum": 16, "adjNum": 3, "infNum": 1, "partPastNum": 0, "partPresNum": 0, "partFutNum": 0, "transNum": 0, "xNum": 3, "advNum": 8, "properNounNum": 0, "numNum": 0, "conjNum": 4, "punctNum": 19, "pronNum": 17, "relPronNum": 2, "demPronNum": 8, "adposNum": 1, "multiplePunctNum": 0, "phraseNum": 0, "nounRate": 0.16129032258064516, "verbRate": 0.17204301075268819, "adjRate": 0.03225806451612903, "infRate": 0.010752688172043012, "partPastRate": 0.0, "partPresRate": 0.0, "partFutRate": 0.0, "transRate": 0.0, "xRate": 0.03225806451612903, "advRate": 0.08602150537634409, "properNounRate": 0.0, "numRate": 0.0, "conjRate": 0.043010752688172046, "punctRate": 0.20430107526881722, "pronRate": 0.1827956989247312, "relPronRate": 0.021505376344086023, "demPronRate": 0.08602150537634409, "adposRate": 0.010752688172043012, "multiplePunctRate": 0.0, "partsDensityRate": 2.8, "contentfulness": 8.4, "phraseRate": 0.0, "pastTenseNum": 1, "presentTenseNum": 14, "condNum": 5, "impNum": 1, "freqNum": 0, "causNum": 0, "modalNum": 0, "sg1VerbNum": 16, "sg2VerbNum": 16, "sg3VerbNum": 16, "pl1VerbNum": 16, "pl2VerbNum": 16, "pl3VerbNum": 16, "superlatNum": 0, "comparatNum": 0, "specDerivSuffixNum": 0, "pluralNounNum": 4, "pastTenseRate": 0.0625, "presentTenseRate": 0.875, "condRate": 0.3125, "impRate": 0.0625, "freqRate": 0.0, "causRate": 0.0, "modalRate": 0.0, "sg1VerbRate": 1.0, "sg2VerbRate": 1.0, "sg3VerbRate": 1.0, "pl1VerbRate": 1.0, "pl2VerbRate": 1.0, "pl3VerbRate": 1.0, "superlatRate": 0.0, "comparatRate": 0.0, "specDerivSuffixRate": 0.0, "pluralNounRate": 0.26666666666666666, "subjNum": 12, "objNum": 5, "attNum": 3, "subordNum": 7, "adverbNum": 8, "coordNum": 2, "clauseNum": 15, "simpleNum": 1, "complexNum": 3, "complexity1Num": 0, "complexity2Num": 0, "complexity3Num": 1, "compoundNum": 0, "subjRate": 0.12903225806451613, "objRate": 0.053763440860215055, "attRate": 0.03225806451612903, "subordRate": 0.07526881720430108, "adverbRate": 0.08602150537634409, "coordRate": 0.021505376344086023, "partsRate": 2.0, "clauseRate": 3.0, "simpleRate": 0.2, "complexRate": 0.6, "complexity1Rate": 0.0, "complexity2Rate": 0.0, "complexity3Rate": 0.2, "complexClauseRate": 4.666666666666667, "sentencesPerParagraph": 0.0, "wordsLengthRate": 5.3108108108108105, "compoundRate": 0.0, "positiveNum": 0, "negativeNum": 0, "precoPositiveNum": 0, "precoNegativeNum": 0, "negemoNum": 0, "negationNum": 3, "functionNum": 51, "contentNum": 42, "vulgarNum": 0, "racistNum": 0, "specStyleNum": 0, "addressingNum": 0, "closingNum": 0, "postscriptNum": 0, "brutalNum": 0, "positiveRate": 0.0, "negativeRate": 0.0, "precoPositiveRate": 0.0, "precoNegativeRate": 0.0, "negemoRate": 0.0, "negationRate": 0.03225806451612903, "functionRate": 0.5483870967741935, "contentRate": 0.45161290322580644, "vulgarRate": 0.0, "racistRate": 0.0, "specStyleRate": 0.0, "addressingRate": 0.0, "closingRate": 0.0, "postscriptRate": 0.0, "brutalRate": 0.0, "epistemicNum": 0, "investNum": 0, "conditionNum": 0, "weaselNum": 0, "peacockNum": 0, "hedgeNum": 0, "doxasticNum": 0, "epistemicRate": 0.0, "investRate": 0.0, "conditionRate": 0.0, "weaselRate": 0.0, "peacockRate": 0.0, "hedgeRate": 0.0, "doxasticRate": 0.0, "loveNum": 0, "anxietyNum": 0, "sorrowNum": 0, "joyNum": 0, "disgustNum": 0, "fearNum": 0, "surpriseNum": 0, "angerNum": 0, "loveRate": 0.0, "anxietyRate": 0.0, "sorrowRate": 0.0, "joyRate": 0.0, "disgustRate": 0.0, "fearRate": 0.0, "surpriseRate": 0.0, "angerRate": 0.0, "slangBeGeneralNum": 0, "slangBeCigaretteNum": 0, "slangBeHumanNum": 0, "slangBeVehicleNum": 0, "slangBeDrugNum": 0, "slangBvNum": 0, "slangBeGeneralRate": 0.0, "slangBeCigaretteRate": 0.0, "slangBeHumanRate": 0.0, "slangBeVehicleRate": 0.0, "slangBeDrugRate": 0.0, "slangBvRate": 0.0, "speechactNum": 0, "quoteNum": 0, "dashNum": 0, "publicNum": 0, "privateNum": 0, "suasiveNum": 0, "discMarkerNum": 0, "smileyNum": 0, "dateNum": 0, "hesitationNum": 0, "restartNum": 0, "repeatNum": 0, "conjBeforeDiscNum": 0, "conjAfterDiscNum": 0, "wordBeforeHesitationNum": 0, "wordAfterHesitationNum": 0, "otherCollocationNum": 0, "speechactRate": 0.0, "quoteRate": 0.0, "dashRate": 0.0, "publicRate": 0.0, "privateRate": 0.0, "suasiveRate": 0.0, "discMarkerRate": 0.0, "smileyRate": 0.0, "dateRate": 0.0, "hesitationRate": 0.0, "restartRate": 0.0, "repeatRate": 0.0, "conjBeforeDiscRate": 0.0, "conjAfterDiscRate": 0.0, "wordBeforeHesitationRate": 0.0, "wordAfterHesitationRate": 0.0, "otherCollocationRate": 0.0, "easyWordNum": 86, "hardWordNum": 7, "easyWordRate": 0.9247311827956989, "hardWordRate": 0.07526881720430108, "fleschReadingEaseScore": 71.51729032258066, "gunningFogIndex": 7.470107526881721, "fleschKincaidGradeLevel": 7.904860215053766, "colemanLiauIndex": 10.16650537634408, "smogIndex": 5.888618617440368, "automatedReadabilityIndex": 8.634516129032257, "linsearWriteIndex": 10.5, "author": "", "locationNameNum": 0, "locationNameRate": 0.0, "personNameNum": 0, "personNameRate": 0.0, "organizationNameNum": 0, "organizationNameRate": 0.0, "misspelledNum": 1, "misspelledRate": 0.010752688172043012, "missingAccentNum": 0, "missingAccentRate": 0.0, "foreignAccentNum": 0, "foreignAccentRate": 0.0, "wordConcatNum": 0, "wordConcatRate": 0.0, "jLyMistakeNum": 0, "jLyMistakeRate": 0.0, "publicVNum": 0, "freqSuffixNum": 0, "partsNum": 30, "clauseWordNum": 15, "privateVNum": 0}