{"tokenNum": 81, "sentenceNum": 5, "lemmaNum": 58, "lemmaRate": 0.7160493827160493, "sentenceLength": 16.2, "allUpperNum": 0, "firstUpperNum": 6, "allUpperRate": 0.0, "firstUpperRate": 0.07407407407407407, "declarSentNum": 5, "imperSentNum": 0, "questionNum": 0, "declarSentRate": 1.0, "imperSentRate": 0.0, "questionRate": 0.0, "accent": true, "saturation": 5.8, "paragraphNum": 0, "nounNum": 14, "verbNum": 14, "adjNum": 3, "infNum": 3, "partPastNum": 1, "partPresNum": 0, "partFutNum": 0, "transNum": 0, "xNum": 4, "advNum": 10, "properNounNum": 2, "numNum": 0, "conjNum": 6, "punctNum": 12, "pronNum": 8, "relPronNum": 2, "demPronNum": 2, "adposNum": 2, "multiplePunctNum": 0, "phraseNum": 0, "nounRate": 0.1728395061728395, "verbRate": 0.1728395061728395, "adjRate": 0.037037037037037035, "infRate": 0.037037037037037035, "partPastRate": 0.012345679012345678, "partPresRate": 0.0, "partFutRate": 0.0, "transRate": 0.0, "xRate": 0.04938271604938271, "advRate": 0.12345679012345678, "properNounRate": 0.024691358024691357, "numRate": 0.0, "conjRate": 0.07407407407407407, "punctRate": 0.14814814814814814, "pronRate": 0.09876543209876543, "relPronRate": 0.024691358024691357, "demPronRate": 0.024691358024691357, "adposRate": 0.024691358024691357, "multiplePunctRate": 0.0, "partsDensityRate": 4.1, "contentfulness": 8.2, "phraseRate": 0.0, "pastTenseNum": 0, "presentTenseNum": 11, "condNum": 1, "impNum": 1, "freqNum": 0, "causNum": 0, "modalNum": 1, "sg1VerbNum": 14, "sg2VerbNum": 14, "sg3VerbNum": 14, "pl1VerbNum": 14, "pl2VerbNum": 14, "pl3VerbNum": 14, "superlatNum": 0, "comparatNum": 0, "specDerivSuffixNum": 0, "pluralNounNum": 3, "pastTenseRate": 0.0, "presentTenseRate": 0.7857142857142857, "condRate": 0.07142857142857142, "impRate": 0.07142857142857142, "freqRate": 0.0, "causRate": 0.0, "modalRate": 0.07142857142857142, "sg1VerbRate": 1.0, "sg2VerbRate": 1.0, "sg3VerbRate": 1.0, "pl1VerbRate": 1.0, "pl2VerbRate": 1.0, "pl3VerbRate": 1.0, "superlatRate": 0.0, "comparatRate": 0.0, "specDerivSuffixRate": 0.0, "pluralNounRate": 0.21428571428571427, "subjNum": 7, "objNum": 3, "attNum": 2, "subordNum": 4, "adverbNum": 12, "coordNum": 1, "clauseNum": 10, "simpleNum": 2, "complexNum": 3, "complexity1Num": 1, "complexity2Num": 2, "complexity3Num": 0, "compoundNum": 0, "subjRate": 0.08641975308641975, "objRate": 0.037037037037037035, "attRate": 0.024691358024691357, "subordRate": 0.04938271604938271, "adverbRate": 0.14814814814814814, "coordRate": 0.012345679012345678, "partsRate": 2.5, "clauseRate": 2.0, "simpleRate": 0.4, "complexRate": 0.6, "complexity1Rate": 0.2, "complexity2Rate": 0.4, "complexity3Rate": 0.0, "complexClauseRate": 2.6666666666666665, "sentencesPerParagraph": 0.0, "wordsLengthRate": 5.173913043478261, "compoundRate": 0.0, "positiveNum": 0, "negativeNum": 0, "precoPositiveNum": 0, "precoNegativeNum": 0, "negemoNum": 0, "negationNum": 1, "functionNum": 40, "contentNum": 41, "vulgarNum": 0, "racistNum": 0, "specStyleNum": 0, "addressingNum": 0, "closingNum": 0, "postscriptNum": 0, "brutalNum": 0, "positiveRate": 0.0, "negativeRate": 0.0, "precoPositiveRate": 0.0, "precoNegativeRate": 0.0, "negemoRate": 0.0, "negationRate": 0.012345679012345678, "functionRate": 0.49382716049382713, "contentRate": 0.5061728395061729, "vulgarRate": 0.0, "racistRate": 0.0, "specStyleRate": 0.0, "addressingRate": 0.0, "closingRate": 0.0, "postscriptRate": 0.0, "brutalRate": 0.0, "epistemicNum": 0, "investNum": 0, "conditionNum": 0, "weaselNum": 0, "peacockNum": 0, "hedgeNum": 0, "doxasticNum": 0, "epistemicRate": 0.0, "investRate": 0.0, "conditionRate": 0.0, "weaselRate": 0.0, "peacockRate": 0.0, "hedgeRate": 0.0, "doxasticRate": 0.0, "loveNum": 0, "anxietyNum": 0, "sorrowNum": 0, "joyNum": 0, "disgustNum": 0, "fearNum": 0, "surpriseNum": 0, "angerNum": 0, "loveRate": 0.0, "anxietyRate": 0.0, "sorrowRate": 0.0, "joyRate": 0.0, "disgustRate": 0.0, "fearRate": 0.0, "surpriseRate": 0.0, "angerRate": 0.0, "slangBeGeneralNum": 0, "slangBeCigaretteNum": 0, "slangBeHumanNum": 0, "slangBeVehicleNum": 0, "slangBeDrugNum": 0, "slangBvNum": 0, "slangBeGeneralRate": 0.0, "slangBeCigaretteRate": 0.0, "slangBeHumanRate": 0.0, "slangBeVehicleRate": 0.0, "slangBeDrugRate": 0.0, "slangBvRate": 0.0, "speechactNum": 0, "quoteNum": 0, "dashNum": 0, "publicNum": 0, "privateNum": 0, "suasiveNum": 0, "discMarkerNum": 0, "smileyNum": 0, "dateNum": 0, "hesitationNum": 0, "restartNum": 0, "repeatNum": 0, "conjBeforeDiscNum": 0, "conjAfterDiscNum": 0, "wordBeforeHesitationNum": 0, "wordAfterHesitationNum": 0, "otherCollocationNum": 0, "speechactRate": 0.0, "quoteRate": 0.0, "dashRate": 0.0, "publicRate": 0.0, "privateRate": 0.0, "suasiveRate": 0.0, "discMarkerRate": 0.0, "smileyRate": 0.0, "dateRate": 0.0, "hesitationRate": 0.0, "restartRate": 0.0, "repeatRate": 0.0, "conjBeforeDiscRate": 0.0, "conjAfterDiscRate": 0.0, "wordBeforeHesitationRate": 0.0, "wordAfterHesitationRate": 0.0, "otherCollocationRate": 0.0, "easyWordNum": 77, "hardWordNum": 4, "easyWordRate": 0.9506172839506173, "hardWordRate": 0.04938271604938271, "fleschReadingEaseScore": 66.1031111111111, "gunningFogIndex": 6.499753086419753, "fleschKincaidGradeLevel": 8.063802469135805, "colemanLiauIndex": 10.668456790123457, "smogIndex": 5.2151, "automatedReadabilityIndex": 7.8359259259259275, "linsearWriteIndex": 7.5, "author": "", "locationNameNum": 0, "locationNameRate": 0.0, "personNameNum": 2, "personNameRate": 0.024691358024691357, "organizationNameNum": 0, "organizationNameRate": 0.0, "misspelledNum": 2, "misspelledRate": 0.024691358024691357, "missingAccentNum": 0, "missingAccentRate": 0.0, "foreignAccentNum": 0, "foreignAccentRate": 0.0, "wordConcatNum": 1, "wordConcatRate": 0.012345679012345678, "jLyMistakeNum": 0, "jLyMistakeRate": 0.0, "publicVNum": 0, "freqSuffixNum": 0, "partsNum": 25, "clauseWordNum": 10, "privateVNum": 0}