{"tokenNum": 136, "sentenceNum": 12, "lemmaNum": 87, "lemmaRate": 0.6397058823529411, "sentenceLength": 11.333333333333334, "allUpperNum": 1, "firstUpperNum": 15, "allUpperRate": 0.007352941176470588, "firstUpperRate": 0.11029411764705882, "declarSentNum": 12, "imperSentNum": 0, "questionNum": 0, "declarSentRate": 1.0, "imperSentRate": 0.0, "questionRate": 0.0, "accent": true, "saturation": 4.578947368421052, "paragraphNum": 0, "nounNum": 25, "verbNum": 20, "adjNum": 12, "infNum": 3, "partPastNum": 3, "partPresNum": 1, "partFutNum": 0, "transNum": 0, "xNum": 9, "advNum": 14, "properNounNum": 4, "numNum": 1, "conjNum": 9, "punctNum": 25, "pronNum": 6, "relPronNum": 3, "demPronNum": 4, "adposNum": 0, "multiplePunctNum": 3, "phraseNum": 0, "nounRate": 0.18382352941176472, "verbRate": 0.14705882352941177, "adjRate": 0.08823529411764706, "infRate": 0.022058823529411766, "partPastRate": 0.022058823529411766, "partPresRate": 0.007352941176470588, "partFutRate": 0.0, "transRate": 0.0, "xRate": 0.0661764705882353, "advRate": 0.10294117647058823, "properNounRate": 0.029411764705882353, "numRate": 0.007352941176470588, "conjRate": 0.0661764705882353, "punctRate": 0.18382352941176472, "pronRate": 0.04411764705882353, "relPronRate": 0.022058823529411766, "demPronRate": 0.029411764705882353, "adposRate": 0.0, "multiplePunctRate": 0.12, "partsDensityRate": 3.736842105263158, "contentfulness": 5.916666666666667, "phraseRate": 0.0, "pastTenseNum": 16, "presentTenseNum": 1, "condNum": 0, "impNum": 0, "freqNum": 0, "causNum": 0, "modalNum": 1, "sg1VerbNum": 20, "sg2VerbNum": 20, "sg3VerbNum": 20, "pl1VerbNum": 20, "pl2VerbNum": 20, "pl3VerbNum": 20, "superlatNum": 0, "comparatNum": 1, "specDerivSuffixNum": 0, "pluralNounNum": 4, "pastTenseRate": 0.8, "presentTenseRate": 0.05, "condRate": 0.0, "impRate": 0.0, "freqRate": 0.0, "causRate": 0.0, "modalRate": 0.05, "sg1VerbRate": 1.0, "sg2VerbRate": 1.0, "sg3VerbRate": 1.0, "pl1VerbRate": 1.0, "pl2VerbRate": 1.0, "pl3VerbRate": 1.0, "superlatRate": 0.0, "comparatRate": 0.08333333333333333, "specDerivSuffixRate": 0.0, "pluralNounRate": 0.16, "subjNum": 6, "objNum": 8, "attNum": 9, "subordNum": 4, "adverbNum": 17, "coordNum": 4, "clauseNum": 19, "simpleNum": 9, "complexNum": 3, "complexity1Num": 1, "complexity2Num": 1, "complexity3Num": 0, "compoundNum": 0, "subjRate": 0.04411764705882353, "objRate": 0.058823529411764705, "attRate": 0.0661764705882353, "subordRate": 0.029411764705882353, "adverbRate": 0.125, "coordRate": 0.029411764705882353, "partsRate": 2.3157894736842106, "clauseRate": 1.5833333333333333, "simpleRate": 0.75, "complexRate": 0.25, "complexity1Rate": 0.08333333333333333, "complexity2Rate": 0.08333333333333333, "complexity3Rate": 0.0, "complexClauseRate": 3.3333333333333335, "sentencesPerParagraph": 0.0, "wordsLengthRate": 5.423423423423423, "compoundRate": 0.0, "positiveNum": 0, "negativeNum": 0, "precoPositiveNum": 0, "precoNegativeNum": 0, "negemoNum": 0, "negationNum": 4, "functionNum": 65, "contentNum": 71, "vulgarNum": 0, "racistNum": 0, "specStyleNum": 0, "addressingNum": 0, "closingNum": 0, "postscriptNum": 0, "brutalNum": 0, "positiveRate": 0.0, "negativeRate": 0.0, "precoPositiveRate": 0.0, "precoNegativeRate": 0.0, "negemoRate": 0.0, "negationRate": 0.029411764705882353, "functionRate": 0.47794117647058826, "contentRate": 0.5220588235294118, "vulgarRate": 0.0, "racistRate": 0.0, "specStyleRate": 0.0, "addressingRate": 0.0, "closingRate": 0.0, "postscriptRate": 0.0, "brutalRate": 0.0, "epistemicNum": 0, "investNum": 0, "conditionNum": 0, "weaselNum": 0, "peacockNum": 0, "hedgeNum": 0, "doxasticNum": 0, "epistemicRate": 0.0, "investRate": 0.0, "conditionRate": 0.0, "weaselRate": 0.0, "peacockRate": 0.0, "hedgeRate": 0.0, "doxasticRate": 0.0, "loveNum": 0, "anxietyNum": 0, "sorrowNum": 0, "joyNum": 0, "disgustNum": 0, "fearNum": 0, "surpriseNum": 0, "angerNum": 0, "loveRate": 0.0, "anxietyRate": 0.0, "sorrowRate": 0.0, "joyRate": 0.0, "disgustRate": 0.0, "fearRate": 0.0, "surpriseRate": 0.0, "angerRate": 0.0, "slangBeGeneralNum": 0, "slangBeCigaretteNum": 0, "slangBeHumanNum": 0, "slangBeVehicleNum": 0, "slangBeDrugNum": 0, "slangBvNum": 0, "slangBeGeneralRate": 0.0, "slangBeCigaretteRate": 0.0, "slangBeHumanRate": 0.0, "slangBeVehicleRate": 0.0, "slangBeDrugRate": 0.0, "slangBvRate": 0.0, "speechactNum": 0, "quoteNum": 0, "dashNum": 0, "publicNum": 0, "privateNum": 0, "suasiveNum": 0, "discMarkerNum": 0, "smileyNum": 0, "dateNum": 0, "hesitationNum": 0, "restartNum": 0, "repeatNum": 1, "conjBeforeDiscNum": 0, "conjAfterDiscNum": 0, "wordBeforeHesitationNum": 0, "wordAfterHesitationNum": 0, "otherCollocationNum": 0, "speechactRate": 0.0, "quoteRate": 0.0, "dashRate": 0.0, "publicRate": 0.0, "privateRate": 0.0, "suasiveRate": 0.0, "discMarkerRate": 0.0, "smileyRate": 0.0, "dateRate": 0.0, "hesitationRate": 0.0, "restartRate": 0.0, "repeatRate": 0.007352941176470588, "conjBeforeDiscRate": 0.0, "conjAfterDiscRate": 0.0, "wordBeforeHesitationRate": 0.0, "wordAfterHesitationRate": 0.0, "otherCollocationRate": 0.0, "easyWordNum": 126, "hardWordNum": 10, "easyWordRate": 0.9264705882352942, "hardWordRate": 0.07352941176470588, "fleschReadingEaseScore": 74.6522549019608, "gunningFogIndex": 4.562745098039216, "fleschKincaidGradeLevel": 5.662352941176472, "colemanLiauIndex": 11.137823529411762, "smogIndex": 6.42735559955562, "automatedReadabilityIndex": 5.777990196078431, "linsearWriteIndex": 3.5036764705882355, "author": "", "locationNameNum": 0, "locationNameRate": 0.0, "personNameNum": 3, "personNameRate": 0.022058823529411766, "organizationNameNum": 0, "organizationNameRate": 0.0, "misspelledNum": 1, "misspelledRate": 0.007352941176470588, "missingAccentNum": 1, "missingAccentRate": 0.007352941176470588, "foreignAccentNum": 0, "foreignAccentRate": 0.0, "wordConcatNum": 0, "wordConcatRate": 0.0, "jLyMistakeNum": 0, "jLyMistakeRate": 0.0, "publicVNum": 0, "freqSuffixNum": 0, "partsNum": 44, "clauseWordNum": 19, "privateVNum": 0}