{"tokenNum": 102, "sentenceNum": 7, "lemmaNum": 70, "lemmaRate": 0.6862745098039216, "sentenceLength": 14.571428571428571, "allUpperNum": 0, "firstUpperNum": 2, "allUpperRate": 0.0, "firstUpperRate": 0.0196078431372549, "declarSentNum": 7, "imperSentNum": 0, "questionNum": 0, "declarSentRate": 1.0, "imperSentRate": 0.0, "questionRate": 0.0, "accent": true, "saturation": 4.666666666666667, "paragraphNum": 0, "nounNum": 15, "verbNum": 14, "adjNum": 4, "infNum": 1, "partPastNum": 0, "partPresNum": 0, "partFutNum": 0, "transNum": 0, "xNum": 3, "advNum": 16, "properNounNum": 3, "numNum": 0, "conjNum": 8, "punctNum": 15, "pronNum": 15, "relPronNum": 0, "demPronNum": 5, "adposNum": 1, "multiplePunctNum": 0, "phraseNum": 0, "nounRate": 0.14705882352941177, "verbRate": 0.13725490196078433, "adjRate": 0.0392156862745098, "infRate": 0.00980392156862745, "partPastRate": 0.0, "partPresRate": 0.0, "partFutRate": 0.0, "transRate": 0.0, "xRate": 0.029411764705882353, "advRate": 0.1568627450980392, "properNounRate": 0.029411764705882353, "numRate": 0.0, "conjRate": 0.0784313725490196, "punctRate": 0.14705882352941177, "pronRate": 0.14705882352941177, "relPronRate": 0.0, "demPronRate": 0.049019607843137254, "adposRate": 0.00980392156862745, "multiplePunctRate": 0.0, "partsDensityRate": 3.2666666666666666, "contentfulness": 7.0, "phraseRate": 0.0, "pastTenseNum": 3, "presentTenseNum": 10, "condNum": 0, "impNum": 2, "freqNum": 0, "causNum": 0, "modalNum": 0, "sg1VerbNum": 14, "sg2VerbNum": 14, "sg3VerbNum": 14, "pl1VerbNum": 14, "pl2VerbNum": 14, "pl3VerbNum": 14, "superlatNum": 0, "comparatNum": 1, "specDerivSuffixNum": 0, "pluralNounNum": 2, "pastTenseRate": 0.21428571428571427, "presentTenseRate": 0.7142857142857143, "condRate": 0.0, "impRate": 0.14285714285714285, "freqRate": 0.0, "causRate": 0.0, "modalRate": 0.0, "sg1VerbRate": 1.0, "sg2VerbRate": 1.0, "sg3VerbRate": 1.0, "pl1VerbRate": 1.0, "pl2VerbRate": 1.0, "pl3VerbRate": 1.0, "superlatRate": 0.0, "comparatRate": 0.25, "specDerivSuffixRate": 0.0, "pluralNounRate": 0.13333333333333333, "subjNum": 12, "objNum": 4, "attNum": 2, "subordNum": 3, "adverbNum": 20, "coordNum": 5, "clauseNum": 15, "simpleNum": 3, "complexNum": 4, "complexity1Num": 0, "complexity2Num": 4, "complexity3Num": 0, "compoundNum": 0, "subjRate": 0.11764705882352941, "objRate": 0.0392156862745098, "attRate": 0.0196078431372549, "subordRate": 0.029411764705882353, "adverbRate": 0.19607843137254902, "coordRate": 0.049019607843137254, "partsRate": 2.8666666666666667, "clauseRate": 2.142857142857143, "simpleRate": 0.42857142857142855, "complexRate": 0.5714285714285714, "complexity1Rate": 0.0, "complexity2Rate": 0.5714285714285714, "complexity3Rate": 0.0, "complexClauseRate": 3.0, "sentencesPerParagraph": 0.0, "wordsLengthRate": 4.885057471264368, "compoundRate": 0.0, "positiveNum": 0, "negativeNum": 0, "precoPositiveNum": 0, "precoNegativeNum": 0, "negemoNum": 0, "negationNum": 3, "functionNum": 53, "contentNum": 49, "vulgarNum": 0, "racistNum": 0, "specStyleNum": 0, "addressingNum": 0, "closingNum": 0, "postscriptNum": 0, "brutalNum": 0, "positiveRate": 0.0, "negativeRate": 0.0, "precoPositiveRate": 0.0, "precoNegativeRate": 0.0, "negemoRate": 0.0, "negationRate": 0.029411764705882353, "functionRate": 0.5196078431372549, "contentRate": 0.4803921568627451, "vulgarRate": 0.0, "racistRate": 0.0, "specStyleRate": 0.0, "addressingRate": 0.0, "closingRate": 0.0, "postscriptRate": 0.0, "brutalRate": 0.0, "epistemicNum": 0, "investNum": 0, "conditionNum": 0, "weaselNum": 0, "peacockNum": 0, "hedgeNum": 0, "doxasticNum": 0, "epistemicRate": 0.0, "investRate": 0.0, "conditionRate": 0.0, "weaselRate": 0.0, "peacockRate": 0.0, "hedgeRate": 0.0, "doxasticRate": 0.0, "loveNum": 0, "anxietyNum": 0, "sorrowNum": 0, "joyNum": 0, "disgustNum": 0, "fearNum": 0, "surpriseNum": 0, "angerNum": 0, "loveRate": 0.0, "anxietyRate": 0.0, "sorrowRate": 0.0, "joyRate": 0.0, "disgustRate": 0.0, "fearRate": 0.0, "surpriseRate": 0.0, "angerRate": 0.0, "slangBeGeneralNum": 0, "slangBeCigaretteNum": 0, "slangBeHumanNum": 0, "slangBeVehicleNum": 0, "slangBeDrugNum": 0, "slangBvNum": 0, "slangBeGeneralRate": 0.0, "slangBeCigaretteRate": 0.0, "slangBeHumanRate": 0.0, "slangBeVehicleRate": 0.0, "slangBeDrugRate": 0.0, "slangBvRate": 0.0, "speechactNum": 0, "quoteNum": 0, "dashNum": 0, "publicNum": 0, "privateNum": 0, "suasiveNum": 0, "discMarkerNum": 0, "smileyNum": 0, "dateNum": 0, "hesitationNum": 0, "restartNum": 0, "repeatNum": 2, "conjBeforeDiscNum": 0, "conjAfterDiscNum": 0, "wordBeforeHesitationNum": 0, "wordAfterHesitationNum": 0, "otherCollocationNum": 0, "speechactRate": 0.0, "quoteRate": 0.0, "dashRate": 0.0, "publicRate": 0.0, "privateRate": 0.0, "suasiveRate": 0.0, "discMarkerRate": 0.0, "smileyRate": 0.0, "dateRate": 0.0, "hesitationRate": 0.0, "restartRate": 0.0, "repeatRate": 0.0196078431372549, "conjBeforeDiscRate": 0.0, "conjAfterDiscRate": 0.0, "wordBeforeHesitationRate": 0.0, "wordAfterHesitationRate": 0.0, "otherCollocationRate": 0.0, "easyWordNum": 100, "hardWordNum": 2, "easyWordRate": 0.9803921568627451, "hardWordRate": 0.0196078431372549, "fleschReadingEaseScore": 78.41558823529415, "gunningFogIndex": 5.836414565826331, "fleschKincaidGradeLevel": 5.941876750700281, "colemanLiauIndex": 9.376656862745097, "smogIndex": 4.604124745555138, "automatedReadabilityIndex": 5.988655462184873, "linsearWriteIndex": 6.282913165266106, "author": "", "locationNameNum": 1, "locationNameRate": 0.00980392156862745, "personNameNum": 2, "personNameRate": 0.0196078431372549, "organizationNameNum": 0, "organizationNameRate": 0.0, "misspelledNum": 7, "misspelledRate": 0.06862745098039216, "missingAccentNum": 5, "missingAccentRate": 0.049019607843137254, "foreignAccentNum": 0, "foreignAccentRate": 0.0, "wordConcatNum": 0, "wordConcatRate": 0.0, "jLyMistakeNum": 0, "jLyMistakeRate": 0.0, "publicVNum": 0, "freqSuffixNum": 0, "partsNum": 43, "clauseWordNum": 15, "privateVNum": 0}