{"tokenNum": 108, "sentenceNum": 8, "lemmaNum": 73, "lemmaRate": 0.6759259259259259, "sentenceLength": 13.5, "allUpperNum": 0, "firstUpperNum": 12, "allUpperRate": 0.0, "firstUpperRate": 0.1111111111111111, "declarSentNum": 7, "imperSentNum": 0, "questionNum": 1, "declarSentRate": 0.875, "imperSentRate": 0.0, "questionRate": 0.125, "accent": true, "saturation": 6.636363636363637, "paragraphNum": 0, "nounNum": 30, "verbNum": 7, "adjNum": 9, "infNum": 0, "partPastNum": 0, "partPresNum": 2, "partFutNum": 0, "transNum": 0, "xNum": 7, "advNum": 7, "properNounNum": 4, "numNum": 1, "conjNum": 3, "punctNum": 25, "pronNum": 3, "relPronNum": 1, "demPronNum": 2, "adposNum": 1, "multiplePunctNum": 1, "phraseNum": 0, "nounRate": 0.2777777777777778, "verbRate": 0.06481481481481481, "adjRate": 0.08333333333333333, "infRate": 0.0, "partPastRate": 0.0, "partPresRate": 0.018518518518518517, "partFutRate": 0.0, "transRate": 0.0, "xRate": 0.06481481481481481, "advRate": 0.06481481481481481, "properNounRate": 0.037037037037037035, "numRate": 0.009259259259259259, "conjRate": 0.027777777777777776, "punctRate": 0.23148148148148148, "pronRate": 0.027777777777777776, "relPronRate": 0.009259259259259259, "demPronRate": 0.018518518518518517, "adposRate": 0.009259259259259259, "multiplePunctRate": 0.04, "partsDensityRate": 4.818181818181818, "contentfulness": 6.625, "phraseRate": 0.0, "pastTenseNum": 1, "presentTenseNum": 6, "condNum": 0, "impNum": 2, "freqNum": 0, "causNum": 0, "modalNum": 0, "sg1VerbNum": 7, "sg2VerbNum": 7, "sg3VerbNum": 7, "pl1VerbNum": 7, "pl2VerbNum": 7, "pl3VerbNum": 7, "superlatNum": 0, "comparatNum": 1, "specDerivSuffixNum": 0, "pluralNounNum": 0, "pastTenseRate": 0.14285714285714285, "presentTenseRate": 0.8571428571428571, "condRate": 0.0, "impRate": 0.2857142857142857, "freqRate": 0.0, "causRate": 0.0, "modalRate": 0.0, "sg1VerbRate": 1.0, "sg2VerbRate": 1.0, "sg3VerbRate": 1.0, "pl1VerbRate": 1.0, "pl2VerbRate": 1.0, "pl3VerbRate": 1.0, "superlatRate": 0.0, "comparatRate": 0.1111111111111111, "specDerivSuffixRate": 0.0, "pluralNounRate": 0.0, "subjNum": 8, "objNum": 4, "attNum": 7, "subordNum": 4, "adverbNum": 9, "coordNum": 2, "clauseNum": 11, "simpleNum": 6, "complexNum": 2, "complexity1Num": 1, "complexity2Num": 1, "complexity3Num": 0, "compoundNum": 0, "subjRate": 0.07407407407407407, "objRate": 0.037037037037037035, "attRate": 0.06481481481481481, "subordRate": 0.037037037037037035, "adverbRate": 0.08333333333333333, "coordRate": 0.018518518518518517, "partsRate": 2.727272727272727, "clauseRate": 1.375, "simpleRate": 0.75, "complexRate": 0.25, "complexity1Rate": 0.125, "complexity2Rate": 0.125, "complexity3Rate": 0.0, "complexClauseRate": 2.5, "sentencesPerParagraph": 0.0, "wordsLengthRate": 5.9397590361445785, "compoundRate": 0.0, "positiveNum": 0, "negativeNum": 0, "precoPositiveNum": 0, "precoNegativeNum": 0, "negemoNum": 0, "negationNum": 0, "functionNum": 55, "contentNum": 53, "vulgarNum": 0, "racistNum": 0, "specStyleNum": 0, "addressingNum": 0, "closingNum": 0, "postscriptNum": 0, "brutalNum": 0, "positiveRate": 0.0, "negativeRate": 0.0, "precoPositiveRate": 0.0, "precoNegativeRate": 0.0, "negemoRate": 0.0, "negationRate": 0.0, "functionRate": 0.5092592592592593, "contentRate": 0.49074074074074076, "vulgarRate": 0.0, "racistRate": 0.0, "specStyleRate": 0.0, "addressingRate": 0.0, "closingRate": 0.0, "postscriptRate": 0.0, "brutalRate": 0.0, "epistemicNum": 0, "investNum": 0, "conditionNum": 0, "weaselNum": 0, "peacockNum": 0, "hedgeNum": 0, "doxasticNum": 0, "epistemicRate": 0.0, "investRate": 0.0, "conditionRate": 0.0, "weaselRate": 0.0, "peacockRate": 0.0, "hedgeRate": 0.0, "doxasticRate": 0.0, "loveNum": 0, "anxietyNum": 0, "sorrowNum": 0, "joyNum": 0, "disgustNum": 0, "fearNum": 0, "surpriseNum": 0, "angerNum": 0, "loveRate": 0.0, "anxietyRate": 0.0, "sorrowRate": 0.0, "joyRate": 0.0, "disgustRate": 0.0, "fearRate": 0.0, "surpriseRate": 0.0, "angerRate": 0.0, "slangBeGeneralNum": 0, "slangBeCigaretteNum": 0, "slangBeHumanNum": 0, "slangBeVehicleNum": 0, "slangBeDrugNum": 0, "slangBvNum": 0, "slangBeGeneralRate": 0.0, "slangBeCigaretteRate": 0.0, "slangBeHumanRate": 0.0, "slangBeVehicleRate": 0.0, "slangBeDrugRate": 0.0, "slangBvRate": 0.0, "speechactNum": 0, "quoteNum": 0, "dashNum": 0, "publicNum": 0, "privateNum": 0, "suasiveNum": 0, "discMarkerNum": 0, "smileyNum": 0, "dateNum": 0, "hesitationNum": 0, "restartNum": 0, "repeatNum": 2, "conjBeforeDiscNum": 0, "conjAfterDiscNum": 0, "wordBeforeHesitationNum": 0, "wordAfterHesitationNum": 0, "otherCollocationNum": 0, "speechactRate": 0.0, "quoteRate": 0.0, "dashRate": 0.0, "publicRate": 0.0, "privateRate": 0.0, "suasiveRate": 0.0, "discMarkerRate": 0.0, "smileyRate": 0.0, "dateRate": 0.0, "hesitationRate": 0.0, "restartRate": 0.0, "repeatRate": 0.018518518518518517, "conjBeforeDiscRate": 0.0, "conjAfterDiscRate": 0.0, "wordBeforeHesitationRate": 0.0, "wordAfterHesitationRate": 0.0, "otherCollocationRate": 0.0, "easyWordNum": 93, "hardWordNum": 15, "easyWordRate": 0.8611111111111112, "hardWordRate": 0.1388888888888889, "fleschReadingEaseScore": 59.965833333333364, "gunningFogIndex": 5.451851851851853, "fleschKincaidGradeLevel": 8.249074074074077, "colemanLiauIndex": 12.231814814814811, "smogIndex": 7.168621630094336, "automatedReadabilityIndex": 7.736111111111111, "linsearWriteIndex": 6.581018518518518, "author": "", "locationNameNum": 0, "locationNameRate": 0.0, "personNameNum": 2, "personNameRate": 0.018518518518518517, "organizationNameNum": 0, "organizationNameRate": 0.0, "misspelledNum": 10, "misspelledRate": 0.09259259259259259, "missingAccentNum": 1, "missingAccentRate": 0.009259259259259259, "foreignAccentNum": 0, "foreignAccentRate": 0.0, "wordConcatNum": 0, "wordConcatRate": 0.0, "jLyMistakeNum": 2, "jLyMistakeRate": 0.018518518518518517, "publicVNum": 0, "freqSuffixNum": 0, "partsNum": 30, "clauseWordNum": 11, "privateVNum": 0}