{"tokenNum": 94, "sentenceNum": 8, "lemmaNum": 64, "lemmaRate": 0.6808510638297872, "sentenceLength": 11.75, "allUpperNum": 0, "firstUpperNum": 13, "allUpperRate": 0.0, "firstUpperRate": 0.13829787234042554, "declarSentNum": 7, "imperSentNum": 1, "questionNum": 0, "declarSentRate": 0.875, "imperSentRate": 0.125, "questionRate": 0.0, "accent": true, "saturation": 4.923076923076923, "paragraphNum": 0, "nounNum": 16, "verbNum": 14, "adjNum": 4, "infNum": 1, "partPastNum": 0, "partPresNum": 0, "partFutNum": 0, "transNum": 0, "xNum": 7, "advNum": 8, "properNounNum": 5, "numNum": 0, "conjNum": 5, "punctNum": 19, "pronNum": 12, "relPronNum": 4, "demPronNum": 4, "adposNum": 0, "multiplePunctNum": 0, "phraseNum": 0, "nounRate": 0.1702127659574468, "verbRate": 0.14893617021276595, "adjRate": 0.0425531914893617, "infRate": 0.010638297872340425, "partPastRate": 0.0, "partPresRate": 0.0, "partFutRate": 0.0, "transRate": 0.0, "xRate": 0.07446808510638298, "advRate": 0.0851063829787234, "properNounRate": 0.05319148936170213, "numRate": 0.0, "conjRate": 0.05319148936170213, "punctRate": 0.20212765957446807, "pronRate": 0.1276595744680851, "relPronRate": 0.0425531914893617, "demPronRate": 0.0425531914893617, "adposRate": 0.0, "multiplePunctRate": 0.0, "partsDensityRate": 3.230769230769231, "contentfulness": 5.25, "phraseRate": 0.0, "pastTenseNum": 8, "presentTenseNum": 5, "condNum": 2, "impNum": 0, "freqNum": 0, "causNum": 0, "modalNum": 0, "sg1VerbNum": 14, "sg2VerbNum": 14, "sg3VerbNum": 14, "pl1VerbNum": 14, "pl2VerbNum": 14, "pl3VerbNum": 14, "superlatNum": 1, "comparatNum": 0, "specDerivSuffixNum": 0, "pluralNounNum": 0, "pastTenseRate": 0.5714285714285714, "presentTenseRate": 0.35714285714285715, "condRate": 0.14285714285714285, "impRate": 0.0, "freqRate": 0.0, "causRate": 0.0, "modalRate": 0.0, "sg1VerbRate": 1.0, "sg2VerbRate": 1.0, "sg3VerbRate": 1.0, "pl1VerbRate": 1.0, "pl2VerbRate": 1.0, "pl3VerbRate": 1.0, "superlatRate": 0.25, "comparatRate": 0.0, "specDerivSuffixRate": 0.0, "pluralNounRate": 0.0, "subjNum": 8, "objNum": 5, "attNum": 3, "subordNum": 5, "adverbNum": 14, "coordNum": 6, "clauseNum": 13, "simpleNum": 4, "complexNum": 4, "complexity1Num": 3, "complexity2Num": 1, "complexity3Num": 0, "compoundNum": 0, "subjRate": 0.0851063829787234, "objRate": 0.05319148936170213, "attRate": 0.031914893617021274, "subordRate": 0.05319148936170213, "adverbRate": 0.14893617021276595, "coordRate": 0.06382978723404255, "partsRate": 2.769230769230769, "clauseRate": 1.625, "simpleRate": 0.5, "complexRate": 0.5, "complexity1Rate": 0.375, "complexity2Rate": 0.125, "complexity3Rate": 0.0, "complexClauseRate": 2.25, "sentencesPerParagraph": 0.0, "wordsLengthRate": 5.1066666666666665, "compoundRate": 0.0, "positiveNum": 0, "negativeNum": 0, "precoPositiveNum": 0, "precoNegativeNum": 0, "negemoNum": 0, "negationNum": 3, "functionNum": 52, "contentNum": 42, "vulgarNum": 0, "racistNum": 0, "specStyleNum": 0, "addressingNum": 0, "closingNum": 0, "postscriptNum": 0, "brutalNum": 0, "positiveRate": 0.0, "negativeRate": 0.0, "precoPositiveRate": 0.0, "precoNegativeRate": 0.0, "negemoRate": 0.0, "negationRate": 0.031914893617021274, "functionRate": 0.5531914893617021, "contentRate": 0.44680851063829785, "vulgarRate": 0.0, "racistRate": 0.0, "specStyleRate": 0.0, "addressingRate": 0.0, "closingRate": 0.0, "postscriptRate": 0.0, "brutalRate": 0.0, "epistemicNum": 0, "investNum": 0, "conditionNum": 0, "weaselNum": 0, "peacockNum": 0, "hedgeNum": 0, "doxasticNum": 0, "epistemicRate": 0.0, "investRate": 0.0, "conditionRate": 0.0, "weaselRate": 0.0, "peacockRate": 0.0, "hedgeRate": 0.0, "doxasticRate": 0.0, "loveNum": 0, "anxietyNum": 0, "sorrowNum": 0, "joyNum": 0, "disgustNum": 0, "fearNum": 0, "surpriseNum": 0, "angerNum": 0, "loveRate": 0.0, "anxietyRate": 0.0, "sorrowRate": 0.0, "joyRate": 0.0, "disgustRate": 0.0, "fearRate": 0.0, "surpriseRate": 0.0, "angerRate": 0.0, "slangBeGeneralNum": 0, "slangBeCigaretteNum": 0, "slangBeHumanNum": 0, "slangBeVehicleNum": 0, "slangBeDrugNum": 0, "slangBvNum": 0, "slangBeGeneralRate": 0.0, "slangBeCigaretteRate": 0.0, "slangBeHumanRate": 0.0, "slangBeVehicleRate": 0.0, "slangBeDrugRate": 0.0, "slangBvRate": 0.0, "speechactNum": 0, "quoteNum": 0, "dashNum": 0, "publicNum": 0, "privateNum": 0, "suasiveNum": 0, "discMarkerNum": 0, "smileyNum": 0, "dateNum": 0, "hesitationNum": 0, "restartNum": 0, "repeatNum": 0, "conjBeforeDiscNum": 0, "conjAfterDiscNum": 0, "wordBeforeHesitationNum": 0, "wordAfterHesitationNum": 0, "otherCollocationNum": 0, "speechactRate": 0.0, "quoteRate": 0.0, "dashRate": 0.0, "publicRate": 0.0, "privateRate": 0.0, "suasiveRate": 0.0, "discMarkerRate": 0.0, "smileyRate": 0.0, "dateRate": 0.0, "hesitationRate": 0.0, "restartRate": 0.0, "repeatRate": 0.0, "conjBeforeDiscRate": 0.0, "conjAfterDiscRate": 0.0, "wordBeforeHesitationRate": 0.0, "wordAfterHesitationRate": 0.0, "otherCollocationRate": 0.0, "easyWordNum": 88, "hardWordNum": 6, "easyWordRate": 0.9361702127659575, "hardWordRate": 0.06382978723404255, "fleschReadingEaseScore": 76.10875, "gunningFogIndex": 4.725531914893618, "fleschKincaidGradeLevel": 5.562712765957446, "colemanLiauIndex": 8.950276595744675, "smogIndex": 5.683917801722854, "automatedReadabilityIndex": 4.237021276595744, "linsearWriteIndex": 5.1875, "author": "", "locationNameNum": 0, "locationNameRate": 0.0, "personNameNum": 3, "personNameRate": 0.031914893617021274, "organizationNameNum": 0, "organizationNameRate": 0.0, "misspelledNum": 1, "misspelledRate": 0.010638297872340425, "missingAccentNum": 0, "missingAccentRate": 0.0, "foreignAccentNum": 0, "foreignAccentRate": 0.0, "wordConcatNum": 1, "wordConcatRate": 0.010638297872340425, "jLyMistakeNum": 0, "jLyMistakeRate": 0.0, "publicVNum": 0, "freqSuffixNum": 0, "partsNum": 36, "clauseWordNum": 13, "privateVNum": 0}