{"tokenNum": 91, "sentenceNum": 5, "lemmaNum": 56, "lemmaRate": 0.6153846153846154, "sentenceLength": 18.2, "allUpperNum": 0, "firstUpperNum": 7, "allUpperRate": 0.0, "firstUpperRate": 0.07692307692307693, "declarSentNum": 5, "imperSentNum": 0, "questionNum": 0, "declarSentRate": 1.0, "imperSentRate": 0.0, "questionRate": 0.0, "accent": true, "saturation": 4.3076923076923075, "paragraphNum": 0, "nounNum": 14, "verbNum": 9, "adjNum": 3, "infNum": 1, "partPastNum": 0, "partPresNum": 0, "partFutNum": 0, "transNum": 0, "xNum": 1, "advNum": 16, "properNounNum": 9, "numNum": 0, "conjNum": 9, "punctNum": 19, "pronNum": 12, "relPronNum": 4, "demPronNum": 9, "adposNum": 0, "multiplePunctNum": 0, "phraseNum": 0, "nounRate": 0.15384615384615385, "verbRate": 0.0989010989010989, "adjRate": 0.03296703296703297, "infRate": 0.01098901098901099, "partPastRate": 0.0, "partPresRate": 0.0, "partFutRate": 0.0, "transRate": 0.0, "xRate": 0.01098901098901099, "advRate": 0.17582417582417584, "properNounRate": 0.0989010989010989, "numRate": 0.0, "conjRate": 0.0989010989010989, "punctRate": 0.2087912087912088, "pronRate": 0.13186813186813187, "relPronRate": 0.04395604395604396, "demPronRate": 0.0989010989010989, "adposRate": 0.0, "multiplePunctRate": 0.0, "partsDensityRate": 3.230769230769231, "contentfulness": 8.4, "phraseRate": 0.0, "pastTenseNum": 0, "presentTenseNum": 8, "condNum": 1, "impNum": 0, "freqNum": 0, "causNum": 0, "modalNum": 0, "sg1VerbNum": 9, "sg2VerbNum": 9, "sg3VerbNum": 9, "pl1VerbNum": 9, "pl2VerbNum": 9, "pl3VerbNum": 9, "superlatNum": 0, "comparatNum": 1, "specDerivSuffixNum": 0, "pluralNounNum": 0, "pastTenseRate": 0.0, "presentTenseRate": 0.8888888888888888, "condRate": 0.1111111111111111, "impRate": 0.0, "freqRate": 0.0, "causRate": 0.0, "modalRate": 0.0, "sg1VerbRate": 1.0, "sg2VerbRate": 1.0, "sg3VerbRate": 1.0, "pl1VerbRate": 1.0, "pl2VerbRate": 1.0, "pl3VerbRate": 1.0, "superlatRate": 0.0, "comparatRate": 0.3333333333333333, "specDerivSuffixRate": 0.0, "pluralNounRate": 0.0, "subjNum": 7, "objNum": 4, "attNum": 0, "subordNum": 4, "adverbNum": 18, "coordNum": 3, "clauseNum": 13, "simpleNum": 1, "complexNum": 4, "complexity1Num": 1, "complexity2Num": 2, "complexity3Num": 1, "compoundNum": 0, "subjRate": 0.07692307692307693, "objRate": 0.04395604395604396, "attRate": 0.0, "subordRate": 0.04395604395604396, "adverbRate": 0.1978021978021978, "coordRate": 0.03296703296703297, "partsRate": 2.4615384615384617, "clauseRate": 2.6, "simpleRate": 0.2, "complexRate": 0.8, "complexity1Rate": 0.2, "complexity2Rate": 0.4, "complexity3Rate": 0.2, "complexClauseRate": 3.0, "sentencesPerParagraph": 0.0, "wordsLengthRate": 4.652777777777778, "compoundRate": 0.0, "positiveNum": 0, "negativeNum": 0, "precoPositiveNum": 0, "precoNegativeNum": 0, "negemoNum": 0, "negationNum": 5, "functionNum": 49, "contentNum": 42, "vulgarNum": 0, "racistNum": 0, "specStyleNum": 0, "addressingNum": 0, "closingNum": 0, "postscriptNum": 0, "brutalNum": 0, "positiveRate": 0.0, "negativeRate": 0.0, "precoPositiveRate": 0.0, "precoNegativeRate": 0.0, "negemoRate": 0.0, "negationRate": 0.054945054945054944, "functionRate": 0.5384615384615384, "contentRate": 0.46153846153846156, "vulgarRate": 0.0, "racistRate": 0.0, "specStyleRate": 0.0, "addressingRate": 0.0, "closingRate": 0.0, "postscriptRate": 0.0, "brutalRate": 0.0, "epistemicNum": 0, "investNum": 0, "conditionNum": 0, "weaselNum": 0, "peacockNum": 0, "hedgeNum": 0, "doxasticNum": 0, "epistemicRate": 0.0, "investRate": 0.0, "conditionRate": 0.0, "weaselRate": 0.0, "peacockRate": 0.0, "hedgeRate": 0.0, "doxasticRate": 0.0, "loveNum": 0, "anxietyNum": 0, "sorrowNum": 0, "joyNum": 0, "disgustNum": 0, "fearNum": 0, "surpriseNum": 0, "angerNum": 0, "loveRate": 0.0, "anxietyRate": 0.0, "sorrowRate": 0.0, "joyRate": 0.0, "disgustRate": 0.0, "fearRate": 0.0, "surpriseRate": 0.0, "angerRate": 0.0, "slangBeGeneralNum": 0, "slangBeCigaretteNum": 0, "slangBeHumanNum": 0, "slangBeVehicleNum": 0, "slangBeDrugNum": 0, "slangBvNum": 0, "slangBeGeneralRate": 0.0, "slangBeCigaretteRate": 0.0, "slangBeHumanRate": 0.0, "slangBeVehicleRate": 0.0, "slangBeDrugRate": 0.0, "slangBvRate": 0.0, "speechactNum": 0, "quoteNum": 0, "dashNum": 0, "publicNum": 0, "privateNum": 0, "suasiveNum": 0, "discMarkerNum": 0, "smileyNum": 0, "dateNum": 0, "hesitationNum": 0, "restartNum": 0, "repeatNum": 2, "conjBeforeDiscNum": 0, "conjAfterDiscNum": 0, "wordBeforeHesitationNum": 0, "wordAfterHesitationNum": 0, "otherCollocationNum": 0, "speechactRate": 0.0, "quoteRate": 0.0, "dashRate": 0.0, "publicRate": 0.0, "privateRate": 0.0, "suasiveRate": 0.0, "discMarkerRate": 0.0, "smileyRate": 0.0, "dateRate": 0.0, "hesitationRate": 0.0, "restartRate": 0.0, "repeatRate": 0.02197802197802198, "conjBeforeDiscRate": 0.0, "conjAfterDiscRate": 0.0, "wordBeforeHesitationRate": 0.0, "wordAfterHesitationRate": 0.0, "otherCollocationRate": 0.0, "easyWordNum": 88, "hardWordNum": 3, "easyWordRate": 0.967032967032967, "hardWordRate": 0.03296703296703297, "fleschReadingEaseScore": 78.66090109890112, "gunningFogIndex": 7.293186813186813, "fleschKincaidGradeLevel": 6.809098901098903, "colemanLiauIndex": 7.112582417582416, "smogIndex": 4.935628992294339, "automatedReadabilityIndex": 5.9924175824175805, "linsearWriteIndex": 8.7, "author": "", "locationNameNum": 1, "locationNameRate": 0.01098901098901099, "personNameNum": 2, "personNameRate": 0.02197802197802198, "organizationNameNum": 0, "organizationNameRate": 0.0, "misspelledNum": 2, "misspelledRate": 0.02197802197802198, "missingAccentNum": 0, "missingAccentRate": 0.0, "foreignAccentNum": 0, "foreignAccentRate": 0.0, "wordConcatNum": 0, "wordConcatRate": 0.0, "jLyMistakeNum": 0, "jLyMistakeRate": 0.0, "publicVNum": 0, "freqSuffixNum": 0, "partsNum": 32, "clauseWordNum": 13, "privateVNum": 0}