{"tokenNum": 68, "sentenceNum": 2, "lemmaNum": 52, "lemmaRate": 0.7647058823529411, "sentenceLength": 34.0, "allUpperNum": 0, "firstUpperNum": 2, "allUpperRate": 0.0, "firstUpperRate": 0.029411764705882353, "declarSentNum": 1, "imperSentNum": 1, "questionNum": 0, "declarSentRate": 0.5, "imperSentRate": 0.5, "questionRate": 0.0, "accent": true, "saturation": 10.4, "paragraphNum": 0, "nounNum": 11, "verbNum": 7, "adjNum": 7, "infNum": 0, "partPastNum": 0, "partPresNum": 0, "partFutNum": 0, "transNum": 0, "xNum": 1, "advNum": 10, "properNounNum": 0, "numNum": 0, "conjNum": 7, "punctNum": 12, "pronNum": 4, "relPronNum": 0, "demPronNum": 5, "adposNum": 0, "multiplePunctNum": 3, "phraseNum": 0, "nounRate": 0.16176470588235295, "verbRate": 0.10294117647058823, "adjRate": 0.10294117647058823, "infRate": 0.0, "partPastRate": 0.0, "partPresRate": 0.0, "partFutRate": 0.0, "transRate": 0.0, "xRate": 0.014705882352941176, "advRate": 0.14705882352941177, "properNounRate": 0.0, "numRate": 0.0, "conjRate": 0.10294117647058823, "punctRate": 0.17647058823529413, "pronRate": 0.058823529411764705, "relPronRate": 0.0, "demPronRate": 0.07352941176470588, "adposRate": 0.0, "multiplePunctRate": 0.25, "partsDensityRate": 7.0, "contentfulness": 17.5, "phraseRate": 0.0, "pastTenseNum": 1, "presentTenseNum": 6, "condNum": 1, "impNum": 1, "freqNum": 0, "causNum": 0, "modalNum": 1, "sg1VerbNum": 7, "sg2VerbNum": 7, "sg3VerbNum": 7, "pl1VerbNum": 7, "pl2VerbNum": 7, "pl3VerbNum": 7, "superlatNum": 0, "comparatNum": 0, "specDerivSuffixNum": 0, "pluralNounNum": 1, "pastTenseRate": 0.14285714285714285, "presentTenseRate": 0.8571428571428571, "condRate": 0.14285714285714285, "impRate": 0.14285714285714285, "freqRate": 0.0, "causRate": 0.0, "modalRate": 0.14285714285714285, "sg1VerbRate": 1.0, "sg2VerbRate": 1.0, "sg3VerbRate": 1.0, "pl1VerbRate": 1.0, "pl2VerbRate": 1.0, "pl3VerbRate": 1.0, "superlatRate": 0.0, "comparatRate": 0.0, "specDerivSuffixRate": 0.0, "pluralNounRate": 0.09090909090909091, "subjNum": 4, "objNum": 4, "attNum": 2, "subordNum": 3, "adverbNum": 14, "coordNum": 2, "clauseNum": 5, "simpleNum": 0, "complexNum": 2, "complexity1Num": 1, "complexity2Num": 1, "complexity3Num": 0, "compoundNum": 0, "subjRate": 0.058823529411764705, "objRate": 0.058823529411764705, "attRate": 0.029411764705882353, "subordRate": 0.04411764705882353, "adverbRate": 0.20588235294117646, "coordRate": 0.029411764705882353, "partsRate": 5.2, "clauseRate": 2.5, "simpleRate": 0.0, "complexRate": 1.0, "complexity1Rate": 0.5, "complexity2Rate": 0.5, "complexity3Rate": 0.0, "complexClauseRate": 2.5, "sentencesPerParagraph": 0.0, "wordsLengthRate": 5.892857142857143, "compoundRate": 0.0, "positiveNum": 0, "negativeNum": 0, "precoPositiveNum": 0, "precoNegativeNum": 0, "negemoNum": 0, "negationNum": 4, "functionNum": 33, "contentNum": 35, "vulgarNum": 0, "racistNum": 0, "specStyleNum": 0, "addressingNum": 0, "closingNum": 0, "postscriptNum": 0, "brutalNum": 0, "positiveRate": 0.0, "negativeRate": 0.0, "precoPositiveRate": 0.0, "precoNegativeRate": 0.0, "negemoRate": 0.0, "negationRate": 0.058823529411764705, "functionRate": 0.4852941176470588, "contentRate": 0.5147058823529411, "vulgarRate": 0.0, "racistRate": 0.0, "specStyleRate": 0.0, "addressingRate": 0.0, "closingRate": 0.0, "postscriptRate": 0.0, "brutalRate": 0.0, "epistemicNum": 0, "investNum": 0, "conditionNum": 0, "weaselNum": 0, "peacockNum": 0, "hedgeNum": 0, "doxasticNum": 0, "epistemicRate": 0.0, "investRate": 0.0, "conditionRate": 0.0, "weaselRate": 0.0, "peacockRate": 0.0, "hedgeRate": 0.0, "doxasticRate": 0.0, "loveNum": 0, "anxietyNum": 0, "sorrowNum": 0, "joyNum": 0, "disgustNum": 0, "fearNum": 0, "surpriseNum": 0, "angerNum": 0, "loveRate": 0.0, "anxietyRate": 0.0, "sorrowRate": 0.0, "joyRate": 0.0, "disgustRate": 0.0, "fearRate": 0.0, "surpriseRate": 0.0, "angerRate": 0.0, "slangBeGeneralNum": 0, "slangBeCigaretteNum": 0, "slangBeHumanNum": 0, "slangBeVehicleNum": 0, "slangBeDrugNum": 0, "slangBvNum": 0, "slangBeGeneralRate": 0.0, "slangBeCigaretteRate": 0.0, "slangBeHumanRate": 0.0, "slangBeVehicleRate": 0.0, "slangBeDrugRate": 0.0, "slangBvRate": 0.0, "speechactNum": 0, "quoteNum": 0, "dashNum": 0, "publicNum": 0, "privateNum": 0, "suasiveNum": 0, "discMarkerNum": 0, "smileyNum": 0, "dateNum": 0, "hesitationNum": 0, "restartNum": 0, "repeatNum": 0, "conjBeforeDiscNum": 0, "conjAfterDiscNum": 0, "wordBeforeHesitationNum": 0, "wordAfterHesitationNum": 0, "otherCollocationNum": 0, "speechactRate": 0.0, "quoteRate": 0.0, "dashRate": 0.0, "publicRate": 0.0, "privateRate": 0.0, "suasiveRate": 0.0, "discMarkerRate": 0.0, "smileyRate": 0.0, "dateRate": 0.0, "hesitationRate": 0.0, "restartRate": 0.0, "repeatRate": 0.0, "conjBeforeDiscRate": 0.0, "conjAfterDiscRate": 0.0, "wordBeforeHesitationRate": 0.0, "wordAfterHesitationRate": 0.0, "otherCollocationRate": 0.0, "easyWordNum": 60, "hardWordNum": 8, "easyWordRate": 0.8823529411764706, "hardWordRate": 0.11764705882352941, "fleschReadingEaseScore": 25.519117647058835, "gunningFogIndex": 13.647058823529413, "fleschKincaidGradeLevel": 18.146470588235292, "colemanLiauIndex": 15.468882352941172, "smogIndex": 6.079149491110277, "automatedReadabilityIndex": 20.574558823529408, "linsearWriteIndex": 20.75, "author": "", "locationNameNum": 0, "locationNameRate": 0.0, "personNameNum": 1, "personNameRate": 0.014705882352941176, "organizationNameNum": 0, "organizationNameRate": 0.0, "misspelledNum": 1, "misspelledRate": 0.014705882352941176, "missingAccentNum": 0, "missingAccentRate": 0.0, "foreignAccentNum": 0, "foreignAccentRate": 0.0, "wordConcatNum": 0, "wordConcatRate": 0.0, "jLyMistakeNum": 0, "jLyMistakeRate": 0.0, "publicVNum": 0, "freqSuffixNum": 0, "partsNum": 26, "clauseWordNum": 5, "privateVNum": 0}