{"tokenNum": 102, "sentenceNum": 9, "lemmaNum": 62, "lemmaRate": 0.6078431372549019, "sentenceLength": 11.333333333333334, "allUpperNum": 1, "firstUpperNum": 19, "allUpperRate": 0.00980392156862745, "firstUpperRate": 0.18627450980392157, "declarSentNum": 9, "imperSentNum": 0, "questionNum": 0, "declarSentRate": 1.0, "imperSentRate": 0.0, "questionRate": 0.0, "accent": true, "saturation": 4.769230769230769, "paragraphNum": 0, "nounNum": 30, "verbNum": 7, "adjNum": 7, "infNum": 0, "partPastNum": 0, "partPresNum": 0, "partFutNum": 0, "transNum": 0, "xNum": 8, "advNum": 5, "properNounNum": 12, "numNum": 2, "conjNum": 5, "punctNum": 16, "pronNum": 4, "relPronNum": 0, "demPronNum": 4, "adposNum": 2, "multiplePunctNum": 0, "phraseNum": 0, "nounRate": 0.29411764705882354, "verbRate": 0.06862745098039216, "adjRate": 0.06862745098039216, "infRate": 0.0, "partPastRate": 0.0, "partPresRate": 0.0, "partFutRate": 0.0, "transRate": 0.0, "xRate": 0.0784313725490196, "advRate": 0.049019607843137254, "properNounRate": 0.11764705882352941, "numRate": 0.0196078431372549, "conjRate": 0.049019607843137254, "punctRate": 0.1568627450980392, "pronRate": 0.0392156862745098, "relPronRate": 0.0, "demPronRate": 0.0392156862745098, "adposRate": 0.0196078431372549, "multiplePunctRate": 0.0, "partsDensityRate": 3.769230769230769, "contentfulness": 5.444444444444445, "phraseRate": 0.0, "pastTenseNum": 1, "presentTenseNum": 6, "condNum": 0, "impNum": 0, "freqNum": 0, "causNum": 0, "modalNum": 0, "sg1VerbNum": 7, "sg2VerbNum": 7, "sg3VerbNum": 7, "pl1VerbNum": 7, "pl2VerbNum": 7, "pl3VerbNum": 7, "superlatNum": 0, "comparatNum": 0, "specDerivSuffixNum": 0, "pluralNounNum": 1, "pastTenseRate": 0.14285714285714285, "presentTenseRate": 0.8571428571428571, "condRate": 0.0, "impRate": 0.0, "freqRate": 0.0, "causRate": 0.0, "modalRate": 0.0, "sg1VerbRate": 1.0, "sg2VerbRate": 1.0, "sg3VerbRate": 1.0, "pl1VerbRate": 1.0, "pl2VerbRate": 1.0, "pl3VerbRate": 1.0, "superlatRate": 0.0, "comparatRate": 0.0, "specDerivSuffixRate": 0.0, "pluralNounRate": 0.03333333333333333, "subjNum": 5, "objNum": 3, "attNum": 7, "subordNum": 2, "adverbNum": 7, "coordNum": 0, "clauseNum": 13, "simpleNum": 6, "complexNum": 2, "complexity1Num": 1, "complexity2Num": 0, "complexity3Num": 0, "compoundNum": 0, "subjRate": 0.049019607843137254, "objRate": 0.029411764705882353, "attRate": 0.06862745098039216, "subordRate": 0.0196078431372549, "adverbRate": 0.06862745098039216, "coordRate": 0.0, "partsRate": 1.6923076923076923, "clauseRate": 1.4444444444444444, "simpleRate": 0.6666666666666666, "complexRate": 0.2222222222222222, "complexity1Rate": 0.1111111111111111, "complexity2Rate": 0.0, "complexity3Rate": 0.0, "complexClauseRate": 3.5, "sentencesPerParagraph": 0.0, "wordsLengthRate": 4.72093023255814, "compoundRate": 0.0, "positiveNum": 0, "negativeNum": 0, "precoPositiveNum": 0, "precoNegativeNum": 0, "negemoNum": 0, "negationNum": 0, "functionNum": 53, "contentNum": 49, "vulgarNum": 0, "racistNum": 0, "specStyleNum": 0, "addressingNum": 0, "closingNum": 0, "postscriptNum": 0, "brutalNum": 0, "positiveRate": 0.0, "negativeRate": 0.0, "precoPositiveRate": 0.0, "precoNegativeRate": 0.0, "negemoRate": 0.0, "negationRate": 0.0, "functionRate": 0.5196078431372549, "contentRate": 0.4803921568627451, "vulgarRate": 0.0, "racistRate": 0.0, "specStyleRate": 0.0, "addressingRate": 0.0, "closingRate": 0.0, "postscriptRate": 0.0, "brutalRate": 0.0, "epistemicNum": 0, "investNum": 0, "conditionNum": 0, "weaselNum": 0, "peacockNum": 0, "hedgeNum": 0, "doxasticNum": 0, "epistemicRate": 0.0, "investRate": 0.0, "conditionRate": 0.0, "weaselRate": 0.0, "peacockRate": 0.0, "hedgeRate": 0.0, "doxasticRate": 0.0, "loveNum": 0, "anxietyNum": 0, "sorrowNum": 0, "joyNum": 0, "disgustNum": 0, "fearNum": 0, "surpriseNum": 0, "angerNum": 0, "loveRate": 0.0, "anxietyRate": 0.0, "sorrowRate": 0.0, "joyRate": 0.0, "disgustRate": 0.0, "fearRate": 0.0, "surpriseRate": 0.0, "angerRate": 0.0, "slangBeGeneralNum": 0, "slangBeCigaretteNum": 0, "slangBeHumanNum": 0, "slangBeVehicleNum": 0, "slangBeDrugNum": 0, "slangBvNum": 0, "slangBeGeneralRate": 0.0, "slangBeCigaretteRate": 0.0, "slangBeHumanRate": 0.0, "slangBeVehicleRate": 0.0, "slangBeDrugRate": 0.0, "slangBvRate": 0.0, "speechactNum": 0, "quoteNum": 0, "dashNum": 0, "publicNum": 0, "privateNum": 0, "suasiveNum": 0, "discMarkerNum": 0, "smileyNum": 0, "dateNum": 0, "hesitationNum": 0, "restartNum": 0, "repeatNum": 0, "conjBeforeDiscNum": 0, "conjAfterDiscNum": 0, "wordBeforeHesitationNum": 0, "wordAfterHesitationNum": 0, "otherCollocationNum": 0, "speechactRate": 0.0, "quoteRate": 0.0, "dashRate": 0.0, "publicRate": 0.0, "privateRate": 0.0, "suasiveRate": 0.0, "discMarkerRate": 0.0, "smileyRate": 0.0, "dateRate": 0.0, "hesitationRate": 0.0, "restartRate": 0.0, "repeatRate": 0.0, "conjBeforeDiscRate": 0.0, "conjAfterDiscRate": 0.0, "wordBeforeHesitationRate": 0.0, "wordAfterHesitationRate": 0.0, "otherCollocationRate": 0.0, "easyWordNum": 98, "hardWordNum": 4, "easyWordRate": 0.9607843137254902, "hardWordRate": 0.0392156862745098, "fleschReadingEaseScore": 86.67872549019609, "gunningFogIndex": 4.549019607843138, "fleschKincaidGradeLevel": 3.984901960784317, "colemanLiauIndex": 8.048460784313725, "smogIndex": 5.2151, "automatedReadabilityIndex": 3.307549019607844, "linsearWriteIndex": 4.555555555555555, "author": "", "locationNameNum": 0, "locationNameRate": 0.0, "personNameNum": 6, "personNameRate": 0.058823529411764705, "organizationNameNum": 0, "organizationNameRate": 0.0, "misspelledNum": 6, "misspelledRate": 0.058823529411764705, "missingAccentNum": 1, "missingAccentRate": 0.00980392156862745, "foreignAccentNum": 0, "foreignAccentRate": 0.0, "wordConcatNum": 0, "wordConcatRate": 0.0, "jLyMistakeNum": 1, "jLyMistakeRate": 0.00980392156862745, "publicVNum": 0, "freqSuffixNum": 0, "partsNum": 22, "clauseWordNum": 13, "privateVNum": 0}