{"tokenNum": 197, "sentenceNum": 15, "lemmaNum": 110, "lemmaRate": 0.5583756345177665, "sentenceLength": 13.133333333333333, "allUpperNum": 0, "firstUpperNum": 18, "allUpperRate": 0.0, "firstUpperRate": 0.09137055837563451, "declarSentNum": 15, "imperSentNum": 0, "questionNum": 0, "declarSentRate": 1.0, "imperSentRate": 0.0, "questionRate": 0.0, "accent": true, "saturation": 3.9285714285714284, "paragraphNum": 0, "nounNum": 34, "verbNum": 21, "adjNum": 13, "infNum": 2, "partPastNum": 2, "partPresNum": 2, "partFutNum": 0, "transNum": 0, "xNum": 14, "advNum": 25, "properNounNum": 1, "numNum": 2, "conjNum": 21, "punctNum": 33, "pronNum": 11, "relPronNum": 1, "demPronNum": 5, "adposNum": 2, "multiplePunctNum": 2, "phraseNum": 0, "nounRate": 0.17258883248730963, "verbRate": 0.1065989847715736, "adjRate": 0.06598984771573604, "infRate": 0.01015228426395939, "partPastRate": 0.01015228426395939, "partPresRate": 0.01015228426395939, "partFutRate": 0.0, "transRate": 0.0, "xRate": 0.07106598984771574, "advRate": 0.12690355329949238, "properNounRate": 0.005076142131979695, "numRate": 0.01015228426395939, "conjRate": 0.1065989847715736, "punctRate": 0.16751269035532995, "pronRate": 0.05583756345177665, "relPronRate": 0.005076142131979695, "demPronRate": 0.025380710659898477, "adposRate": 0.01015228426395939, "multiplePunctRate": 0.06060606060606061, "partsDensityRate": 3.3214285714285716, "contentfulness": 6.2, "phraseRate": 0.0, "pastTenseNum": 1, "presentTenseNum": 18, "condNum": 3, "impNum": 3, "freqNum": 0, "causNum": 0, "modalNum": 4, "sg1VerbNum": 21, "sg2VerbNum": 21, "sg3VerbNum": 21, "pl1VerbNum": 21, "pl2VerbNum": 21, "pl3VerbNum": 21, "superlatNum": 0, "comparatNum": 1, "specDerivSuffixNum": 0, "pluralNounNum": 5, "pastTenseRate": 0.047619047619047616, "presentTenseRate": 0.8571428571428571, "condRate": 0.14285714285714285, "impRate": 0.14285714285714285, "freqRate": 0.0, "causRate": 0.0, "modalRate": 0.19047619047619047, "sg1VerbRate": 1.0, "sg2VerbRate": 1.0, "sg3VerbRate": 1.0, "pl1VerbRate": 1.0, "pl2VerbRate": 1.0, "pl3VerbRate": 1.0, "superlatRate": 0.0, "comparatRate": 0.07692307692307693, "specDerivSuffixRate": 0.0, "pluralNounRate": 0.14705882352941177, "subjNum": 17, "objNum": 4, "attNum": 9, "subordNum": 8, "adverbNum": 29, "coordNum": 5, "clauseNum": 28, "simpleNum": 7, "complexNum": 8, "complexity1Num": 6, "complexity2Num": 0, "complexity3Num": 1, "compoundNum": 0, "subjRate": 0.08629441624365482, "objRate": 0.02030456852791878, "attRate": 0.04568527918781726, "subordRate": 0.04060913705583756, "adverbRate": 0.14720812182741116, "coordRate": 0.025380710659898477, "partsRate": 2.2857142857142856, "clauseRate": 1.8666666666666667, "simpleRate": 0.4666666666666667, "complexRate": 0.5333333333333333, "complexity1Rate": 0.4, "complexity2Rate": 0.0, "complexity3Rate": 0.06666666666666667, "complexClauseRate": 2.625, "sentencesPerParagraph": 0.0, "wordsLengthRate": 4.817073170731708, "compoundRate": 0.0, "positiveNum": 0, "negativeNum": 0, "precoPositiveNum": 0, "precoNegativeNum": 0, "negemoNum": 0, "negationNum": 3, "functionNum": 104, "contentNum": 93, "vulgarNum": 0, "racistNum": 0, "specStyleNum": 0, "addressingNum": 0, "closingNum": 0, "postscriptNum": 0, "brutalNum": 0, "positiveRate": 0.0, "negativeRate": 0.0, "precoPositiveRate": 0.0, "precoNegativeRate": 0.0, "negemoRate": 0.0, "negationRate": 0.015228426395939087, "functionRate": 0.5279187817258884, "contentRate": 0.4720812182741117, "vulgarRate": 0.0, "racistRate": 0.0, "specStyleRate": 0.0, "addressingRate": 0.0, "closingRate": 0.0, "postscriptRate": 0.0, "brutalRate": 0.0, "epistemicNum": 0, "investNum": 0, "conditionNum": 0, "weaselNum": 0, "peacockNum": 0, "hedgeNum": 0, "doxasticNum": 0, "epistemicRate": 0.0, "investRate": 0.0, "conditionRate": 0.0, "weaselRate": 0.0, "peacockRate": 0.0, "hedgeRate": 0.0, "doxasticRate": 0.0, "loveNum": 0, "anxietyNum": 0, "sorrowNum": 0, "joyNum": 0, "disgustNum": 0, "fearNum": 0, "surpriseNum": 0, "angerNum": 0, "loveRate": 0.0, "anxietyRate": 0.0, "sorrowRate": 0.0, "joyRate": 0.0, "disgustRate": 0.0, "fearRate": 0.0, "surpriseRate": 0.0, "angerRate": 0.0, "slangBeGeneralNum": 0, "slangBeCigaretteNum": 0, "slangBeHumanNum": 0, "slangBeVehicleNum": 0, "slangBeDrugNum": 0, "slangBvNum": 0, "slangBeGeneralRate": 0.0, "slangBeCigaretteRate": 0.0, "slangBeHumanRate": 0.0, "slangBeVehicleRate": 0.0, "slangBeDrugRate": 0.0, "slangBvRate": 0.0, "speechactNum": 0, "quoteNum": 0, "dashNum": 0, "publicNum": 0, "privateNum": 0, "suasiveNum": 0, "discMarkerNum": 0, "smileyNum": 0, "dateNum": 0, "hesitationNum": 0, "restartNum": 0, "repeatNum": 0, "conjBeforeDiscNum": 0, "conjAfterDiscNum": 0, "wordBeforeHesitationNum": 0, "wordAfterHesitationNum": 0, "otherCollocationNum": 0, "speechactRate": 0.0, "quoteRate": 0.0, "dashRate": 0.0, "publicRate": 0.0, "privateRate": 0.0, "suasiveRate": 0.0, "discMarkerRate": 0.0, "smileyRate": 0.0, "dateRate": 0.0, "hesitationRate": 0.0, "restartRate": 0.0, "repeatRate": 0.0, "conjBeforeDiscRate": 0.0, "conjAfterDiscRate": 0.0, "wordBeforeHesitationRate": 0.0, "wordAfterHesitationRate": 0.0, "otherCollocationRate": 0.0, "easyWordNum": 186, "hardWordNum": 11, "easyWordRate": 0.9441624365482234, "hardWordRate": 0.05583756345177665, "fleschReadingEaseScore": 79.27319458544841, "gunningFogIndex": 5.275668358714044, "fleschKincaidGradeLevel": 5.464994923857869, "colemanLiauIndex": 8.507233502538067, "smogIndex": 6.588339656340683, "automatedReadabilityIndex": 4.5743824027072755, "linsearWriteIndex": 2.468697123519458, "author": "", "locationNameNum": 0, "locationNameRate": 0.0, "personNameNum": 1, "personNameRate": 0.005076142131979695, "organizationNameNum": 0, "organizationNameRate": 0.0, "misspelledNum": 7, "misspelledRate": 0.03553299492385787, "missingAccentNum": 3, "missingAccentRate": 0.015228426395939087, "foreignAccentNum": 0, "foreignAccentRate": 0.0, "wordConcatNum": 0, "wordConcatRate": 0.0, "jLyMistakeNum": 0, "jLyMistakeRate": 0.0, "publicVNum": 0, "freqSuffixNum": 0, "partsNum": 64, "clauseWordNum": 28, "privateVNum": 0}