{"tokenNum": 105, "sentenceNum": 16, "lemmaNum": 61, "lemmaRate": 0.580952380952381, "sentenceLength": 6.5625, "allUpperNum": 0, "firstUpperNum": 18, "allUpperRate": 0.0, "firstUpperRate": 0.17142857142857143, "declarSentNum": 16, "imperSentNum": 0, "questionNum": 0, "declarSentRate": 1.0, "imperSentRate": 0.0, "questionRate": 0.0, "accent": false, "saturation": 3.210526315789474, "paragraphNum": 0, "nounNum": 16, "verbNum": 15, "adjNum": 7, "infNum": 1, "partPastNum": 0, "partPresNum": 0, "partFutNum": 0, "transNum": 0, "xNum": 17, "advNum": 4, "properNounNum": 2, "numNum": 0, "conjNum": 5, "punctNum": 25, "pronNum": 10, "relPronNum": 0, "demPronNum": 4, "adposNum": 1, "multiplePunctNum": 0, "phraseNum": 0, "nounRate": 0.1523809523809524, "verbRate": 0.14285714285714285, "adjRate": 0.06666666666666667, "infRate": 0.009523809523809525, "partPastRate": 0.0, "partPresRate": 0.0, "partFutRate": 0.0, "transRate": 0.0, "xRate": 0.1619047619047619, "advRate": 0.0380952380952381, "properNounRate": 0.01904761904761905, "numRate": 0.0, "conjRate": 0.047619047619047616, "punctRate": 0.23809523809523808, "pronRate": 0.09523809523809523, "relPronRate": 0.0, "demPronRate": 0.0380952380952381, "adposRate": 0.009523809523809525, "multiplePunctRate": 0.0, "partsDensityRate": 2.210526315789474, "contentfulness": 2.625, "phraseRate": 0.0, "pastTenseNum": 1, "presentTenseNum": 13, "condNum": 0, "impNum": 2, "freqNum": 0, "causNum": 0, "modalNum": 0, "sg1VerbNum": 15, "sg2VerbNum": 15, "sg3VerbNum": 15, "pl1VerbNum": 15, "pl2VerbNum": 15, "pl3VerbNum": 15, "superlatNum": 0, "comparatNum": 0, "specDerivSuffixNum": 0, "pluralNounNum": 0, "pastTenseRate": 0.06666666666666667, "presentTenseRate": 0.8666666666666667, "condRate": 0.0, "impRate": 0.13333333333333333, "freqRate": 0.0, "causRate": 0.0, "modalRate": 0.0, "sg1VerbRate": 1.0, "sg2VerbRate": 1.0, "sg3VerbRate": 1.0, "pl1VerbRate": 1.0, "pl2VerbRate": 1.0, "pl3VerbRate": 1.0, "superlatRate": 0.0, "comparatRate": 0.0, "specDerivSuffixRate": 0.0, "pluralNounRate": 0.0, "subjNum": 10, "objNum": 1, "attNum": 2, "subordNum": 3, "adverbNum": 5, "coordNum": 3, "clauseNum": 19, "simpleNum": 11, "complexNum": 4, "complexity1Num": 4, "complexity2Num": 0, "complexity3Num": 0, "compoundNum": 0, "subjRate": 0.09523809523809523, "objRate": 0.009523809523809525, "attRate": 0.01904761904761905, "subordRate": 0.02857142857142857, "adverbRate": 0.047619047619047616, "coordRate": 0.02857142857142857, "partsRate": 1.105263157894737, "clauseRate": 1.1875, "simpleRate": 0.6875, "complexRate": 0.25, "complexity1Rate": 0.25, "complexity2Rate": 0.0, "complexity3Rate": 0.0, "complexClauseRate": 2.0, "sentencesPerParagraph": 0.0, "wordsLengthRate": 5.0, "compoundRate": 0.0, "positiveNum": 0, "negativeNum": 0, "precoPositiveNum": 0, "precoNegativeNum": 0, "negemoNum": 0, "negationNum": 2, "functionNum": 63, "contentNum": 42, "vulgarNum": 0, "racistNum": 0, "specStyleNum": 0, "addressingNum": 0, "closingNum": 0, "postscriptNum": 0, "brutalNum": 0, "positiveRate": 0.0, "negativeRate": 0.0, "precoPositiveRate": 0.0, "precoNegativeRate": 0.0, "negemoRate": 0.0, "negationRate": 0.01904761904761905, "functionRate": 0.6, "contentRate": 0.4, "vulgarRate": 0.0, "racistRate": 0.0, "specStyleRate": 0.0, "addressingRate": 0.0, "closingRate": 0.0, "postscriptRate": 0.0, "brutalRate": 0.0, "epistemicNum": 0, "investNum": 0, "conditionNum": 0, "weaselNum": 0, "peacockNum": 0, "hedgeNum": 0, "doxasticNum": 0, "epistemicRate": 0.0, "investRate": 0.0, "conditionRate": 0.0, "weaselRate": 0.0, "peacockRate": 0.0, "hedgeRate": 0.0, "doxasticRate": 0.0, "loveNum": 0, "anxietyNum": 0, "sorrowNum": 0, "joyNum": 0, "disgustNum": 0, "fearNum": 0, "surpriseNum": 0, "angerNum": 0, "loveRate": 0.0, "anxietyRate": 0.0, "sorrowRate": 0.0, "joyRate": 0.0, "disgustRate": 0.0, "fearRate": 0.0, "surpriseRate": 0.0, "angerRate": 0.0, "slangBeGeneralNum": 0, "slangBeCigaretteNum": 0, "slangBeHumanNum": 0, "slangBeVehicleNum": 0, "slangBeDrugNum": 0, "slangBvNum": 0, "slangBeGeneralRate": 0.0, "slangBeCigaretteRate": 0.0, "slangBeHumanRate": 0.0, "slangBeVehicleRate": 0.0, "slangBeDrugRate": 0.0, "slangBvRate": 0.0, "speechactNum": 0, "quoteNum": 0, "dashNum": 0, "publicNum": 0, "privateNum": 0, "suasiveNum": 0, "discMarkerNum": 0, "smileyNum": 0, "dateNum": 0, "hesitationNum": 0, "restartNum": 0, "repeatNum": 2, "conjBeforeDiscNum": 0, "conjAfterDiscNum": 0, "wordBeforeHesitationNum": 0, "wordAfterHesitationNum": 0, "otherCollocationNum": 0, "speechactRate": 0.0, "quoteRate": 0.0, "dashRate": 0.0, "publicRate": 0.0, "privateRate": 0.0, "suasiveRate": 0.0, "discMarkerRate": 0.0, "smileyRate": 0.0, "dateRate": 0.0, "hesitationRate": 0.0, "restartRate": 0.0, "repeatRate": 0.01904761904761905, "conjBeforeDiscRate": 0.0, "conjAfterDiscRate": 0.0, "wordBeforeHesitationRate": 0.0, "wordAfterHesitationRate": 0.0, "otherCollocationRate": 0.0, "easyWordNum": 101, "hardWordNum": 4, "easyWordRate": 0.9619047619047619, "hardWordRate": 0.0380952380952381, "fleschReadingEaseScore": 90.59691964285716, "gunningFogIndex": 2.6402380952380953, "fleschKincaidGradeLevel": 2.2531845238095265, "colemanLiauIndex": 6.918114285714282, "smogIndex": 5.2151, "automatedReadabilityIndex": 0.018392857142856656, "linsearWriteIndex": 1.8571428571428568, "author": "", "locationNameNum": 0, "locationNameRate": 0.0, "personNameNum": 2, "personNameRate": 0.01904761904761905, "organizationNameNum": 0, "organizationNameRate": 0.0, "misspelledNum": 28, "misspelledRate": 0.26666666666666666, "missingAccentNum": 25, "missingAccentRate": 0.23809523809523808, "foreignAccentNum": 0, "foreignAccentRate": 0.0, "wordConcatNum": 0, "wordConcatRate": 0.0, "jLyMistakeNum": 0, "jLyMistakeRate": 0.0, "publicVNum": 0, "freqSuffixNum": 0, "partsNum": 21, "clauseWordNum": 19, "privateVNum": 0}