{"tokenNum": 296, "sentenceNum": 24, "lemmaNum": 161, "lemmaRate": 0.543918918918919, "sentenceLength": 12.333333333333334, "allUpperNum": 4, "firstUpperNum": 30, "allUpperRate": 0.013513513513513514, "firstUpperRate": 0.10135135135135136, "declarSentNum": 24, "imperSentNum": 0, "questionNum": 0, "declarSentRate": 1.0, "imperSentRate": 0.0, "questionRate": 0.0, "accent": true, "saturation": 3.22, "paragraphNum": 0, "nounNum": 45, "verbNum": 35, "adjNum": 21, "infNum": 4, "partPastNum": 1, "partPresNum": 0, "partFutNum": 0, "transNum": 0, "xNum": 23, "advNum": 35, "properNounNum": 4, "numNum": 0, "conjNum": 23, "punctNum": 53, "pronNum": 26, "relPronNum": 6, "demPronNum": 14, "adposNum": 2, "multiplePunctNum": 3, "phraseNum": 0, "nounRate": 0.15202702702702703, "verbRate": 0.11824324324324324, "adjRate": 0.07094594594594594, "infRate": 0.013513513513513514, "partPastRate": 0.0033783783783783786, "partPresRate": 0.0, "partFutRate": 0.0, "transRate": 0.0, "xRate": 0.0777027027027027, "advRate": 0.11824324324324324, "properNounRate": 0.013513513513513514, "numRate": 0.0, "conjRate": 0.0777027027027027, "punctRate": 0.17905405405405406, "pronRate": 0.08783783783783784, "relPronRate": 0.02027027027027027, "demPronRate": 0.0472972972972973, "adposRate": 0.006756756756756757, "multiplePunctRate": 0.05660377358490566, "partsDensityRate": 2.72, "contentfulness": 5.666666666666667, "phraseRate": 0.0, "pastTenseNum": 14, "presentTenseNum": 17, "condNum": 1, "impNum": 3, "freqNum": 0, "causNum": 0, "modalNum": 0, "sg1VerbNum": 35, "sg2VerbNum": 35, "sg3VerbNum": 35, "pl1VerbNum": 35, "pl2VerbNum": 35, "pl3VerbNum": 35, "superlatNum": 0, "comparatNum": 1, "specDerivSuffixNum": 0, "pluralNounNum": 4, "pastTenseRate": 0.4, "presentTenseRate": 0.4857142857142857, "condRate": 0.02857142857142857, "impRate": 0.08571428571428572, "freqRate": 0.0, "causRate": 0.0, "modalRate": 0.0, "sg1VerbRate": 1.0, "sg2VerbRate": 1.0, "sg3VerbRate": 1.0, "pl1VerbRate": 1.0, "pl2VerbRate": 1.0, "pl3VerbRate": 1.0, "superlatRate": 0.0, "comparatRate": 0.047619047619047616, "specDerivSuffixRate": 0.0, "pluralNounRate": 0.08888888888888889, "subjNum": 26, "objNum": 12, "attNum": 14, "subordNum": 16, "adverbNum": 45, "coordNum": 8, "clauseNum": 50, "simpleNum": 10, "complexNum": 14, "complexity1Num": 7, "complexity2Num": 3, "complexity3Num": 3, "compoundNum": 0, "subjRate": 0.08783783783783784, "objRate": 0.04054054054054054, "attRate": 0.0472972972972973, "subordRate": 0.05405405405405406, "adverbRate": 0.15202702702702703, "coordRate": 0.02702702702702703, "partsRate": 2.1, "clauseRate": 2.0833333333333335, "simpleRate": 0.4166666666666667, "complexRate": 0.5833333333333334, "complexity1Rate": 0.2916666666666667, "complexity2Rate": 0.125, "complexity3Rate": 0.125, "complexClauseRate": 2.857142857142857, "sentencesPerParagraph": 0.0, "wordsLengthRate": 4.711934156378601, "compoundRate": 0.0, "positiveNum": 0, "negativeNum": 0, "precoPositiveNum": 0, "precoNegativeNum": 0, "negemoNum": 0, "negationNum": 7, "functionNum": 160, "contentNum": 136, "vulgarNum": 0, "racistNum": 0, "specStyleNum": 0, "addressingNum": 0, "closingNum": 0, "postscriptNum": 0, "brutalNum": 0, "positiveRate": 0.0, "negativeRate": 0.0, "precoPositiveRate": 0.0, "precoNegativeRate": 0.0, "negemoRate": 0.0, "negationRate": 0.02364864864864865, "functionRate": 0.5405405405405406, "contentRate": 0.4594594594594595, "vulgarRate": 0.0, "racistRate": 0.0, "specStyleRate": 0.0, "addressingRate": 0.0, "closingRate": 0.0, "postscriptRate": 0.0, "brutalRate": 0.0, "epistemicNum": 0, "investNum": 0, "conditionNum": 0, "weaselNum": 0, "peacockNum": 0, "hedgeNum": 0, "doxasticNum": 0, "epistemicRate": 0.0, "investRate": 0.0, "conditionRate": 0.0, "weaselRate": 0.0, "peacockRate": 0.0, "hedgeRate": 0.0, "doxasticRate": 0.0, "loveNum": 0, "anxietyNum": 0, "sorrowNum": 0, "joyNum": 0, "disgustNum": 0, "fearNum": 0, "surpriseNum": 0, "angerNum": 0, "loveRate": 0.0, "anxietyRate": 0.0, "sorrowRate": 0.0, "joyRate": 0.0, "disgustRate": 0.0, "fearRate": 0.0, "surpriseRate": 0.0, "angerRate": 0.0, "slangBeGeneralNum": 0, "slangBeCigaretteNum": 0, "slangBeHumanNum": 0, "slangBeVehicleNum": 0, "slangBeDrugNum": 0, "slangBvNum": 0, "slangBeGeneralRate": 0.0, "slangBeCigaretteRate": 0.0, "slangBeHumanRate": 0.0, "slangBeVehicleRate": 0.0, "slangBeDrugRate": 0.0, "slangBvRate": 0.0, "speechactNum": 0, "quoteNum": 0, "dashNum": 0, "publicNum": 0, "privateNum": 0, "suasiveNum": 0, "discMarkerNum": 0, "smileyNum": 0, "dateNum": 0, "hesitationNum": 0, "restartNum": 0, "repeatNum": 0, "conjBeforeDiscNum": 0, "conjAfterDiscNum": 0, "wordBeforeHesitationNum": 0, "wordAfterHesitationNum": 0, "otherCollocationNum": 0, "speechactRate": 0.0, "quoteRate": 0.0, "dashRate": 0.0, "publicRate": 0.0, "privateRate": 0.0, "suasiveRate": 0.0, "discMarkerRate": 0.0, "smileyRate": 0.0, "dateRate": 0.0, "hesitationRate": 0.0, "restartRate": 0.0, "repeatRate": 0.0, "conjBeforeDiscRate": 0.0, "conjAfterDiscRate": 0.0, "wordBeforeHesitationRate": 0.0, "wordAfterHesitationRate": 0.0, "otherCollocationRate": 0.0, "easyWordNum": 285, "hardWordNum": 11, "easyWordRate": 0.9628378378378378, "hardWordRate": 0.037162162162162164, "fleschReadingEaseScore": 87.42342342342342, "gunningFogIndex": 4.948198198198199, "fleschKincaidGradeLevel": 4.129459459459461, "colemanLiauIndex": 7.580668918918917, "smogIndex": 6.588339656340683, "automatedReadabilityIndex": 3.4334572072072085, "linsearWriteIndex": 1.076295045045045, "author": "", "locationNameNum": 0, "locationNameRate": 0.0, "personNameNum": 1, "personNameRate": 0.0033783783783783786, "organizationNameNum": 0, "organizationNameRate": 0.0, "misspelledNum": 5, "misspelledRate": 0.016891891891891893, "missingAccentNum": 2, "missingAccentRate": 0.006756756756756757, "foreignAccentNum": 0, "foreignAccentRate": 0.0, "wordConcatNum": 0, "wordConcatRate": 0.0, "jLyMistakeNum": 1, "jLyMistakeRate": 0.0033783783783783786, "publicVNum": 0, "freqSuffixNum": 0, "partsNum": 105, "clauseWordNum": 50, "privateVNum": 0}