{"tokenNum": 94, "sentenceNum": 7, "lemmaNum": 61, "lemmaRate": 0.648936170212766, "sentenceLength": 13.428571428571429, "allUpperNum": 0, "firstUpperNum": 13, "allUpperRate": 0.0, "firstUpperRate": 0.13829787234042554, "declarSentNum": 7, "imperSentNum": 0, "questionNum": 0, "declarSentRate": 1.0, "imperSentRate": 0.0, "questionRate": 0.0, "accent": true, "saturation": 4.6923076923076925, "paragraphNum": 0, "nounNum": 21, "verbNum": 6, "adjNum": 5, "infNum": 0, "partPastNum": 0, "partPresNum": 1, "partFutNum": 0, "transNum": 0, "xNum": 8, "advNum": 8, "properNounNum": 7, "numNum": 1, "conjNum": 5, "punctNum": 19, "pronNum": 4, "relPronNum": 0, "demPronNum": 4, "adposNum": 1, "multiplePunctNum": 0, "phraseNum": 0, "nounRate": 0.22340425531914893, "verbRate": 0.06382978723404255, "adjRate": 0.05319148936170213, "infRate": 0.0, "partPastRate": 0.0, "partPresRate": 0.010638297872340425, "partFutRate": 0.0, "transRate": 0.0, "xRate": 0.0851063829787234, "advRate": 0.0851063829787234, "properNounRate": 0.07446808510638298, "numRate": 0.010638297872340425, "conjRate": 0.05319148936170213, "punctRate": 0.20212765957446807, "pronRate": 0.0425531914893617, "relPronRate": 0.0, "demPronRate": 0.0425531914893617, "adposRate": 0.010638297872340425, "multiplePunctRate": 0.0, "partsDensityRate": 3.076923076923077, "contentfulness": 5.714285714285714, "phraseRate": 0.0, "pastTenseNum": 5, "presentTenseNum": 1, "condNum": 0, "impNum": 0, "freqNum": 0, "causNum": 0, "modalNum": 0, "sg1VerbNum": 6, "sg2VerbNum": 6, "sg3VerbNum": 6, "pl1VerbNum": 6, "pl2VerbNum": 6, "pl3VerbNum": 6, "superlatNum": 1, "comparatNum": 0, "specDerivSuffixNum": 0, "pluralNounNum": 0, "pastTenseRate": 0.8333333333333334, "presentTenseRate": 0.16666666666666666, "condRate": 0.0, "impRate": 0.0, "freqRate": 0.0, "causRate": 0.0, "modalRate": 0.0, "sg1VerbRate": 1.0, "sg2VerbRate": 1.0, "sg3VerbRate": 1.0, "pl1VerbRate": 1.0, "pl2VerbRate": 1.0, "pl3VerbRate": 1.0, "superlatRate": 0.2, "comparatRate": 0.0, "specDerivSuffixRate": 0.0, "pluralNounRate": 0.0, "subjNum": 6, "objNum": 2, "attNum": 2, "subordNum": 1, "adverbNum": 10, "coordNum": 5, "clauseNum": 13, "simpleNum": 2, "complexNum": 5, "complexity1Num": 4, "complexity2Num": 1, "complexity3Num": 0, "compoundNum": 0, "subjRate": 0.06382978723404255, "objRate": 0.02127659574468085, "attRate": 0.02127659574468085, "subordRate": 0.010638297872340425, "adverbRate": 0.10638297872340426, "coordRate": 0.05319148936170213, "partsRate": 1.9230769230769231, "clauseRate": 1.8571428571428572, "simpleRate": 0.2857142857142857, "complexRate": 0.7142857142857143, "complexity1Rate": 0.5714285714285714, "complexity2Rate": 0.14285714285714285, "complexity3Rate": 0.0, "complexClauseRate": 2.2, "sentencesPerParagraph": 0.0, "wordsLengthRate": 4.68, "compoundRate": 0.0, "positiveNum": 0, "negativeNum": 0, "precoPositiveNum": 0, "precoNegativeNum": 0, "negemoNum": 0, "negationNum": 0, "functionNum": 54, "contentNum": 40, "vulgarNum": 0, "racistNum": 0, "specStyleNum": 0, "addressingNum": 0, "closingNum": 0, "postscriptNum": 0, "brutalNum": 0, "positiveRate": 0.0, "negativeRate": 0.0, "precoPositiveRate": 0.0, "precoNegativeRate": 0.0, "negemoRate": 0.0, "negationRate": 0.0, "functionRate": 0.574468085106383, "contentRate": 0.425531914893617, "vulgarRate": 0.0, "racistRate": 0.0, "specStyleRate": 0.0, "addressingRate": 0.0, "closingRate": 0.0, "postscriptRate": 0.0, "brutalRate": 0.0, "epistemicNum": 0, "investNum": 0, "conditionNum": 0, "weaselNum": 0, "peacockNum": 0, "hedgeNum": 0, "doxasticNum": 0, "epistemicRate": 0.0, "investRate": 0.0, "conditionRate": 0.0, "weaselRate": 0.0, "peacockRate": 0.0, "hedgeRate": 0.0, "doxasticRate": 0.0, "loveNum": 0, "anxietyNum": 0, "sorrowNum": 0, "joyNum": 0, "disgustNum": 0, "fearNum": 0, "surpriseNum": 0, "angerNum": 0, "loveRate": 0.0, "anxietyRate": 0.0, "sorrowRate": 0.0, "joyRate": 0.0, "disgustRate": 0.0, "fearRate": 0.0, "surpriseRate": 0.0, "angerRate": 0.0, "slangBeGeneralNum": 0, "slangBeCigaretteNum": 0, "slangBeHumanNum": 0, "slangBeVehicleNum": 0, "slangBeDrugNum": 0, "slangBvNum": 0, "slangBeGeneralRate": 0.0, "slangBeCigaretteRate": 0.0, "slangBeHumanRate": 0.0, "slangBeVehicleRate": 0.0, "slangBeDrugRate": 0.0, "slangBvRate": 0.0, "speechactNum": 0, "quoteNum": 0, "dashNum": 0, "publicNum": 0, "privateNum": 0, "suasiveNum": 0, "discMarkerNum": 0, "smileyNum": 0, "dateNum": 0, "hesitationNum": 0, "restartNum": 0, "repeatNum": 0, "conjBeforeDiscNum": 0, "conjAfterDiscNum": 0, "wordBeforeHesitationNum": 0, "wordAfterHesitationNum": 0, "otherCollocationNum": 0, "speechactRate": 0.0, "quoteRate": 0.0, "dashRate": 0.0, "publicRate": 0.0, "privateRate": 0.0, "suasiveRate": 0.0, "discMarkerRate": 0.0, "smileyRate": 0.0, "dateRate": 0.0, "hesitationRate": 0.0, "restartRate": 0.0, "repeatRate": 0.0, "conjBeforeDiscRate": 0.0, "conjAfterDiscRate": 0.0, "wordBeforeHesitationRate": 0.0, "wordAfterHesitationRate": 0.0, "otherCollocationRate": 0.0, "easyWordNum": 89, "hardWordNum": 5, "easyWordRate": 0.9468085106382979, "hardWordRate": 0.05319148936170213, "fleschReadingEaseScore": 85.20500000000001, "gunningFogIndex": 5.392705167173252, "fleschKincaidGradeLevel": 4.710972644376902, "colemanLiauIndex": 6.757223404255317, "smogIndex": 5.46131890053228, "automatedReadabilityIndex": 3.3225835866261413, "linsearWriteIndex": 5.928571428571429, "author": "", "locationNameNum": 0, "locationNameRate": 0.0, "personNameNum": 2, "personNameRate": 0.02127659574468085, "organizationNameNum": 0, "organizationNameRate": 0.0, "misspelledNum": 5, "misspelledRate": 0.05319148936170213, "missingAccentNum": 0, "missingAccentRate": 0.0, "foreignAccentNum": 0, "foreignAccentRate": 0.0, "wordConcatNum": 0, "wordConcatRate": 0.0, "jLyMistakeNum": 0, "jLyMistakeRate": 0.0, "publicVNum": 0, "freqSuffixNum": 0, "partsNum": 25, "clauseWordNum": 13, "privateVNum": 0}