{"tokenNum": 194, "sentenceNum": 21, "lemmaNum": 105, "lemmaRate": 0.5412371134020618, "sentenceLength": 9.238095238095237, "allUpperNum": 1, "firstUpperNum": 29, "allUpperRate": 0.005154639175257732, "firstUpperRate": 0.14948453608247422, "declarSentNum": 21, "imperSentNum": 0, "questionNum": 0, "declarSentRate": 1.0, "imperSentRate": 0.0, "questionRate": 0.0, "accent": false, "saturation": 3.088235294117647, "paragraphNum": 0, "nounNum": 36, "verbNum": 24, "adjNum": 13, "infNum": 2, "partPastNum": 0, "partPresNum": 0, "partFutNum": 0, "transNum": 0, "xNum": 23, "advNum": 25, "properNounNum": 10, "numNum": 2, "conjNum": 7, "punctNum": 36, "pronNum": 6, "relPronNum": 2, "demPronNum": 12, "adposNum": 2, "multiplePunctNum": 1, "phraseNum": 0, "nounRate": 0.18556701030927836, "verbRate": 0.12371134020618557, "adjRate": 0.06701030927835051, "infRate": 0.010309278350515464, "partPastRate": 0.0, "partPresRate": 0.0, "partFutRate": 0.0, "transRate": 0.0, "xRate": 0.11855670103092783, "advRate": 0.12886597938144329, "properNounRate": 0.05154639175257732, "numRate": 0.010309278350515464, "conjRate": 0.03608247422680412, "punctRate": 0.18556701030927836, "pronRate": 0.030927835051546393, "relPronRate": 0.010309278350515464, "demPronRate": 0.061855670103092786, "adposRate": 0.010309278350515464, "multiplePunctRate": 0.027777777777777776, "partsDensityRate": 2.8823529411764706, "contentfulness": 4.666666666666667, "phraseRate": 0.0, "pastTenseNum": 16, "presentTenseNum": 6, "condNum": 1, "impNum": 1, "freqNum": 0, "causNum": 0, "modalNum": 0, "sg1VerbNum": 24, "sg2VerbNum": 24, "sg3VerbNum": 24, "pl1VerbNum": 24, "pl2VerbNum": 24, "pl3VerbNum": 24, "superlatNum": 0, "comparatNum": 0, "specDerivSuffixNum": 0, "pluralNounNum": 3, "pastTenseRate": 0.6666666666666666, "presentTenseRate": 0.25, "condRate": 0.041666666666666664, "impRate": 0.041666666666666664, "freqRate": 0.0, "causRate": 0.0, "modalRate": 0.0, "sg1VerbRate": 1.0, "sg2VerbRate": 1.0, "sg3VerbRate": 1.0, "pl1VerbRate": 1.0, "pl2VerbRate": 1.0, "pl3VerbRate": 1.0, "superlatRate": 0.0, "comparatRate": 0.0, "specDerivSuffixRate": 0.0, "pluralNounRate": 0.08333333333333333, "subjNum": 16, "objNum": 2, "attNum": 7, "subordNum": 8, "adverbNum": 28, "coordNum": 6, "clauseNum": 34, "simpleNum": 12, "complexNum": 9, "complexity1Num": 6, "complexity2Num": 2, "complexity3Num": 1, "compoundNum": 0, "subjRate": 0.08247422680412371, "objRate": 0.010309278350515464, "attRate": 0.03608247422680412, "subordRate": 0.041237113402061855, "adverbRate": 0.14432989690721648, "coordRate": 0.030927835051546393, "partsRate": 1.7352941176470589, "clauseRate": 1.619047619047619, "simpleRate": 0.5714285714285714, "complexRate": 0.42857142857142855, "complexity1Rate": 0.2857142857142857, "complexity2Rate": 0.09523809523809523, "complexity3Rate": 0.047619047619047616, "complexClauseRate": 2.4444444444444446, "sentencesPerParagraph": 0.0, "wordsLengthRate": 4.518987341772152, "compoundRate": 0.0, "positiveNum": 0, "negativeNum": 0, "precoPositiveNum": 0, "precoNegativeNum": 0, "negemoNum": 0, "negationNum": 1, "functionNum": 96, "contentNum": 98, "vulgarNum": 0, "racistNum": 0, "specStyleNum": 0, "addressingNum": 0, "closingNum": 0, "postscriptNum": 0, "brutalNum": 0, "positiveRate": 0.0, "negativeRate": 0.0, "precoPositiveRate": 0.0, "precoNegativeRate": 0.0, "negemoRate": 0.0, "negationRate": 0.005154639175257732, "functionRate": 0.4948453608247423, "contentRate": 0.5051546391752577, "vulgarRate": 0.0, "racistRate": 0.0, "specStyleRate": 0.0, "addressingRate": 0.0, "closingRate": 0.0, "postscriptRate": 0.0, "brutalRate": 0.0, "epistemicNum": 0, "investNum": 0, "conditionNum": 0, "weaselNum": 0, "peacockNum": 0, "hedgeNum": 0, "doxasticNum": 0, "epistemicRate": 0.0, "investRate": 0.0, "conditionRate": 0.0, "weaselRate": 0.0, "peacockRate": 0.0, "hedgeRate": 0.0, "doxasticRate": 0.0, "loveNum": 0, "anxietyNum": 0, "sorrowNum": 0, "joyNum": 0, "disgustNum": 0, "fearNum": 0, "surpriseNum": 0, "angerNum": 0, "loveRate": 0.0, "anxietyRate": 0.0, "sorrowRate": 0.0, "joyRate": 0.0, "disgustRate": 0.0, "fearRate": 0.0, "surpriseRate": 0.0, "angerRate": 0.0, "slangBeGeneralNum": 0, "slangBeCigaretteNum": 0, "slangBeHumanNum": 0, "slangBeVehicleNum": 0, "slangBeDrugNum": 0, "slangBvNum": 0, "slangBeGeneralRate": 0.0, "slangBeCigaretteRate": 0.0, "slangBeHumanRate": 0.0, "slangBeVehicleRate": 0.0, "slangBeDrugRate": 0.0, "slangBvRate": 0.0, "speechactNum": 0, "quoteNum": 0, "dashNum": 0, "publicNum": 0, "privateNum": 0, "suasiveNum": 0, "discMarkerNum": 0, "smileyNum": 0, "dateNum": 0, "hesitationNum": 0, "restartNum": 0, "repeatNum": 0, "conjBeforeDiscNum": 0, "conjAfterDiscNum": 0, "wordBeforeHesitationNum": 0, "wordAfterHesitationNum": 0, "otherCollocationNum": 0, "speechactRate": 0.0, "quoteRate": 0.0, "dashRate": 0.0, "publicRate": 0.0, "privateRate": 0.0, "suasiveRate": 0.0, "discMarkerRate": 0.0, "smileyRate": 0.0, "dateRate": 0.0, "hesitationRate": 0.0, "restartRate": 0.0, "repeatRate": 0.0, "conjBeforeDiscRate": 0.0, "conjAfterDiscRate": 0.0, "wordBeforeHesitationRate": 0.0, "wordAfterHesitationRate": 0.0, "otherCollocationRate": 0.0, "easyWordNum": 184, "hardWordNum": 10, "easyWordRate": 0.9484536082474226, "hardWordRate": 0.05154639175257732, "fleschReadingEaseScore": 90.18204467353954, "gunningFogIndex": 3.715856651939126, "fleschKincaidGradeLevel": 2.975743740795288, "colemanLiauIndex": 6.423798969072163, "smogIndex": 6.42735559955562, "automatedReadabilityIndex": 0.9608001963672095, "linsearWriteIndex": 1.3809523809523805, "author": "", "locationNameNum": 0, "locationNameRate": 0.0, "personNameNum": 10, "personNameRate": 0.05154639175257732, "organizationNameNum": 0, "organizationNameRate": 0.0, "misspelledNum": 53, "misspelledRate": 0.27319587628865977, "missingAccentNum": 49, "missingAccentRate": 0.25257731958762886, "foreignAccentNum": 0, "foreignAccentRate": 0.0, "wordConcatNum": 0, "wordConcatRate": 0.0, "jLyMistakeNum": 0, "jLyMistakeRate": 0.0, "publicVNum": 0, "freqSuffixNum": 0, "partsNum": 59, "clauseWordNum": 34, "privateVNum": 0}