{"tokenNum": 99, "sentenceNum": 8, "lemmaNum": 61, "lemmaRate": 0.6161616161616161, "sentenceLength": 12.375, "allUpperNum": 0, "firstUpperNum": 8, "allUpperRate": 0.0, "firstUpperRate": 0.08080808080808081, "declarSentNum": 8, "imperSentNum": 0, "questionNum": 0, "declarSentRate": 1.0, "imperSentRate": 0.0, "questionRate": 0.0, "accent": true, "saturation": 4.6923076923076925, "paragraphNum": 0, "nounNum": 10, "verbNum": 13, "adjNum": 11, "infNum": 2, "partPastNum": 0, "partPresNum": 1, "partFutNum": 0, "transNum": 1, "xNum": 7, "advNum": 12, "properNounNum": 0, "numNum": 1, "conjNum": 7, "punctNum": 17, "pronNum": 11, "relPronNum": 1, "demPronNum": 7, "adposNum": 1, "multiplePunctNum": 0, "phraseNum": 0, "nounRate": 0.10101010101010101, "verbRate": 0.13131313131313133, "adjRate": 0.1111111111111111, "infRate": 0.020202020202020204, "partPastRate": 0.0, "partPresRate": 0.010101010101010102, "partFutRate": 0.0, "transRate": 0.010101010101010102, "xRate": 0.0707070707070707, "advRate": 0.12121212121212122, "properNounRate": 0.0, "numRate": 0.010101010101010102, "conjRate": 0.0707070707070707, "punctRate": 0.1717171717171717, "pronRate": 0.1111111111111111, "relPronRate": 0.010101010101010102, "demPronRate": 0.0707070707070707, "adposRate": 0.010101010101010102, "multiplePunctRate": 0.0, "partsDensityRate": 3.5384615384615383, "contentfulness": 5.75, "phraseRate": 0.0, "pastTenseNum": 2, "presentTenseNum": 9, "condNum": 0, "impNum": 1, "freqNum": 0, "causNum": 0, "modalNum": 0, "sg1VerbNum": 13, "sg2VerbNum": 13, "sg3VerbNum": 13, "pl1VerbNum": 13, "pl2VerbNum": 13, "pl3VerbNum": 13, "superlatNum": 1, "comparatNum": 0, "specDerivSuffixNum": 0, "pluralNounNum": 2, "pastTenseRate": 0.15384615384615385, "presentTenseRate": 0.6923076923076923, "condRate": 0.0, "impRate": 0.07692307692307693, "freqRate": 0.0, "causRate": 0.0, "modalRate": 0.0, "sg1VerbRate": 1.0, "sg2VerbRate": 1.0, "sg3VerbRate": 1.0, "pl1VerbRate": 1.0, "pl2VerbRate": 1.0, "pl3VerbRate": 1.0, "superlatRate": 0.09090909090909091, "comparatRate": 0.0, "specDerivSuffixRate": 0.0, "pluralNounRate": 0.2, "subjNum": 9, "objNum": 5, "attNum": 4, "subordNum": 3, "adverbNum": 13, "coordNum": 4, "clauseNum": 13, "simpleNum": 5, "complexNum": 3, "complexity1Num": 1, "complexity2Num": 2, "complexity3Num": 0, "compoundNum": 0, "subjRate": 0.09090909090909091, "objRate": 0.050505050505050504, "attRate": 0.04040404040404041, "subordRate": 0.030303030303030304, "adverbRate": 0.13131313131313133, "coordRate": 0.04040404040404041, "partsRate": 2.6923076923076925, "clauseRate": 1.625, "simpleRate": 0.625, "complexRate": 0.375, "complexity1Rate": 0.125, "complexity2Rate": 0.25, "complexity3Rate": 0.0, "complexClauseRate": 2.6666666666666665, "sentencesPerParagraph": 0.0, "wordsLengthRate": 5.036585365853658, "compoundRate": 0.0, "positiveNum": 0, "negativeNum": 0, "precoPositiveNum": 0, "precoNegativeNum": 0, "negemoNum": 0, "negationNum": 2, "functionNum": 53, "contentNum": 46, "vulgarNum": 0, "racistNum": 0, "specStyleNum": 0, "addressingNum": 0, "closingNum": 0, "postscriptNum": 0, "brutalNum": 0, "positiveRate": 0.0, "negativeRate": 0.0, "precoPositiveRate": 0.0, "precoNegativeRate": 0.0, "negemoRate": 0.0, "negationRate": 0.020202020202020204, "functionRate": 0.5353535353535354, "contentRate": 0.46464646464646464, "vulgarRate": 0.0, "racistRate": 0.0, "specStyleRate": 0.0, "addressingRate": 0.0, "closingRate": 0.0, "postscriptRate": 0.0, "brutalRate": 0.0, "epistemicNum": 0, "investNum": 0, "conditionNum": 0, "weaselNum": 0, "peacockNum": 0, "hedgeNum": 0, "doxasticNum": 0, "epistemicRate": 0.0, "investRate": 0.0, "conditionRate": 0.0, "weaselRate": 0.0, "peacockRate": 0.0, "hedgeRate": 0.0, "doxasticRate": 0.0, "loveNum": 0, "anxietyNum": 0, "sorrowNum": 0, "joyNum": 0, "disgustNum": 0, "fearNum": 0, "surpriseNum": 0, "angerNum": 0, "loveRate": 0.0, "anxietyRate": 0.0, "sorrowRate": 0.0, "joyRate": 0.0, "disgustRate": 0.0, "fearRate": 0.0, "surpriseRate": 0.0, "angerRate": 0.0, "slangBeGeneralNum": 0, "slangBeCigaretteNum": 0, "slangBeHumanNum": 0, "slangBeVehicleNum": 0, "slangBeDrugNum": 0, "slangBvNum": 0, "slangBeGeneralRate": 0.0, "slangBeCigaretteRate": 0.0, "slangBeHumanRate": 0.0, "slangBeVehicleRate": 0.0, "slangBeDrugRate": 0.0, "slangBvRate": 0.0, "speechactNum": 0, "quoteNum": 0, "dashNum": 0, "publicNum": 0, "privateNum": 0, "suasiveNum": 0, "discMarkerNum": 0, "smileyNum": 0, "dateNum": 0, "hesitationNum": 0, "restartNum": 0, "repeatNum": 0, "conjBeforeDiscNum": 0, "conjAfterDiscNum": 0, "wordBeforeHesitationNum": 0, "wordAfterHesitationNum": 0, "otherCollocationNum": 0, "speechactRate": 0.0, "quoteRate": 0.0, "dashRate": 0.0, "publicRate": 0.0, "privateRate": 0.0, "suasiveRate": 0.0, "discMarkerRate": 0.0, "smileyRate": 0.0, "dateRate": 0.0, "hesitationRate": 0.0, "restartRate": 0.0, "repeatRate": 0.0, "conjBeforeDiscRate": 0.0, "conjAfterDiscRate": 0.0, "wordBeforeHesitationRate": 0.0, "wordAfterHesitationRate": 0.0, "otherCollocationRate": 0.0, "easyWordNum": 92, "hardWordNum": 7, "easyWordRate": 0.9292929292929293, "hardWordRate": 0.0707070707070707, "fleschReadingEaseScore": 81.47437500000004, "gunningFogIndex": 4.978282828282829, "fleschKincaidGradeLevel": 4.969583333333336, "colemanLiauIndex": 9.366121212121211, "smogIndex": 5.888618617440368, "automatedReadabilityIndex": 4.882045454545455, "linsearWriteIndex": 5.625, "author": "", "locationNameNum": 0, "locationNameRate": 0.0, "personNameNum": 0, "personNameRate": 0.0, "organizationNameNum": 0, "organizationNameRate": 0.0, "misspelledNum": 3, "misspelledRate": 0.030303030303030304, "missingAccentNum": 0, "missingAccentRate": 0.0, "foreignAccentNum": 0, "foreignAccentRate": 0.0, "wordConcatNum": 1, "wordConcatRate": 0.010101010101010102, "jLyMistakeNum": 0, "jLyMistakeRate": 0.0, "publicVNum": 0, "freqSuffixNum": 0, "partsNum": 35, "clauseWordNum": 13, "privateVNum": 0}